claim_id,state,district_id,district,mandal,village,claimant_name,claim_type,land_area_acres,status,submission_date,decision_date
FRA00001,Telangana,D028,Siddipet,Husnabad,Pothireddypet,Claimant_FRA00001,IFR,1.55,Approved,2026-03-16,2026-06-29
FRA00002,Telangana,D005,Jagtial,Korutla,Ailapur,Claimant_FRA00002,CFR,0.76,Approved,2025-04-22,2025-09-20
FRA00003,Telangana,D001,Adilabad,Narnoor,Kothapalli,Claimant_FRA00003,IFR,2.61,Pending,2026-01-16,
FRA00004,Telangana,D033,Yadadri Bhuvanagiri,Bhongir,Anantharam,Claimant_FRA00004,IFR,3.28,Pending,2024-11-24,
FRA00005,Telangana,D027,Sangareddy,Narayankhed,Kondapur,Claimant_FRA00005,IFR,2.37,Approved,2024-08-23,2025-01-26
FRA00006,Telangana,D019,Nagarkurnool,Amrabad,Mananur,Claimant_FRA00006,IFR,2.79,Approved,2022-01-23,2024-10-29
FRA00007,Telangana,D018,Mulugu,Venkatapur,Narsapur,Claimant_FRA00007,IFR,2.59,Pending,2022-10-31,
FRA00008,Telangana,D030,Vikarabad,Tandur,Kotbaspally,Claimant_FRA00008,CFR,6.57,Approved,2023-01-27,2025-05-03
FRA00009,Telangana,D007,Jayashankar Bhupalpally,Chityal,Venkateshwarlapally,Claimant_FRA00009,CFR,3.04,Pending,2023-07-30,
FRA00010,Telangana,D019,Nagarkurnool,Amrabad,Mananur,Claimant_FRA00010,IFR,7.96,Pending,2022-06-21,
FRA00011,Telangana,D019,Nagarkurnool,Amrabad,Mananur,Claimant_FRA00011,IFR,4.83,Pending,2026-05-06,
FRA00012,Telangana,D011,Khammam,Wyra,Gollapadu,Claimant_FRA00012,CFR,3.46,Approved,2025-09-18,2026-02-18
FRA00013,Telangana,D027,Sangareddy,Narayankhed,Kondapur,Claimant_FRA00013,IFR,5.21,Rejected,2022-04-09,2025-12-16
FRA00014,Telangana,D004,Hyderabad,Amberpet,Azampura,Claimant_FRA00014,CFR,6.82,Approved,2024-04-11,2024-06-12
FRA00015,Telangana,D020,Nalgonda,Devarakonda,Chinthapally,Claimant_FRA00015,CFR,5.43,Approved,2024-02-23,2025-06-25
FRA00016,Telangana,D004,Hyderabad,Amberpet,Azampura,Claimant_FRA00016,CFR,7.62,Pending,2022-12-03,
FRA00017,Telangana,D007,Jayashankar Bhupalpally,Chityal,Venkateshwarlapally,Claimant_FRA00017,IFR,7.71,Pending,2023-11-07,
FRA00018,Telangana,D018,Mulugu,Venkatapur,Narsapur,Claimant_FRA00018,IFR,6.13,Rejected,2025-11-27,2026-01-29
FRA00019,Telangana,D001,Adilabad,Boath,Ghanpur,Claimant_FRA00019,CFR,7.68,Approved,2024-04-09,2025-09-05
FRA00020,Telangana,D023,Nizamabad,Armoor,Mendora,Claimant_FRA00020,CFR,6.78,Pending,2025-11-26,
FRA00021,Telangana,D018,Mulugu,Eturunagaram,Katapur,Claimant_FRA00021,CFR,3.33,Pending,2025-10-26,
FRA00022,Telangana,D007,Jayashankar Bhupalpally,Regonda,Kannaram,Claimant_FRA00022,IFR,4.67,Approved,2021-12-22,2023-05-24
FRA00023,Telangana,D003,Hanumakonda,Dharmanagar,Mustial,Claimant_FRA00023,IFR,1.3,Pending,2024-10-26,
FRA00024,Telangana,D023,Nizamabad,Armoor,Mendora,Claimant_FRA00024,IFR,4.64,Rejected,2022-07-20,2023-09-28
FRA00025,Telangana,D013,Mahabubabad,Bayyaram,Garla,Claimant_FRA00025,IFR,5.95,Approved,2026-05-23,2026-06-07
FRA00026,Telangana,D002,Bhadradri Kothagudem,Manuguru,Anantharam,Claimant_FRA00026,CFR,7.76,Pending,2023-11-02,
FRA00027,Telangana,D004,Hyderabad,Amberpet,Azampura,Claimant_FRA00027,CFR,7.33,Approved,2025-03-12,2025-06-01
FRA00028,Telangana,D007,Jayashankar Bhupalpally,Chityal,Venkateshwarlapally,Claimant_FRA00028,CFR,7.06,Approved,2022-07-31,2026-07-22
FRA00029,Telangana,D006,Jangaon,Station Ghanpur,Chilpur,Claimant_FRA00029,CFR,2.58,Pending,2026-07-11,
FRA00030,Telangana,D011,Khammam,Wyra,Gollapadu,Claimant_FRA00030,IFR,2.92,Pending,2022-07-23,
FRA00031,Telangana,D020,Nalgonda,Devarakonda,Chinthapally,Claimant_FRA00031,IFR,3.17,Approved,2024-08-20,2025-09-28
FRA00032,Telangana,D027,Sangareddy,Narayankhed,Kondapur,Claimant_FRA00032,IFR,2.43,Approved,2021-11-23,2023-05-26
FRA00033,Telangana,D033,Yadadri Bhuvanagiri,Bhongir,Anantharam,Claimant_FRA00033,CFR,1.51,Approved,2025-07-07,2025-10-20
FRA00034,Telangana,D013,Mahabubabad,Kuravi,Seerole,Claimant_FRA00034,IFR,7.45,Pending,2023-10-02,
FRA00035,Telangana,D011,Khammam,Kothagudem,Seetharampuram,Claimant_FRA00035,IFR,3.79,Approved,2022-04-27,2026-05-10
FRA00036,Telangana,D006,Jangaon,Station Ghanpur,Chilpur,Claimant_FRA00036,IFR,2.84,Pending,2022-10-17,
FRA00037,Telangana,D005,Jagtial,Korutla,Ailapur,Claimant_FRA00037,CFR,4.99,Approved,2021-11-29,2024-03-28
FRA00038,Telangana,D003,Hanumakonda,Atmakur,Chowdapur,Claimant_FRA00038,IFR,1.02,Rejected,2025-04-02,2026-08-15
FRA00039,Telangana,D023,Nizamabad,Armoor,Mendora,Claimant_FRA00039,CFR,7.4,Approved,2026-02-23,2026-03-20
FRA00040,Telangana,D007,Jayashankar Bhupalpally,Regonda,Kannaram,Claimant_FRA00040,CFR,1.14,Approved,2024-05-10,2026-04-15
FRA00041,Telangana,D004,Hyderabad,Charminar,Chandrayangutta,Claimant_FRA00041,CFR,7.6,Approved,2024-12-30,2026-08-25
FRA00042,Telangana,D007,Jayashankar Bhupalpally,Regonda,Kannaram,Claimant_FRA00042,IFR,2.04,Approved,2023-02-02,2026-05-10
FRA00043,Telangana,D004,Hyderabad,Amberpet,Azampura,Claimant_FRA00043,CFR,6.3,Pending,2025-03-23,
FRA00044,Telangana,D005,Jagtial,Korutla,Ailapur,Claimant_FRA00044,CFR,1.79,Rejected,2026-05-02,2026-07-26
FRA00045,Telangana,D007,Jayashankar Bhupalpally,Regonda,Kannaram,Claimant_FRA00045,CFR,4.8,Approved,2023-07-08,2025-05-25
FRA00046,Telangana,D004,Hyderabad,Charminar,Chandrayangutta,Claimant_FRA00046,IFR,0.73,Approved,2021-11-09,2022-03-30
FRA00047,Telangana,D007,Jayashankar Bhupalpally,Regonda,Kannaram,Claimant_FRA00047,IFR,0.54,Pending,2024-12-20,
FRA00048,Telangana,D006,Jangaon,Station Ghanpur,Chilpur,Claimant_FRA00048,IFR,0.8,Approved,2024-04-11,2026-08-03
FRA00049,Telangana,D002,Bhadradri Kothagudem,Manuguru,Anantharam,Claimant_FRA00049,IFR,2.23,Pending,2024-11-01,
FRA00050,Telangana,D006,Jangaon,Jangaon,Pasumamula,Claimant_FRA00050,CFR,3.38,Pending,2025-03-04,
FRA00051,Telangana,D019,Nagarkurnool,Amrabad,Mananur,Claimant_FRA00051,CFR,3.71,Approved,2025-07-31,2025-10-09
FRA00052,Telangana,D004,Hyderabad,Charminar,Chandrayangutta,Claimant_FRA00052,CFR,2.15,Approved,2022-06-26,2024-07-29
FRA00053,Telangana,D011,Khammam,Wyra,Gollapadu,Claimant_FRA00053,IFR,1.19,Pending,2022-11-21,
FRA00054,Telangana,D018,Mulugu,Eturunagaram,Katapur,Claimant_FRA00054,IFR,6.88,Pending,2025-09-01,
FRA00055,Telangana,D011,Khammam,Kothagudem,Seetharampuram,Claimant_FRA00055,CFR,7.71,Pending,2024-11-23,
FRA00056,Telangana,D002,Bhadradri Kothagudem,Kothagudem,Regalla,Claimant_FRA00056,CFR,6.21,Approved,2026-02-11,2026-09-03
FRA00057,Telangana,D032,Warangal,Narsampet,Madhira,Claimant_FRA00057,CFR,4.96,Approved,2025-06-25,2026-05-02
FRA00058,Telangana,D013,Mahabubabad,Bayyaram,Garla,Claimant_FRA00058,IFR,7.72,Rejected,2022-03-26,2023-01-05
FRA00059,Telangana,D006,Jangaon,Jangaon,Pasumamula,Claimant_FRA00059,CFR,6.28,Rejected,2024-04-15,2025-07-11
FRA00060,Telangana,D001,Adilabad,Utnoor,Devapur,Claimant_FRA00060,IFR,3.91,Approved,2025-12-14,2026-03-25
FRA00061,Telangana,D026,Rangareddy,Shabad,Kesaram,Claimant_FRA00061,IFR,7.12,Rejected,2025-11-05,2026-06-09
FRA00062,Telangana,D030,Vikarabad,Tandur,Kotbaspally,Claimant_FRA00062,CFR,6.51,Pending,2025-08-17,
FRA00063,Telangana,D023,Nizamabad,Armoor,Mendora,Claimant_FRA00063,IFR,3.75,Approved,2024-11-07,2026-04-15
FRA00064,Telangana,D013,Mahabubabad,Bayyaram,Garla,Claimant_FRA00064,IFR,4.35,Approved,2024-11-29,2026-06-20
FRA00065,Telangana,D011,Khammam,Wyra,Gollapadu,Claimant_FRA00065,IFR,1.86,Pending,2022-04-08,
FRA00066,Telangana,D030,Vikarabad,Tandur,Kotbaspally,Claimant_FRA00066,CFR,2.98,Approved,2022-11-03,2025-10-15
FRA00067,Telangana,D011,Khammam,Kothagudem,Seetharampuram,Claimant_FRA00067,CFR,1.42,Rejected,2022-08-07,2023-02-27
FRA00068,Telangana,D023,Nizamabad,Armoor,Mendora,Claimant_FRA00068,CFR,4.49,Approved,2024-03-30,2025-10-27
FRA00069,Telangana,D011,Khammam,Kothagudem,Seetharampuram,Claimant_FRA00069,IFR,6.47,Rejected,2022-10-28,2026-09-02
FRA00070,Telangana,D011,Khammam,Kothagudem,Seetharampuram,Claimant_FRA00070,IFR,7.26,Approved,2023-05-03,2025-05-30
FRA00071,Telangana,D027,Sangareddy,Narayankhed,Kondapur,Claimant_FRA00071,CFR,5.51,Pending,2023-02-27,
FRA00072,Telangana,D028,Siddipet,Husnabad,Pothireddypet,Claimant_FRA00072,IFR,0.56,Approved,2025-12-25,2026-03-30
FRA00073,Telangana,D005,Jagtial,Metpally,Vellulla,Claimant_FRA00073,CFR,4.42,Rejected,2023-04-10,2024-12-08
FRA00074,Telangana,D007,Jayashankar Bhupalpally,Regonda,Kannaram,Claimant_FRA00074,IFR,5.08,Approved,2021-10-04,2023-09-17
FRA00075,Telangana,D027,Sangareddy,Narayankhed,Kondapur,Claimant_FRA00075,CFR,2.13,Rejected,2024-11-19,2025-10-04
FRA00076,Telangana,D013,Mahabubabad,Bayyaram,Garla,Claimant_FRA00076,IFR,4.84,Pending,2025-02-16,
FRA00077,Telangana,D011,Khammam,Wyra,Gollapadu,Claimant_FRA00077,CFR,1.93,Rejected,2024-01-11,2026-07-25
FRA00078,Telangana,D011,Khammam,Wyra,Gollapadu,Claimant_FRA00078,CFR,1.4,Approved,2026-02-22,2026-07-27
FRA00079,Telangana,D004,Hyderabad,Amberpet,Azampura,Claimant_FRA00079,CFR,3.1,Approved,2023-02-06,2024-03-22
FRA00080,Telangana,D006,Jangaon,Jangaon,Pasumamula,Claimant_FRA00080,IFR,6.64,Approved,2025-10-12,2026-05-19
FRA00081,Telangana,D018,Mulugu,Venkatapur,Narsapur,Claimant_FRA00081,IFR,4.3,Pending,2024-03-11,
FRA00082,Telangana,D032,Warangal,Narsampet,Madhira,Claimant_FRA00082,IFR,1.26,Pending,2025-09-17,
FRA00083,Telangana,D030,Vikarabad,Tandur,Kotbaspally,Claimant_FRA00083,IFR,1.5,Approved,2021-11-24,2026-02-03
FRA00084,Telangana,D005,Jagtial,Metpally,Vellulla,Claimant_FRA00084,IFR,2.33,Approved,2021-11-20,2024-12-20
FRA00085,Telangana,D006,Jangaon,Jangaon,Pasumamula,Claimant_FRA00085,IFR,5.28,Rejected,2022-07-25,2025-04-27
FRA00086,Telangana,D002,Bhadradri Kothagudem,Kothagudem,Regalla,Claimant_FRA00086,IFR,5.46,Approved,2026-09-11,2026-09-12
FRA00087,Telangana,D033,Yadadri Bhuvanagiri,Bhongir,Anantharam,Claimant_FRA00087,CFR,7.22,Pending,2023-06-17,
FRA00088,Telangana,D002,Bhadradri Kothagudem,Manuguru,Anantharam,Claimant_FRA00088,IFR,0.6,Approved,2026-03-21,2026-08-01
FRA00089,Telangana,D032,Warangal,Narsampet,Madhira,Claimant_FRA00089,CFR,5.64,Approved,2022-04-06,2025-12-29
FRA00090,Telangana,D011,Khammam,Kothagudem,Seetharampuram,Claimant_FRA00090,CFR,7.1,Pending,2022-02-16,
FRA00091,Telangana,D011,Khammam,Wyra,Gollapadu,Claimant_FRA00091,IFR,3.39,Approved,2024-04-27,2026-07-25
FRA00092,Telangana,D011,Khammam,Kothagudem,Seetharampuram,Claimant_FRA00092,CFR,2.19,Approved,2024-03-21,2024-04-11
FRA00093,Telangana,D003,Hanumakonda,Dharmanagar,Mustial,Claimant_FRA00093,CFR,7.99,Approved,2023-07-08,2025-01-06
FRA00094,Telangana,D019,Nagarkurnool,Amrabad,Mananur,Claimant_FRA00094,IFR,2.55,Pending,2023-09-17,
FRA00095,Telangana,D018,Mulugu,Venkatapur,Narsapur,Claimant_FRA00095,IFR,1.49,Approved,2022-05-24,2025-01-11
FRA00096,Telangana,D002,Bhadradri Kothagudem,Manuguru,Anantharam,Claimant_FRA00096,CFR,4.49,Pending,2023-06-28,
FRA00097,Telangana,D003,Hanumakonda,Dharmanagar,Mustial,Claimant_FRA00097,IFR,5.06,Approved,2023-10-07,2026-02-06
FRA00098,Telangana,D003,Hanumakonda,Dharmanagar,Mustial,Claimant_FRA00098,IFR,2.12,Approved,2026-04-09,2026-09-13
FRA00099,Telangana,D027,Sangareddy,Narayankhed,Kondapur,Claimant_FRA00099,IFR,7.6,Approved,2025-09-21,2026-06-23
FRA00100,Telangana,D006,Jangaon,Jangaon,Pasumamula,Claimant_FRA00100,CFR,2.57,Approved,2025-02-27,2025-05-09
FRA00101,Telangana,D013,Mahabubabad,Kuravi,Seerole,Claimant_FRA00101,IFR,3.8,Approved,2023-09-22,2026-02-25
FRA00102,Telangana,D020,Nalgonda,Devarakonda,Chinthapally,Claimant_FRA00102,IFR,1.1,Approved,2025-06-08,2025-07-12
FRA00103,Telangana,D006,Jangaon,Station Ghanpur,Chilpur,Claimant_FRA00103,IFR,7.29,Rejected,2026-07-02,2026-08-26
FRA00104,Telangana,D033,Yadadri Bhuvanagiri,Bhongir,Anantharam,Claimant_FRA00104,IFR,1.05,Approved,2025-05-10,2026-08-14
FRA00105,Telangana,D013,Mahabubabad,Kuravi,Seerole,Claimant_FRA00105,CFR,3.35,Approved,2023-11-29,2026-09-13
FRA00106,Telangana,D020,Nalgonda,Devarakonda,Chinthapally,Claimant_FRA00106,CFR,4.56,Rejected,2022-04-18,2023-10-30
FRA00107,Telangana,D004,Hyderabad,Charminar,Chandrayangutta,Claimant_FRA00107,IFR,4.87,Approved,2022-02-26,2022-09-01
FRA00108,Telangana,D020,Nalgonda,Devarakonda,Chinthapally,Claimant_FRA00108,CFR,5.05,Approved,2025-10-04,2026-02-06
FRA00109,Telangana,D028,Siddipet,Husnabad,Pothireddypet,Claimant_FRA00109,CFR,4.04,Approved,2022-07-28,2026-05-10
FRA00110,Telangana,D005,Jagtial,Metpally,Vellulla,Claimant_FRA00110,CFR,3.79,Approved,2022-07-13,2026-07-17
FRA00111,Telangana,D011,Khammam,Wyra,Gollapadu,Claimant_FRA00111,CFR,2.73,Approved,2025-08-02,2025-10-31
FRA00112,Telangana,D005,Jagtial,Korutla,Ailapur,Claimant_FRA00112,IFR,6.12,Pending,2021-12-27,
FRA00113,Telangana,D013,Mahabubabad,Bayyaram,Garla,Claimant_FRA00113,IFR,1.13,Pending,2024-08-01,
FRA00114,Telangana,D006,Jangaon,Jangaon,Pasumamula,Claimant_FRA00114,IFR,5.01,Approved,2025-10-23,2025-11-15
FRA00115,Telangana,D006,Jangaon,Station Ghanpur,Chilpur,Claimant_FRA00115,CFR,1.29,Approved,2025-09-19,2026-04-25
FRA00116,Telangana,D004,Hyderabad,Amberpet,Azampura,Claimant_FRA00116,IFR,1.16,Approved,2022-05-16,2025-04-23
FRA00117,Telangana,D026,Rangareddy,Shabad,Kesaram,Claimant_FRA00117,IFR,5.58,Rejected,2025-02-10,2025-02-25
FRA00118,Telangana,D006,Jangaon,Jangaon,Pasumamula,Claimant_FRA00118,IFR,4.57,Pending,2023-09-06,
FRA00119,Telangana,D007,Jayashankar Bhupalpally,Regonda,Kannaram,Claimant_FRA00119,IFR,2.77,Approved,2022-06-06,2026-04-03
FRA00120,Telangana,D001,Adilabad,Boath,Ghanpur,Claimant_FRA00120,IFR,7.13,Pending,2024-08-31,
FRA00121,Telangana,D032,Warangal,Narsampet,Madhira,Claimant_FRA00121,IFR,0.61,Pending,2023-09-24,
FRA00122,Telangana,D005,Jagtial,Metpally,Vellulla,Claimant_FRA00122,CFR,1.04,Pending,2023-07-24,
FRA00123,Telangana,D002,Bhadradri Kothagudem,Bhadrachalam,Nellipaka,Claimant_FRA00123,CFR,4.07,Rejected,2025-02-05,2025-08-20
FRA00124,Telangana,D005,Jagtial,Metpally,Vellulla,Claimant_FRA00124,IFR,5.9,Pending,2025-02-15,
FRA00125,Telangana,D006,Jangaon,Station Ghanpur,Chilpur,Claimant_FRA00125,CFR,1.47,Approved,2024-01-24,2025-09-10
FRA00126,Telangana,D018,Mulugu,Eturunagaram,Katapur,Claimant_FRA00126,CFR,1.87,Approved,2025-02-06,2026-06-15
FRA00127,Telangana,D030,Vikarabad,Tandur,Kotbaspally,Claimant_FRA00127,CFR,1.9,Approved,2026-04-25,2026-09-13
FRA00128,Telangana,D033,Yadadri Bhuvanagiri,Bhongir,Anantharam,Claimant_FRA00128,IFR,4.84,Approved,2023-10-31,2024-11-30
FRA00129,Telangana,D013,Mahabubabad,Kuravi,Seerole,Claimant_FRA00129,IFR,4.48,Approved,2026-05-26,2026-07-28
FRA00130,Telangana,D026,Rangareddy,Shabad,Kesaram,Claimant_FRA00130,IFR,3.11,Approved,2022-10-26,2025-01-29
FRA00131,Telangana,D011,Khammam,Wyra,Gollapadu,Claimant_FRA00131,IFR,4.05,Rejected,2023-11-19,2024-03-03
FRA00132,Telangana,D023,Nizamabad,Armoor,Mendora,Claimant_FRA00132,IFR,4.45,Rejected,2023-06-07,2026-06-13
FRA00133,Telangana,D004,Hyderabad,Charminar,Chandrayangutta,Claimant_FRA00133,CFR,4.25,Approved,2021-10-27,2025-06-04
FRA00134,Telangana,D023,Nizamabad,Armoor,Mendora,Claimant_FRA00134,CFR,4.42,Pending,2025-08-30,
FRA00135,Telangana,D004,Hyderabad,Amberpet,Azampura,Claimant_FRA00135,CFR,3.94,Pending,2025-10-20,
FRA00136,Telangana,D033,Yadadri Bhuvanagiri,Bhongir,Anantharam,Claimant_FRA00136,IFR,4.11,Pending,2024-06-28,
FRA00137,Telangana,D002,Bhadradri Kothagudem,Kothagudem,Regalla,Claimant_FRA00137,CFR,7.27,Rejected,2023-05-19,2024-03-11
FRA00138,Telangana,D003,Hanumakonda,Atmakur,Chowdapur,Claimant_FRA00138,IFR,7.28,Rejected,2025-02-27,2025-12-22
FRA00139,Telangana,D001,Adilabad,Boath,Ghanpur,Claimant_FRA00139,IFR,5.95,Approved,2021-11-22,2024-06-14
FRA00140,Telangana,D001,Adilabad,Utnoor,Devapur,Claimant_FRA00140,IFR,7.75,Pending,2021-12-30,
FRA00141,Telangana,D013,Mahabubabad,Bayyaram,Garla,Claimant_FRA00141,IFR,6.35,Approved,2025-06-13,2025-10-17
FRA00142,Telangana,D027,Sangareddy,Narayankhed,Kondapur,Claimant_FRA00142,IFR,5.97,Pending,2026-06-26,
FRA00143,Telangana,D002,Bhadradri Kothagudem,Manuguru,Anantharam,Claimant_FRA00143,IFR,1.43,Pending,2023-05-22,
FRA00144,Telangana,D011,Khammam,Wyra,Gollapadu,Claimant_FRA00144,CFR,6.62,Approved,2025-02-17,2025-12-22
FRA00145,Telangana,D026,Rangareddy,Shabad,Kesaram,Claimant_FRA00145,CFR,1.01,Rejected,2021-10-28,2023-09-23
FRA00146,Telangana,D033,Yadadri Bhuvanagiri,Bhongir,Anantharam,Claimant_FRA00146,IFR,4.39,Approved,2025-10-29,2026-05-18
FRA00147,Telangana,D002,Bhadradri Kothagudem,Bhadrachalam,Nellipaka,Claimant_FRA00147,CFR,1.01,Pending,2025-09-04,
FRA00148,Telangana,D006,Jangaon,Station Ghanpur,Chilpur,Claimant_FRA00148,IFR,2.1,Approved,2025-11-15,2026-04-20
FRA00149,Telangana,D011,Khammam,Wyra,Gollapadu,Claimant_FRA00149,IFR,2.95,Pending,2025-03-19,
FRA00150,Telangana,D005,Jagtial,Metpally,Vellulla,Claimant_FRA00150,CFR,3.69,Approved,2025-05-23,2026-03-22
FRA00151,Telangana,D004,Hyderabad,Amberpet,Azampura,Claimant_FRA00151,CFR,4.54,Pending,2021-10-15,
FRA00152,Telangana,D030,Vikarabad,Tandur,Kotbaspally,Claimant_FRA00152,CFR,7.45,Pending,2022-06-11,
FRA00153,Telangana,D018,Mulugu,Venkatapur,Narsapur,Claimant_FRA00153,IFR,4.65,Approved,2025-05-24,2025-06-02
FRA00154,Telangana,D007,Jayashankar Bhupalpally,Chityal,Venkateshwarlapally,Claimant_FRA00154,IFR,7.13,Approved,2021-10-30,2022-09-12
FRA00155,Telangana,D028,Siddipet,Husnabad,Pothireddypet,Claimant_FRA00155,CFR,1.74,Pending,2025-03-12,
FRA00156,Telangana,D002,Bhadradri Kothagudem,Manuguru,Anantharam,Claimant_FRA00156,IFR,3.59,Approved,2023-02-14,2024-12-07
FRA00157,Telangana,D004,Hyderabad,Amberpet,Azampura,Claimant_FRA00157,IFR,4.31,Approved,2025-06-20,2025-08-26
FRA00158,Telangana,D002,Bhadradri Kothagudem,Bhadrachalam,Nellipaka,Claimant_FRA00158,IFR,3.41,Rejected,2026-02-18,2026-06-12
FRA00159,Telangana,D001,Adilabad,Utnoor,Devapur,Claimant_FRA00159,IFR,3.98,Pending,2024-05-16,
FRA00160,Telangana,D018,Mulugu,Venkatapur,Narsapur,Claimant_FRA00160,IFR,5.47,Approved,2025-08-24,2025-12-26
FRA00161,Telangana,D027,Sangareddy,Narayankhed,Kondapur,Claimant_FRA00161,CFR,4.68,Rejected,2025-04-04,2026-01-27
FRA00162,Telangana,D004,Hyderabad,Amberpet,Azampura,Claimant_FRA00162,IFR,1.91,Rejected,2023-04-25,2023-09-09
FRA00163,Telangana,D002,Bhadradri Kothagudem,Bhadrachalam,Nellipaka,Claimant_FRA00163,IFR,4.83,Rejected,2023-07-10,2024-11-15
FRA00164,Telangana,D023,Nizamabad,Armoor,Mendora,Claimant_FRA00164,IFR,4.34,Rejected,2026-06-30,2026-08-11
FRA00165,Telangana,D006,Jangaon,Jangaon,Pasumamula,Claimant_FRA00165,IFR,3.96,Approved,2026-01-12,2026-06-26
FRA00166,Telangana,D013,Mahabubabad,Kuravi,Seerole,Claimant_FRA00166,CFR,7.62,Pending,2022-09-04,
FRA00167,Telangana,D003,Hanumakonda,Atmakur,Chowdapur,Claimant_FRA00167,CFR,2.23,Pending,2023-12-09,
FRA00168,Telangana,D002,Bhadradri Kothagudem,Kothagudem,Regalla,Claimant_FRA00168,IFR,2.8,Approved,2023-03-20,2026-08-28
FRA00169,Telangana,D013,Mahabubabad,Kuravi,Seerole,Claimant_FRA00169,IFR,3.24,Approved,2022-08-28,2023-12-22
FRA00170,Telangana,D020,Nalgonda,Devarakonda,Chinthapally,Claimant_FRA00170,IFR,3.64,Rejected,2022-11-16,2025-09-27
FRA00171,Telangana,D032,Warangal,Narsampet,Madhira,Claimant_FRA00171,IFR,3.21,Approved,2023-04-13,2025-04-04
FRA00172,Telangana,D005,Jagtial,Korutla,Ailapur,Claimant_FRA00172,CFR,2.14,Approved,2025-07-12,2026-03-08
FRA00173,Telangana,D020,Nalgonda,Devarakonda,Chinthapally,Claimant_FRA00173,IFR,5.0,Approved,2024-02-25,2025-09-12
FRA00174,Telangana,D002,Bhadradri Kothagudem,Kothagudem,Regalla,Claimant_FRA00174,IFR,6.2,Approved,2022-10-08,2023-09-18
FRA00175,Telangana,D001,Adilabad,Boath,Ghanpur,Claimant_FRA00175,CFR,3.87,Rejected,2023-03-11,2023-04-28
FRA00176,Telangana,D002,Bhadradri Kothagudem,Bhadrachalam,Nellipaka,Claimant_FRA00176,CFR,6.7,Approved,2022-03-01,2025-01-08
FRA00177,Telangana,D030,Vikarabad,Tandur,Kotbaspally,Claimant_FRA00177,CFR,2.61,Pending,2024-05-23,
FRA00178,Telangana,D002,Bhadradri Kothagudem,Manuguru,Anantharam,Claimant_FRA00178,CFR,3.06,Rejected,2026-04-18,2026-08-13
FRA00179,Telangana,D033,Yadadri Bhuvanagiri,Bhongir,Anantharam,Claimant_FRA00179,IFR,2.85,Rejected,2024-01-27,2025-10-04
FRA00180,Telangana,D003,Hanumakonda,Atmakur,Chowdapur,Claimant_FRA00180,CFR,4.86,Approved,2026-01-29,2026-06-01
FRA00181,Telangana,D004,Hyderabad,Amberpet,Azampura,Claimant_FRA00181,CFR,6.98,Approved,2025-11-30,2026-01-19
FRA00182,Telangana,D013,Mahabubabad,Kuravi,Seerole,Claimant_FRA00182,CFR,0.89,Approved,2024-04-13,2025-06-07
FRA00183,Telangana,D004,Hyderabad,Amberpet,Azampura,Claimant_FRA00183,CFR,3.66,Approved,2024-12-17,2025-07-21
FRA00184,Telangana,D004,Hyderabad,Charminar,Chandrayangutta,Claimant_FRA00184,IFR,0.85,Approved,2021-10-22,2024-12-07
FRA00185,Telangana,D004,Hyderabad,Amberpet,Azampura,Claimant_FRA00185,IFR,2.15,Approved,2026-07-25,2026-08-09
FRA00186,Telangana,D004,Hyderabad,Amberpet,Azampura,Claimant_FRA00186,CFR,4.25,Approved,2022-01-08,2024-09-29
FRA00187,Telangana,D013,Mahabubabad,Kuravi,Seerole,Claimant_FRA00187,IFR,5.15,Approved,2022-09-19,2024-12-26
FRA00188,Telangana,D007,Jayashankar Bhupalpally,Regonda,Kannaram,Claimant_FRA00188,IFR,1.25,Rejected,2022-11-22,2024-02-09
FRA00189,Telangana,D026,Rangareddy,Shabad,Kesaram,Claimant_FRA00189,CFR,6.41,Pending,2025-01-10,
FRA00190,Telangana,D001,Adilabad,Narnoor,Kothapalli,Claimant_FRA00190,IFR,5.2,Pending,2024-03-11,
FRA00191,Telangana,D002,Bhadradri Kothagudem,Kothagudem,Regalla,Claimant_FRA00191,CFR,5.6,Approved,2023-09-30,2024-08-04
FRA00192,Telangana,D007,Jayashankar Bhupalpally,Regonda,Kannaram,Claimant_FRA00192,CFR,4.51,Approved,2026-04-19,2026-07-16
FRA00193,Telangana,D028,Siddipet,Husnabad,Pothireddypet,Claimant_FRA00193,CFR,6.35,Pending,2025-04-12,
FRA00194,Telangana,D027,Sangareddy,Narayankhed,Kondapur,Claimant_FRA00194,IFR,0.51,Approved,2023-10-04,2026-04-25
FRA00195,Telangana,D001,Adilabad,Narnoor,Kothapalli,Claimant_FRA00195,CFR,0.71,Pending,2024-12-25,
FRA00196,Telangana,D020,Nalgonda,Devarakonda,Chinthapally,Claimant_FRA00196,IFR,6.89,Pending,2023-09-18,
FRA00197,Telangana,D001,Adilabad,Boath,Ghanpur,Claimant_FRA00197,CFR,6.78,Approved,2025-06-14,2025-09-04
FRA00198,Telangana,D018,Mulugu,Eturunagaram,Katapur,Claimant_FRA00198,IFR,4.36,Approved,2025-08-16,2026-05-01
FRA00199,Telangana,D026,Rangareddy,Shabad,Kesaram,Claimant_FRA00199,IFR,3.52,Approved,2024-02-26,2026-05-13
FRA00200,Telangana,D011,Khammam,Kothagudem,Seetharampuram,Claimant_FRA00200,CFR,2.2,Approved,2026-04-24,2026-08-04
FRA00201,Telangana,D006,Jangaon,Jangaon,Pasumamula,Claimant_FRA00201,CFR,1.65,Pending,2023-02-10,
FRA00202,Telangana,D011,Khammam,Wyra,Gollapadu,Claimant_FRA00202,CFR,3.47,Pending,2025-05-04,
FRA00203,Telangana,D002,Bhadradri Kothagudem,Manuguru,Anantharam,Claimant_FRA00203,IFR,3.82,Pending,2023-08-31,
FRA00204,Telangana,D001,Adilabad,Narnoor,Kothapalli,Claimant_FRA00204,CFR,2.07,Approved,2025-06-28,2026-07-25
FRA00205,Telangana,D006,Jangaon,Station Ghanpur,Chilpur,Claimant_FRA00205,CFR,2.86,Approved,2022-04-27,2025-03-26
FRA00206,Telangana,D027,Sangareddy,Narayankhed,Kondapur,Claimant_FRA00206,IFR,1.15,Pending,2025-12-01,
FRA00207,Telangana,D003,Hanumakonda,Dharmanagar,Mustial,Claimant_FRA00207,IFR,4.66,Pending,2023-05-09,
FRA00208,Telangana,D003,Hanumakonda,Dharmanagar,Mustial,Claimant_FRA00208,IFR,6.07,Approved,2024-09-16,2026-04-08
FRA00209,Telangana,D011,Khammam,Wyra,Gollapadu,Claimant_FRA00209,IFR,4.44,Rejected,2022-09-24,2024-10-12
FRA00210,Telangana,D006,Jangaon,Station Ghanpur,Chilpur,Claimant_FRA00210,IFR,0.53,Approved,2025-07-29,2026-05-07
FRA00211,Telangana,D011,Khammam,Wyra,Gollapadu,Claimant_FRA00211,IFR,4.06,Pending,2025-12-13,
FRA00212,Telangana,D011,Khammam,Kothagudem,Seetharampuram,Claimant_FRA00212,CFR,3.65,Approved,2024-07-20,2025-10-23
FRA00213,Telangana,D004,Hyderabad,Charminar,Chandrayangutta,Claimant_FRA00213,IFR,3.57,Approved,2022-02-13,2024-09-01
FRA00214,Telangana,D004,Hyderabad,Amberpet,Azampura,Claimant_FRA00214,IFR,3.59,Rejected,2025-12-22,2026-05-07
FRA00215,Telangana,D002,Bhadradri Kothagudem,Bhadrachalam,Nellipaka,Claimant_FRA00215,IFR,5.86,Pending,2026-06-28,
FRA00216,Telangana,D006,Jangaon,Jangaon,Pasumamula,Claimant_FRA00216,IFR,1.01,Approved,2022-06-14,2025-01-01
FRA00217,Telangana,D002,Bhadradri Kothagudem,Kothagudem,Regalla,Claimant_FRA00217,CFR,5.59,Approved,2024-09-29,2026-02-26
FRA00218,Telangana,D018,Mulugu,Eturunagaram,Katapur,Claimant_FRA00218,IFR,6.53,Rejected,2025-10-09,2026-05-15
FRA00219,Telangana,D003,Hanumakonda,Dharmanagar,Mustial,Claimant_FRA00219,IFR,3.49,Approved,2022-05-04,2023-03-06
FRA00220,Telangana,D002,Bhadradri Kothagudem,Manuguru,Anantharam,Claimant_FRA00220,CFR,2.77,Pending,2023-09-20,
FRA00221,Telangana,D007,Jayashankar Bhupalpally,Regonda,Kannaram,Claimant_FRA00221,CFR,6.52,Rejected,2024-09-21,2025-05-12
FRA00222,Telangana,D018,Mulugu,Eturunagaram,Katapur,Claimant_FRA00222,CFR,4.08,Pending,2026-01-09,
FRA00223,Telangana,D006,Jangaon,Station Ghanpur,Chilpur,Claimant_FRA00223,CFR,7.83,Pending,2024-05-21,
FRA00224,Telangana,D001,Adilabad,Narnoor,Kothapalli,Claimant_FRA00224,CFR,1.97,Rejected,2026-05-29,2026-09-05
FRA00225,Telangana,D027,Sangareddy,Narayankhed,Kondapur,Claimant_FRA00225,CFR,4.65,Approved,2026-03-09,2026-08-05
FRA00226,Telangana,D005,Jagtial,Metpally,Vellulla,Claimant_FRA00226,IFR,2.56,Pending,2022-08-07,
FRA00227,Telangana,D006,Jangaon,Jangaon,Pasumamula,Claimant_FRA00227,CFR,6.93,Pending,2023-06-15,
FRA00228,Telangana,D027,Sangareddy,Narayankhed,Kondapur,Claimant_FRA00228,CFR,6.56,Pending,2026-09-07,
FRA00229,Telangana,D033,Yadadri Bhuvanagiri,Bhongir,Anantharam,Claimant_FRA00229,CFR,1.54,Approved,2024-05-01,2026-04-28
FRA00230,Telangana,D018,Mulugu,Eturunagaram,Katapur,Claimant_FRA00230,CFR,6.05,Approved,2024-02-10,2024-07-06
FRA00231,Telangana,D003,Hanumakonda,Dharmanagar,Mustial,Claimant_FRA00231,CFR,3.36,Approved,2025-04-25,2025-08-09
FRA00232,Telangana,D002,Bhadradri Kothagudem,Manuguru,Anantharam,Claimant_FRA00232,IFR,1.49,Approved,2026-03-23,2026-07-18
FRA00233,Telangana,D026,Rangareddy,Shabad,Kesaram,Claimant_FRA00233,IFR,3.4,Approved,2022-01-12,2023-06-03
FRA00234,Telangana,D002,Bhadradri Kothagudem,Kothagudem,Regalla,Claimant_FRA00234,IFR,2.76,Pending,2024-10-24,
FRA00235,Telangana,D007,Jayashankar Bhupalpally,Regonda,Kannaram,Claimant_FRA00235,IFR,6.72,Approved,2024-09-02,2025-08-12
FRA00236,Telangana,D006,Jangaon,Jangaon,Pasumamula,Claimant_FRA00236,CFR,3.41,Approved,2025-07-24,2025-12-01
FRA00237,Telangana,D002,Bhadradri Kothagudem,Manuguru,Anantharam,Claimant_FRA00237,CFR,4.52,Approved,2025-10-17,2025-10-24
FRA00238,Telangana,D002,Bhadradri Kothagudem,Manuguru,Anantharam,Claimant_FRA00238,CFR,1.01,Approved,2025-12-24,2026-01-18
FRA00239,Telangana,D001,Adilabad,Boath,Ghanpur,Claimant_FRA00239,IFR,2.65,Rejected,2025-10-21,2026-04-09
FRA00240,Telangana,D002,Bhadradri Kothagudem,Bhadrachalam,Nellipaka,Claimant_FRA00240,CFR,1.81,Approved,2026-07-04,2026-08-06
FRA00241,Telangana,D003,Hanumakonda,Atmakur,Chowdapur,Claimant_FRA00241,CFR,6.54,Approved,2024-04-23,2025-09-23
FRA00242,Telangana,D002,Bhadradri Kothagudem,Manuguru,Anantharam,Claimant_FRA00242,CFR,4.14,Rejected,2025-12-08,2026-03-15
FRA00243,Telangana,D005,Jagtial,Korutla,Ailapur,Claimant_FRA00243,CFR,7.58,Approved,2021-10-07,2024-12-30
FRA00244,Telangana,D020,Nalgonda,Devarakonda,Chinthapally,Claimant_FRA00244,IFR,5.64,Approved,2023-12-25,2026-08-30
FRA00245,Telangana,D020,Nalgonda,Devarakonda,Chinthapally,Claimant_FRA00245,CFR,7.73,Approved,2023-06-06,2023-09-29
FRA00246,Telangana,D001,Adilabad,Utnoor,Devapur,Claimant_FRA00246,IFR,1.66,Approved,2023-07-14,2025-01-12
FRA00247,Telangana,D001,Adilabad,Narnoor,Kothapalli,Claimant_FRA00247,CFR,4.29,Pending,2023-12-31,
FRA00248,Telangana,D007,Jayashankar Bhupalpally,Chityal,Venkateshwarlapally,Claimant_FRA00248,CFR,2.27,Rejected,2022-01-06,2024-06-08
FRA00249,Telangana,D033,Yadadri Bhuvanagiri,Bhongir,Anantharam,Claimant_FRA00249,IFR,4.17,Rejected,2023-11-30,2026-08-25
FRA00250,Telangana,D018,Mulugu,Venkatapur,Narsapur,Claimant_FRA00250,IFR,4.89,Approved,2025-02-10,2026-05-16
FRA00251,Telangana,D002,Bhadradri Kothagudem,Manuguru,Anantharam,Claimant_FRA00251,CFR,1.02,Approved,2022-09-13,2023-12-19
FRA00252,Telangana,D002,Bhadradri Kothagudem,Kothagudem,Regalla,Claimant_FRA00252,CFR,1.06,Approved,2021-12-05,2023-04-26
FRA00253,Telangana,D033,Yadadri Bhuvanagiri,Bhongir,Anantharam,Claimant_FRA00253,CFR,5.04,Approved,2026-09-08,2026-09-14
FRA00254,Telangana,D001,Adilabad,Narnoor,Kothapalli,Claimant_FRA00254,IFR,4.04,Approved,2022-05-08,2026-09-03
FRA00255,Telangana,D005,Jagtial,Korutla,Ailapur,Claimant_FRA00255,CFR,7.32,Pending,2026-01-20,
FRA00256,Telangana,D007,Jayashankar Bhupalpally,Regonda,Kannaram,Claimant_FRA00256,CFR,7.83,Approved,2022-11-01,2025-04-07
FRA00257,Telangana,D002,Bhadradri Kothagudem,Kothagudem,Regalla,Claimant_FRA00257,CFR,3.07,Approved,2024-07-06,2026-06-18
FRA00258,Telangana,D004,Hyderabad,Amberpet,Azampura,Claimant_FRA00258,IFR,5.89,Approved,2022-03-01,2022-03-14
FRA00259,Telangana,D018,Mulugu,Venkatapur,Narsapur,Claimant_FRA00259,IFR,6.35,Rejected,2024-08-18,2025-11-24
FRA00260,Telangana,D020,Nalgonda,Devarakonda,Chinthapally,Claimant_FRA00260,CFR,1.99,Approved,2025-12-08,2026-01-03
FRA00261,Telangana,D026,Rangareddy,Shabad,Kesaram,Claimant_FRA00261,IFR,1.01,Pending,2024-07-02,
FRA00262,Telangana,D002,Bhadradri Kothagudem,Manuguru,Anantharam,Claimant_FRA00262,IFR,1.53,Pending,2023-10-18,
FRA00263,Telangana,D002,Bhadradri Kothagudem,Bhadrachalam,Nellipaka,Claimant_FRA00263,IFR,4.77,Approved,2023-05-22,2024-07-03
FRA00264,Telangana,D007,Jayashankar Bhupalpally,Chityal,Venkateshwarlapally,Claimant_FRA00264,IFR,1.35,Pending,2023-04-11,
FRA00265,Telangana,D033,Yadadri Bhuvanagiri,Bhongir,Anantharam,Claimant_FRA00265,IFR,5.5,Approved,2022-01-20,2023-07-31
FRA00266,Telangana,D033,Yadadri Bhuvanagiri,Bhongir,Anantharam,Claimant_FRA00266,IFR,5.41,Pending,2025-04-19,
FRA00267,Telangana,D013,Mahabubabad,Bayyaram,Garla,Claimant_FRA00267,IFR,4.95,Approved,2024-09-10,2025-06-05
FRA00268,Telangana,D003,Hanumakonda,Dharmanagar,Mustial,Claimant_FRA00268,CFR,1.27,Pending,2022-01-07,
FRA00269,Telangana,D005,Jagtial,Metpally,Vellulla,Claimant_FRA00269,IFR,3.79,Pending,2023-08-01,
FRA00270,Telangana,D020,Nalgonda,Devarakonda,Chinthapally,Claimant_FRA00270,IFR,2.45,Pending,2023-12-16,
FRA00271,Telangana,D011,Khammam,Wyra,Gollapadu,Claimant_FRA00271,IFR,0.92,Rejected,2024-09-07,2024-11-11
FRA00272,Telangana,D013,Mahabubabad,Kuravi,Seerole,Claimant_FRA00272,IFR,2.4,Pending,2022-08-30,
FRA00273,Telangana,D013,Mahabubabad,Bayyaram,Garla,Claimant_FRA00273,CFR,1.98,Pending,2022-07-17,
FRA00274,Telangana,D032,Warangal,Narsampet,Madhira,Claimant_FRA00274,CFR,1.75,Approved,2024-04-13,2026-02-14
FRA00275,Telangana,D003,Hanumakonda,Dharmanagar,Mustial,Claimant_FRA00275,IFR,7.85,Approved,2023-09-16,2026-04-28
FRA00276,Telangana,D002,Bhadradri Kothagudem,Kothagudem,Regalla,Claimant_FRA00276,IFR,2.29,Approved,2026-05-27,2026-09-11
FRA00277,Telangana,D032,Warangal,Narsampet,Madhira,Claimant_FRA00277,CFR,8.0,Rejected,2026-08-26,2026-09-01
FRA00278,Telangana,D005,Jagtial,Korutla,Ailapur,Claimant_FRA00278,IFR,5.22,Pending,2024-03-03,
FRA00279,Telangana,D018,Mulugu,Eturunagaram,Katapur,Claimant_FRA00279,IFR,1.46,Approved,2026-06-03,2026-06-04
FRA00280,Telangana,D004,Hyderabad,Amberpet,Azampura,Claimant_FRA00280,CFR,3.87,Pending,2024-03-31,
FRA00281,Telangana,D002,Bhadradri Kothagudem,Kothagudem,Regalla,Claimant_FRA00281,IFR,3.82,Approved,2024-04-28,2026-04-25
FRA00282,Telangana,D002,Bhadradri Kothagudem,Bhadrachalam,Nellipaka,Claimant_FRA00282,CFR,3.81,Approved,2025-03-25,2025-06-16
FRA00283,Telangana,D018,Mulugu,Eturunagaram,Katapur,Claimant_FRA00283,CFR,1.86,Pending,2026-04-26,
FRA00284,Telangana,D030,Vikarabad,Tandur,Kotbaspally,Claimant_FRA00284,IFR,2.67,Approved,2024-02-20,2026-07-15
FRA00285,Telangana,D013,Mahabubabad,Kuravi,Seerole,Claimant_FRA00285,CFR,5.6,Pending,2026-01-29,
FRA00286,Telangana,D033,Yadadri Bhuvanagiri,Bhongir,Anantharam,Claimant_FRA00286,CFR,2.13,Pending,2026-06-04,
FRA00287,Telangana,D032,Warangal,Narsampet,Madhira,Claimant_FRA00287,CFR,3.06,Approved,2026-06-17,2026-06-20
FRA00288,Telangana,D002,Bhadradri Kothagudem,Bhadrachalam,Nellipaka,Claimant_FRA00288,CFR,5.17,Pending,2026-04-21,
FRA00289,Telangana,D002,Bhadradri Kothagudem,Kothagudem,Regalla,Claimant_FRA00289,CFR,2.25,Approved,2022-07-05,2024-03-22
FRA00290,Telangana,D013,Mahabubabad,Bayyaram,Garla,Claimant_FRA00290,CFR,4.52,Approved,2022-04-26,2023-07-12
FRA00291,Telangana,D033,Yadadri Bhuvanagiri,Bhongir,Anantharam,Claimant_FRA00291,IFR,6.3,Pending,2023-02-11,
FRA00292,Telangana,D013,Mahabubabad,Kuravi,Seerole,Claimant_FRA00292,IFR,4.17,Approved,2023-01-07,2025-12-20
FRA00293,Telangana,D013,Mahabubabad,Kuravi,Seerole,Claimant_FRA00293,CFR,7.36,Approved,2023-12-28,2026-06-26
FRA00294,Telangana,D001,Adilabad,Utnoor,Devapur,Claimant_FRA00294,CFR,1.27,Pending,2024-09-13,
FRA00295,Telangana,D027,Sangareddy,Narayankhed,Kondapur,Claimant_FRA00295,CFR,6.09,Approved,2025-05-12,2025-05-22
FRA00296,Telangana,D023,Nizamabad,Armoor,Mendora,Claimant_FRA00296,CFR,7.14,Rejected,2025-08-25,2026-07-16
FRA00297,Telangana,D001,Adilabad,Utnoor,Devapur,Claimant_FRA00297,IFR,2.33,Approved,2026-08-12,2026-08-18
FRA00298,Telangana,D026,Rangareddy,Shabad,Kesaram,Claimant_FRA00298,CFR,1.65,Pending,2025-02-19,
FRA00299,Telangana,D007,Jayashankar Bhupalpally,Regonda,Kannaram,Claimant_FRA00299,CFR,7.4,Approved,2024-04-19,2025-03-14
FRA00300,Telangana,D001,Adilabad,Utnoor,Devapur,Claimant_FRA00300,CFR,2.12,Pending,2025-09-10,
FRA00301,Telangana,D013,Mahabubabad,Bayyaram,Garla,Claimant_FRA00301,IFR,1.96,Approved,2025-03-29,2026-04-20
FRA00302,Telangana,D005,Jagtial,Metpally,Vellulla,Claimant_FRA00302,CFR,5.93,Approved,2025-02-22,2026-03-31
FRA00303,Telangana,D020,Nalgonda,Devarakonda,Chinthapally,Claimant_FRA00303,IFR,5.36,Pending,2024-01-03,
FRA00304,Telangana,D002,Bhadradri Kothagudem,Manuguru,Anantharam,Claimant_FRA00304,CFR,1.21,Approved,2026-08-26,2026-09-04
FRA00305,Telangana,D006,Jangaon,Jangaon,Pasumamula,Claimant_FRA00305,IFR,7.66,Approved,2023-01-24,2026-03-07
FRA00306,Telangana,D018,Mulugu,Eturunagaram,Katapur,Claimant_FRA00306,IFR,4.86,Approved,2022-02-19,2024-03-29
FRA00307,Telangana,D004,Hyderabad,Charminar,Chandrayangutta,Claimant_FRA00307,IFR,3.82,Approved,2023-08-17,2026-01-08
FRA00308,Telangana,D013,Mahabubabad,Kuravi,Seerole,Claimant_FRA00308,CFR,6.21,Approved,2024-09-17,2024-10-21
FRA00309,Telangana,D011,Khammam,Kothagudem,Seetharampuram,Claimant_FRA00309,CFR,5.85,Approved,2025-10-20,2025-12-13
FRA00310,Telangana,D007,Jayashankar Bhupalpally,Regonda,Kannaram,Claimant_FRA00310,CFR,5.68,Approved,2024-10-17,2026-01-12
FRA00311,Telangana,D020,Nalgonda,Devarakonda,Chinthapally,Claimant_FRA00311,CFR,4.12,Approved,2024-09-26,2025-08-23
FRA00312,Telangana,D001,Adilabad,Narnoor,Kothapalli,Claimant_FRA00312,CFR,5.06,Approved,2025-12-06,2026-07-21
FRA00313,Telangana,D018,Mulugu,Eturunagaram,Katapur,Claimant_FRA00313,IFR,1.9,Approved,2023-08-04,2024-06-07
FRA00314,Telangana,D007,Jayashankar Bhupalpally,Chityal,Venkateshwarlapally,Claimant_FRA00314,IFR,7.75,Approved,2024-03-04,2025-11-01
FRA00315,Telangana,D005,Jagtial,Metpally,Vellulla,Claimant_FRA00315,CFR,4.95,Approved,2023-12-29,2024-04-16
FRA00316,Telangana,D005,Jagtial,Metpally,Vellulla,Claimant_FRA00316,CFR,7.05,Rejected,2024-12-24,2026-01-04
FRA00317,Telangana,D001,Adilabad,Boath,Ghanpur,Claimant_FRA00317,IFR,4.42,Approved,2022-02-16,2023-01-31
FRA00318,Telangana,D006,Jangaon,Jangaon,Pasumamula,Claimant_FRA00318,CFR,7.8,Approved,2023-08-23,2024-07-19
FRA00319,Telangana,D018,Mulugu,Eturunagaram,Katapur,Claimant_FRA00319,IFR,1.18,Pending,2026-01-05,
FRA00320,Telangana,D018,Mulugu,Eturunagaram,Katapur,Claimant_FRA00320,IFR,6.1,Approved,2024-05-30,2026-09-07
FRA00321,Telangana,D030,Vikarabad,Tandur,Kotbaspally,Claimant_FRA00321,IFR,4.38,Pending,2023-01-24,
FRA00322,Telangana,D028,Siddipet,Husnabad,Pothireddypet,Claimant_FRA00322,IFR,6.88,Pending,2024-05-11,
FRA00323,Telangana,D006,Jangaon,Jangaon,Pasumamula,Claimant_FRA00323,CFR,1.17,Approved,2023-08-02,2026-07-14
FRA00324,Telangana,D003,Hanumakonda,Atmakur,Chowdapur,Claimant_FRA00324,IFR,7.96,Pending,2022-01-07,
FRA00325,Telangana,D004,Hyderabad,Charminar,Chandrayangutta,Claimant_FRA00325,CFR,7.81,Approved,2023-12-02,2025-02-11
FRA00326,Telangana,D019,Nagarkurnool,Amrabad,Mananur,Claimant_FRA00326,CFR,7.06,Approved,2022-08-29,2025-06-13
FRA00327,Telangana,D033,Yadadri Bhuvanagiri,Bhongir,Anantharam,Claimant_FRA00327,IFR,3.98,Approved,2021-11-12,2021-11-26
FRA00328,Telangana,D026,Rangareddy,Shabad,Kesaram,Claimant_FRA00328,CFR,6.28,Approved,2025-04-26,2025-12-16
FRA00329,Telangana,D004,Hyderabad,Amberpet,Azampura,Claimant_FRA00329,IFR,1.75,Approved,2024-10-17,2025-03-25
FRA00330,Telangana,D002,Bhadradri Kothagudem,Manuguru,Anantharam,Claimant_FRA00330,IFR,2.25,Pending,2024-11-11,
FRA00331,Telangana,D005,Jagtial,Metpally,Vellulla,Claimant_FRA00331,IFR,7.57,Approved,2024-05-16,2025-04-15
FRA00332,Telangana,D018,Mulugu,Eturunagaram,Katapur,Claimant_FRA00332,CFR,2.47,Approved,2023-06-10,2025-11-08
FRA00333,Telangana,D001,Adilabad,Boath,Ghanpur,Claimant_FRA00333,IFR,3.52,Approved,2024-08-26,2025-07-20
FRA00334,Telangana,D005,Jagtial,Korutla,Ailapur,Claimant_FRA00334,CFR,0.65,Pending,2023-05-09,
FRA00335,Telangana,D028,Siddipet,Husnabad,Pothireddypet,Claimant_FRA00335,IFR,6.12,Pending,2026-08-22,
FRA00336,Telangana,D011,Khammam,Kothagudem,Seetharampuram,Claimant_FRA00336,CFR,3.92,Approved,2025-07-08,2026-03-21
FRA00337,Telangana,D002,Bhadradri Kothagudem,Kothagudem,Regalla,Claimant_FRA00337,CFR,1.09,Approved,2023-07-25,2023-08-31
FRA00338,Telangana,D003,Hanumakonda,Atmakur,Chowdapur,Claimant_FRA00338,CFR,7.38,Approved,2021-09-29,2023-07-12
FRA00339,Telangana,D006,Jangaon,Station Ghanpur,Chilpur,Claimant_FRA00339,IFR,2.35,Pending,2021-09-24,
FRA00340,Telangana,D006,Jangaon,Station Ghanpur,Chilpur,Claimant_FRA00340,IFR,4.8,Rejected,2023-05-11,2026-06-12
FRA00341,Telangana,D001,Adilabad,Narnoor,Kothapalli,Claimant_FRA00341,IFR,7.69,Pending,2025-10-15,
FRA00342,Telangana,D002,Bhadradri Kothagudem,Kothagudem,Regalla,Claimant_FRA00342,CFR,4.88,Pending,2025-06-12,
FRA00343,Telangana,D013,Mahabubabad,Kuravi,Seerole,Claimant_FRA00343,IFR,4.79,Approved,2026-08-30,2026-09-14
FRA00344,Telangana,D004,Hyderabad,Charminar,Chandrayangutta,Claimant_FRA00344,IFR,3.79,Approved,2021-12-08,2025-11-06
FRA00345,Telangana,D002,Bhadradri Kothagudem,Manuguru,Anantharam,Claimant_FRA00345,CFR,2.41,Approved,2022-03-11,2024-08-21
FRA00346,Telangana,D018,Mulugu,Eturunagaram,Katapur,Claimant_FRA00346,CFR,3.79,Approved,2023-06-02,2023-07-08
FRA00347,Telangana,D018,Mulugu,Eturunagaram,Katapur,Claimant_FRA00347,IFR,7.21,Approved,2024-05-15,2024-07-25
FRA00348,Telangana,D003,Hanumakonda,Dharmanagar,Mustial,Claimant_FRA00348,CFR,0.67,Pending,2023-10-30,
FRA00349,Telangana,D030,Vikarabad,Tandur,Kotbaspally,Claimant_FRA00349,CFR,3.57,Approved,2022-06-28,2024-07-30
FRA00350,Telangana,D003,Hanumakonda,Dharmanagar,Mustial,Claimant_FRA00350,IFR,2.06,Rejected,2025-11-03,2026-08-25
FRA00351,Telangana,D004,Hyderabad,Amberpet,Azampura,Claimant_FRA00351,IFR,0.8,Approved,2026-05-13,2026-05-18
FRA00352,Telangana,D030,Vikarabad,Tandur,Kotbaspally,Claimant_FRA00352,IFR,3.52,Pending,2025-07-30,
FRA00353,Telangana,D023,Nizamabad,Armoor,Mendora,Claimant_FRA00353,CFR,3.91,Pending,2022-10-05,
FRA00354,Telangana,D005,Jagtial,Metpally,Vellulla,Claimant_FRA00354,IFR,4.36,Approved,2024-12-10,2026-03-17
FRA00355,Telangana,D002,Bhadradri Kothagudem,Bhadrachalam,Nellipaka,Claimant_FRA00355,CFR,7.82,Pending,2026-01-17,
FRA00356,Telangana,D023,Nizamabad,Armoor,Mendora,Claimant_FRA00356,CFR,1.82,Approved,2024-08-06,2026-02-13
FRA00357,Telangana,D002,Bhadradri Kothagudem,Kothagudem,Regalla,Claimant_FRA00357,CFR,2.82,Pending,2022-09-03,
FRA00358,Telangana,D033,Yadadri Bhuvanagiri,Bhongir,Anantharam,Claimant_FRA00358,CFR,1.37,Rejected,2025-02-05,2026-07-16
FRA00359,Telangana,D001,Adilabad,Boath,Ghanpur,Claimant_FRA00359,CFR,0.79,Approved,2023-07-21,2025-06-07
FRA00360,Telangana,D019,Nagarkurnool,Amrabad,Mananur,Claimant_FRA00360,IFR,5.7,Rejected,2023-03-30,2023-07-09
FRA00361,Telangana,D001,Adilabad,Narnoor,Kothapalli,Claimant_FRA00361,CFR,6.78,Pending,2022-08-28,
FRA00362,Telangana,D002,Bhadradri Kothagudem,Kothagudem,Regalla,Claimant_FRA00362,IFR,1.39,Approved,2021-10-13,2026-06-24
FRA00363,Telangana,D005,Jagtial,Metpally,Vellulla,Claimant_FRA00363,IFR,5.46,Rejected,2022-01-04,2024-11-29
FRA00364,Telangana,D013,Mahabubabad,Bayyaram,Garla,Claimant_FRA00364,CFR,4.86,Pending,2022-03-22,
FRA00365,Telangana,D023,Nizamabad,Armoor,Mendora,Claimant_FRA00365,IFR,1.38,Approved,2022-02-16,2023-08-25
FRA00366,Telangana,D005,Jagtial,Korutla,Ailapur,Claimant_FRA00366,CFR,0.88,Rejected,2025-11-14,2026-08-07
FRA00367,Telangana,D030,Vikarabad,Tandur,Kotbaspally,Claimant_FRA00367,IFR,0.83,Rejected,2026-06-27,2026-08-21
FRA00368,Telangana,D005,Jagtial,Metpally,Vellulla,Claimant_FRA00368,CFR,5.91,Pending,2026-01-12,
FRA00369,Telangana,D018,Mulugu,Venkatapur,Narsapur,Claimant_FRA00369,CFR,2.5,Rejected,2024-09-06,2024-10-19
FRA00370,Telangana,D001,Adilabad,Boath,Ghanpur,Claimant_FRA00370,CFR,5.67,Approved,2026-09-01,2026-09-15
FRA00371,Telangana,D011,Khammam,Kothagudem,Seetharampuram,Claimant_FRA00371,CFR,7.89,Approved,2025-08-15,2026-02-09
FRA00372,Telangana,D032,Warangal,Narsampet,Madhira,Claimant_FRA00372,IFR,5.03,Rejected,2024-03-23,2026-03-10
FRA00373,Telangana,D003,Hanumakonda,Dharmanagar,Mustial,Claimant_FRA00373,CFR,1.16,Approved,2025-06-16,2026-07-25
FRA00374,Telangana,D004,Hyderabad,Amberpet,Azampura,Claimant_FRA00374,CFR,0.6,Approved,2023-08-27,2025-09-06
FRA00375,Telangana,D002,Bhadradri Kothagudem,Manuguru,Anantharam,Claimant_FRA00375,CFR,3.9,Pending,2023-12-04,
FRA00376,Telangana,D004,Hyderabad,Amberpet,Azampura,Claimant_FRA00376,IFR,7.58,Approved,2025-10-31,2026-02-17
FRA00377,Telangana,D026,Rangareddy,Shabad,Kesaram,Claimant_FRA00377,CFR,7.35,Approved,2021-11-07,2025-10-05
FRA00378,Telangana,D001,Adilabad,Utnoor,Devapur,Claimant_FRA00378,IFR,3.18,Rejected,2021-09-28,2023-05-16
FRA00379,Telangana,D013,Mahabubabad,Kuravi,Seerole,Claimant_FRA00379,CFR,3.38,Rejected,2022-04-13,2025-04-20
FRA00380,Telangana,D001,Adilabad,Boath,Ghanpur,Claimant_FRA00380,IFR,1.48,Pending,2024-10-03,
FRA00381,Telangana,D001,Adilabad,Boath,Ghanpur,Claimant_FRA00381,CFR,2.45,Approved,2024-01-22,2024-08-08
FRA00382,Telangana,D013,Mahabubabad,Kuravi,Seerole,Claimant_FRA00382,IFR,7.94,Approved,2025-11-20,2026-06-19
FRA00383,Telangana,D013,Mahabubabad,Bayyaram,Garla,Claimant_FRA00383,CFR,0.75,Pending,2023-08-24,
FRA00384,Telangana,D030,Vikarabad,Tandur,Kotbaspally,Claimant_FRA00384,IFR,5.45,Approved,2023-05-02,2023-11-20
FRA00385,Telangana,D002,Bhadradri Kothagudem,Kothagudem,Regalla,Claimant_FRA00385,IFR,0.92,Rejected,2022-09-19,2023-03-16
FRA00386,Telangana,D005,Jagtial,Korutla,Ailapur,Claimant_FRA00386,CFR,6.66,Rejected,2024-10-16,2026-07-12
FRA00387,Telangana,D007,Jayashankar Bhupalpally,Regonda,Kannaram,Claimant_FRA00387,CFR,1.45,Approved,2024-03-12,2026-06-05
FRA00388,Telangana,D011,Khammam,Kothagudem,Seetharampuram,Claimant_FRA00388,IFR,1.02,Pending,2025-12-04,
FRA00389,Telangana,D006,Jangaon,Jangaon,Pasumamula,Claimant_FRA00389,CFR,1.51,Pending,2026-04-03,
FRA00390,Telangana,D023,Nizamabad,Armoor,Mendora,Claimant_FRA00390,CFR,3.56,Approved,2025-12-30,2026-01-23
FRA00391,Telangana,D003,Hanumakonda,Dharmanagar,Mustial,Claimant_FRA00391,IFR,4.06,Approved,2026-02-27,2026-06-17
FRA00392,Telangana,D001,Adilabad,Utnoor,Devapur,Claimant_FRA00392,IFR,4.25,Pending,2023-06-06,
FRA00393,Telangana,D023,Nizamabad,Armoor,Mendora,Claimant_FRA00393,IFR,1.99,Approved,2024-05-05,2024-08-29
FRA00394,Telangana,D002,Bhadradri Kothagudem,Bhadrachalam,Nellipaka,Claimant_FRA00394,CFR,6.18,Approved,2023-04-01,2025-01-02
FRA00395,Telangana,D023,Nizamabad,Armoor,Mendora,Claimant_FRA00395,CFR,4.3,Approved,2022-12-30,2024-06-06
FRA00396,Telangana,D033,Yadadri Bhuvanagiri,Bhongir,Anantharam,Claimant_FRA00396,CFR,4.61,Rejected,2024-02-03,2024-02-21
FRA00397,Telangana,D006,Jangaon,Jangaon,Pasumamula,Claimant_FRA00397,IFR,2.39,Approved,2023-12-17,2025-08-28
FRA00398,Telangana,D018,Mulugu,Venkatapur,Narsapur,Claimant_FRA00398,IFR,1.84,Approved,2025-06-19,2025-09-24
FRA00399,Telangana,D019,Nagarkurnool,Amrabad,Mananur,Claimant_FRA00399,IFR,4.1,Rejected,2023-02-21,2026-06-22
FRA00400,Telangana,D002,Bhadradri Kothagudem,Bhadrachalam,Nellipaka,Claimant_FRA00400,CFR,1.29,Pending,2024-09-14,
FRA00401,Telangana,D011,Khammam,Wyra,Gollapadu,Claimant_FRA00401,CFR,6.39,Approved,2023-08-09,2025-01-30
FRA00402,Telangana,D018,Mulugu,Venkatapur,Narsapur,Claimant_FRA00402,CFR,0.89,Pending,2025-08-02,
FRA00403,Telangana,D005,Jagtial,Korutla,Ailapur,Claimant_FRA00403,CFR,4.25,Pending,2024-01-04,
FRA00404,Telangana,D001,Adilabad,Boath,Ghanpur,Claimant_FRA00404,CFR,4.24,Rejected,2022-04-28,2025-06-12
FRA00405,Telangana,D003,Hanumakonda,Dharmanagar,Mustial,Claimant_FRA00405,CFR,2.4,Approved,2025-12-06,2026-01-27
FRA00406,Telangana,D020,Nalgonda,Devarakonda,Chinthapally,Claimant_FRA00406,CFR,5.67,Approved,2023-12-16,2026-06-11
FRA00407,Telangana,D002,Bhadradri Kothagudem,Manuguru,Anantharam,Claimant_FRA00407,CFR,3.78,Approved,2026-06-17,2026-06-29
FRA00408,Telangana,D001,Adilabad,Boath,Ghanpur,Claimant_FRA00408,CFR,2.24,Rejected,2024-04-25,2026-08-30
FRA00409,Telangana,D018,Mulugu,Venkatapur,Narsapur,Claimant_FRA00409,IFR,5.39,Pending,2026-09-09,
FRA00410,Telangana,D011,Khammam,Kothagudem,Seetharampuram,Claimant_FRA00410,IFR,7.76,Rejected,2025-12-13,2026-05-09
FRA00411,Telangana,D013,Mahabubabad,Kuravi,Seerole,Claimant_FRA00411,CFR,1.18,Approved,2023-12-24,2026-04-15
FRA00412,Telangana,D001,Adilabad,Utnoor,Devapur,Claimant_FRA00412,CFR,1.02,Pending,2022-04-18,
FRA00413,Telangana,D020,Nalgonda,Devarakonda,Chinthapally,Claimant_FRA00413,CFR,4.47,Approved,2024-09-06,2025-04-21
FRA00414,Telangana,D006,Jangaon,Station Ghanpur,Chilpur,Claimant_FRA00414,IFR,0.61,Approved,2024-05-09,2026-02-19
FRA00415,Telangana,D002,Bhadradri Kothagudem,Bhadrachalam,Nellipaka,Claimant_FRA00415,IFR,2.57,Approved,2023-05-16,2025-01-18
FRA00416,Telangana,D013,Mahabubabad,Bayyaram,Garla,Claimant_FRA00416,CFR,7.48,Rejected,2023-05-16,2026-05-27
FRA00417,Telangana,D005,Jagtial,Korutla,Ailapur,Claimant_FRA00417,CFR,5.05,Approved,2023-03-09,2025-11-03
FRA00418,Telangana,D011,Khammam,Kothagudem,Seetharampuram,Claimant_FRA00418,CFR,7.46,Approved,2026-06-29,2026-07-22
FRA00419,Telangana,D018,Mulugu,Eturunagaram,Katapur,Claimant_FRA00419,IFR,4.22,Approved,2022-10-22,2025-09-26
FRA00420,Telangana,D026,Rangareddy,Shabad,Kesaram,Claimant_FRA00420,IFR,3.74,Approved,2024-07-07,2025-10-25
FRA00421,Telangana,D003,Hanumakonda,Dharmanagar,Mustial,Claimant_FRA00421,CFR,2.37,Approved,2023-04-24,2024-09-24
FRA00422,Telangana,D028,Siddipet,Husnabad,Pothireddypet,Claimant_FRA00422,CFR,0.62,Pending,2025-05-25,
FRA00423,Telangana,D006,Jangaon,Jangaon,Pasumamula,Claimant_FRA00423,CFR,4.41,Rejected,2023-04-11,2024-02-04
FRA00424,Telangana,D013,Mahabubabad,Bayyaram,Garla,Claimant_FRA00424,CFR,2.97,Rejected,2024-12-04,2026-09-15
FRA00425,Telangana,D028,Siddipet,Husnabad,Pothireddypet,Claimant_FRA00425,CFR,0.84,Rejected,2023-02-10,2024-12-09
FRA00426,Telangana,D027,Sangareddy,Narayankhed,Kondapur,Claimant_FRA00426,IFR,7.38,Pending,2025-06-09,
FRA00427,Telangana,D020,Nalgonda,Devarakonda,Chinthapally,Claimant_FRA00427,IFR,1.81,Pending,2023-01-17,
FRA00428,Telangana,D001,Adilabad,Narnoor,Kothapalli,Claimant_FRA00428,CFR,1.58,Rejected,2025-03-19,2025-11-10
FRA00429,Telangana,D003,Hanumakonda,Dharmanagar,Mustial,Claimant_FRA00429,IFR,3.43,Approved,2025-05-26,2026-05-12
FRA00430,Telangana,D004,Hyderabad,Amberpet,Azampura,Claimant_FRA00430,IFR,3.88,Pending,2026-04-13,
FRA00431,Telangana,D001,Adilabad,Boath,Ghanpur,Claimant_FRA00431,IFR,6.3,Approved,2026-05-26,2026-08-17
FRA00432,Telangana,D032,Warangal,Narsampet,Madhira,Claimant_FRA00432,CFR,5.23,Rejected,2022-04-03,2024-05-12
FRA00433,Telangana,D004,Hyderabad,Charminar,Chandrayangutta,Claimant_FRA00433,IFR,2.79,Approved,2023-11-17,2025-02-08
FRA00434,Telangana,D018,Mulugu,Eturunagaram,Katapur,Claimant_FRA00434,IFR,4.17,Approved,2024-09-29,2025-05-26
FRA00435,Telangana,D018,Mulugu,Venkatapur,Narsapur,Claimant_FRA00435,CFR,0.73,Approved,2023-06-05,2024-12-16
FRA00436,Telangana,D006,Jangaon,Jangaon,Pasumamula,Claimant_FRA00436,IFR,3.34,Approved,2022-02-03,2026-07-20
FRA00437,Telangana,D004,Hyderabad,Amberpet,Azampura,Claimant_FRA00437,IFR,6.52,Approved,2023-06-28,2024-01-30
FRA00438,Telangana,D032,Warangal,Narsampet,Madhira,Claimant_FRA00438,IFR,4.41,Pending,2022-01-21,
FRA00439,Telangana,D026,Rangareddy,Shabad,Kesaram,Claimant_FRA00439,CFR,6.64,Pending,2024-07-31,
FRA00440,Telangana,D032,Warangal,Narsampet,Madhira,Claimant_FRA00440,IFR,5.16,Approved,2023-06-18,2024-07-16
FRA00441,Telangana,D019,Nagarkurnool,Amrabad,Mananur,Claimant_FRA00441,IFR,4.11,Approved,2022-09-03,2026-07-16
FRA00442,Telangana,D032,Warangal,Narsampet,Madhira,Claimant_FRA00442,CFR,0.98,Approved,2024-09-06,2025-09-09
FRA00443,Telangana,D004,Hyderabad,Amberpet,Azampura,Claimant_FRA00443,IFR,1.42,Rejected,2022-03-07,2024-12-18
FRA00444,Telangana,D018,Mulugu,Eturunagaram,Katapur,Claimant_FRA00444,CFR,7.08,Rejected,2025-12-22,2026-03-31
FRA00445,Telangana,D011,Khammam,Wyra,Gollapadu,Claimant_FRA00445,IFR,2.68,Approved,2026-08-08,2026-09-11
FRA00446,Telangana,D001,Adilabad,Narnoor,Kothapalli,Claimant_FRA00446,CFR,6.51,Rejected,2022-04-21,2022-06-02
FRA00447,Telangana,D018,Mulugu,Venkatapur,Narsapur,Claimant_FRA00447,CFR,5.94,Pending,2023-02-03,
FRA00448,Telangana,D020,Nalgonda,Devarakonda,Chinthapally,Claimant_FRA00448,CFR,5.56,Pending,2022-01-31,
FRA00449,Telangana,D006,Jangaon,Jangaon,Pasumamula,Claimant_FRA00449,CFR,1.35,Pending,2024-06-06,
FRA00450,Telangana,D005,Jagtial,Korutla,Ailapur,Claimant_FRA00450,IFR,1.84,Rejected,2024-05-22,2026-08-28
FRA00451,Telangana,D013,Mahabubabad,Kuravi,Seerole,Claimant_FRA00451,CFR,4.16,Approved,2022-11-12,2026-09-07
FRA00452,Telangana,D004,Hyderabad,Amberpet,Azampura,Claimant_FRA00452,CFR,7.62,Pending,2026-02-08,
FRA00453,Telangana,D006,Jangaon,Jangaon,Pasumamula,Claimant_FRA00453,CFR,7.78,Rejected,2022-06-30,2022-11-25
FRA00454,Telangana,D001,Adilabad,Boath,Ghanpur,Claimant_FRA00454,CFR,6.76,Approved,2026-05-20,2026-07-29
FRA00455,Telangana,D023,Nizamabad,Armoor,Mendora,Claimant_FRA00455,CFR,5.28,Approved,2023-05-11,2025-12-01
FRA00456,Telangana,D004,Hyderabad,Amberpet,Azampura,Claimant_FRA00456,IFR,4.49,Rejected,2022-08-20,2025-02-05
FRA00457,Telangana,D006,Jangaon,Jangaon,Pasumamula,Claimant_FRA00457,CFR,2.19,Pending,2021-10-11,
FRA00458,Telangana,D026,Rangareddy,Shabad,Kesaram,Claimant_FRA00458,CFR,2.36,Pending,2024-09-16,
FRA00459,Telangana,D002,Bhadradri Kothagudem,Kothagudem,Regalla,Claimant_FRA00459,IFR,2.39,Pending,2023-09-30,
FRA00460,Telangana,D007,Jayashankar Bhupalpally,Chityal,Venkateshwarlapally,Claimant_FRA00460,CFR,6.29,Approved,2021-10-29,2025-08-19
FRA00461,Telangana,D019,Nagarkurnool,Amrabad,Mananur,Claimant_FRA00461,IFR,3.82,Pending,2024-07-24,
FRA00462,Telangana,D001,Adilabad,Utnoor,Devapur,Claimant_FRA00462,IFR,0.66,Pending,2022-06-27,
FRA00463,Telangana,D004,Hyderabad,Amberpet,Azampura,Claimant_FRA00463,IFR,3.5,Approved,2023-11-05,2024-03-02
FRA00464,Telangana,D018,Mulugu,Eturunagaram,Katapur,Claimant_FRA00464,CFR,4.31,Approved,2022-05-25,2022-07-21
FRA00465,Telangana,D013,Mahabubabad,Kuravi,Seerole,Claimant_FRA00465,CFR,2.0,Pending,2025-02-21,
FRA00466,Telangana,D006,Jangaon,Station Ghanpur,Chilpur,Claimant_FRA00466,IFR,3.97,Rejected,2021-10-01,2024-08-19
FRA00467,Telangana,D013,Mahabubabad,Kuravi,Seerole,Claimant_FRA00467,CFR,6.74,Pending,2023-11-27,
FRA00468,Telangana,D007,Jayashankar Bhupalpally,Regonda,Kannaram,Claimant_FRA00468,IFR,5.43,Approved,2026-03-01,2026-05-20
FRA00469,Telangana,D001,Adilabad,Utnoor,Devapur,Claimant_FRA00469,CFR,3.24,Approved,2023-04-03,2025-02-06
FRA00470,Telangana,D004,Hyderabad,Charminar,Chandrayangutta,Claimant_FRA00470,CFR,6.32,Pending,2026-05-01,
FRA00471,Telangana,D007,Jayashankar Bhupalpally,Regonda,Kannaram,Claimant_FRA00471,CFR,2.56,Rejected,2023-04-03,2025-08-22
FRA00472,Telangana,D011,Khammam,Kothagudem,Seetharampuram,Claimant_FRA00472,CFR,5.97,Rejected,2026-04-07,2026-06-15
FRA00473,Telangana,D005,Jagtial,Korutla,Ailapur,Claimant_FRA00473,CFR,4.7,Pending,2023-11-25,
FRA00474,Telangana,D020,Nalgonda,Devarakonda,Chinthapally,Claimant_FRA00474,CFR,3.24,Pending,2024-10-02,
FRA00475,Telangana,D033,Yadadri Bhuvanagiri,Bhongir,Anantharam,Claimant_FRA00475,CFR,7.38,Rejected,2022-04-11,2026-08-03
FRA00476,Telangana,D002,Bhadradri Kothagudem,Bhadrachalam,Nellipaka,Claimant_FRA00476,IFR,4.84,Pending,2024-04-21,
FRA00477,Telangana,D013,Mahabubabad,Bayyaram,Garla,Claimant_FRA00477,IFR,4.03,Rejected,2026-01-14,2026-05-06
FRA00478,Telangana,D001,Adilabad,Utnoor,Devapur,Claimant_FRA00478,CFR,7.82,Rejected,2022-10-12,2026-03-08
FRA00479,Telangana,D004,Hyderabad,Charminar,Chandrayangutta,Claimant_FRA00479,CFR,7.23,Approved,2023-11-20,2026-07-09
FRA00480,Telangana,D026,Rangareddy,Shabad,Kesaram,Claimant_FRA00480,CFR,3.63,Approved,2025-06-17,2026-08-28
FRA00481,Telangana,D002,Bhadradri Kothagudem,Manuguru,Anantharam,Claimant_FRA00481,IFR,4.72,Approved,2022-01-30,2025-02-25
FRA00482,Telangana,D018,Mulugu,Venkatapur,Narsapur,Claimant_FRA00482,CFR,6.66,Pending,2025-01-29,
FRA00483,Telangana,D001,Adilabad,Utnoor,Devapur,Claimant_FRA00483,CFR,5.25,Approved,2025-10-14,2025-10-18
FRA00484,Telangana,D032,Warangal,Narsampet,Madhira,Claimant_FRA00484,IFR,7.79,Approved,2022-10-09,2025-05-24
FRA00485,Telangana,D002,Bhadradri Kothagudem,Manuguru,Anantharam,Claimant_FRA00485,CFR,0.58,Rejected,2024-09-18,2025-03-18
FRA00486,Telangana,D004,Hyderabad,Charminar,Chandrayangutta,Claimant_FRA00486,IFR,3.48,Pending,2023-08-11,
FRA00487,Telangana,D006,Jangaon,Station Ghanpur,Chilpur,Claimant_FRA00487,CFR,4.06,Rejected,2026-09-12,2026-09-14
FRA00488,Telangana,D030,Vikarabad,Tandur,Kotbaspally,Claimant_FRA00488,CFR,7.18,Pending,2024-01-19,
FRA00489,Telangana,D028,Siddipet,Husnabad,Pothireddypet,Claimant_FRA00489,IFR,2.79,Approved,2022-09-10,2025-08-24
FRA00490,Telangana,D027,Sangareddy,Narayankhed,Kondapur,Claimant_FRA00490,IFR,7.06,Approved,2024-08-05,2026-07-11
FRA00491,Telangana,D013,Mahabubabad,Kuravi,Seerole,Claimant_FRA00491,CFR,4.07,Approved,2023-11-18,2026-04-17
FRA00492,Telangana,D019,Nagarkurnool,Amrabad,Mananur,Claimant_FRA00492,IFR,7.57,Rejected,2023-12-19,2025-05-27
FRA00493,Telangana,D030,Vikarabad,Tandur,Kotbaspally,Claimant_FRA00493,IFR,1.24,Approved,2024-12-12,2026-09-14
FRA00494,Telangana,D020,Nalgonda,Devarakonda,Chinthapally,Claimant_FRA00494,CFR,5.34,Pending,2023-03-22,
FRA00495,Telangana,D002,Bhadradri Kothagudem,Bhadrachalam,Nellipaka,Claimant_FRA00495,CFR,5.84,Pending,2026-06-18,
FRA00496,Telangana,D002,Bhadradri Kothagudem,Manuguru,Anantharam,Claimant_FRA00496,IFR,2.88,Rejected,2022-03-22,2024-01-07
FRA00497,Telangana,D006,Jangaon,Station Ghanpur,Chilpur,Claimant_FRA00497,IFR,7.98,Pending,2024-12-06,
FRA00498,Telangana,D027,Sangareddy,Narayankhed,Kondapur,Claimant_FRA00498,CFR,3.0,Rejected,2023-09-12,2023-10-17
FRA00499,Telangana,D001,Adilabad,Narnoor,Kothapalli,Claimant_FRA00499,CFR,3.64,Approved,2026-01-05,2026-09-09
FRA00500,Telangana,D003,Hanumakonda,Dharmanagar,Mustial,Claimant_FRA00500,CFR,5.7,Approved,2026-08-07,2026-09-07
FRA00501,Telangana,D002,Bhadradri Kothagudem,Bhadrachalam,Nellipaka,Claimant_FRA00501,CFR,0.63,Rejected,2025-04-21,2025-08-09
FRA00502,Telangana,D018,Mulugu,Eturunagaram,Katapur,Claimant_FRA00502,CFR,6.11,Approved,2024-12-29,2026-09-10
FRA00503,Telangana,D032,Warangal,Narsampet,Madhira,Claimant_FRA00503,CFR,6.04,Approved,2023-06-01,2024-07-20
FRA00504,Telangana,D013,Mahabubabad,Kuravi,Seerole,Claimant_FRA00504,CFR,6.7,Approved,2021-12-10,2023-10-10
FRA00505,Telangana,D030,Vikarabad,Tandur,Kotbaspally,Claimant_FRA00505,CFR,7.65,Approved,2025-09-24,2026-02-16
FRA00506,Telangana,D026,Rangareddy,Shabad,Kesaram,Claimant_FRA00506,IFR,3.76,Rejected,2024-03-04,2026-03-26
FRA00507,Telangana,D006,Jangaon,Station Ghanpur,Chilpur,Claimant_FRA00507,CFR,7.22,Approved,2024-05-08,2025-04-20
FRA00508,Telangana,D005,Jagtial,Metpally,Vellulla,Claimant_FRA00508,IFR,1.55,Pending,2025-06-22,
FRA00509,Telangana,D018,Mulugu,Eturunagaram,Katapur,Claimant_FRA00509,IFR,3.23,Approved,2022-11-10,2023-10-24
FRA00510,Telangana,D018,Mulugu,Eturunagaram,Katapur,Claimant_FRA00510,CFR,1.86,Approved,2024-07-20,2026-03-12
FRA00511,Telangana,D019,Nagarkurnool,Amrabad,Mananur,Claimant_FRA00511,IFR,6.11,Pending,2022-04-05,
FRA00512,Telangana,D033,Yadadri Bhuvanagiri,Bhongir,Anantharam,Claimant_FRA00512,IFR,7.12,Approved,2022-07-11,2025-10-02
FRA00513,Telangana,D007,Jayashankar Bhupalpally,Chityal,Venkateshwarlapally,Claimant_FRA00513,IFR,7.23,Pending,2022-01-25,
FRA00514,Telangana,D001,Adilabad,Narnoor,Kothapalli,Claimant_FRA00514,IFR,6.17,Approved,2024-12-06,2025-01-13
FRA00515,Telangana,D018,Mulugu,Eturunagaram,Katapur,Claimant_FRA00515,IFR,5.05,Pending,2023-02-24,
FRA00516,Telangana,D005,Jagtial,Korutla,Ailapur,Claimant_FRA00516,IFR,4.04,Approved,2023-07-11,2023-07-17
FRA00517,Telangana,D003,Hanumakonda,Atmakur,Chowdapur,Claimant_FRA00517,IFR,6.97,Rejected,2024-02-23,2026-08-02
FRA00518,Telangana,D032,Warangal,Narsampet,Madhira,Claimant_FRA00518,CFR,1.38,Pending,2025-09-15,
FRA00519,Telangana,D023,Nizamabad,Armoor,Mendora,Claimant_FRA00519,IFR,1.41,Pending,2025-06-13,
FRA00520,Telangana,D006,Jangaon,Station Ghanpur,Chilpur,Claimant_FRA00520,IFR,5.84,Approved,2022-06-18,2023-11-13
FRA00521,Telangana,D006,Jangaon,Station Ghanpur,Chilpur,Claimant_FRA00521,CFR,7.99,Pending,2025-10-30,
FRA00522,Telangana,D027,Sangareddy,Narayankhed,Kondapur,Claimant_FRA00522,IFR,5.99,Pending,2023-04-07,
FRA00523,Telangana,D005,Jagtial,Korutla,Ailapur,Claimant_FRA00523,IFR,7.47,Approved,2022-06-11,2023-02-27
FRA00524,Telangana,D028,Siddipet,Husnabad,Pothireddypet,Claimant_FRA00524,IFR,2.42,Approved,2023-05-18,2025-09-16
FRA00525,Telangana,D033,Yadadri Bhuvanagiri,Bhongir,Anantharam,Claimant_FRA00525,CFR,8.0,Approved,2022-08-29,2024-12-10
FRA00526,Telangana,D003,Hanumakonda,Atmakur,Chowdapur,Claimant_FRA00526,IFR,7.6,Approved,2025-08-04,2026-05-27
FRA00527,Telangana,D001,Adilabad,Boath,Ghanpur,Claimant_FRA00527,CFR,6.77,Approved,2026-04-27,2026-06-07
FRA00528,Telangana,D011,Khammam,Wyra,Gollapadu,Claimant_FRA00528,IFR,1.95,Approved,2023-06-02,2026-02-03
FRA00529,Telangana,D007,Jayashankar Bhupalpally,Regonda,Kannaram,Claimant_FRA00529,IFR,2.5,Rejected,2024-01-05,2024-10-24
FRA00530,Telangana,D002,Bhadradri Kothagudem,Bhadrachalam,Nellipaka,Claimant_FRA00530,IFR,2.39,Pending,2025-07-28,
FRA00531,Telangana,D023,Nizamabad,Armoor,Mendora,Claimant_FRA00531,CFR,6.07,Approved,2025-06-03,2025-06-26
FRA00532,Telangana,D007,Jayashankar Bhupalpally,Regonda,Kannaram,Claimant_FRA00532,IFR,7.06,Approved,2022-11-08,2025-03-19
FRA00533,Telangana,D028,Siddipet,Husnabad,Pothireddypet,Claimant_FRA00533,CFR,3.28,Pending,2026-07-18,
FRA00534,Telangana,D011,Khammam,Wyra,Gollapadu,Claimant_FRA00534,CFR,1.13,Pending,2023-09-02,
FRA00535,Telangana,D004,Hyderabad,Charminar,Chandrayangutta,Claimant_FRA00535,CFR,3.13,Pending,2026-03-10,
FRA00536,Telangana,D032,Warangal,Narsampet,Madhira,Claimant_FRA00536,CFR,6.08,Approved,2023-02-04,2024-06-07
FRA00537,Telangana,D004,Hyderabad,Amberpet,Azampura,Claimant_FRA00537,IFR,0.69,Approved,2024-12-13,2025-09-18
FRA00538,Telangana,D004,Hyderabad,Amberpet,Azampura,Claimant_FRA00538,IFR,2.5,Approved,2025-03-05,2025-04-17
FRA00539,Telangana,D001,Adilabad,Boath,Ghanpur,Claimant_FRA00539,CFR,7.23,Pending,2025-04-30,
FRA00540,Telangana,D001,Adilabad,Boath,Ghanpur,Claimant_FRA00540,CFR,5.03,Approved,2022-05-22,2023-06-20
FRA00541,Telangana,D006,Jangaon,Station Ghanpur,Chilpur,Claimant_FRA00541,CFR,6.76,Approved,2026-03-06,2026-03-18
FRA00542,Telangana,D020,Nalgonda,Devarakonda,Chinthapally,Claimant_FRA00542,CFR,3.91,Approved,2021-10-15,2025-03-31
FRA00543,Telangana,D005,Jagtial,Metpally,Vellulla,Claimant_FRA00543,IFR,4.93,Rejected,2025-05-20,2025-08-19
FRA00544,Telangana,D001,Adilabad,Boath,Ghanpur,Claimant_FRA00544,IFR,6.37,Approved,2023-08-13,2025-03-18
FRA00545,Telangana,D020,Nalgonda,Devarakonda,Chinthapally,Claimant_FRA00545,IFR,7.38,Approved,2026-08-14,2026-09-11
FRA00546,Telangana,D007,Jayashankar Bhupalpally,Regonda,Kannaram,Claimant_FRA00546,CFR,7.12,Approved,2025-06-11,2026-07-12
FRA00547,Telangana,D006,Jangaon,Station Ghanpur,Chilpur,Claimant_FRA00547,IFR,4.48,Approved,2026-05-25,2026-08-29
FRA00548,Telangana,D005,Jagtial,Korutla,Ailapur,Claimant_FRA00548,CFR,4.59,Pending,2022-05-17,
FRA00549,Telangana,D018,Mulugu,Venkatapur,Narsapur,Claimant_FRA00549,CFR,0.74,Rejected,2022-04-05,2023-06-18
FRA00550,Telangana,D020,Nalgonda,Devarakonda,Chinthapally,Claimant_FRA00550,CFR,4.8,Approved,2023-04-10,2023-10-29
FRA00551,Telangana,D020,Nalgonda,Devarakonda,Chinthapally,Claimant_FRA00551,IFR,3.01,Approved,2025-10-29,2026-06-03
FRA00552,Telangana,D007,Jayashankar Bhupalpally,Chityal,Venkateshwarlapally,Claimant_FRA00552,IFR,1.4,Pending,2024-12-30,
FRA00553,Telangana,D007,Jayashankar Bhupalpally,Regonda,Kannaram,Claimant_FRA00553,CFR,5.05,Pending,2026-09-11,
FRA00554,Telangana,D023,Nizamabad,Armoor,Mendora,Claimant_FRA00554,IFR,5.35,Pending,2026-06-27,
FRA00555,Telangana,D013,Mahabubabad,Kuravi,Seerole,Claimant_FRA00555,CFR,2.11,Pending,2024-06-17,
FRA00556,Telangana,D033,Yadadri Bhuvanagiri,Bhongir,Anantharam,Claimant_FRA00556,CFR,4.64,Approved,2024-02-04,2026-05-09
FRA00557,Telangana,D032,Warangal,Narsampet,Madhira,Claimant_FRA00557,CFR,3.76,Rejected,2026-06-25,2026-07-30
FRA00558,Telangana,D004,Hyderabad,Amberpet,Azampura,Claimant_FRA00558,IFR,5.22,Rejected,2025-03-31,2025-09-28
FRA00559,Telangana,D020,Nalgonda,Devarakonda,Chinthapally,Claimant_FRA00559,CFR,1.73,Approved,2023-08-31,2026-06-13
FRA00560,Telangana,D001,Adilabad,Boath,Ghanpur,Claimant_FRA00560,IFR,7.88,Approved,2025-06-28,2025-12-29
FRA00561,Telangana,D013,Mahabubabad,Kuravi,Seerole,Claimant_FRA00561,CFR,6.98,Approved,2026-03-21,2026-08-28
FRA00562,Telangana,D007,Jayashankar Bhupalpally,Chityal,Venkateshwarlapally,Claimant_FRA00562,IFR,0.54,Approved,2026-04-16,2026-04-22
FRA00563,Telangana,D023,Nizamabad,Armoor,Mendora,Claimant_FRA00563,CFR,5.26,Approved,2024-12-31,2025-05-09
FRA00564,Telangana,D001,Adilabad,Narnoor,Kothapalli,Claimant_FRA00564,CFR,5.78,Pending,2025-08-16,
FRA00565,Telangana,D002,Bhadradri Kothagudem,Kothagudem,Regalla,Claimant_FRA00565,CFR,3.3,Pending,2022-03-08,
FRA00566,Telangana,D007,Jayashankar Bhupalpally,Chityal,Venkateshwarlapally,Claimant_FRA00566,IFR,6.63,Pending,2026-02-25,
FRA00567,Telangana,D005,Jagtial,Metpally,Vellulla,Claimant_FRA00567,CFR,5.2,Approved,2024-01-29,2024-10-19
FRA00568,Telangana,D003,Hanumakonda,Atmakur,Chowdapur,Claimant_FRA00568,CFR,5.87,Pending,2025-04-13,
FRA00569,Telangana,D032,Warangal,Narsampet,Madhira,Claimant_FRA00569,CFR,5.33,Rejected,2022-05-17,2023-11-11
FRA00570,Telangana,D028,Siddipet,Husnabad,Pothireddypet,Claimant_FRA00570,CFR,7.97,Approved,2022-09-27,2022-10-24
FRA00571,Telangana,D019,Nagarkurnool,Amrabad,Mananur,Claimant_FRA00571,IFR,2.93,Pending,2024-04-08,
FRA00572,Telangana,D001,Adilabad,Boath,Ghanpur,Claimant_FRA00572,CFR,2.95,Approved,2025-09-02,2026-02-06
FRA00573,Telangana,D033,Yadadri Bhuvanagiri,Bhongir,Anantharam,Claimant_FRA00573,IFR,1.25,Approved,2022-11-23,2025-01-02
FRA00574,Telangana,D001,Adilabad,Utnoor,Devapur,Claimant_FRA00574,IFR,5.93,Approved,2022-01-10,2025-01-23
FRA00575,Telangana,D018,Mulugu,Venkatapur,Narsapur,Claimant_FRA00575,CFR,3.72,Approved,2021-12-25,2023-05-14
FRA00576,Telangana,D028,Siddipet,Husnabad,Pothireddypet,Claimant_FRA00576,CFR,0.95,Approved,2022-08-28,2023-05-16
FRA00577,Telangana,D019,Nagarkurnool,Amrabad,Mananur,Claimant_FRA00577,CFR,7.95,Pending,2026-03-02,
FRA00578,Telangana,D028,Siddipet,Husnabad,Pothireddypet,Claimant_FRA00578,IFR,0.74,Rejected,2022-06-15,2025-07-07
FRA00579,Telangana,D002,Bhadradri Kothagudem,Manuguru,Anantharam,Claimant_FRA00579,IFR,2.01,Approved,2022-05-29,2026-05-26
FRA00580,Telangana,D005,Jagtial,Metpally,Vellulla,Claimant_FRA00580,IFR,1.35,Pending,2024-02-03,
FRA00581,Telangana,D002,Bhadradri Kothagudem,Manuguru,Anantharam,Claimant_FRA00581,CFR,3.9,Approved,2023-01-17,2025-10-17
FRA00582,Telangana,D006,Jangaon,Station Ghanpur,Chilpur,Claimant_FRA00582,CFR,5.53,Approved,2025-12-24,2026-06-22
FRA00583,Telangana,D030,Vikarabad,Tandur,Kotbaspally,Claimant_FRA00583,CFR,5.21,Approved,2026-08-08,2026-08-28
FRA00584,Telangana,D005,Jagtial,Korutla,Ailapur,Claimant_FRA00584,IFR,5.03,Pending,2025-06-11,
FRA00585,Telangana,D030,Vikarabad,Tandur,Kotbaspally,Claimant_FRA00585,IFR,7.04,Approved,2023-03-02,2025-08-08
FRA00586,Telangana,D002,Bhadradri Kothagudem,Bhadrachalam,Nellipaka,Claimant_FRA00586,IFR,4.63,Approved,2023-11-21,2025-08-14
FRA00587,Telangana,D011,Khammam,Wyra,Gollapadu,Claimant_FRA00587,CFR,0.57,Approved,2022-03-18,2025-05-10
FRA00588,Telangana,D032,Warangal,Narsampet,Madhira,Claimant_FRA00588,CFR,1.76,Approved,2023-06-15,2026-05-16
FRA00589,Telangana,D004,Hyderabad,Charminar,Chandrayangutta,Claimant_FRA00589,CFR,3.58,Rejected,2023-11-28,2026-02-17
FRA00590,Telangana,D001,Adilabad,Utnoor,Devapur,Claimant_FRA00590,IFR,7.1,Approved,2022-11-10,2025-03-20
FRA00591,Telangana,D002,Bhadradri Kothagudem,Kothagudem,Regalla,Claimant_FRA00591,CFR,1.29,Rejected,2025-01-30,2025-07-23
FRA00592,Telangana,D007,Jayashankar Bhupalpally,Chityal,Venkateshwarlapally,Claimant_FRA00592,IFR,3.45,Pending,2026-01-08,
FRA00593,Telangana,D033,Yadadri Bhuvanagiri,Bhongir,Anantharam,Claimant_FRA00593,CFR,4.45,Approved,2024-05-25,2025-03-13
FRA00594,Telangana,D020,Nalgonda,Devarakonda,Chinthapally,Claimant_FRA00594,IFR,2.23,Approved,2026-07-23,2026-09-01
FRA00595,Telangana,D032,Warangal,Narsampet,Madhira,Claimant_FRA00595,CFR,4.6,Approved,2025-02-16,2026-09-17
FRA00596,Telangana,D013,Mahabubabad,Kuravi,Seerole,Claimant_FRA00596,CFR,5.12,Approved,2023-11-14,2026-06-23
FRA00597,Telangana,D006,Jangaon,Jangaon,Pasumamula,Claimant_FRA00597,IFR,6.36,Approved,2023-06-09,2023-10-22
FRA00598,Telangana,D011,Khammam,Kothagudem,Seetharampuram,Claimant_FRA00598,CFR,4.78,Approved,2024-03-09,2025-11-25
FRA00599,Telangana,D028,Siddipet,Husnabad,Pothireddypet,Claimant_FRA00599,IFR,1.1,Approved,2025-05-27,2026-04-10
FRA00600,Telangana,D018,Mulugu,Venkatapur,Narsapur,Claimant_FRA00600,CFR,0.9,Rejected,2025-07-02,2025-09-20
FRA00601,Telangana,D001,Adilabad,Boath,Ghanpur,Claimant_FRA00601,CFR,7.94,Pending,2024-08-03,
FRA00602,Telangana,D019,Nagarkurnool,Amrabad,Mananur,Claimant_FRA00602,CFR,1.24,Pending,2025-11-14,
FRA00603,Telangana,D019,Nagarkurnool,Amrabad,Mananur,Claimant_FRA00603,CFR,4.82,Approved,2023-07-11,2025-09-06
FRA00604,Telangana,D006,Jangaon,Station Ghanpur,Chilpur,Claimant_FRA00604,CFR,4.74,Approved,2022-11-26,2026-03-20
FRA00605,Telangana,D007,Jayashankar Bhupalpally,Chityal,Venkateshwarlapally,Claimant_FRA00605,CFR,5.59,Approved,2025-06-20,2026-02-28
FRA00606,Telangana,D005,Jagtial,Korutla,Ailapur,Claimant_FRA00606,CFR,1.31,Pending,2025-07-30,
FRA00607,Telangana,D007,Jayashankar Bhupalpally,Chityal,Venkateshwarlapally,Claimant_FRA00607,CFR,5.13,Approved,2023-01-15,2025-04-19
FRA00608,Telangana,D007,Jayashankar Bhupalpally,Regonda,Kannaram,Claimant_FRA00608,IFR,1.86,Approved,2025-10-30,2026-08-03
FRA00609,Telangana,D033,Yadadri Bhuvanagiri,Bhongir,Anantharam,Claimant_FRA00609,CFR,2.16,Approved,2024-12-25,2026-03-09
FRA00610,Telangana,D002,Bhadradri Kothagudem,Bhadrachalam,Nellipaka,Claimant_FRA00610,CFR,4.59,Rejected,2024-04-15,2026-02-20
FRA00611,Telangana,D005,Jagtial,Metpally,Vellulla,Claimant_FRA00611,CFR,5.1,Approved,2024-08-20,2026-02-10
FRA00612,Telangana,D002,Bhadradri Kothagudem,Bhadrachalam,Nellipaka,Claimant_FRA00612,IFR,1.52,Approved,2021-10-17,2022-12-05
FRA00613,Telangana,D003,Hanumakonda,Dharmanagar,Mustial,Claimant_FRA00613,IFR,3.73,Approved,2024-06-15,2024-11-19
FRA00614,Telangana,D013,Mahabubabad,Bayyaram,Garla,Claimant_FRA00614,IFR,1.58,Rejected,2026-08-29,2026-09-18
FRA00615,Telangana,D023,Nizamabad,Armoor,Mendora,Claimant_FRA00615,CFR,4.57,Approved,2025-10-23,2026-02-02
FRA00616,Telangana,D026,Rangareddy,Shabad,Kesaram,Claimant_FRA00616,IFR,6.9,Approved,2026-07-20,2026-08-02
FRA00617,Telangana,D026,Rangareddy,Shabad,Kesaram,Claimant_FRA00617,IFR,3.05,Approved,2024-12-25,2026-06-12
FRA00618,Telangana,D023,Nizamabad,Armoor,Mendora,Claimant_FRA00618,IFR,4.86,Pending,2024-01-30,
FRA00619,Telangana,D001,Adilabad,Utnoor,Devapur,Claimant_FRA00619,IFR,4.4,Approved,2024-04-21,2026-04-08
FRA00620,Telangana,D013,Mahabubabad,Kuravi,Seerole,Claimant_FRA00620,CFR,3.83,Approved,2025-12-03,2026-08-05
FRA00621,Telangana,D005,Jagtial,Korutla,Ailapur,Claimant_FRA00621,CFR,4.27,Pending,2025-12-26,
FRA00622,Telangana,D002,Bhadradri Kothagudem,Manuguru,Anantharam,Claimant_FRA00622,CFR,6.74,Rejected,2026-04-20,2026-06-04
FRA00623,Telangana,D028,Siddipet,Husnabad,Pothireddypet,Claimant_FRA00623,CFR,2.12,Approved,2024-04-25,2026-05-17
FRA00624,Telangana,D033,Yadadri Bhuvanagiri,Bhongir,Anantharam,Claimant_FRA00624,IFR,1.24,Approved,2023-09-29,2023-10-19
FRA00625,Telangana,D006,Jangaon,Jangaon,Pasumamula,Claimant_FRA00625,CFR,3.28,Pending,2023-07-14,
FRA00626,Telangana,D006,Jangaon,Jangaon,Pasumamula,Claimant_FRA00626,IFR,7.84,Approved,2024-11-22,2026-09-18
FRA00627,Telangana,D006,Jangaon,Station Ghanpur,Chilpur,Claimant_FRA00627,IFR,6.68,Approved,2022-05-23,2024-12-24
FRA00628,Telangana,D033,Yadadri Bhuvanagiri,Bhongir,Anantharam,Claimant_FRA00628,CFR,4.26,Approved,2025-10-11,2026-03-03
FRA00629,Telangana,D004,Hyderabad,Amberpet,Azampura,Claimant_FRA00629,CFR,7.58,Pending,2022-11-06,
FRA00630,Telangana,D018,Mulugu,Eturunagaram,Katapur,Claimant_FRA00630,IFR,0.88,Pending,2025-12-16,
FRA00631,Telangana,D027,Sangareddy,Narayankhed,Kondapur,Claimant_FRA00631,IFR,7.69,Pending,2021-11-30,
FRA00632,Telangana,D004,Hyderabad,Charminar,Chandrayangutta,Claimant_FRA00632,CFR,1.61,Approved,2025-05-02,2025-08-11
FRA00633,Telangana,D011,Khammam,Kothagudem,Seetharampuram,Claimant_FRA00633,IFR,1.32,Approved,2022-08-27,2025-04-03
FRA00634,Telangana,D003,Hanumakonda,Atmakur,Chowdapur,Claimant_FRA00634,IFR,4.13,Approved,2026-06-11,2026-09-14
FRA00635,Telangana,D004,Hyderabad,Charminar,Chandrayangutta,Claimant_FRA00635,CFR,7.9,Approved,2026-08-06,2026-09-06
FRA00636,Telangana,D001,Adilabad,Boath,Ghanpur,Claimant_FRA00636,IFR,6.11,Approved,2024-08-20,2025-02-24
FRA00637,Telangana,D027,Sangareddy,Narayankhed,Kondapur,Claimant_FRA00637,CFR,1.24,Rejected,2021-12-06,2026-03-18
FRA00638,Telangana,D026,Rangareddy,Shabad,Kesaram,Claimant_FRA00638,IFR,1.88,Approved,2025-08-31,2025-09-28
FRA00639,Telangana,D003,Hanumakonda,Atmakur,Chowdapur,Claimant_FRA00639,IFR,2.46,Approved,2023-11-22,2024-01-14
FRA00640,Telangana,D005,Jagtial,Metpally,Vellulla,Claimant_FRA00640,CFR,6.93,Rejected,2025-07-29,2025-08-04
FRA00641,Telangana,D001,Adilabad,Narnoor,Kothapalli,Claimant_FRA00641,IFR,1.82,Approved,2024-01-04,2025-01-16
FRA00642,Telangana,D028,Siddipet,Husnabad,Pothireddypet,Claimant_FRA00642,CFR,7.38,Approved,2025-04-09,2026-09-18
FRA00643,Telangana,D003,Hanumakonda,Dharmanagar,Mustial,Claimant_FRA00643,CFR,3.43,Pending,2023-09-30,
FRA00644,Telangana,D023,Nizamabad,Armoor,Mendora,Claimant_FRA00644,IFR,4.96,Pending,2024-04-15,
FRA00645,Telangana,D002,Bhadradri Kothagudem,Kothagudem,Regalla,Claimant_FRA00645,CFR,1.94,Approved,2023-05-20,2023-11-18
FRA00646,Telangana,D018,Mulugu,Eturunagaram,Katapur,Claimant_FRA00646,IFR,5.82,Pending,2023-05-05,
FRA00647,Telangana,D013,Mahabubabad,Kuravi,Seerole,Claimant_FRA00647,CFR,2.33,Approved,2023-12-20,2025-02-11
FRA00648,Telangana,D011,Khammam,Kothagudem,Seetharampuram,Claimant_FRA00648,IFR,0.9,Approved,2024-01-09,2026-01-03
FRA00649,Telangana,D018,Mulugu,Eturunagaram,Katapur,Claimant_FRA00649,IFR,4.88,Rejected,2024-06-14,2024-10-16
FRA00650,Telangana,D007,Jayashankar Bhupalpally,Regonda,Kannaram,Claimant_FRA00650,CFR,3.67,Rejected,2024-03-28,2024-12-02
FRA00651,Telangana,D002,Bhadradri Kothagudem,Manuguru,Anantharam,Claimant_FRA00651,CFR,7.54,Approved,2022-07-25,2022-09-22
FRA00652,Telangana,D006,Jangaon,Jangaon,Pasumamula,Claimant_FRA00652,IFR,4.12,Approved,2025-07-29,2026-02-13
FRA00653,Telangana,D001,Adilabad,Utnoor,Devapur,Claimant_FRA00653,CFR,5.1,Pending,2024-03-27,
FRA00654,Telangana,D023,Nizamabad,Armoor,Mendora,Claimant_FRA00654,CFR,4.39,Pending,2025-01-17,
FRA00655,Telangana,D002,Bhadradri Kothagudem,Bhadrachalam,Nellipaka,Claimant_FRA00655,IFR,6.42,Pending,2024-03-20,
FRA00656,Telangana,D003,Hanumakonda,Atmakur,Chowdapur,Claimant_FRA00656,CFR,1.33,Approved,2022-04-16,2023-01-03
FRA00657,Telangana,D001,Adilabad,Narnoor,Kothapalli,Claimant_FRA00657,IFR,3.63,Approved,2023-11-17,2026-03-18
FRA00658,Telangana,D018,Mulugu,Eturunagaram,Katapur,Claimant_FRA00658,IFR,5.29,Rejected,2021-11-05,2023-08-12
FRA00659,Telangana,D023,Nizamabad,Armoor,Mendora,Claimant_FRA00659,CFR,3.32,Rejected,2022-07-01,2024-10-22
FRA00660,Telangana,D020,Nalgonda,Devarakonda,Chinthapally,Claimant_FRA00660,CFR,2.42,Approved,2024-11-25,2025-08-29
FRA00661,Telangana,D013,Mahabubabad,Kuravi,Seerole,Claimant_FRA00661,IFR,4.05,Approved,2026-01-12,2026-08-31
FRA00662,Telangana,D011,Khammam,Kothagudem,Seetharampuram,Claimant_FRA00662,CFR,3.48,Pending,2026-01-08,
FRA00663,Telangana,D002,Bhadradri Kothagudem,Kothagudem,Regalla,Claimant_FRA00663,IFR,1.71,Approved,2023-12-15,2025-09-02
FRA00664,Telangana,D002,Bhadradri Kothagudem,Kothagudem,Regalla,Claimant_FRA00664,IFR,2.98,Pending,2024-04-03,
FRA00665,Telangana,D007,Jayashankar Bhupalpally,Regonda,Kannaram,Claimant_FRA00665,IFR,6.4,Pending,2022-06-24,
FRA00666,Telangana,D006,Jangaon,Station Ghanpur,Chilpur,Claimant_FRA00666,IFR,4.37,Approved,2026-06-27,2026-08-05
FRA00667,Telangana,D006,Jangaon,Jangaon,Pasumamula,Claimant_FRA00667,IFR,1.89,Pending,2023-03-01,
FRA00668,Telangana,D011,Khammam,Kothagudem,Seetharampuram,Claimant_FRA00668,IFR,1.09,Approved,2026-07-01,2026-07-01
FRA00669,Telangana,D002,Bhadradri Kothagudem,Manuguru,Anantharam,Claimant_FRA00669,IFR,5.64,Rejected,2024-04-06,2026-06-14
FRA00670,Telangana,D026,Rangareddy,Shabad,Kesaram,Claimant_FRA00670,CFR,0.73,Pending,2023-10-30,
FRA00671,Telangana,D007,Jayashankar Bhupalpally,Regonda,Kannaram,Claimant_FRA00671,CFR,2.49,Approved,2023-07-17,2024-12-05
FRA00672,Telangana,D011,Khammam,Wyra,Gollapadu,Claimant_FRA00672,IFR,4.81,Approved,2025-12-23,2026-04-11
FRA00673,Telangana,D005,Jagtial,Metpally,Vellulla,Claimant_FRA00673,CFR,6.85,Rejected,2024-12-15,2026-01-13
FRA00674,Telangana,D033,Yadadri Bhuvanagiri,Bhongir,Anantharam,Claimant_FRA00674,IFR,3.37,Approved,2025-03-25,2026-05-10
FRA00675,Telangana,D004,Hyderabad,Amberpet,Azampura,Claimant_FRA00675,CFR,7.77,Approved,2026-05-26,2026-09-12
FRA00676,Telangana,D033,Yadadri Bhuvanagiri,Bhongir,Anantharam,Claimant_FRA00676,CFR,3.14,Pending,2026-06-28,
FRA00677,Telangana,D005,Jagtial,Metpally,Vellulla,Claimant_FRA00677,CFR,1.39,Rejected,2021-12-08,2022-06-01
FRA00678,Telangana,D027,Sangareddy,Narayankhed,Kondapur,Claimant_FRA00678,IFR,6.27,Pending,2026-04-07,
FRA00679,Telangana,D006,Jangaon,Jangaon,Pasumamula,Claimant_FRA00679,IFR,6.62,Rejected,2026-08-04,2026-08-12
FRA00680,Telangana,D011,Khammam,Kothagudem,Seetharampuram,Claimant_FRA00680,IFR,4.17,Pending,2024-02-01,
FRA00681,Telangana,D007,Jayashankar Bhupalpally,Regonda,Kannaram,Claimant_FRA00681,CFR,7.05,Pending,2024-03-27,
FRA00682,Telangana,D019,Nagarkurnool,Amrabad,Mananur,Claimant_FRA00682,IFR,6.22,Pending,2024-01-06,
FRA00683,Telangana,D011,Khammam,Wyra,Gollapadu,Claimant_FRA00683,IFR,7.66,Approved,2025-12-13,2026-03-15
FRA00684,Telangana,D002,Bhadradri Kothagudem,Manuguru,Anantharam,Claimant_FRA00684,IFR,6.66,Approved,2022-02-14,2023-04-26
FRA00685,Telangana,D007,Jayashankar Bhupalpally,Regonda,Kannaram,Claimant_FRA00685,IFR,6.17,Pending,2023-03-20,
FRA00686,Telangana,D013,Mahabubabad,Bayyaram,Garla,Claimant_FRA00686,IFR,5.93,Rejected,2022-01-06,2025-04-05
FRA00687,Telangana,D007,Jayashankar Bhupalpally,Chityal,Venkateshwarlapally,Claimant_FRA00687,IFR,6.39,Pending,2025-06-07,
FRA00688,Telangana,D005,Jagtial,Metpally,Vellulla,Claimant_FRA00688,CFR,2.97,Rejected,2024-09-06,2026-06-17
FRA00689,Telangana,D020,Nalgonda,Devarakonda,Chinthapally,Claimant_FRA00689,CFR,2.74,Approved,2025-07-11,2025-08-31
FRA00690,Telangana,D001,Adilabad,Boath,Ghanpur,Claimant_FRA00690,CFR,7.24,Approved,2026-05-04,2026-09-03
FRA00691,Telangana,D002,Bhadradri Kothagudem,Bhadrachalam,Nellipaka,Claimant_FRA00691,IFR,4.2,Approved,2023-04-02,2023-07-28
FRA00692,Telangana,D033,Yadadri Bhuvanagiri,Bhongir,Anantharam,Claimant_FRA00692,IFR,1.59,Approved,2025-12-19,2026-07-18
FRA00693,Telangana,D011,Khammam,Wyra,Gollapadu,Claimant_FRA00693,IFR,6.3,Pending,2023-02-08,
FRA00694,Telangana,D013,Mahabubabad,Kuravi,Seerole,Claimant_FRA00694,CFR,3.35,Pending,2023-09-12,
FRA00695,Telangana,D030,Vikarabad,Tandur,Kotbaspally,Claimant_FRA00695,IFR,7.27,Approved,2023-06-27,2023-11-19
FRA00696,Telangana,D019,Nagarkurnool,Amrabad,Mananur,Claimant_FRA00696,CFR,3.75,Pending,2022-10-20,
FRA00697,Telangana,D020,Nalgonda,Devarakonda,Chinthapally,Claimant_FRA00697,IFR,4.99,Pending,2025-09-22,
FRA00698,Telangana,D023,Nizamabad,Armoor,Mendora,Claimant_FRA00698,CFR,0.96,Approved,2024-12-09,2026-03-04
FRA00699,Telangana,D033,Yadadri Bhuvanagiri,Bhongir,Anantharam,Claimant_FRA00699,IFR,1.34,Rejected,2024-01-29,2025-04-12
FRA00700,Telangana,D028,Siddipet,Husnabad,Pothireddypet,Claimant_FRA00700,IFR,1.67,Approved,2022-01-13,2022-07-09
FRA00701,Telangana,D018,Mulugu,Eturunagaram,Katapur,Claimant_FRA00701,IFR,1.56,Approved,2022-06-10,2022-11-01
FRA00702,Telangana,D004,Hyderabad,Charminar,Chandrayangutta,Claimant_FRA00702,CFR,7.63,Approved,2023-12-27,2026-03-25
FRA00703,Telangana,D019,Nagarkurnool,Amrabad,Mananur,Claimant_FRA00703,CFR,4.54,Approved,2024-11-23,2025-05-30
FRA00704,Telangana,D005,Jagtial,Metpally,Vellulla,Claimant_FRA00704,IFR,4.7,Approved,2023-08-31,2025-06-22
FRA00705,Telangana,D006,Jangaon,Station Ghanpur,Chilpur,Claimant_FRA00705,CFR,4.8,Pending,2022-05-19,
FRA00706,Telangana,D002,Bhadradri Kothagudem,Bhadrachalam,Nellipaka,Claimant_FRA00706,CFR,2.56,Approved,2026-07-19,2026-08-08
FRA00707,Telangana,D006,Jangaon,Station Ghanpur,Chilpur,Claimant_FRA00707,CFR,1.35,Pending,2023-02-05,
FRA00708,Telangana,D005,Jagtial,Korutla,Ailapur,Claimant_FRA00708,IFR,7.83,Pending,2025-01-29,
FRA00709,Telangana,D011,Khammam,Wyra,Gollapadu,Claimant_FRA00709,IFR,4.85,Pending,2022-05-24,
FRA00710,Telangana,D013,Mahabubabad,Bayyaram,Garla,Claimant_FRA00710,CFR,2.68,Approved,2022-03-07,2022-06-18
FRA00711,Telangana,D011,Khammam,Wyra,Gollapadu,Claimant_FRA00711,CFR,5.23,Approved,2022-04-24,2023-03-17
FRA00712,Telangana,D004,Hyderabad,Charminar,Chandrayangutta,Claimant_FRA00712,CFR,3.5,Approved,2026-08-26,2026-09-18
FRA00713,Telangana,D013,Mahabubabad,Bayyaram,Garla,Claimant_FRA00713,IFR,6.23,Approved,2025-12-07,2026-03-01
FRA00714,Telangana,D030,Vikarabad,Tandur,Kotbaspally,Claimant_FRA00714,CFR,7.4,Approved,2024-03-12,2024-07-11
FRA00715,Telangana,D002,Bhadradri Kothagudem,Manuguru,Anantharam,Claimant_FRA00715,IFR,4.63,Approved,2024-12-28,2025-01-17
FRA00716,Telangana,D018,Mulugu,Venkatapur,Narsapur,Claimant_FRA00716,CFR,2.37,Approved,2025-11-30,2026-07-01
FRA00717,Telangana,D013,Mahabubabad,Bayyaram,Garla,Claimant_FRA00717,CFR,3.75,Rejected,2026-03-30,2026-07-27
FRA00718,Telangana,D018,Mulugu,Venkatapur,Narsapur,Claimant_FRA00718,CFR,7.16,Pending,2025-06-02,
FRA00719,Telangana,D027,Sangareddy,Narayankhed,Kondapur,Claimant_FRA00719,CFR,4.6,Pending,2026-07-15,
FRA00720,Telangana,D013,Mahabubabad,Bayyaram,Garla,Claimant_FRA00720,CFR,7.88,Approved,2022-08-10,2025-02-09
FRA00721,Telangana,D003,Hanumakonda,Atmakur,Chowdapur,Claimant_FRA00721,IFR,5.58,Pending,2026-01-09,
FRA00722,Telangana,D020,Nalgonda,Devarakonda,Chinthapally,Claimant_FRA00722,CFR,3.9,Approved,2025-03-14,2025-10-17
FRA00723,Telangana,D005,Jagtial,Metpally,Vellulla,Claimant_FRA00723,CFR,0.72,Approved,2025-01-14,2026-02-16
FRA00724,Telangana,D027,Sangareddy,Narayankhed,Kondapur,Claimant_FRA00724,IFR,6.56,Pending,2025-01-25,
FRA00725,Telangana,D001,Adilabad,Utnoor,Devapur,Claimant_FRA00725,CFR,4.69,Rejected,2024-10-06,2026-09-11
FRA00726,Telangana,D018,Mulugu,Eturunagaram,Katapur,Claimant_FRA00726,CFR,7.75,Pending,2025-06-27,
FRA00727,Telangana,D002,Bhadradri Kothagudem,Bhadrachalam,Nellipaka,Claimant_FRA00727,IFR,5.35,Approved,2021-11-02,2023-09-20
FRA00728,Telangana,D004,Hyderabad,Charminar,Chandrayangutta,Claimant_FRA00728,CFR,4.12,Approved,2023-07-24,2026-04-14
FRA00729,Telangana,D004,Hyderabad,Charminar,Chandrayangutta,Claimant_FRA00729,IFR,6.67,Approved,2024-09-14,2026-06-11
FRA00730,Telangana,D001,Adilabad,Boath,Ghanpur,Claimant_FRA00730,IFR,0.94,Rejected,2023-03-22,2024-05-19
FRA00731,Telangana,D030,Vikarabad,Tandur,Kotbaspally,Claimant_FRA00731,CFR,4.83,Rejected,2021-10-15,2022-04-05
FRA00732,Telangana,D013,Mahabubabad,Bayyaram,Garla,Claimant_FRA00732,CFR,1.86,Rejected,2026-06-08,2026-09-03
FRA00733,Telangana,D003,Hanumakonda,Atmakur,Chowdapur,Claimant_FRA00733,CFR,3.17,Approved,2022-08-26,2022-11-12
FRA00734,Telangana,D007,Jayashankar Bhupalpally,Regonda,Kannaram,Claimant_FRA00734,IFR,5.03,Approved,2023-01-21,2025-08-17
FRA00735,Telangana,D002,Bhadradri Kothagudem,Kothagudem,Regalla,Claimant_FRA00735,IFR,2.2,Rejected,2022-07-28,2023-08-09
FRA00736,Telangana,D002,Bhadradri Kothagudem,Manuguru,Anantharam,Claimant_FRA00736,CFR,6.75,Approved,2022-10-30,2024-05-11
FRA00737,Telangana,D002,Bhadradri Kothagudem,Manuguru,Anantharam,Claimant_FRA00737,CFR,2.49,Approved,2024-04-29,2026-07-05
FRA00738,Telangana,D003,Hanumakonda,Atmakur,Chowdapur,Claimant_FRA00738,CFR,6.72,Pending,2026-03-18,
FRA00739,Telangana,D033,Yadadri Bhuvanagiri,Bhongir,Anantharam,Claimant_FRA00739,CFR,2.38,Approved,2025-11-12,2026-08-04
FRA00740,Telangana,D007,Jayashankar Bhupalpally,Regonda,Kannaram,Claimant_FRA00740,IFR,5.09,Approved,2022-07-20,2025-04-20
FRA00741,Telangana,D026,Rangareddy,Shabad,Kesaram,Claimant_FRA00741,CFR,7.62,Approved,2026-07-14,2026-09-15
FRA00742,Telangana,D028,Siddipet,Husnabad,Pothireddypet,Claimant_FRA00742,CFR,7.78,Pending,2022-03-23,
FRA00743,Telangana,D007,Jayashankar Bhupalpally,Chityal,Venkateshwarlapally,Claimant_FRA00743,CFR,5.92,Approved,2024-09-19,2025-03-08
FRA00744,Telangana,D003,Hanumakonda,Atmakur,Chowdapur,Claimant_FRA00744,IFR,6.24,Approved,2023-02-06,2025-05-30
FRA00745,Telangana,D013,Mahabubabad,Kuravi,Seerole,Claimant_FRA00745,CFR,1.48,Approved,2026-01-18,2026-08-28
FRA00746,Telangana,D004,Hyderabad,Charminar,Chandrayangutta,Claimant_FRA00746,CFR,3.29,Pending,2026-03-26,
FRA00747,Telangana,D001,Adilabad,Narnoor,Kothapalli,Claimant_FRA00747,CFR,1.9,Approved,2023-05-10,2026-01-26
FRA00748,Telangana,D013,Mahabubabad,Kuravi,Seerole,Claimant_FRA00748,CFR,3.49,Approved,2024-06-30,2025-04-20
FRA00749,Telangana,D002,Bhadradri Kothagudem,Kothagudem,Regalla,Claimant_FRA00749,CFR,7.75,Approved,2022-03-24,2024-10-27
FRA00750,Telangana,D013,Mahabubabad,Bayyaram,Garla,Claimant_FRA00750,IFR,5.98,Pending,2025-08-24,
FRA00751,Telangana,D004,Hyderabad,Charminar,Chandrayangutta,Claimant_FRA00751,CFR,2.37,Pending,2022-03-19,
FRA00752,Telangana,D027,Sangareddy,Narayankhed,Kondapur,Claimant_FRA00752,CFR,4.17,Approved,2025-07-10,2026-05-10
FRA00753,Telangana,D001,Adilabad,Utnoor,Devapur,Claimant_FRA00753,IFR,7.89,Approved,2024-12-09,2025-03-19
FRA00754,Telangana,D023,Nizamabad,Armoor,Mendora,Claimant_FRA00754,CFR,3.57,Approved,2024-11-15,2025-12-04
FRA00755,Telangana,D003,Hanumakonda,Atmakur,Chowdapur,Claimant_FRA00755,IFR,5.64,Rejected,2022-01-04,2026-02-14
FRA00756,Telangana,D001,Adilabad,Utnoor,Devapur,Claimant_FRA00756,IFR,3.71,Pending,2024-03-21,
FRA00757,Telangana,D003,Hanumakonda,Atmakur,Chowdapur,Claimant_FRA00757,CFR,0.62,Approved,2025-12-11,2026-06-30
FRA00758,Telangana,D003,Hanumakonda,Dharmanagar,Mustial,Claimant_FRA00758,IFR,7.57,Approved,2025-04-25,2026-08-28
FRA00759,Telangana,D002,Bhadradri Kothagudem,Manuguru,Anantharam,Claimant_FRA00759,CFR,4.2,Approved,2022-04-23,2025-04-04
FRA00760,Telangana,D002,Bhadradri Kothagudem,Manuguru,Anantharam,Claimant_FRA00760,IFR,4.81,Pending,2023-06-14,
FRA00761,Telangana,D007,Jayashankar Bhupalpally,Regonda,Kannaram,Claimant_FRA00761,CFR,3.97,Rejected,2025-10-06,2026-03-20
FRA00762,Telangana,D007,Jayashankar Bhupalpally,Regonda,Kannaram,Claimant_FRA00762,CFR,7.89,Approved,2022-12-08,2024-01-18
FRA00763,Telangana,D006,Jangaon,Station Ghanpur,Chilpur,Claimant_FRA00763,IFR,4.27,Pending,2026-08-01,
FRA00764,Telangana,D005,Jagtial,Metpally,Vellulla,Claimant_FRA00764,CFR,3.27,Approved,2022-05-06,2023-10-17
FRA00765,Telangana,D004,Hyderabad,Amberpet,Azampura,Claimant_FRA00765,CFR,0.61,Approved,2022-09-22,2023-04-20
FRA00766,Telangana,D013,Mahabubabad,Kuravi,Seerole,Claimant_FRA00766,IFR,2.45,Approved,2025-10-31,2026-05-12
FRA00767,Telangana,D011,Khammam,Kothagudem,Seetharampuram,Claimant_FRA00767,IFR,5.51,Approved,2022-04-13,2022-09-07
FRA00768,Telangana,D020,Nalgonda,Devarakonda,Chinthapally,Claimant_FRA00768,CFR,7.67,Rejected,2023-12-11,2025-11-05
FRA00769,Telangana,D023,Nizamabad,Armoor,Mendora,Claimant_FRA00769,IFR,0.72,Approved,2023-07-07,2024-01-02
FRA00770,Telangana,D005,Jagtial,Metpally,Vellulla,Claimant_FRA00770,CFR,5.39,Pending,2024-04-10,
FRA00771,Telangana,D005,Jagtial,Metpally,Vellulla,Claimant_FRA00771,IFR,0.78,Rejected,2024-11-19,2026-01-05
FRA00772,Telangana,D006,Jangaon,Station Ghanpur,Chilpur,Claimant_FRA00772,CFR,2.61,Pending,2022-02-08,
FRA00773,Telangana,D003,Hanumakonda,Atmakur,Chowdapur,Claimant_FRA00773,CFR,2.36,Approved,2025-12-18,2026-07-14
FRA00774,Telangana,D004,Hyderabad,Amberpet,Azampura,Claimant_FRA00774,IFR,6.87,Rejected,2023-05-06,2024-06-02
FRA00775,Telangana,D007,Jayashankar Bhupalpally,Chityal,Venkateshwarlapally,Claimant_FRA00775,CFR,2.05,Approved,2024-11-07,2024-11-20
FRA00776,Telangana,D007,Jayashankar Bhupalpally,Regonda,Kannaram,Claimant_FRA00776,CFR,7.75,Rejected,2024-12-23,2025-01-17
FRA00777,Telangana,D001,Adilabad,Utnoor,Devapur,Claimant_FRA00777,CFR,5.37,Pending,2022-08-08,
FRA00778,Telangana,D023,Nizamabad,Armoor,Mendora,Claimant_FRA00778,IFR,6.75,Approved,2026-02-15,2026-03-26
FRA00779,Telangana,D033,Yadadri Bhuvanagiri,Bhongir,Anantharam,Claimant_FRA00779,CFR,5.67,Rejected,2024-04-15,2024-07-08
FRA00780,Telangana,D013,Mahabubabad,Kuravi,Seerole,Claimant_FRA00780,IFR,7.27,Pending,2023-05-18,
FRA00781,Telangana,D005,Jagtial,Korutla,Ailapur,Claimant_FRA00781,IFR,5.68,Pending,2023-10-29,
FRA00782,Telangana,D007,Jayashankar Bhupalpally,Chityal,Venkateshwarlapally,Claimant_FRA00782,IFR,5.61,Approved,2022-04-17,2024-03-06
FRA00783,Telangana,D007,Jayashankar Bhupalpally,Regonda,Kannaram,Claimant_FRA00783,IFR,0.77,Pending,2025-04-06,
FRA00784,Telangana,D003,Hanumakonda,Dharmanagar,Mustial,Claimant_FRA00784,IFR,1.35,Pending,2024-11-30,
FRA00785,Telangana,D005,Jagtial,Metpally,Vellulla,Claimant_FRA00785,IFR,2.71,Approved,2025-05-31,2025-10-25
FRA00786,Telangana,D001,Adilabad,Narnoor,Kothapalli,Claimant_FRA00786,CFR,4.3,Approved,2025-07-16,2025-09-14
FRA00787,Telangana,D026,Rangareddy,Shabad,Kesaram,Claimant_FRA00787,IFR,6.17,Pending,2026-02-25,
FRA00788,Telangana,D003,Hanumakonda,Atmakur,Chowdapur,Claimant_FRA00788,IFR,2.82,Approved,2026-02-12,2026-08-30
FRA00789,Telangana,D007,Jayashankar Bhupalpally,Regonda,Kannaram,Claimant_FRA00789,CFR,3.3,Rejected,2022-11-22,2025-07-03
FRA00790,Telangana,D007,Jayashankar Bhupalpally,Regonda,Kannaram,Claimant_FRA00790,CFR,4.5,Approved,2025-05-12,2025-09-17
FRA00791,Telangana,D004,Hyderabad,Amberpet,Azampura,Claimant_FRA00791,CFR,1.42,Pending,2026-07-08,
FRA00792,Telangana,D004,Hyderabad,Charminar,Chandrayangutta,Claimant_FRA00792,IFR,4.84,Approved,2022-02-22,2026-09-14
FRA00793,Telangana,D001,Adilabad,Narnoor,Kothapalli,Claimant_FRA00793,CFR,5.38,Pending,2022-03-25,
FRA00794,Telangana,D004,Hyderabad,Amberpet,Azampura,Claimant_FRA00794,CFR,0.78,Approved,2025-03-21,2026-03-04
FRA00795,Telangana,D011,Khammam,Kothagudem,Seetharampuram,Claimant_FRA00795,CFR,2.32,Approved,2023-08-23,2025-01-25
FRA00796,Telangana,D006,Jangaon,Station Ghanpur,Chilpur,Claimant_FRA00796,IFR,3.88,Pending,2024-03-28,
FRA00797,Telangana,D026,Rangareddy,Shabad,Kesaram,Claimant_FRA00797,IFR,4.57,Approved,2026-07-24,2026-07-31
FRA00798,Telangana,D007,Jayashankar Bhupalpally,Chityal,Venkateshwarlapally,Claimant_FRA00798,IFR,5.23,Pending,2023-04-04,
FRA00799,Telangana,D019,Nagarkurnool,Amrabad,Mananur,Claimant_FRA00799,IFR,4.98,Approved,2022-10-13,2024-09-07
FRA00800,Telangana,D011,Khammam,Wyra,Gollapadu,Claimant_FRA00800,IFR,4.24,Approved,2023-03-23,2025-11-24
FRA00801,Telangana,D002,Bhadradri Kothagudem,Kothagudem,Regalla,Claimant_FRA00801,IFR,5.32,Approved,2023-07-18,2026-04-29
FRA00802,Telangana,D002,Bhadradri Kothagudem,Manuguru,Anantharam,Claimant_FRA00802,CFR,1.13,Pending,2026-01-01,
FRA00803,Telangana,D020,Nalgonda,Devarakonda,Chinthapally,Claimant_FRA00803,CFR,0.92,Approved,2022-12-09,2023-01-05
FRA00804,Telangana,D002,Bhadradri Kothagudem,Kothagudem,Regalla,Claimant_FRA00804,CFR,3.17,Approved,2023-08-13,2024-10-13
FRA00805,Telangana,D001,Adilabad,Utnoor,Devapur,Claimant_FRA00805,CFR,2.14,Pending,2022-02-04,
FRA00806,Telangana,D023,Nizamabad,Armoor,Mendora,Claimant_FRA00806,IFR,6.16,Approved,2025-01-03,2025-02-10
FRA00807,Telangana,D007,Jayashankar Bhupalpally,Chityal,Venkateshwarlapally,Claimant_FRA00807,IFR,1.05,Pending,2025-09-06,
FRA00808,Telangana,D002,Bhadradri Kothagudem,Manuguru,Anantharam,Claimant_FRA00808,IFR,4.53,Approved,2023-01-06,2026-01-16
FRA00809,Telangana,D004,Hyderabad,Charminar,Chandrayangutta,Claimant_FRA00809,CFR,4.33,Pending,2023-06-18,
FRA00810,Telangana,D001,Adilabad,Utnoor,Devapur,Claimant_FRA00810,IFR,1.11,Pending,2022-03-17,
FRA00811,Telangana,D007,Jayashankar Bhupalpally,Chityal,Venkateshwarlapally,Claimant_FRA00811,IFR,4.32,Approved,2022-09-16,2023-12-12
FRA00812,Telangana,D011,Khammam,Kothagudem,Seetharampuram,Claimant_FRA00812,CFR,2.55,Pending,2025-10-13,
FRA00813,Telangana,D004,Hyderabad,Amberpet,Azampura,Claimant_FRA00813,CFR,1.1,Pending,2022-08-14,
FRA00814,Telangana,D011,Khammam,Kothagudem,Seetharampuram,Claimant_FRA00814,IFR,5.16,Approved,2024-10-19,2026-07-10
FRA00815,Telangana,D007,Jayashankar Bhupalpally,Chityal,Venkateshwarlapally,Claimant_FRA00815,CFR,7.69,Pending,2025-03-18,
FRA00816,Telangana,D019,Nagarkurnool,Amrabad,Mananur,Claimant_FRA00816,CFR,7.78,Approved,2024-08-10,2025-01-28
FRA00817,Telangana,D023,Nizamabad,Armoor,Mendora,Claimant_FRA00817,CFR,4.03,Approved,2023-05-27,2026-02-02
FRA00818,Telangana,D004,Hyderabad,Amberpet,Azampura,Claimant_FRA00818,IFR,6.48,Pending,2023-09-29,
FRA00819,Telangana,D001,Adilabad,Narnoor,Kothapalli,Claimant_FRA00819,IFR,3.84,Approved,2026-04-20,2026-08-07
FRA00820,Telangana,D027,Sangareddy,Narayankhed,Kondapur,Claimant_FRA00820,CFR,1.18,Approved,2025-09-09,2026-02-14
FRA00821,Telangana,D018,Mulugu,Venkatapur,Narsapur,Claimant_FRA00821,CFR,2.91,Pending,2024-04-15,
FRA00822,Telangana,D003,Hanumakonda,Atmakur,Chowdapur,Claimant_FRA00822,CFR,2.67,Rejected,2023-11-06,2025-08-17
FRA00823,Telangana,D002,Bhadradri Kothagudem,Manuguru,Anantharam,Claimant_FRA00823,CFR,5.91,Pending,2025-07-05,
FRA00824,Telangana,D007,Jayashankar Bhupalpally,Regonda,Kannaram,Claimant_FRA00824,CFR,5.91,Rejected,2022-09-16,2023-08-05
FRA00825,Telangana,D004,Hyderabad,Amberpet,Azampura,Claimant_FRA00825,IFR,5.2,Pending,2022-12-07,
FRA00826,Telangana,D018,Mulugu,Eturunagaram,Katapur,Claimant_FRA00826,IFR,2.16,Approved,2023-10-20,2025-02-09
FRA00827,Telangana,D030,Vikarabad,Tandur,Kotbaspally,Claimant_FRA00827,CFR,4.6,Approved,2026-06-21,2026-07-10
FRA00828,Telangana,D026,Rangareddy,Shabad,Kesaram,Claimant_FRA00828,CFR,7.42,Approved,2024-10-17,2025-04-15
FRA00829,Telangana,D004,Hyderabad,Amberpet,Azampura,Claimant_FRA00829,IFR,4.52,Approved,2024-08-11,2024-09-19
FRA00830,Telangana,D006,Jangaon,Station Ghanpur,Chilpur,Claimant_FRA00830,CFR,5.43,Rejected,2026-08-17,2026-09-01
FRA00831,Telangana,D006,Jangaon,Station Ghanpur,Chilpur,Claimant_FRA00831,CFR,2.93,Approved,2024-11-29,2025-12-04
FRA00832,Telangana,D001,Adilabad,Narnoor,Kothapalli,Claimant_FRA00832,IFR,0.97,Pending,2022-06-09,
FRA00833,Telangana,D013,Mahabubabad,Kuravi,Seerole,Claimant_FRA00833,CFR,0.53,Approved,2025-06-07,2025-07-13
FRA00834,Telangana,D007,Jayashankar Bhupalpally,Regonda,Kannaram,Claimant_FRA00834,IFR,6.44,Approved,2021-12-04,2022-01-12
FRA00835,Telangana,D032,Warangal,Narsampet,Madhira,Claimant_FRA00835,CFR,4.15,Approved,2024-12-09,2025-04-18
FRA00836,Telangana,D028,Siddipet,Husnabad,Pothireddypet,Claimant_FRA00836,CFR,6.18,Approved,2022-02-04,2023-02-04
FRA00837,Telangana,D007,Jayashankar Bhupalpally,Chityal,Venkateshwarlapally,Claimant_FRA00837,IFR,4.24,Rejected,2022-11-04,2025-06-06
FRA00838,Telangana,D006,Jangaon,Station Ghanpur,Chilpur,Claimant_FRA00838,CFR,1.03,Rejected,2023-03-12,2025-12-15
FRA00839,Telangana,D028,Siddipet,Husnabad,Pothireddypet,Claimant_FRA00839,IFR,6.47,Pending,2023-05-13,
FRA00840,Telangana,D011,Khammam,Kothagudem,Seetharampuram,Claimant_FRA00840,IFR,2.99,Approved,2025-06-30,2025-11-20
FRA00841,Telangana,D027,Sangareddy,Narayankhed,Kondapur,Claimant_FRA00841,CFR,6.57,Pending,2023-03-31,
FRA00842,Telangana,D018,Mulugu,Eturunagaram,Katapur,Claimant_FRA00842,CFR,0.95,Approved,2021-10-16,2023-10-30
FRA00843,Telangana,D006,Jangaon,Station Ghanpur,Chilpur,Claimant_FRA00843,IFR,6.88,Pending,2026-09-04,
FRA00844,Telangana,D033,Yadadri Bhuvanagiri,Bhongir,Anantharam,Claimant_FRA00844,CFR,0.81,Approved,2021-11-26,2026-08-06
FRA00845,Telangana,D002,Bhadradri Kothagudem,Kothagudem,Regalla,Claimant_FRA00845,CFR,6.41,Pending,2022-07-04,
FRA00846,Telangana,D030,Vikarabad,Tandur,Kotbaspally,Claimant_FRA00846,CFR,6.8,Approved,2026-07-15,2026-09-04
FRA00847,Telangana,D006,Jangaon,Station Ghanpur,Chilpur,Claimant_FRA00847,CFR,5.06,Approved,2022-12-14,2023-10-10
FRA00848,Telangana,D001,Adilabad,Boath,Ghanpur,Claimant_FRA00848,IFR,4.33,Approved,2022-09-21,2023-02-01
FRA00849,Telangana,D003,Hanumakonda,Dharmanagar,Mustial,Claimant_FRA00849,CFR,5.82,Approved,2025-07-11,2026-02-10
FRA00850,Telangana,D007,Jayashankar Bhupalpally,Regonda,Kannaram,Claimant_FRA00850,CFR,4.14,Pending,2024-07-15,
FRA00851,Telangana,D032,Warangal,Narsampet,Madhira,Claimant_FRA00851,CFR,7.06,Pending,2022-02-07,
FRA00852,Telangana,D032,Warangal,Narsampet,Madhira,Claimant_FRA00852,IFR,7.25,Approved,2023-01-11,2025-03-31
FRA00853,Telangana,D011,Khammam,Kothagudem,Seetharampuram,Claimant_FRA00853,IFR,5.73,Approved,2023-07-03,2024-07-17
FRA00854,Telangana,D026,Rangareddy,Shabad,Kesaram,Claimant_FRA00854,CFR,6.73,Pending,2025-03-20,
FRA00855,Telangana,D005,Jagtial,Korutla,Ailapur,Claimant_FRA00855,CFR,5.5,Pending,2026-05-02,
FRA00856,Telangana,D001,Adilabad,Boath,Ghanpur,Claimant_FRA00856,IFR,7.38,Pending,2022-12-11,
FRA00857,Telangana,D002,Bhadradri Kothagudem,Bhadrachalam,Nellipaka,Claimant_FRA00857,CFR,6.62,Approved,2021-12-27,2026-07-27
FRA00858,Telangana,D020,Nalgonda,Devarakonda,Chinthapally,Claimant_FRA00858,IFR,6.96,Approved,2024-01-11,2024-09-20
FRA00859,Telangana,D002,Bhadradri Kothagudem,Manuguru,Anantharam,Claimant_FRA00859,CFR,7.56,Pending,2022-06-25,
FRA00860,Telangana,D007,Jayashankar Bhupalpally,Chityal,Venkateshwarlapally,Claimant_FRA00860,CFR,4.18,Approved,2023-02-24,2023-11-20
FRA00861,Telangana,D011,Khammam,Wyra,Gollapadu,Claimant_FRA00861,IFR,4.06,Approved,2022-02-22,2022-05-01
FRA00862,Telangana,D006,Jangaon,Jangaon,Pasumamula,Claimant_FRA00862,CFR,3.26,Approved,2025-06-01,2026-02-15
FRA00863,Telangana,D006,Jangaon,Station Ghanpur,Chilpur,Claimant_FRA00863,CFR,2.8,Pending,2026-08-14,
FRA00864,Telangana,D018,Mulugu,Venkatapur,Narsapur,Claimant_FRA00864,CFR,3.75,Pending,2024-06-12,
FRA00865,Telangana,D006,Jangaon,Jangaon,Pasumamula,Claimant_FRA00865,CFR,4.1,Approved,2024-05-01,2025-12-27
FRA00866,Telangana,D013,Mahabubabad,Bayyaram,Garla,Claimant_FRA00866,IFR,2.54,Approved,2023-03-16,2026-05-11
FRA00867,Telangana,D019,Nagarkurnool,Amrabad,Mananur,Claimant_FRA00867,IFR,7.15,Rejected,2022-07-15,2023-07-27
FRA00868,Telangana,D028,Siddipet,Husnabad,Pothireddypet,Claimant_FRA00868,CFR,1.61,Pending,2025-07-30,
FRA00869,Telangana,D006,Jangaon,Station Ghanpur,Chilpur,Claimant_FRA00869,IFR,5.74,Pending,2024-02-22,
FRA00870,Telangana,D007,Jayashankar Bhupalpally,Chityal,Venkateshwarlapally,Claimant_FRA00870,CFR,1.33,Rejected,2024-05-26,2026-05-04
FRA00871,Telangana,D003,Hanumakonda,Atmakur,Chowdapur,Claimant_FRA00871,IFR,4.3,Pending,2024-03-26,
FRA00872,Telangana,D004,Hyderabad,Charminar,Chandrayangutta,Claimant_FRA00872,CFR,3.77,Approved,2022-06-14,2026-02-09
FRA00873,Telangana,D028,Siddipet,Husnabad,Pothireddypet,Claimant_FRA00873,CFR,1.75,Approved,2025-01-07,2025-10-06
FRA00874,Telangana,D026,Rangareddy,Shabad,Kesaram,Claimant_FRA00874,IFR,4.76,Approved,2022-07-18,2026-07-12
FRA00875,Telangana,D001,Adilabad,Boath,Ghanpur,Claimant_FRA00875,IFR,1.54,Approved,2025-04-11,2026-07-14
FRA00876,Telangana,D003,Hanumakonda,Atmakur,Chowdapur,Claimant_FRA00876,CFR,1.24,Approved,2026-01-29,2026-04-18
FRA00877,Telangana,D003,Hanumakonda,Dharmanagar,Mustial,Claimant_FRA00877,IFR,1.24,Approved,2024-01-23,2026-05-15
FRA00878,Telangana,D013,Mahabubabad,Kuravi,Seerole,Claimant_FRA00878,IFR,5.32,Approved,2023-06-26,2026-07-14
FRA00879,Telangana,D011,Khammam,Kothagudem,Seetharampuram,Claimant_FRA00879,CFR,3.53,Rejected,2024-07-10,2024-07-26
FRA00880,Telangana,D020,Nalgonda,Devarakonda,Chinthapally,Claimant_FRA00880,IFR,4.51,Pending,2022-07-18,
FRA00881,Telangana,D023,Nizamabad,Armoor,Mendora,Claimant_FRA00881,IFR,2.43,Pending,2023-11-12,
FRA00882,Telangana,D026,Rangareddy,Shabad,Kesaram,Claimant_FRA00882,CFR,6.91,Approved,2025-02-08,2025-07-15
FRA00883,Telangana,D001,Adilabad,Boath,Ghanpur,Claimant_FRA00883,CFR,1.35,Rejected,2021-11-15,2021-12-17
FRA00884,Telangana,D006,Jangaon,Station Ghanpur,Chilpur,Claimant_FRA00884,CFR,0.58,Rejected,2023-07-11,2026-07-11
FRA00885,Telangana,D004,Hyderabad,Amberpet,Azampura,Claimant_FRA00885,CFR,0.88,Approved,2023-08-23,2025-07-28
FRA00886,Telangana,D006,Jangaon,Jangaon,Pasumamula,Claimant_FRA00886,CFR,3.31,Pending,2025-10-16,
FRA00887,Telangana,D004,Hyderabad,Charminar,Chandrayangutta,Claimant_FRA00887,IFR,3.82,Rejected,2023-10-30,2025-05-19
FRA00888,Telangana,D033,Yadadri Bhuvanagiri,Bhongir,Anantharam,Claimant_FRA00888,CFR,1.52,Pending,2022-11-01,
FRA00889,Telangana,D003,Hanumakonda,Dharmanagar,Mustial,Claimant_FRA00889,IFR,6.3,Rejected,2024-05-02,2024-06-12
FRA00890,Telangana,D026,Rangareddy,Shabad,Kesaram,Claimant_FRA00890,CFR,5.54,Pending,2026-07-20,
FRA00891,Telangana,D003,Hanumakonda,Atmakur,Chowdapur,Claimant_FRA00891,IFR,4.82,Pending,2022-02-28,
FRA00892,Telangana,D002,Bhadradri Kothagudem,Kothagudem,Regalla,Claimant_FRA00892,CFR,0.85,Approved,2021-12-11,2022-10-27
FRA00893,Telangana,D030,Vikarabad,Tandur,Kotbaspally,Claimant_FRA00893,CFR,6.18,Pending,2023-04-01,
FRA00894,Telangana,D027,Sangareddy,Narayankhed,Kondapur,Claimant_FRA00894,CFR,6.11,Approved,2026-03-17,2026-08-14
FRA00895,Telangana,D023,Nizamabad,Armoor,Mendora,Claimant_FRA00895,CFR,7.48,Rejected,2023-07-19,2026-02-22
FRA00896,Telangana,D023,Nizamabad,Armoor,Mendora,Claimant_FRA00896,CFR,2.92,Pending,2025-06-27,
FRA00897,Telangana,D007,Jayashankar Bhupalpally,Chityal,Venkateshwarlapally,Claimant_FRA00897,IFR,1.83,Approved,2026-04-12,2026-09-17
FRA00898,Telangana,D002,Bhadradri Kothagudem,Kothagudem,Regalla,Claimant_FRA00898,CFR,6.22,Rejected,2026-01-19,2026-08-01
FRA00899,Telangana,D013,Mahabubabad,Bayyaram,Garla,Claimant_FRA00899,IFR,3.98,Approved,2023-05-08,2026-05-29
FRA00900,Telangana,D007,Jayashankar Bhupalpally,Regonda,Kannaram,Claimant_FRA00900,CFR,7.88,Pending,2022-02-23,
FRA00901,Telangana,D007,Jayashankar Bhupalpally,Regonda,Kannaram,Claimant_FRA00901,CFR,5.94,Approved,2023-04-14,2023-10-16
FRA00902,Telangana,D013,Mahabubabad,Kuravi,Seerole,Claimant_FRA00902,CFR,4.42,Rejected,2023-04-20,2026-05-19
FRA00903,Telangana,D032,Warangal,Narsampet,Madhira,Claimant_FRA00903,CFR,6.09,Approved,2026-01-12,2026-01-27
FRA00904,Telangana,D002,Bhadradri Kothagudem,Manuguru,Anantharam,Claimant_FRA00904,IFR,4.03,Approved,2025-04-30,2025-05-06
FRA00905,Telangana,D001,Adilabad,Utnoor,Devapur,Claimant_FRA00905,IFR,1.14,Pending,2024-02-27,
FRA00906,Telangana,D002,Bhadradri Kothagudem,Kothagudem,Regalla,Claimant_FRA00906,IFR,7.1,Approved,2026-05-03,2026-07-10
FRA00907,Telangana,D032,Warangal,Narsampet,Madhira,Claimant_FRA00907,CFR,6.37,Pending,2021-10-13,
FRA00908,Telangana,D007,Jayashankar Bhupalpally,Chityal,Venkateshwarlapally,Claimant_FRA00908,IFR,1.71,Pending,2022-09-24,
FRA00909,Telangana,D002,Bhadradri Kothagudem,Bhadrachalam,Nellipaka,Claimant_FRA00909,IFR,2.75,Approved,2021-10-07,2024-12-26
FRA00910,Telangana,D011,Khammam,Kothagudem,Seetharampuram,Claimant_FRA00910,IFR,3.16,Approved,2025-05-02,2025-07-25
FRA00911,Telangana,D013,Mahabubabad,Bayyaram,Garla,Claimant_FRA00911,CFR,6.21,Approved,2026-04-17,2026-06-25
FRA00912,Telangana,D001,Adilabad,Utnoor,Devapur,Claimant_FRA00912,IFR,7.26,Pending,2022-06-16,
FRA00913,Telangana,D013,Mahabubabad,Kuravi,Seerole,Claimant_FRA00913,CFR,7.11,Approved,2022-12-20,2024-11-30
FRA00914,Telangana,D027,Sangareddy,Narayankhed,Kondapur,Claimant_FRA00914,IFR,0.95,Rejected,2026-02-03,2026-03-04
FRA00915,Telangana,D004,Hyderabad,Amberpet,Azampura,Claimant_FRA00915,IFR,0.57,Pending,2023-06-06,
FRA00916,Telangana,D011,Khammam,Kothagudem,Seetharampuram,Claimant_FRA00916,IFR,7.44,Approved,2026-01-21,2026-02-16
FRA00917,Telangana,D011,Khammam,Wyra,Gollapadu,Claimant_FRA00917,IFR,2.19,Rejected,2024-03-28,2025-04-08
FRA00918,Telangana,D011,Khammam,Wyra,Gollapadu,Claimant_FRA00918,IFR,4.3,Approved,2023-01-30,2023-07-09
FRA00919,Telangana,D007,Jayashankar Bhupalpally,Regonda,Kannaram,Claimant_FRA00919,IFR,3.74,Rejected,2025-12-23,2026-01-26
FRA00920,Telangana,D001,Adilabad,Utnoor,Devapur,Claimant_FRA00920,IFR,1.65,Rejected,2023-04-08,2025-11-15
FRA00921,Telangana,D018,Mulugu,Eturunagaram,Katapur,Claimant_FRA00921,CFR,4.65,Pending,2021-12-06,
FRA00922,Telangana,D007,Jayashankar Bhupalpally,Regonda,Kannaram,Claimant_FRA00922,IFR,2.78,Rejected,2024-10-12,2025-03-10
FRA00923,Telangana,D018,Mulugu,Venkatapur,Narsapur,Claimant_FRA00923,CFR,7.99,Rejected,2023-01-12,2023-03-02
FRA00924,Telangana,D005,Jagtial,Metpally,Vellulla,Claimant_FRA00924,IFR,6.48,Approved,2025-01-12,2026-05-04
FRA00925,Telangana,D011,Khammam,Kothagudem,Seetharampuram,Claimant_FRA00925,IFR,4.27,Rejected,2026-03-02,2026-06-19
FRA00926,Telangana,D004,Hyderabad,Amberpet,Azampura,Claimant_FRA00926,CFR,5.94,Approved,2024-05-06,2026-05-31
FRA00927,Telangana,D032,Warangal,Narsampet,Madhira,Claimant_FRA00927,CFR,2.26,Rejected,2023-01-01,2025-10-21
FRA00928,Telangana,D030,Vikarabad,Tandur,Kotbaspally,Claimant_FRA00928,IFR,7.06,Rejected,2021-11-24,2022-06-20
FRA00929,Telangana,D033,Yadadri Bhuvanagiri,Bhongir,Anantharam,Claimant_FRA00929,CFR,1.7,Approved,2024-04-28,2024-07-03
FRA00930,Telangana,D007,Jayashankar Bhupalpally,Regonda,Kannaram,Claimant_FRA00930,IFR,0.98,Approved,2022-03-22,2026-07-27
FRA00931,Telangana,D013,Mahabubabad,Kuravi,Seerole,Claimant_FRA00931,CFR,4.93,Pending,2022-07-26,
FRA00932,Telangana,D002,Bhadradri Kothagudem,Kothagudem,Regalla,Claimant_FRA00932,IFR,6.3,Approved,2026-02-04,2026-08-31
FRA00933,Telangana,D030,Vikarabad,Tandur,Kotbaspally,Claimant_FRA00933,CFR,3.62,Pending,2025-08-17,
FRA00934,Telangana,D018,Mulugu,Eturunagaram,Katapur,Claimant_FRA00934,IFR,4.31,Approved,2022-04-03,2022-09-09
FRA00935,Telangana,D013,Mahabubabad,Kuravi,Seerole,Claimant_FRA00935,CFR,7.54,Pending,2021-11-26,
FRA00936,Telangana,D018,Mulugu,Eturunagaram,Katapur,Claimant_FRA00936,CFR,4.74,Approved,2023-07-04,2026-03-14
FRA00937,Telangana,D005,Jagtial,Korutla,Ailapur,Claimant_FRA00937,IFR,4.58,Approved,2024-06-10,2026-02-09
FRA00938,Telangana,D013,Mahabubabad,Kuravi,Seerole,Claimant_FRA00938,IFR,4.47,Approved,2025-06-23,2026-01-11
FRA00939,Telangana,D033,Yadadri Bhuvanagiri,Bhongir,Anantharam,Claimant_FRA00939,IFR,7.58,Approved,2021-12-15,2025-11-05
FRA00940,Telangana,D013,Mahabubabad,Kuravi,Seerole,Claimant_FRA00940,CFR,7.45,Approved,2022-06-05,2024-07-24
FRA00941,Telangana,D001,Adilabad,Utnoor,Devapur,Claimant_FRA00941,CFR,3.14,Rejected,2023-12-09,2023-12-23
FRA00942,Telangana,D011,Khammam,Wyra,Gollapadu,Claimant_FRA00942,CFR,6.13,Pending,2024-06-21,
FRA00943,Telangana,D001,Adilabad,Utnoor,Devapur,Claimant_FRA00943,IFR,4.6,Approved,2021-10-11,2022-03-23
FRA00944,Telangana,D003,Hanumakonda,Atmakur,Chowdapur,Claimant_FRA00944,CFR,2.67,Pending,2023-01-25,
FRA00945,Telangana,D004,Hyderabad,Charminar,Chandrayangutta,Claimant_FRA00945,IFR,4.88,Pending,2022-08-29,
FRA00946,Telangana,D032,Warangal,Narsampet,Madhira,Claimant_FRA00946,CFR,0.53,Approved,2022-04-09,2025-03-08
FRA00947,Telangana,D004,Hyderabad,Charminar,Chandrayangutta,Claimant_FRA00947,CFR,5.21,Pending,2025-06-17,
FRA00948,Telangana,D018,Mulugu,Eturunagaram,Katapur,Claimant_FRA00948,CFR,3.51,Pending,2024-10-13,
FRA00949,Telangana,D023,Nizamabad,Armoor,Mendora,Claimant_FRA00949,CFR,4.46,Approved,2024-10-05,2025-08-05
FRA00950,Telangana,D020,Nalgonda,Devarakonda,Chinthapally,Claimant_FRA00950,IFR,2.83,Approved,2026-09-08,2026-09-14
FRA00951,Telangana,D002,Bhadradri Kothagudem,Bhadrachalam,Nellipaka,Claimant_FRA00951,IFR,1.2,Approved,2023-12-25,2025-06-28
FRA00952,Telangana,D033,Yadadri Bhuvanagiri,Bhongir,Anantharam,Claimant_FRA00952,CFR,1.0,Pending,2022-02-08,
FRA00953,Telangana,D013,Mahabubabad,Bayyaram,Garla,Claimant_FRA00953,CFR,4.05,Approved,2026-02-09,2026-05-22
FRA00954,Telangana,D007,Jayashankar Bhupalpally,Chityal,Venkateshwarlapally,Claimant_FRA00954,CFR,6.39,Pending,2024-03-22,
FRA00955,Telangana,D013,Mahabubabad,Bayyaram,Garla,Claimant_FRA00955,IFR,5.95,Pending,2022-05-22,
FRA00956,Telangana,D006,Jangaon,Station Ghanpur,Chilpur,Claimant_FRA00956,IFR,7.44,Approved,2024-10-13,2026-09-14
FRA00957,Telangana,D030,Vikarabad,Tandur,Kotbaspally,Claimant_FRA00957,CFR,6.04,Approved,2025-05-19,2025-12-21
FRA00958,Telangana,D002,Bhadradri Kothagudem,Kothagudem,Regalla,Claimant_FRA00958,IFR,0.97,Approved,2024-04-16,2026-05-25
FRA00959,Telangana,D018,Mulugu,Venkatapur,Narsapur,Claimant_FRA00959,IFR,4.52,Pending,2022-11-22,
FRA00960,Telangana,D001,Adilabad,Narnoor,Kothapalli,Claimant_FRA00960,IFR,4.64,Approved,2026-06-24,2026-07-19
FRA00961,Telangana,D028,Siddipet,Husnabad,Pothireddypet,Claimant_FRA00961,CFR,5.96,Approved,2022-04-07,2022-06-19
FRA00962,Telangana,D005,Jagtial,Korutla,Ailapur,Claimant_FRA00962,IFR,5.28,Pending,2026-02-27,
FRA00963,Telangana,D018,Mulugu,Eturunagaram,Katapur,Claimant_FRA00963,CFR,2.25,Approved,2024-04-04,2026-04-13
FRA00964,Telangana,D005,Jagtial,Korutla,Ailapur,Claimant_FRA00964,CFR,6.05,Pending,2024-11-01,
FRA00965,Telangana,D020,Nalgonda,Devarakonda,Chinthapally,Claimant_FRA00965,CFR,1.03,Approved,2026-08-27,2026-09-10
FRA00966,Telangana,D013,Mahabubabad,Bayyaram,Garla,Claimant_FRA00966,CFR,4.83,Approved,2023-06-10,2025-09-02
FRA00967,Telangana,D005,Jagtial,Metpally,Vellulla,Claimant_FRA00967,IFR,3.97,Pending,2024-05-10,
FRA00968,Telangana,D033,Yadadri Bhuvanagiri,Bhongir,Anantharam,Claimant_FRA00968,CFR,7.83,Pending,2023-08-28,
FRA00969,Telangana,D002,Bhadradri Kothagudem,Bhadrachalam,Nellipaka,Claimant_FRA00969,CFR,0.62,Approved,2024-08-22,2025-12-21
FRA00970,Telangana,D019,Nagarkurnool,Amrabad,Mananur,Claimant_FRA00970,IFR,3.38,Pending,2022-02-12,
FRA00971,Telangana,D011,Khammam,Wyra,Gollapadu,Claimant_FRA00971,IFR,6.92,Approved,2025-10-26,2026-08-30
FRA00972,Telangana,D030,Vikarabad,Tandur,Kotbaspally,Claimant_FRA00972,CFR,6.16,Pending,2021-12-15,
FRA00973,Telangana,D007,Jayashankar Bhupalpally,Regonda,Kannaram,Claimant_FRA00973,IFR,1.39,Rejected,2023-07-30,2026-06-21
FRA00974,Telangana,D001,Adilabad,Narnoor,Kothapalli,Claimant_FRA00974,IFR,4.33,Rejected,2025-08-01,2025-09-11
FRA00975,Telangana,D007,Jayashankar Bhupalpally,Regonda,Kannaram,Claimant_FRA00975,CFR,6.55,Approved,2025-10-06,2026-05-31
FRA00976,Telangana,D003,Hanumakonda,Atmakur,Chowdapur,Claimant_FRA00976,CFR,7.93,Approved,2023-07-15,2025-01-07
FRA00977,Telangana,D006,Jangaon,Jangaon,Pasumamula,Claimant_FRA00977,IFR,2.96,Pending,2023-06-22,
FRA00978,Telangana,D013,Mahabubabad,Bayyaram,Garla,Claimant_FRA00978,CFR,7.6,Approved,2023-08-03,2025-09-17
FRA00979,Telangana,D005,Jagtial,Metpally,Vellulla,Claimant_FRA00979,CFR,7.52,Approved,2025-03-08,2025-08-03
FRA00980,Telangana,D003,Hanumakonda,Dharmanagar,Mustial,Claimant_FRA00980,CFR,0.85,Approved,2023-02-01,2024-12-19
FRA00981,Telangana,D001,Adilabad,Narnoor,Kothapalli,Claimant_FRA00981,IFR,5.45,Pending,2024-09-14,
FRA00982,Telangana,D020,Nalgonda,Devarakonda,Chinthapally,Claimant_FRA00982,CFR,4.0,Approved,2025-01-16,2026-03-03
FRA00983,Telangana,D020,Nalgonda,Devarakonda,Chinthapally,Claimant_FRA00983,CFR,1.06,Approved,2021-12-14,2022-06-03
FRA00984,Telangana,D011,Khammam,Kothagudem,Seetharampuram,Claimant_FRA00984,IFR,5.67,Pending,2021-12-10,
FRA00985,Telangana,D013,Mahabubabad,Kuravi,Seerole,Claimant_FRA00985,IFR,7.8,Rejected,2022-08-03,2023-12-08
FRA00986,Telangana,D007,Jayashankar Bhupalpally,Chityal,Venkateshwarlapally,Claimant_FRA00986,CFR,4.41,Pending,2024-08-22,
FRA00987,Telangana,D027,Sangareddy,Narayankhed,Kondapur,Claimant_FRA00987,CFR,2.04,Approved,2024-02-27,2026-08-11
FRA00988,Telangana,D007,Jayashankar Bhupalpally,Regonda,Kannaram,Claimant_FRA00988,IFR,4.71,Approved,2026-06-10,2026-06-18
FRA00989,Telangana,D002,Bhadradri Kothagudem,Kothagudem,Regalla,Claimant_FRA00989,CFR,3.83,Approved,2022-06-30,2025-06-26
FRA00990,Telangana,D003,Hanumakonda,Dharmanagar,Mustial,Claimant_FRA00990,IFR,4.21,Rejected,2025-03-15,2025-09-10
FRA00991,Telangana,D003,Hanumakonda,Dharmanagar,Mustial,Claimant_FRA00991,IFR,1.4,Approved,2024-07-22,2026-01-01
FRA00992,Telangana,D003,Hanumakonda,Atmakur,Chowdapur,Claimant_FRA00992,CFR,4.67,Pending,2023-06-13,
FRA00993,Telangana,D005,Jagtial,Metpally,Vellulla,Claimant_FRA00993,IFR,6.15,Approved,2022-01-23,2023-01-21
FRA00994,Telangana,D030,Vikarabad,Tandur,Kotbaspally,Claimant_FRA00994,IFR,0.8,Approved,2022-01-03,2025-06-28
FRA00995,Telangana,D003,Hanumakonda,Atmakur,Chowdapur,Claimant_FRA00995,IFR,7.4,Approved,2022-07-10,2024-05-17
FRA00996,Telangana,D027,Sangareddy,Narayankhed,Kondapur,Claimant_FRA00996,IFR,4.01,Approved,2021-09-19,2022-12-07
FRA00997,Telangana,D003,Hanumakonda,Dharmanagar,Mustial,Claimant_FRA00997,IFR,5.97,Approved,2022-09-01,2025-10-11
FRA00998,Telangana,D001,Adilabad,Narnoor,Kothapalli,Claimant_FRA00998,IFR,6.99,Approved,2022-05-13,2024-10-25
FRA00999,Telangana,D013,Mahabubabad,Kuravi,Seerole,Claimant_FRA00999,IFR,3.55,Approved,2022-12-05,2023-09-24
FRA01000,Telangana,D003,Hanumakonda,Dharmanagar,Mustial,Claimant_FRA01000,CFR,1.51,Approved,2023-08-26,2024-02-25
FRA01001,Telangana,D003,Hanumakonda,Atmakur,Chowdapur,Claimant_FRA01001,CFR,2.07,Pending,2022-05-17,
FRA01002,Telangana,D023,Nizamabad,Armoor,Mendora,Claimant_FRA01002,CFR,7.08,Approved,2023-04-12,2026-08-28
FRA01003,Telangana,D020,Nalgonda,Devarakonda,Chinthapally,Claimant_FRA01003,IFR,3.85,Rejected,2024-05-10,2026-03-18
FRA01004,Telangana,D019,Nagarkurnool,Amrabad,Mananur,Claimant_FRA01004,IFR,7.03,Approved,2026-06-03,2026-07-09
FRA01005,Telangana,D001,Adilabad,Narnoor,Kothapalli,Claimant_FRA01005,CFR,5.4,Approved,2025-09-13,2026-03-13
FRA01006,Telangana,D007,Jayashankar Bhupalpally,Chityal,Venkateshwarlapally,Claimant_FRA01006,IFR,2.99,Pending,2023-09-15,
FRA01007,Telangana,D006,Jangaon,Station Ghanpur,Chilpur,Claimant_FRA01007,CFR,6.02,Pending,2025-01-25,
FRA01008,Telangana,D003,Hanumakonda,Dharmanagar,Mustial,Claimant_FRA01008,IFR,7.45,Rejected,2023-06-19,2024-10-30
FRA01009,Telangana,D033,Yadadri Bhuvanagiri,Bhongir,Anantharam,Claimant_FRA01009,CFR,2.86,Pending,2026-07-30,
FRA01010,Telangana,D023,Nizamabad,Armoor,Mendora,Claimant_FRA01010,CFR,1.94,Pending,2024-02-25,
FRA01011,Telangana,D027,Sangareddy,Narayankhed,Kondapur,Claimant_FRA01011,CFR,7.23,Approved,2025-04-26,2025-12-28
FRA01012,Telangana,D004,Hyderabad,Charminar,Chandrayangutta,Claimant_FRA01012,CFR,8.0,Approved,2023-01-08,2025-07-19
FRA01013,Telangana,D005,Jagtial,Korutla,Ailapur,Claimant_FRA01013,CFR,3.35,Approved,2022-12-09,2024-01-22
FRA01014,Telangana,D003,Hanumakonda,Atmakur,Chowdapur,Claimant_FRA01014,IFR,2.97,Approved,2024-02-17,2024-06-04
FRA01015,Telangana,D020,Nalgonda,Devarakonda,Chinthapally,Claimant_FRA01015,IFR,3.93,Pending,2026-05-29,
FRA01016,Telangana,D005,Jagtial,Metpally,Vellulla,Claimant_FRA01016,IFR,0.94,Pending,2023-09-29,
FRA01017,Telangana,D019,Nagarkurnool,Amrabad,Mananur,Claimant_FRA01017,CFR,4.81,Pending,2025-07-02,
FRA01018,Telangana,D004,Hyderabad,Charminar,Chandrayangutta,Claimant_FRA01018,IFR,3.37,Approved,2024-04-08,2026-05-14
FRA01019,Telangana,D003,Hanumakonda,Atmakur,Chowdapur,Claimant_FRA01019,CFR,0.98,Approved,2024-04-03,2025-03-18
FRA01020,Telangana,D018,Mulugu,Venkatapur,Narsapur,Claimant_FRA01020,IFR,1.78,Rejected,2022-01-02,2026-04-12
FRA01021,Telangana,D011,Khammam,Kothagudem,Seetharampuram,Claimant_FRA01021,CFR,1.74,Approved,2023-11-30,2025-01-04
FRA01022,Telangana,D007,Jayashankar Bhupalpally,Chityal,Venkateshwarlapally,Claimant_FRA01022,IFR,7.56,Approved,2022-08-06,2023-02-09
FRA01023,Telangana,D033,Yadadri Bhuvanagiri,Bhongir,Anantharam,Claimant_FRA01023,CFR,7.8,Pending,2024-12-16,
FRA01024,Telangana,D002,Bhadradri Kothagudem,Kothagudem,Regalla,Claimant_FRA01024,IFR,7.68,Rejected,2023-02-24,2024-04-30
FRA01025,Telangana,D003,Hanumakonda,Atmakur,Chowdapur,Claimant_FRA01025,IFR,5.1,Pending,2022-05-31,
FRA01026,Telangana,D032,Warangal,Narsampet,Madhira,Claimant_FRA01026,IFR,2.8,Approved,2024-03-25,2025-04-16
FRA01027,Telangana,D001,Adilabad,Narnoor,Kothapalli,Claimant_FRA01027,CFR,7.06,Approved,2025-07-27,2026-05-10
FRA01028,Telangana,D003,Hanumakonda,Dharmanagar,Mustial,Claimant_FRA01028,IFR,7.42,Approved,2025-03-25,2026-05-12
FRA01029,Telangana,D005,Jagtial,Korutla,Ailapur,Claimant_FRA01029,IFR,5.92,Rejected,2026-06-25,2026-08-03
FRA01030,Telangana,D020,Nalgonda,Devarakonda,Chinthapally,Claimant_FRA01030,IFR,6.06,Pending,2026-08-17,
FRA01031,Telangana,D004,Hyderabad,Charminar,Chandrayangutta,Claimant_FRA01031,CFR,4.39,Rejected,2025-12-03,2026-04-05
FRA01032,Telangana,D004,Hyderabad,Charminar,Chandrayangutta,Claimant_FRA01032,IFR,6.88,Approved,2025-10-21,2025-12-13
FRA01033,Telangana,D007,Jayashankar Bhupalpally,Regonda,Kannaram,Claimant_FRA01033,IFR,5.88,Pending,2024-07-14,
FRA01034,Telangana,D001,Adilabad,Boath,Ghanpur,Claimant_FRA01034,CFR,1.34,Approved,2024-11-13,2026-07-06
FRA01035,Telangana,D013,Mahabubabad,Kuravi,Seerole,Claimant_FRA01035,CFR,5.18,Approved,2023-07-22,2024-06-30
FRA01036,Telangana,D020,Nalgonda,Devarakonda,Chinthapally,Claimant_FRA01036,CFR,5.81,Approved,2025-06-14,2026-05-10
FRA01037,Telangana,D030,Vikarabad,Tandur,Kotbaspally,Claimant_FRA01037,CFR,5.18,Approved,2025-11-05,2026-04-18
FRA01038,Telangana,D019,Nagarkurnool,Amrabad,Mananur,Claimant_FRA01038,CFR,6.62,Pending,2024-04-26,
FRA01039,Telangana,D001,Adilabad,Utnoor,Devapur,Claimant_FRA01039,CFR,3.43,Rejected,2022-12-15,2023-06-14
FRA01040,Telangana,D001,Adilabad,Boath,Ghanpur,Claimant_FRA01040,CFR,0.55,Approved,2022-11-03,2025-08-29
FRA01041,Telangana,D018,Mulugu,Eturunagaram,Katapur,Claimant_FRA01041,IFR,3.82,Pending,2026-04-07,
FRA01042,Telangana,D019,Nagarkurnool,Amrabad,Mananur,Claimant_FRA01042,IFR,3.2,Pending,2025-12-01,
FRA01043,Telangana,D001,Adilabad,Boath,Ghanpur,Claimant_FRA01043,IFR,2.73,Approved,2025-10-18,2026-01-05
FRA01044,Telangana,D020,Nalgonda,Devarakonda,Chinthapally,Claimant_FRA01044,CFR,6.34,Approved,2024-02-13,2025-07-31
FRA01045,Telangana,D002,Bhadradri Kothagudem,Kothagudem,Regalla,Claimant_FRA01045,IFR,6.25,Approved,2022-05-26,2026-06-07
FRA01046,Telangana,D011,Khammam,Wyra,Gollapadu,Claimant_FRA01046,CFR,4.07,Pending,2024-10-07,
FRA01047,Telangana,D020,Nalgonda,Devarakonda,Chinthapally,Claimant_FRA01047,IFR,3.18,Approved,2023-03-29,2025-08-15
FRA01048,Telangana,D003,Hanumakonda,Atmakur,Chowdapur,Claimant_FRA01048,CFR,3.64,Approved,2024-01-12,2024-05-21
FRA01049,Telangana,D003,Hanumakonda,Atmakur,Chowdapur,Claimant_FRA01049,CFR,3.13,Rejected,2022-09-06,2025-06-02
FRA01050,Telangana,D013,Mahabubabad,Kuravi,Seerole,Claimant_FRA01050,CFR,2.81,Approved,2022-10-20,2023-07-03
FRA01051,Telangana,D006,Jangaon,Jangaon,Pasumamula,Claimant_FRA01051,CFR,7.22,Approved,2023-09-28,2024-02-21
FRA01052,Telangana,D028,Siddipet,Husnabad,Pothireddypet,Claimant_FRA01052,CFR,6.23,Approved,2022-03-01,2024-11-26
FRA01053,Telangana,D018,Mulugu,Venkatapur,Narsapur,Claimant_FRA01053,IFR,4.96,Approved,2026-07-21,2026-07-26
FRA01054,Telangana,D006,Jangaon,Jangaon,Pasumamula,Claimant_FRA01054,IFR,0.91,Rejected,2023-11-27,2024-10-10
FRA01055,Telangana,D027,Sangareddy,Narayankhed,Kondapur,Claimant_FRA01055,IFR,3.22,Pending,2023-02-11,
FRA01056,Telangana,D004,Hyderabad,Charminar,Chandrayangutta,Claimant_FRA01056,CFR,4.95,Approved,2025-01-25,2025-02-16
FRA01057,Telangana,D007,Jayashankar Bhupalpally,Chityal,Venkateshwarlapally,Claimant_FRA01057,IFR,7.77,Approved,2025-09-09,2026-05-06
FRA01058,Telangana,D002,Bhadradri Kothagudem,Kothagudem,Regalla,Claimant_FRA01058,IFR,3.37,Approved,2024-03-14,2026-08-31
FRA01059,Telangana,D011,Khammam,Kothagudem,Seetharampuram,Claimant_FRA01059,CFR,5.67,Approved,2022-02-02,2026-09-12
FRA01060,Telangana,D002,Bhadradri Kothagudem,Manuguru,Anantharam,Claimant_FRA01060,CFR,7.89,Pending,2026-03-31,
FRA01061,Telangana,D023,Nizamabad,Armoor,Mendora,Claimant_FRA01061,IFR,3.94,Approved,2024-06-20,2024-11-06
FRA01062,Telangana,D030,Vikarabad,Tandur,Kotbaspally,Claimant_FRA01062,CFR,3.85,Approved,2022-02-16,2022-09-07
FRA01063,Telangana,D011,Khammam,Wyra,Gollapadu,Claimant_FRA01063,CFR,6.4,Approved,2022-09-28,2022-12-29
FRA01064,Telangana,D002,Bhadradri Kothagudem,Kothagudem,Regalla,Claimant_FRA01064,CFR,6.61,Approved,2026-04-12,2026-07-25
FRA01065,Telangana,D023,Nizamabad,Armoor,Mendora,Claimant_FRA01065,CFR,1.43,Pending,2025-02-12,
FRA01066,Telangana,D018,Mulugu,Venkatapur,Narsapur,Claimant_FRA01066,IFR,4.15,Approved,2024-03-06,2024-09-01
FRA01067,Telangana,D006,Jangaon,Jangaon,Pasumamula,Claimant_FRA01067,IFR,4.09,Approved,2025-06-14,2025-06-27
FRA01068,Telangana,D033,Yadadri Bhuvanagiri,Bhongir,Anantharam,Claimant_FRA01068,IFR,0.99,Approved,2026-03-03,2026-03-27
FRA01069,Telangana,D004,Hyderabad,Charminar,Chandrayangutta,Claimant_FRA01069,CFR,6.64,Pending,2023-06-17,
FRA01070,Telangana,D023,Nizamabad,Armoor,Mendora,Claimant_FRA01070,CFR,7.42,Pending,2022-02-25,
FRA01071,Telangana,D004,Hyderabad,Charminar,Chandrayangutta,Claimant_FRA01071,IFR,4.54,Approved,2024-03-10,2025-11-13
FRA01072,Telangana,D002,Bhadradri Kothagudem,Manuguru,Anantharam,Claimant_FRA01072,CFR,4.76,Approved,2026-07-09,2026-09-07
FRA01073,Telangana,D007,Jayashankar Bhupalpally,Chityal,Venkateshwarlapally,Claimant_FRA01073,IFR,2.29,Rejected,2025-10-01,2026-03-06
FRA01074,Telangana,D032,Warangal,Narsampet,Madhira,Claimant_FRA01074,IFR,5.11,Approved,2023-07-17,2024-11-12
FRA01075,Telangana,D011,Khammam,Kothagudem,Seetharampuram,Claimant_FRA01075,IFR,1.56,Pending,2025-08-30,
FRA01076,Telangana,D007,Jayashankar Bhupalpally,Chityal,Venkateshwarlapally,Claimant_FRA01076,IFR,5.56,Approved,2023-02-08,2025-05-04
FRA01077,Telangana,D018,Mulugu,Eturunagaram,Katapur,Claimant_FRA01077,CFR,1.98,Approved,2023-03-11,2026-02-28
FRA01078,Telangana,D001,Adilabad,Boath,Ghanpur,Claimant_FRA01078,CFR,2.34,Approved,2022-09-16,2024-10-01
FRA01079,Telangana,D006,Jangaon,Jangaon,Pasumamula,Claimant_FRA01079,IFR,1.19,Pending,2022-11-23,
FRA01080,Telangana,D028,Siddipet,Husnabad,Pothireddypet,Claimant_FRA01080,IFR,6.48,Approved,2023-10-02,2024-12-21
FRA01081,Telangana,D026,Rangareddy,Shabad,Kesaram,Claimant_FRA01081,CFR,0.66,Pending,2022-12-19,
FRA01082,Telangana,D011,Khammam,Wyra,Gollapadu,Claimant_FRA01082,CFR,6.5,Pending,2024-01-16,
FRA01083,Telangana,D026,Rangareddy,Shabad,Kesaram,Claimant_FRA01083,IFR,7.56,Rejected,2022-09-21,2024-02-20
FRA01084,Telangana,D006,Jangaon,Station Ghanpur,Chilpur,Claimant_FRA01084,IFR,6.21,Approved,2025-05-24,2025-09-18
FRA01085,Telangana,D023,Nizamabad,Armoor,Mendora,Claimant_FRA01085,CFR,3.43,Approved,2022-04-25,2024-09-21
FRA01086,Telangana,D003,Hanumakonda,Atmakur,Chowdapur,Claimant_FRA01086,IFR,2.27,Pending,2023-02-12,
FRA01087,Telangana,D011,Khammam,Kothagudem,Seetharampuram,Claimant_FRA01087,CFR,4.23,Rejected,2024-12-27,2026-03-05
FRA01088,Telangana,D032,Warangal,Narsampet,Madhira,Claimant_FRA01088,IFR,6.31,Approved,2023-07-18,2024-03-05
FRA01089,Telangana,D032,Warangal,Narsampet,Madhira,Claimant_FRA01089,CFR,7.52,Approved,2025-11-19,2026-04-26
FRA01090,Telangana,D004,Hyderabad,Amberpet,Azampura,Claimant_FRA01090,IFR,7.9,Pending,2024-09-09,
FRA01091,Telangana,D005,Jagtial,Metpally,Vellulla,Claimant_FRA01091,CFR,5.5,Rejected,2022-12-17,2026-09-12
FRA01092,Telangana,D013,Mahabubabad,Bayyaram,Garla,Claimant_FRA01092,CFR,2.89,Approved,2022-03-05,2023-11-21
FRA01093,Telangana,D001,Adilabad,Boath,Ghanpur,Claimant_FRA01093,IFR,5.8,Pending,2024-03-16,
FRA01094,Telangana,D007,Jayashankar Bhupalpally,Chityal,Venkateshwarlapally,Claimant_FRA01094,CFR,2.34,Pending,2024-01-05,
FRA01095,Telangana,D013,Mahabubabad,Kuravi,Seerole,Claimant_FRA01095,CFR,5.19,Approved,2024-05-09,2025-12-04
FRA01096,Telangana,D001,Adilabad,Narnoor,Kothapalli,Claimant_FRA01096,IFR,2.01,Pending,2023-02-22,
FRA01097,Telangana,D001,Adilabad,Boath,Ghanpur,Claimant_FRA01097,IFR,7.51,Approved,2022-04-24,2023-03-19
FRA01098,Telangana,D001,Adilabad,Boath,Ghanpur,Claimant_FRA01098,CFR,4.0,Approved,2024-04-28,2026-05-31
FRA01099,Telangana,D006,Jangaon,Jangaon,Pasumamula,Claimant_FRA01099,CFR,4.37,Approved,2025-10-16,2026-06-12
FRA01100,Telangana,D013,Mahabubabad,Bayyaram,Garla,Claimant_FRA01100,IFR,5.7,Approved,2022-05-05,2025-08-23
FRA01101,Telangana,D002,Bhadradri Kothagudem,Bhadrachalam,Nellipaka,Claimant_FRA01101,CFR,7.96,Rejected,2025-05-09,2026-08-19
FRA01102,Telangana,D030,Vikarabad,Tandur,Kotbaspally,Claimant_FRA01102,CFR,2.61,Approved,2026-07-12,2026-09-11
FRA01103,Telangana,D011,Khammam,Wyra,Gollapadu,Claimant_FRA01103,CFR,2.11,Pending,2026-08-23,
FRA01104,Telangana,D013,Mahabubabad,Bayyaram,Garla,Claimant_FRA01104,CFR,2.21,Approved,2022-11-02,2023-05-02
FRA01105,Telangana,D006,Jangaon,Station Ghanpur,Chilpur,Claimant_FRA01105,CFR,0.94,Pending,2025-07-09,
FRA01106,Telangana,D005,Jagtial,Korutla,Ailapur,Claimant_FRA01106,CFR,7.54,Approved,2024-07-10,2024-12-22
FRA01107,Telangana,D026,Rangareddy,Shabad,Kesaram,Claimant_FRA01107,CFR,5.81,Approved,2024-12-22,2025-12-25
FRA01108,Telangana,D006,Jangaon,Jangaon,Pasumamula,Claimant_FRA01108,CFR,1.52,Pending,2021-09-22,
FRA01109,Telangana,D002,Bhadradri Kothagudem,Bhadrachalam,Nellipaka,Claimant_FRA01109,IFR,6.82,Approved,2024-09-27,2025-11-03
FRA01110,Telangana,D018,Mulugu,Venkatapur,Narsapur,Claimant_FRA01110,IFR,5.52,Approved,2023-06-26,2025-07-16
FRA01111,Telangana,D011,Khammam,Wyra,Gollapadu,Claimant_FRA01111,IFR,2.65,Pending,2022-07-10,
FRA01112,Telangana,D004,Hyderabad,Charminar,Chandrayangutta,Claimant_FRA01112,CFR,2.04,Approved,2026-08-09,2026-08-09
FRA01113,Telangana,D003,Hanumakonda,Dharmanagar,Mustial,Claimant_FRA01113,IFR,1.02,Approved,2025-08-08,2026-07-07
FRA01114,Telangana,D005,Jagtial,Metpally,Vellulla,Claimant_FRA01114,CFR,3.7,Approved,2025-08-10,2026-09-06
FRA01115,Telangana,D002,Bhadradri Kothagudem,Kothagudem,Regalla,Claimant_FRA01115,CFR,3.24,Approved,2025-07-27,2026-08-09
FRA01116,Telangana,D033,Yadadri Bhuvanagiri,Bhongir,Anantharam,Claimant_FRA01116,IFR,3.67,Approved,2023-03-23,2025-05-09
FRA01117,Telangana,D003,Hanumakonda,Atmakur,Chowdapur,Claimant_FRA01117,CFR,7.64,Pending,2023-06-02,
FRA01118,Telangana,D007,Jayashankar Bhupalpally,Chityal,Venkateshwarlapally,Claimant_FRA01118,CFR,3.96,Approved,2025-03-02,2026-05-12
FRA01119,Telangana,D004,Hyderabad,Amberpet,Azampura,Claimant_FRA01119,IFR,7.74,Approved,2022-08-30,2024-02-02
FRA01120,Telangana,D023,Nizamabad,Armoor,Mendora,Claimant_FRA01120,IFR,6.46,Pending,2023-05-29,
FRA01121,Telangana,D007,Jayashankar Bhupalpally,Chityal,Venkateshwarlapally,Claimant_FRA01121,CFR,4.57,Rejected,2024-05-14,2025-05-04
FRA01122,Telangana,D033,Yadadri Bhuvanagiri,Bhongir,Anantharam,Claimant_FRA01122,IFR,3.8,Approved,2024-04-19,2026-09-16
FRA01123,Telangana,D006,Jangaon,Jangaon,Pasumamula,Claimant_FRA01123,CFR,6.86,Pending,2024-10-19,
FRA01124,Telangana,D005,Jagtial,Metpally,Vellulla,Claimant_FRA01124,IFR,6.86,Pending,2025-03-31,
FRA01125,Telangana,D033,Yadadri Bhuvanagiri,Bhongir,Anantharam,Claimant_FRA01125,IFR,6.11,Pending,2024-09-21,
FRA01126,Telangana,D003,Hanumakonda,Atmakur,Chowdapur,Claimant_FRA01126,IFR,5.75,Approved,2026-01-08,2026-07-09
FRA01127,Telangana,D005,Jagtial,Metpally,Vellulla,Claimant_FRA01127,CFR,0.98,Approved,2026-05-04,2026-05-27
FRA01128,Telangana,D002,Bhadradri Kothagudem,Kothagudem,Regalla,Claimant_FRA01128,IFR,1.51,Approved,2024-01-10,2025-04-05
FRA01129,Telangana,D018,Mulugu,Venkatapur,Narsapur,Claimant_FRA01129,CFR,2.78,Approved,2023-04-17,2023-08-20
FRA01130,Telangana,D003,Hanumakonda,Dharmanagar,Mustial,Claimant_FRA01130,CFR,7.48,Approved,2024-02-20,2025-10-23
FRA01131,Telangana,D003,Hanumakonda,Atmakur,Chowdapur,Claimant_FRA01131,IFR,5.31,Approved,2023-09-27,2025-02-08
FRA01132,Telangana,D003,Hanumakonda,Dharmanagar,Mustial,Claimant_FRA01132,IFR,3.78,Pending,2022-05-21,
FRA01133,Telangana,D011,Khammam,Kothagudem,Seetharampuram,Claimant_FRA01133,CFR,7.35,Pending,2024-09-24,
FRA01134,Telangana,D011,Khammam,Kothagudem,Seetharampuram,Claimant_FRA01134,IFR,5.14,Approved,2024-03-28,2026-06-22
FRA01135,Telangana,D018,Mulugu,Eturunagaram,Katapur,Claimant_FRA01135,IFR,3.42,Approved,2022-11-01,2024-12-14
FRA01136,Telangana,D001,Adilabad,Boath,Ghanpur,Claimant_FRA01136,CFR,5.77,Approved,2026-03-30,2026-06-26
FRA01137,Telangana,D018,Mulugu,Venkatapur,Narsapur,Claimant_FRA01137,CFR,4.05,Pending,2024-01-14,
FRA01138,Telangana,D013,Mahabubabad,Bayyaram,Garla,Claimant_FRA01138,CFR,4.33,Approved,2025-07-14,2026-06-04
FRA01139,Telangana,D007,Jayashankar Bhupalpally,Chityal,Venkateshwarlapally,Claimant_FRA01139,CFR,7.8,Pending,2022-01-30,
FRA01140,Telangana,D028,Siddipet,Husnabad,Pothireddypet,Claimant_FRA01140,IFR,7.5,Approved,2023-06-11,2025-07-28
FRA01141,Telangana,D011,Khammam,Wyra,Gollapadu,Claimant_FRA01141,IFR,7.65,Approved,2023-03-13,2024-12-01
FRA01142,Telangana,D005,Jagtial,Korutla,Ailapur,Claimant_FRA01142,IFR,0.83,Rejected,2024-04-11,2024-08-17
FRA01143,Telangana,D027,Sangareddy,Narayankhed,Kondapur,Claimant_FRA01143,CFR,1.28,Approved,2024-05-07,2025-05-31
FRA01144,Telangana,D028,Siddipet,Husnabad,Pothireddypet,Claimant_FRA01144,CFR,6.27,Rejected,2021-12-28,2024-01-10
FRA01145,Telangana,D026,Rangareddy,Shabad,Kesaram,Claimant_FRA01145,IFR,3.34,Approved,2022-10-16,2026-06-10
FRA01146,Telangana,D001,Adilabad,Boath,Ghanpur,Claimant_FRA01146,CFR,7.25,Pending,2026-02-25,
FRA01147,Telangana,D002,Bhadradri Kothagudem,Bhadrachalam,Nellipaka,Claimant_FRA01147,CFR,3.27,Approved,2024-05-17,2024-07-17
FRA01148,Telangana,D004,Hyderabad,Amberpet,Azampura,Claimant_FRA01148,IFR,1.72,Pending,2025-01-25,
FRA01149,Telangana,D007,Jayashankar Bhupalpally,Chityal,Venkateshwarlapally,Claimant_FRA01149,IFR,2.83,Pending,2025-12-04,
FRA01150,Telangana,D002,Bhadradri Kothagudem,Bhadrachalam,Nellipaka,Claimant_FRA01150,IFR,2.4,Rejected,2023-09-28,2023-12-13
FRA01151,Telangana,D013,Mahabubabad,Kuravi,Seerole,Claimant_FRA01151,CFR,6.19,Rejected,2026-08-25,2026-08-30
FRA01152,Telangana,D018,Mulugu,Venkatapur,Narsapur,Claimant_FRA01152,IFR,3.85,Approved,2023-09-12,2024-09-20
FRA01153,Telangana,D003,Hanumakonda,Atmakur,Chowdapur,Claimant_FRA01153,CFR,5.41,Pending,2024-12-17,
FRA01154,Telangana,D026,Rangareddy,Shabad,Kesaram,Claimant_FRA01154,IFR,7.39,Pending,2025-04-09,
FRA01155,Telangana,D002,Bhadradri Kothagudem,Kothagudem,Regalla,Claimant_FRA01155,CFR,3.44,Pending,2025-03-17,
FRA01156,Telangana,D003,Hanumakonda,Atmakur,Chowdapur,Claimant_FRA01156,IFR,1.93,Pending,2026-06-25,
FRA01157,Telangana,D003,Hanumakonda,Dharmanagar,Mustial,Claimant_FRA01157,IFR,5.7,Approved,2025-09-10,2026-04-16
FRA01158,Telangana,D026,Rangareddy,Shabad,Kesaram,Claimant_FRA01158,IFR,1.82,Pending,2024-06-22,
FRA01159,Telangana,D027,Sangareddy,Narayankhed,Kondapur,Claimant_FRA01159,CFR,4.37,Approved,2025-09-11,2026-05-18
FRA01160,Telangana,D011,Khammam,Kothagudem,Seetharampuram,Claimant_FRA01160,CFR,3.44,Pending,2023-11-13,
FRA01161,Telangana,D011,Khammam,Kothagudem,Seetharampuram,Claimant_FRA01161,CFR,5.89,Approved,2024-03-10,2026-04-12
FRA01162,Telangana,D018,Mulugu,Eturunagaram,Katapur,Claimant_FRA01162,CFR,3.15,Pending,2026-01-06,
FRA01163,Telangana,D018,Mulugu,Venkatapur,Narsapur,Claimant_FRA01163,IFR,3.58,Approved,2026-04-02,2026-08-16
FRA01164,Telangana,D013,Mahabubabad,Bayyaram,Garla,Claimant_FRA01164,IFR,5.36,Pending,2025-03-12,
FRA01165,Telangana,D007,Jayashankar Bhupalpally,Chityal,Venkateshwarlapally,Claimant_FRA01165,CFR,1.01,Approved,2023-04-12,2026-02-27
FRA01166,Telangana,D003,Hanumakonda,Atmakur,Chowdapur,Claimant_FRA01166,IFR,4.61,Pending,2023-04-22,
FRA01167,Telangana,D028,Siddipet,Husnabad,Pothireddypet,Claimant_FRA01167,CFR,0.75,Rejected,2024-10-30,2026-01-06
FRA01168,Telangana,D013,Mahabubabad,Bayyaram,Garla,Claimant_FRA01168,CFR,3.52,Rejected,2021-12-11,2023-01-30
FRA01169,Telangana,D002,Bhadradri Kothagudem,Bhadrachalam,Nellipaka,Claimant_FRA01169,CFR,4.88,Approved,2026-04-07,2026-07-30
FRA01170,Telangana,D003,Hanumakonda,Dharmanagar,Mustial,Claimant_FRA01170,IFR,0.83,Approved,2023-05-27,2024-04-26
FRA01171,Telangana,D004,Hyderabad,Charminar,Chandrayangutta,Claimant_FRA01171,IFR,4.82,Approved,2025-02-26,2025-09-11
FRA01172,Telangana,D030,Vikarabad,Tandur,Kotbaspally,Claimant_FRA01172,CFR,4.85,Approved,2025-12-06,2025-12-07
FRA01173,Telangana,D006,Jangaon,Jangaon,Pasumamula,Claimant_FRA01173,IFR,5.79,Approved,2024-05-11,2026-05-23
FRA01174,Telangana,D002,Bhadradri Kothagudem,Bhadrachalam,Nellipaka,Claimant_FRA01174,IFR,2.74,Approved,2025-09-27,2025-10-05
FRA01175,Telangana,D030,Vikarabad,Tandur,Kotbaspally,Claimant_FRA01175,CFR,1.07,Approved,2022-02-25,2025-08-30
FRA01176,Telangana,D007,Jayashankar Bhupalpally,Chityal,Venkateshwarlapally,Claimant_FRA01176,IFR,3.23,Approved,2023-12-23,2025-07-04
FRA01177,Telangana,D001,Adilabad,Narnoor,Kothapalli,Claimant_FRA01177,IFR,3.85,Approved,2021-10-14,2026-08-24
FRA01178,Telangana,D003,Hanumakonda,Atmakur,Chowdapur,Claimant_FRA01178,CFR,0.76,Approved,2022-04-08,2024-11-23
FRA01179,Telangana,D002,Bhadradri Kothagudem,Manuguru,Anantharam,Claimant_FRA01179,IFR,5.3,Approved,2023-01-28,2025-07-10
FRA01180,Telangana,D002,Bhadradri Kothagudem,Manuguru,Anantharam,Claimant_FRA01180,CFR,3.23,Approved,2022-12-07,2024-05-01
FRA01181,Telangana,D032,Warangal,Narsampet,Madhira,Claimant_FRA01181,CFR,7.05,Pending,2024-07-03,
FRA01182,Telangana,D018,Mulugu,Eturunagaram,Katapur,Claimant_FRA01182,CFR,3.44,Approved,2022-02-28,2025-05-21
FRA01183,Telangana,D002,Bhadradri Kothagudem,Kothagudem,Regalla,Claimant_FRA01183,CFR,3.9,Approved,2022-01-28,2026-03-18
FRA01184,Telangana,D005,Jagtial,Korutla,Ailapur,Claimant_FRA01184,IFR,4.12,Approved,2024-02-12,2025-09-27
FRA01185,Telangana,D018,Mulugu,Eturunagaram,Katapur,Claimant_FRA01185,CFR,1.25,Pending,2022-02-03,
FRA01186,Telangana,D001,Adilabad,Utnoor,Devapur,Claimant_FRA01186,IFR,3.26,Rejected,2021-11-16,2025-10-27
FRA01187,Telangana,D005,Jagtial,Metpally,Vellulla,Claimant_FRA01187,IFR,6.88,Approved,2023-04-04,2023-06-12
FRA01188,Telangana,D011,Khammam,Kothagudem,Seetharampuram,Claimant_FRA01188,IFR,4.52,Approved,2025-04-08,2025-10-21
FRA01189,Telangana,D013,Mahabubabad,Kuravi,Seerole,Claimant_FRA01189,CFR,1.44,Rejected,2022-12-04,2025-05-08
FRA01190,Telangana,D004,Hyderabad,Amberpet,Azampura,Claimant_FRA01190,IFR,3.0,Pending,2022-10-07,
FRA01191,Telangana,D005,Jagtial,Metpally,Vellulla,Claimant_FRA01191,IFR,2.1,Approved,2023-06-22,2024-02-29
FRA01192,Telangana,D003,Hanumakonda,Dharmanagar,Mustial,Claimant_FRA01192,CFR,7.17,Approved,2022-12-26,2025-09-10
FRA01193,Telangana,D028,Siddipet,Husnabad,Pothireddypet,Claimant_FRA01193,IFR,2.55,Approved,2023-02-20,2024-08-08
FRA01194,Telangana,D005,Jagtial,Metpally,Vellulla,Claimant_FRA01194,CFR,2.5,Approved,2026-02-14,2026-05-07
FRA01195,Telangana,D013,Mahabubabad,Kuravi,Seerole,Claimant_FRA01195,IFR,5.26,Approved,2025-03-30,2026-06-07
FRA01196,Telangana,D011,Khammam,Kothagudem,Seetharampuram,Claimant_FRA01196,IFR,2.22,Pending,2023-07-10,
FRA01197,Telangana,D002,Bhadradri Kothagudem,Kothagudem,Regalla,Claimant_FRA01197,IFR,0.76,Approved,2024-03-24,2026-07-25
FRA01198,Telangana,D006,Jangaon,Station Ghanpur,Chilpur,Claimant_FRA01198,IFR,1.98,Approved,2025-09-06,2025-10-05
FRA01199,Telangana,D033,Yadadri Bhuvanagiri,Bhongir,Anantharam,Claimant_FRA01199,CFR,3.84,Pending,2025-06-02,
FRA01200,Telangana,D003,Hanumakonda,Dharmanagar,Mustial,Claimant_FRA01200,CFR,3.8,Approved,2024-01-14,2024-09-18
FRA01201,Telangana,D001,Adilabad,Boath,Ghanpur,Claimant_FRA01201,CFR,2.65,Pending,2023-12-19,
FRA01202,Telangana,D001,Adilabad,Utnoor,Devapur,Claimant_FRA01202,CFR,4.65,Pending,2025-11-19,
FRA01203,Telangana,D002,Bhadradri Kothagudem,Bhadrachalam,Nellipaka,Claimant_FRA01203,CFR,5.72,Approved,2024-05-30,2025-01-08
FRA01204,Telangana,D033,Yadadri Bhuvanagiri,Bhongir,Anantharam,Claimant_FRA01204,CFR,2.39,Pending,2025-11-14,
FRA01205,Telangana,D033,Yadadri Bhuvanagiri,Bhongir,Anantharam,Claimant_FRA01205,CFR,1.0,Rejected,2024-05-15,2024-11-18
FRA01206,Telangana,D005,Jagtial,Metpally,Vellulla,Claimant_FRA01206,IFR,5.15,Pending,2023-11-15,
FRA01207,Telangana,D028,Siddipet,Husnabad,Pothireddypet,Claimant_FRA01207,CFR,0.57,Approved,2024-01-23,2025-02-15
FRA01208,Telangana,D011,Khammam,Wyra,Gollapadu,Claimant_FRA01208,CFR,5.56,Approved,2023-04-09,2026-08-16
FRA01209,Telangana,D011,Khammam,Kothagudem,Seetharampuram,Claimant_FRA01209,CFR,7.57,Pending,2023-02-04,
FRA01210,Telangana,D004,Hyderabad,Charminar,Chandrayangutta,Claimant_FRA01210,CFR,2.45,Approved,2024-01-18,2024-03-27
FRA01211,Telangana,D002,Bhadradri Kothagudem,Manuguru,Anantharam,Claimant_FRA01211,IFR,7.62,Pending,2022-01-11,
FRA01212,Telangana,D013,Mahabubabad,Kuravi,Seerole,Claimant_FRA01212,CFR,5.35,Approved,2023-04-30,2026-08-04
FRA01213,Telangana,D005,Jagtial,Korutla,Ailapur,Claimant_FRA01213,IFR,6.53,Pending,2025-10-29,
FRA01214,Telangana,D007,Jayashankar Bhupalpally,Regonda,Kannaram,Claimant_FRA01214,CFR,5.18,Approved,2023-08-01,2025-12-24
FRA01215,Telangana,D007,Jayashankar Bhupalpally,Regonda,Kannaram,Claimant_FRA01215,IFR,2.09,Approved,2022-09-04,2025-01-24
FRA01216,Telangana,D005,Jagtial,Korutla,Ailapur,Claimant_FRA01216,CFR,2.04,Pending,2026-06-10,
FRA01217,Telangana,D002,Bhadradri Kothagudem,Kothagudem,Regalla,Claimant_FRA01217,CFR,3.21,Rejected,2025-04-09,2025-11-21
FRA01218,Telangana,D002,Bhadradri Kothagudem,Manuguru,Anantharam,Claimant_FRA01218,CFR,3.81,Approved,2022-06-09,2024-06-18
FRA01219,Telangana,D005,Jagtial,Metpally,Vellulla,Claimant_FRA01219,CFR,4.58,Rejected,2023-03-16,2023-06-17
FRA01220,Telangana,D013,Mahabubabad,Kuravi,Seerole,Claimant_FRA01220,CFR,4.93,Approved,2026-03-02,2026-05-13
FRA01221,Telangana,D001,Adilabad,Utnoor,Devapur,Claimant_FRA01221,CFR,6.18,Approved,2022-10-13,2024-09-30
FRA01222,Telangana,D033,Yadadri Bhuvanagiri,Bhongir,Anantharam,Claimant_FRA01222,CFR,4.49,Approved,2023-04-24,2023-09-26
FRA01223,Telangana,D003,Hanumakonda,Atmakur,Chowdapur,Claimant_FRA01223,IFR,6.91,Pending,2022-03-05,
FRA01224,Telangana,D004,Hyderabad,Amberpet,Azampura,Claimant_FRA01224,IFR,5.85,Approved,2023-08-13,2025-03-28
FRA01225,Telangana,D005,Jagtial,Metpally,Vellulla,Claimant_FRA01225,CFR,2.83,Approved,2025-09-04,2026-03-30
FRA01226,Telangana,D007,Jayashankar Bhupalpally,Regonda,Kannaram,Claimant_FRA01226,CFR,1.73,Approved,2024-11-09,2025-03-21
FRA01227,Telangana,D004,Hyderabad,Charminar,Chandrayangutta,Claimant_FRA01227,CFR,2.65,Pending,2023-11-13,
FRA01228,Telangana,D026,Rangareddy,Shabad,Kesaram,Claimant_FRA01228,CFR,0.54,Approved,2022-07-11,2023-12-29
FRA01229,Telangana,D006,Jangaon,Jangaon,Pasumamula,Claimant_FRA01229,IFR,7.92,Pending,2025-01-06,
FRA01230,Telangana,D005,Jagtial,Metpally,Vellulla,Claimant_FRA01230,CFR,5.32,Pending,2024-11-26,
FRA01231,Telangana,D002,Bhadradri Kothagudem,Kothagudem,Regalla,Claimant_FRA01231,CFR,7.82,Approved,2026-02-22,2026-06-19
FRA01232,Telangana,D006,Jangaon,Station Ghanpur,Chilpur,Claimant_FRA01232,IFR,4.33,Pending,2023-03-16,
FRA01233,Telangana,D033,Yadadri Bhuvanagiri,Bhongir,Anantharam,Claimant_FRA01233,CFR,7.79,Approved,2025-11-29,2026-06-26
FRA01234,Telangana,D005,Jagtial,Korutla,Ailapur,Claimant_FRA01234,CFR,2.63,Approved,2025-07-25,2025-11-01
FRA01235,Telangana,D011,Khammam,Kothagudem,Seetharampuram,Claimant_FRA01235,IFR,4.28,Approved,2025-04-10,2026-06-23
FRA01236,Telangana,D002,Bhadradri Kothagudem,Bhadrachalam,Nellipaka,Claimant_FRA01236,IFR,1.01,Approved,2026-01-12,2026-07-22
FRA01237,Telangana,D003,Hanumakonda,Dharmanagar,Mustial,Claimant_FRA01237,CFR,3.93,Rejected,2023-02-03,2023-07-30
FRA01238,Telangana,D032,Warangal,Narsampet,Madhira,Claimant_FRA01238,IFR,7.12,Approved,2026-06-07,2026-07-17
FRA01239,Telangana,D023,Nizamabad,Armoor,Mendora,Claimant_FRA01239,IFR,0.76,Pending,2026-02-20,
FRA01240,Telangana,D027,Sangareddy,Narayankhed,Kondapur,Claimant_FRA01240,IFR,3.08,Approved,2022-03-21,2022-07-18
FRA01241,Telangana,D006,Jangaon,Jangaon,Pasumamula,Claimant_FRA01241,CFR,6.42,Rejected,2024-09-05,2025-04-20
FRA01242,Telangana,D002,Bhadradri Kothagudem,Manuguru,Anantharam,Claimant_FRA01242,CFR,7.76,Approved,2023-01-04,2026-08-08
FRA01243,Telangana,D002,Bhadradri Kothagudem,Bhadrachalam,Nellipaka,Claimant_FRA01243,IFR,3.67,Pending,2023-04-20,
FRA01244,Telangana,D003,Hanumakonda,Dharmanagar,Mustial,Claimant_FRA01244,IFR,3.48,Pending,2022-02-19,
FRA01245,Telangana,D001,Adilabad,Boath,Ghanpur,Claimant_FRA01245,CFR,0.74,Approved,2022-09-29,2026-01-10
FRA01246,Telangana,D018,Mulugu,Venkatapur,Narsapur,Claimant_FRA01246,IFR,1.22,Approved,2023-05-02,2024-09-13
FRA01247,Telangana,D002,Bhadradri Kothagudem,Manuguru,Anantharam,Claimant_FRA01247,CFR,7.47,Approved,2025-08-25,2026-01-31
FRA01248,Telangana,D027,Sangareddy,Narayankhed,Kondapur,Claimant_FRA01248,CFR,0.99,Rejected,2023-02-01,2026-06-21
FRA01249,Telangana,D019,Nagarkurnool,Amrabad,Mananur,Claimant_FRA01249,IFR,2.72,Approved,2024-07-05,2024-11-14
FRA01250,Telangana,D007,Jayashankar Bhupalpally,Regonda,Kannaram,Claimant_FRA01250,CFR,5.85,Rejected,2022-12-15,2023-01-06
FRA01251,Telangana,D004,Hyderabad,Amberpet,Azampura,Claimant_FRA01251,CFR,3.29,Rejected,2024-06-08,2025-05-12
FRA01252,Telangana,D018,Mulugu,Venkatapur,Narsapur,Claimant_FRA01252,IFR,7.72,Pending,2023-07-30,
FRA01253,Telangana,D005,Jagtial,Metpally,Vellulla,Claimant_FRA01253,IFR,4.72,Approved,2021-09-18,2023-02-24
FRA01254,Telangana,D007,Jayashankar Bhupalpally,Chityal,Venkateshwarlapally,Claimant_FRA01254,CFR,5.34,Pending,2025-08-11,
FRA01255,Telangana,D013,Mahabubabad,Bayyaram,Garla,Claimant_FRA01255,CFR,0.76,Approved,2025-05-12,2026-01-18
FRA01256,Telangana,D005,Jagtial,Korutla,Ailapur,Claimant_FRA01256,CFR,0.93,Pending,2026-02-27,
FRA01257,Telangana,D018,Mulugu,Eturunagaram,Katapur,Claimant_FRA01257,CFR,1.75,Approved,2023-09-09,2023-11-14
FRA01258,Telangana,D004,Hyderabad,Amberpet,Azampura,Claimant_FRA01258,IFR,1.92,Approved,2026-09-01,2026-09-07
FRA01259,Telangana,D030,Vikarabad,Tandur,Kotbaspally,Claimant_FRA01259,CFR,5.14,Pending,2023-03-14,
FRA01260,Telangana,D004,Hyderabad,Amberpet,Azampura,Claimant_FRA01260,CFR,3.18,Approved,2022-12-06,2024-04-11
FRA01261,Telangana,D013,Mahabubabad,Kuravi,Seerole,Claimant_FRA01261,CFR,6.92,Approved,2023-07-06,2026-03-25
FRA01262,Telangana,D033,Yadadri Bhuvanagiri,Bhongir,Anantharam,Claimant_FRA01262,IFR,3.16,Rejected,2026-03-20,2026-08-09
FRA01263,Telangana,D006,Jangaon,Jangaon,Pasumamula,Claimant_FRA01263,IFR,7.64,Pending,2022-08-27,
FRA01264,Telangana,D026,Rangareddy,Shabad,Kesaram,Claimant_FRA01264,CFR,0.67,Pending,2022-09-18,
FRA01265,Telangana,D006,Jangaon,Station Ghanpur,Chilpur,Claimant_FRA01265,CFR,6.96,Rejected,2025-05-25,2025-07-27
FRA01266,Telangana,D018,Mulugu,Venkatapur,Narsapur,Claimant_FRA01266,CFR,3.74,Approved,2022-03-15,2026-07-18
FRA01267,Telangana,D011,Khammam,Kothagudem,Seetharampuram,Claimant_FRA01267,CFR,4.55,Pending,2022-01-30,
FRA01268,Telangana,D033,Yadadri Bhuvanagiri,Bhongir,Anantharam,Claimant_FRA01268,CFR,3.67,Approved,2023-04-08,2024-05-21
FRA01269,Telangana,D028,Siddipet,Husnabad,Pothireddypet,Claimant_FRA01269,CFR,4.39,Approved,2023-04-09,2026-01-24
FRA01270,Telangana,D023,Nizamabad,Armoor,Mendora,Claimant_FRA01270,IFR,6.1,Pending,2025-11-27,
FRA01271,Telangana,D023,Nizamabad,Armoor,Mendora,Claimant_FRA01271,CFR,7.69,Pending,2024-10-15,
FRA01272,Telangana,D013,Mahabubabad,Kuravi,Seerole,Claimant_FRA01272,IFR,2.6,Approved,2026-09-15,2026-09-17
FRA01273,Telangana,D026,Rangareddy,Shabad,Kesaram,Claimant_FRA01273,CFR,1.46,Approved,2024-08-05,2024-10-23
FRA01274,Telangana,D032,Warangal,Narsampet,Madhira,Claimant_FRA01274,IFR,5.75,Approved,2023-10-24,2024-10-12
FRA01275,Telangana,D030,Vikarabad,Tandur,Kotbaspally,Claimant_FRA01275,IFR,4.26,Rejected,2026-07-15,2026-08-21
FRA01276,Telangana,D018,Mulugu,Eturunagaram,Katapur,Claimant_FRA01276,CFR,3.29,Approved,2024-04-07,2025-06-08
FRA01277,Telangana,D011,Khammam,Kothagudem,Seetharampuram,Claimant_FRA01277,IFR,2.37,Rejected,2022-01-15,2023-01-14
FRA01278,Telangana,D005,Jagtial,Korutla,Ailapur,Claimant_FRA01278,CFR,6.03,Approved,2023-10-17,2024-03-09
FRA01279,Telangana,D032,Warangal,Narsampet,Madhira,Claimant_FRA01279,CFR,1.09,Approved,2024-05-06,2026-07-18
FRA01280,Telangana,D019,Nagarkurnool,Amrabad,Mananur,Claimant_FRA01280,CFR,7.64,Approved,2026-04-12,2026-08-12
FRA01281,Telangana,D002,Bhadradri Kothagudem,Bhadrachalam,Nellipaka,Claimant_FRA01281,CFR,3.6,Pending,2025-02-22,
FRA01282,Telangana,D006,Jangaon,Station Ghanpur,Chilpur,Claimant_FRA01282,IFR,0.83,Approved,2025-10-29,2025-12-31
FRA01283,Telangana,D001,Adilabad,Narnoor,Kothapalli,Claimant_FRA01283,CFR,1.27,Pending,2024-07-03,
FRA01284,Telangana,D001,Adilabad,Utnoor,Devapur,Claimant_FRA01284,IFR,6.81,Approved,2023-10-29,2026-02-09
FRA01285,Telangana,D002,Bhadradri Kothagudem,Manuguru,Anantharam,Claimant_FRA01285,IFR,5.14,Pending,2023-02-16,
FRA01286,Telangana,D005,Jagtial,Korutla,Ailapur,Claimant_FRA01286,IFR,6.34,Approved,2025-07-14,2026-04-09
FRA01287,Telangana,D005,Jagtial,Metpally,Vellulla,Claimant_FRA01287,IFR,1.05,Approved,2023-02-14,2026-09-08
FRA01288,Telangana,D023,Nizamabad,Armoor,Mendora,Claimant_FRA01288,IFR,2.39,Approved,2022-12-07,2025-05-26
FRA01289,Telangana,D003,Hanumakonda,Dharmanagar,Mustial,Claimant_FRA01289,CFR,0.7,Approved,2026-08-14,2026-09-10
FRA01290,Telangana,D006,Jangaon,Jangaon,Pasumamula,Claimant_FRA01290,CFR,6.34,Pending,2026-06-06,
FRA01291,Telangana,D002,Bhadradri Kothagudem,Manuguru,Anantharam,Claimant_FRA01291,CFR,3.99,Pending,2022-01-04,
FRA01292,Telangana,D006,Jangaon,Station Ghanpur,Chilpur,Claimant_FRA01292,CFR,6.69,Approved,2025-08-08,2026-06-20
FRA01293,Telangana,D005,Jagtial,Korutla,Ailapur,Claimant_FRA01293,CFR,5.22,Approved,2025-09-11,2026-01-19
FRA01294,Telangana,D018,Mulugu,Eturunagaram,Katapur,Claimant_FRA01294,IFR,6.82,Approved,2026-01-31,2026-03-19
FRA01295,Telangana,D002,Bhadradri Kothagudem,Kothagudem,Regalla,Claimant_FRA01295,CFR,0.77,Rejected,2026-08-06,2026-09-05
FRA01296,Telangana,D013,Mahabubabad,Bayyaram,Garla,Claimant_FRA01296,IFR,2.74,Approved,2026-01-31,2026-07-28
FRA01297,Telangana,D023,Nizamabad,Armoor,Mendora,Claimant_FRA01297,IFR,4.94,Pending,2025-12-07,
FRA01298,Telangana,D011,Khammam,Kothagudem,Seetharampuram,Claimant_FRA01298,IFR,5.17,Approved,2023-01-14,2023-12-09
FRA01299,Telangana,D011,Khammam,Kothagudem,Seetharampuram,Claimant_FRA01299,IFR,3.38,Pending,2025-01-09,
FRA01300,Telangana,D002,Bhadradri Kothagudem,Manuguru,Anantharam,Claimant_FRA01300,IFR,1.14,Approved,2023-11-06,2025-12-16
FRA01301,Telangana,D007,Jayashankar Bhupalpally,Regonda,Kannaram,Claimant_FRA01301,IFR,2.67,Pending,2022-11-06,
FRA01302,Telangana,D026,Rangareddy,Shabad,Kesaram,Claimant_FRA01302,IFR,0.92,Rejected,2024-02-07,2024-04-14
FRA01303,Telangana,D007,Jayashankar Bhupalpally,Chityal,Venkateshwarlapally,Claimant_FRA01303,CFR,4.7,Rejected,2022-06-24,2024-01-04
FRA01304,Telangana,D019,Nagarkurnool,Amrabad,Mananur,Claimant_FRA01304,IFR,4.09,Rejected,2021-10-20,2025-07-16
FRA01305,Telangana,D007,Jayashankar Bhupalpally,Chityal,Venkateshwarlapally,Claimant_FRA01305,IFR,4.54,Pending,2023-10-27,
FRA01306,Telangana,D005,Jagtial,Metpally,Vellulla,Claimant_FRA01306,CFR,4.4,Approved,2022-04-13,2026-07-19
FRA01307,Telangana,D028,Siddipet,Husnabad,Pothireddypet,Claimant_FRA01307,CFR,2.74,Approved,2022-01-07,2025-10-15
FRA01308,Telangana,D004,Hyderabad,Amberpet,Azampura,Claimant_FRA01308,IFR,1.68,Approved,2023-12-08,2024-10-24
FRA01309,Telangana,D001,Adilabad,Utnoor,Devapur,Claimant_FRA01309,IFR,6.93,Approved,2021-09-23,2026-07-17
FRA01310,Telangana,D023,Nizamabad,Armoor,Mendora,Claimant_FRA01310,CFR,5.46,Pending,2021-12-03,
FRA01311,Telangana,D028,Siddipet,Husnabad,Pothireddypet,Claimant_FRA01311,IFR,6.83,Pending,2025-06-02,
FRA01312,Telangana,D032,Warangal,Narsampet,Madhira,Claimant_FRA01312,CFR,5.93,Approved,2025-01-20,2025-12-04
FRA01313,Telangana,D018,Mulugu,Venkatapur,Narsapur,Claimant_FRA01313,IFR,0.68,Pending,2026-05-01,
FRA01314,Telangana,D004,Hyderabad,Charminar,Chandrayangutta,Claimant_FRA01314,CFR,2.24,Pending,2026-03-04,
FRA01315,Telangana,D011,Khammam,Kothagudem,Seetharampuram,Claimant_FRA01315,IFR,6.13,Approved,2024-02-21,2025-10-25
FRA01316,Telangana,D019,Nagarkurnool,Amrabad,Mananur,Claimant_FRA01316,IFR,6.22,Approved,2026-05-22,2026-06-09
FRA01317,Telangana,D002,Bhadradri Kothagudem,Kothagudem,Regalla,Claimant_FRA01317,IFR,7.15,Approved,2024-06-02,2025-01-22
FRA01318,Telangana,D019,Nagarkurnool,Amrabad,Mananur,Claimant_FRA01318,IFR,4.52,Rejected,2024-03-21,2026-03-25
FRA01319,Telangana,D030,Vikarabad,Tandur,Kotbaspally,Claimant_FRA01319,CFR,6.31,Approved,2022-02-13,2025-04-29
FRA01320,Telangana,D019,Nagarkurnool,Amrabad,Mananur,Claimant_FRA01320,CFR,6.42,Approved,2022-01-05,2024-03-30
FRA01321,Telangana,D032,Warangal,Narsampet,Madhira,Claimant_FRA01321,IFR,0.75,Pending,2022-10-13,
FRA01322,Telangana,D004,Hyderabad,Amberpet,Azampura,Claimant_FRA01322,IFR,7.18,Approved,2025-07-19,2026-06-09
FRA01323,Telangana,D002,Bhadradri Kothagudem,Kothagudem,Regalla,Claimant_FRA01323,IFR,2.12,Approved,2024-12-12,2026-06-15
FRA01324,Telangana,D011,Khammam,Kothagudem,Seetharampuram,Claimant_FRA01324,IFR,1.71,Approved,2022-10-17,2025-02-17
FRA01325,Telangana,D001,Adilabad,Narnoor,Kothapalli,Claimant_FRA01325,IFR,0.77,Rejected,2023-01-28,2024-03-12
FRA01326,Telangana,D028,Siddipet,Husnabad,Pothireddypet,Claimant_FRA01326,CFR,1.97,Approved,2024-08-29,2026-08-30
FRA01327,Telangana,D001,Adilabad,Utnoor,Devapur,Claimant_FRA01327,CFR,2.83,Approved,2023-09-05,2026-05-21
FRA01328,Telangana,D004,Hyderabad,Amberpet,Azampura,Claimant_FRA01328,CFR,2.66,Approved,2023-06-16,2023-09-26
FRA01329,Telangana,D004,Hyderabad,Amberpet,Azampura,Claimant_FRA01329,IFR,1.38,Approved,2022-04-09,2026-07-09
FRA01330,Telangana,D002,Bhadradri Kothagudem,Kothagudem,Regalla,Claimant_FRA01330,CFR,2.28,Approved,2024-07-05,2026-05-31
FRA01331,Telangana,D011,Khammam,Kothagudem,Seetharampuram,Claimant_FRA01331,IFR,4.32,Rejected,2022-07-13,2026-08-30
FRA01332,Telangana,D001,Adilabad,Narnoor,Kothapalli,Claimant_FRA01332,IFR,2.62,Approved,2024-09-27,2025-01-13
FRA01333,Telangana,D001,Adilabad,Utnoor,Devapur,Claimant_FRA01333,CFR,3.56,Pending,2026-03-03,
FRA01334,Telangana,D003,Hanumakonda,Atmakur,Chowdapur,Claimant_FRA01334,IFR,5.61,Approved,2022-10-13,2024-02-06
FRA01335,Telangana,D030,Vikarabad,Tandur,Kotbaspally,Claimant_FRA01335,CFR,5.03,Pending,2023-12-14,
FRA01336,Telangana,D027,Sangareddy,Narayankhed,Kondapur,Claimant_FRA01336,IFR,3.76,Approved,2023-09-18,2024-01-18
FRA01337,Telangana,D001,Adilabad,Utnoor,Devapur,Claimant_FRA01337,IFR,4.32,Rejected,2024-12-01,2026-07-31
FRA01338,Telangana,D028,Siddipet,Husnabad,Pothireddypet,Claimant_FRA01338,IFR,3.85,Approved,2022-01-01,2023-11-09
FRA01339,Telangana,D013,Mahabubabad,Bayyaram,Garla,Claimant_FRA01339,IFR,5.79,Approved,2023-12-17,2024-08-17
FRA01340,Telangana,D001,Adilabad,Narnoor,Kothapalli,Claimant_FRA01340,IFR,0.7,Approved,2025-02-18,2025-07-29
FRA01341,Telangana,D011,Khammam,Wyra,Gollapadu,Claimant_FRA01341,IFR,2.73,Pending,2025-04-18,
FRA01342,Telangana,D030,Vikarabad,Tandur,Kotbaspally,Claimant_FRA01342,IFR,1.01,Approved,2025-07-25,2026-03-26
FRA01343,Telangana,D027,Sangareddy,Narayankhed,Kondapur,Claimant_FRA01343,CFR,4.49,Approved,2023-03-31,2024-07-24
FRA01344,Telangana,D003,Hanumakonda,Atmakur,Chowdapur,Claimant_FRA01344,CFR,5.46,Approved,2026-05-14,2026-06-07
FRA01345,Telangana,D023,Nizamabad,Armoor,Mendora,Claimant_FRA01345,IFR,5.12,Pending,2024-05-22,
FRA01346,Telangana,D033,Yadadri Bhuvanagiri,Bhongir,Anantharam,Claimant_FRA01346,CFR,6.95,Pending,2025-08-01,
FRA01347,Telangana,D018,Mulugu,Eturunagaram,Katapur,Claimant_FRA01347,IFR,5.73,Pending,2025-09-03,
FRA01348,Telangana,D006,Jangaon,Jangaon,Pasumamula,Claimant_FRA01348,IFR,6.1,Approved,2025-01-02,2025-04-04
FRA01349,Telangana,D013,Mahabubabad,Bayyaram,Garla,Claimant_FRA01349,CFR,1.95,Approved,2023-01-25,2025-06-01
FRA01350,Telangana,D030,Vikarabad,Tandur,Kotbaspally,Claimant_FRA01350,IFR,4.44,Approved,2025-02-27,2026-08-11
FRA01351,Telangana,D013,Mahabubabad,Bayyaram,Garla,Claimant_FRA01351,IFR,3.85,Approved,2022-11-08,2024-08-26
FRA01352,Telangana,D002,Bhadradri Kothagudem,Bhadrachalam,Nellipaka,Claimant_FRA01352,CFR,3.48,Approved,2023-10-31,2024-03-17
FRA01353,Telangana,D018,Mulugu,Venkatapur,Narsapur,Claimant_FRA01353,IFR,5.1,Approved,2025-06-15,2025-06-27
FRA01354,Telangana,D018,Mulugu,Venkatapur,Narsapur,Claimant_FRA01354,CFR,4.14,Pending,2023-04-20,
FRA01355,Telangana,D002,Bhadradri Kothagudem,Kothagudem,Regalla,Claimant_FRA01355,IFR,2.26,Approved,2022-01-11,2025-11-22
FRA01356,Telangana,D007,Jayashankar Bhupalpally,Regonda,Kannaram,Claimant_FRA01356,IFR,4.08,Approved,2026-06-02,2026-08-10
FRA01357,Telangana,D020,Nalgonda,Devarakonda,Chinthapally,Claimant_FRA01357,IFR,1.39,Approved,2025-04-23,2025-12-05
FRA01358,Telangana,D006,Jangaon,Jangaon,Pasumamula,Claimant_FRA01358,CFR,1.94,Approved,2022-01-09,2023-01-02
FRA01359,Telangana,D018,Mulugu,Eturunagaram,Katapur,Claimant_FRA01359,IFR,2.11,Approved,2023-04-06,2024-10-03
FRA01360,Telangana,D011,Khammam,Kothagudem,Seetharampuram,Claimant_FRA01360,IFR,5.15,Pending,2024-01-26,
FRA01361,Telangana,D032,Warangal,Narsampet,Madhira,Claimant_FRA01361,CFR,4.54,Approved,2026-06-12,2026-06-20
FRA01362,Telangana,D019,Nagarkurnool,Amrabad,Mananur,Claimant_FRA01362,IFR,5.11,Approved,2022-05-29,2026-07-12
FRA01363,Telangana,D002,Bhadradri Kothagudem,Kothagudem,Regalla,Claimant_FRA01363,CFR,6.19,Approved,2024-06-17,2025-08-23
FRA01364,Telangana,D013,Mahabubabad,Kuravi,Seerole,Claimant_FRA01364,IFR,2.36,Pending,2024-06-03,
FRA01365,Telangana,D032,Warangal,Narsampet,Madhira,Claimant_FRA01365,IFR,7.56,Approved,2026-05-19,2026-06-29
FRA01366,Telangana,D007,Jayashankar Bhupalpally,Regonda,Kannaram,Claimant_FRA01366,IFR,3.33,Approved,2024-05-28,2025-11-06
FRA01367,Telangana,D002,Bhadradri Kothagudem,Kothagudem,Regalla,Claimant_FRA01367,IFR,5.33,Rejected,2024-03-12,2024-11-16
FRA01368,Telangana,D011,Khammam,Kothagudem,Seetharampuram,Claimant_FRA01368,IFR,4.91,Rejected,2022-03-06,2023-10-17
FRA01369,Telangana,D026,Rangareddy,Shabad,Kesaram,Claimant_FRA01369,CFR,6.48,Pending,2024-01-09,
FRA01370,Telangana,D005,Jagtial,Metpally,Vellulla,Claimant_FRA01370,CFR,1.34,Approved,2023-10-11,2024-01-04
FRA01371,Telangana,D027,Sangareddy,Narayankhed,Kondapur,Claimant_FRA01371,CFR,5.52,Approved,2023-12-29,2025-05-05
FRA01372,Telangana,D018,Mulugu,Eturunagaram,Katapur,Claimant_FRA01372,IFR,3.26,Approved,2025-02-11,2025-06-27
FRA01373,Telangana,D023,Nizamabad,Armoor,Mendora,Claimant_FRA01373,CFR,5.52,Pending,2023-04-18,
FRA01374,Telangana,D013,Mahabubabad,Bayyaram,Garla,Claimant_FRA01374,IFR,4.96,Approved,2022-07-31,2024-08-08
FRA01375,Telangana,D004,Hyderabad,Charminar,Chandrayangutta,Claimant_FRA01375,CFR,4.74,Rejected,2024-01-08,2026-01-30
FRA01376,Telangana,D004,Hyderabad,Amberpet,Azampura,Claimant_FRA01376,IFR,7.24,Pending,2026-04-03,
FRA01377,Telangana,D019,Nagarkurnool,Amrabad,Mananur,Claimant_FRA01377,IFR,6.24,Approved,2022-05-25,2025-04-28
FRA01378,Telangana,D013,Mahabubabad,Bayyaram,Garla,Claimant_FRA01378,CFR,5.39,Approved,2024-11-01,2025-09-05
FRA01379,Telangana,D002,Bhadradri Kothagudem,Kothagudem,Regalla,Claimant_FRA01379,CFR,1.44,Pending,2025-09-19,
FRA01380,Telangana,D018,Mulugu,Eturunagaram,Katapur,Claimant_FRA01380,IFR,1.09,Rejected,2022-08-09,2025-05-30
FRA01381,Telangana,D026,Rangareddy,Shabad,Kesaram,Claimant_FRA01381,IFR,3.14,Pending,2024-10-27,
FRA01382,Telangana,D005,Jagtial,Metpally,Vellulla,Claimant_FRA01382,CFR,4.21,Pending,2026-07-13,
FRA01383,Telangana,D026,Rangareddy,Shabad,Kesaram,Claimant_FRA01383,CFR,7.04,Approved,2021-10-23,2023-04-17
FRA01384,Telangana,D001,Adilabad,Boath,Ghanpur,Claimant_FRA01384,IFR,6.36,Approved,2024-01-04,2026-07-29
FRA01385,Telangana,D013,Mahabubabad,Bayyaram,Garla,Claimant_FRA01385,IFR,5.44,Rejected,2023-06-06,2025-05-07
FRA01386,Telangana,D004,Hyderabad,Charminar,Chandrayangutta,Claimant_FRA01386,IFR,7.09,Pending,2023-07-09,
FRA01387,Telangana,D005,Jagtial,Korutla,Ailapur,Claimant_FRA01387,IFR,2.63,Approved,2023-06-24,2025-03-01
FRA01388,Telangana,D023,Nizamabad,Armoor,Mendora,Claimant_FRA01388,IFR,3.49,Rejected,2026-03-04,2026-03-14
FRA01389,Telangana,D002,Bhadradri Kothagudem,Manuguru,Anantharam,Claimant_FRA01389,CFR,0.52,Pending,2024-01-21,
FRA01390,Telangana,D018,Mulugu,Venkatapur,Narsapur,Claimant_FRA01390,CFR,1.96,Approved,2023-03-15,2024-11-07
FRA01391,Telangana,D023,Nizamabad,Armoor,Mendora,Claimant_FRA01391,IFR,1.89,Pending,2024-06-22,
FRA01392,Telangana,D032,Warangal,Narsampet,Madhira,Claimant_FRA01392,IFR,7.85,Pending,2024-03-16,
FRA01393,Telangana,D007,Jayashankar Bhupalpally,Chityal,Venkateshwarlapally,Claimant_FRA01393,CFR,0.64,Approved,2025-08-10,2025-12-22
FRA01394,Telangana,D011,Khammam,Kothagudem,Seetharampuram,Claimant_FRA01394,IFR,0.71,Approved,2022-11-02,2025-02-01
FRA01395,Telangana,D019,Nagarkurnool,Amrabad,Mananur,Claimant_FRA01395,IFR,6.05,Approved,2026-04-10,2026-05-10
FRA01396,Telangana,D033,Yadadri Bhuvanagiri,Bhongir,Anantharam,Claimant_FRA01396,CFR,7.07,Rejected,2022-08-12,2024-08-10
FRA01397,Telangana,D028,Siddipet,Husnabad,Pothireddypet,Claimant_FRA01397,CFR,1.38,Pending,2026-04-05,
FRA01398,Telangana,D011,Khammam,Wyra,Gollapadu,Claimant_FRA01398,CFR,2.85,Approved,2025-09-02,2026-05-13
FRA01399,Telangana,D007,Jayashankar Bhupalpally,Chityal,Venkateshwarlapally,Claimant_FRA01399,CFR,6.08,Approved,2023-01-07,2024-09-18
FRA01400,Telangana,D003,Hanumakonda,Dharmanagar,Mustial,Claimant_FRA01400,IFR,6.41,Approved,2024-02-18,2024-10-22
FRA01401,Telangana,D002,Bhadradri Kothagudem,Manuguru,Anantharam,Claimant_FRA01401,IFR,0.87,Approved,2024-07-26,2024-08-29
FRA01402,Telangana,D030,Vikarabad,Tandur,Kotbaspally,Claimant_FRA01402,IFR,5.04,Approved,2023-08-01,2024-12-02
FRA01403,Telangana,D018,Mulugu,Venkatapur,Narsapur,Claimant_FRA01403,CFR,3.0,Approved,2023-04-25,2024-04-25
FRA01404,Telangana,D028,Siddipet,Husnabad,Pothireddypet,Claimant_FRA01404,CFR,2.72,Rejected,2026-07-05,2026-09-03
FRA01405,Telangana,D018,Mulugu,Venkatapur,Narsapur,Claimant_FRA01405,IFR,3.47,Approved,2023-01-22,2024-04-15
FRA01406,Telangana,D033,Yadadri Bhuvanagiri,Bhongir,Anantharam,Claimant_FRA01406,CFR,2.16,Approved,2026-03-15,2026-08-21
FRA01407,Telangana,D007,Jayashankar Bhupalpally,Chityal,Venkateshwarlapally,Claimant_FRA01407,IFR,5.13,Approved,2026-03-30,2026-07-31
FRA01408,Telangana,D020,Nalgonda,Devarakonda,Chinthapally,Claimant_FRA01408,CFR,1.42,Pending,2024-07-29,
FRA01409,Telangana,D018,Mulugu,Venkatapur,Narsapur,Claimant_FRA01409,IFR,1.35,Approved,2023-01-29,2026-03-25
FRA01410,Telangana,D018,Mulugu,Venkatapur,Narsapur,Claimant_FRA01410,CFR,2.01,Approved,2021-10-26,2024-05-20
FRA01411,Telangana,D006,Jangaon,Station Ghanpur,Chilpur,Claimant_FRA01411,IFR,0.65,Rejected,2024-08-07,2025-03-02
FRA01412,Telangana,D028,Siddipet,Husnabad,Pothireddypet,Claimant_FRA01412,CFR,8.0,Approved,2024-03-31,2026-04-09
FRA01413,Telangana,D003,Hanumakonda,Atmakur,Chowdapur,Claimant_FRA01413,CFR,6.77,Approved,2023-04-26,2026-02-19
FRA01414,Telangana,D004,Hyderabad,Amberpet,Azampura,Claimant_FRA01414,IFR,2.04,Approved,2026-04-15,2026-07-19
FRA01415,Telangana,D001,Adilabad,Narnoor,Kothapalli,Claimant_FRA01415,CFR,2.45,Rejected,2022-04-24,2023-09-11
FRA01416,Telangana,D001,Adilabad,Narnoor,Kothapalli,Claimant_FRA01416,IFR,5.36,Approved,2026-09-06,2026-09-09
FRA01417,Telangana,D004,Hyderabad,Charminar,Chandrayangutta,Claimant_FRA01417,IFR,3.65,Pending,2024-08-29,
FRA01418,Telangana,D019,Nagarkurnool,Amrabad,Mananur,Claimant_FRA01418,IFR,2.49,Approved,2026-09-15,2026-09-17
FRA01419,Telangana,D013,Mahabubabad,Bayyaram,Garla,Claimant_FRA01419,IFR,4.15,Pending,2025-07-08,
FRA01420,Telangana,D018,Mulugu,Eturunagaram,Katapur,Claimant_FRA01420,IFR,3.91,Approved,2024-03-08,2024-06-04
FRA01421,Telangana,D011,Khammam,Wyra,Gollapadu,Claimant_FRA01421,CFR,4.28,Approved,2025-05-08,2026-01-13
FRA01422,Telangana,D007,Jayashankar Bhupalpally,Regonda,Kannaram,Claimant_FRA01422,IFR,5.2,Pending,2022-09-06,
FRA01423,Telangana,D002,Bhadradri Kothagudem,Manuguru,Anantharam,Claimant_FRA01423,CFR,3.54,Rejected,2024-02-13,2026-04-15
FRA01424,Telangana,D001,Adilabad,Narnoor,Kothapalli,Claimant_FRA01424,IFR,3.57,Approved,2024-12-04,2026-06-04
FRA01425,Telangana,D002,Bhadradri Kothagudem,Manuguru,Anantharam,Claimant_FRA01425,IFR,7.76,Approved,2023-03-31,2023-04-29
FRA01426,Telangana,D002,Bhadradri Kothagudem,Bhadrachalam,Nellipaka,Claimant_FRA01426,CFR,2.45,Pending,2025-10-02,
FRA01427,Telangana,D005,Jagtial,Metpally,Vellulla,Claimant_FRA01427,IFR,1.53,Rejected,2023-12-20,2024-01-15
FRA01428,Telangana,D013,Mahabubabad,Kuravi,Seerole,Claimant_FRA01428,CFR,4.2,Approved,2025-01-30,2026-03-26
FRA01429,Telangana,D007,Jayashankar Bhupalpally,Regonda,Kannaram,Claimant_FRA01429,CFR,4.4,Approved,2025-03-15,2025-11-12
FRA01430,Telangana,D004,Hyderabad,Charminar,Chandrayangutta,Claimant_FRA01430,CFR,3.93,Pending,2022-03-03,
FRA01431,Telangana,D028,Siddipet,Husnabad,Pothireddypet,Claimant_FRA01431,CFR,6.07,Approved,2025-07-06,2026-01-21
FRA01432,Telangana,D030,Vikarabad,Tandur,Kotbaspally,Claimant_FRA01432,CFR,2.86,Pending,2021-11-19,
FRA01433,Telangana,D005,Jagtial,Metpally,Vellulla,Claimant_FRA01433,IFR,1.51,Approved,2022-05-16,2026-01-21
FRA01434,Telangana,D020,Nalgonda,Devarakonda,Chinthapally,Claimant_FRA01434,IFR,1.45,Approved,2022-09-14,2022-11-14
FRA01435,Telangana,D007,Jayashankar Bhupalpally,Chityal,Venkateshwarlapally,Claimant_FRA01435,CFR,1.56,Rejected,2022-10-23,2025-09-09
FRA01436,Telangana,D002,Bhadradri Kothagudem,Manuguru,Anantharam,Claimant_FRA01436,IFR,5.02,Pending,2026-07-08,
FRA01437,Telangana,D004,Hyderabad,Charminar,Chandrayangutta,Claimant_FRA01437,IFR,5.42,Pending,2022-05-17,
FRA01438,Telangana,D026,Rangareddy,Shabad,Kesaram,Claimant_FRA01438,CFR,0.67,Approved,2022-07-29,2025-02-03
FRA01439,Telangana,D001,Adilabad,Boath,Ghanpur,Claimant_FRA01439,CFR,0.88,Approved,2024-06-28,2026-01-07
FRA01440,Telangana,D003,Hanumakonda,Dharmanagar,Mustial,Claimant_FRA01440,CFR,3.99,Approved,2021-10-07,2023-10-01
FRA01441,Telangana,D001,Adilabad,Boath,Ghanpur,Claimant_FRA01441,CFR,5.65,Approved,2022-05-23,2025-10-03
FRA01442,Telangana,D011,Khammam,Kothagudem,Seetharampuram,Claimant_FRA01442,IFR,1.02,Pending,2024-10-17,
FRA01443,Telangana,D027,Sangareddy,Narayankhed,Kondapur,Claimant_FRA01443,IFR,5.59,Rejected,2024-05-25,2025-06-28
FRA01444,Telangana,D018,Mulugu,Eturunagaram,Katapur,Claimant_FRA01444,CFR,6.77,Approved,2025-01-07,2025-02-24
FRA01445,Telangana,D005,Jagtial,Korutla,Ailapur,Claimant_FRA01445,CFR,6.96,Approved,2026-03-30,2026-06-12
FRA01446,Telangana,D032,Warangal,Narsampet,Madhira,Claimant_FRA01446,CFR,5.59,Approved,2021-10-27,2026-07-11
FRA01447,Telangana,D020,Nalgonda,Devarakonda,Chinthapally,Claimant_FRA01447,IFR,2.54,Approved,2023-09-05,2026-04-01
FRA01448,Telangana,D011,Khammam,Kothagudem,Seetharampuram,Claimant_FRA01448,IFR,4.24,Approved,2024-11-03,2025-10-07
FRA01449,Telangana,D001,Adilabad,Utnoor,Devapur,Claimant_FRA01449,CFR,2.09,Approved,2025-05-19,2026-01-31
FRA01450,Telangana,D004,Hyderabad,Charminar,Chandrayangutta,Claimant_FRA01450,CFR,4.85,Approved,2023-07-25,2026-01-03
FRA01451,Telangana,D028,Siddipet,Husnabad,Pothireddypet,Claimant_FRA01451,IFR,5.13,Rejected,2025-06-16,2026-06-21
FRA01452,Telangana,D020,Nalgonda,Devarakonda,Chinthapally,Claimant_FRA01452,IFR,5.51,Approved,2025-05-19,2025-07-27
FRA01453,Telangana,D019,Nagarkurnool,Amrabad,Mananur,Claimant_FRA01453,IFR,2.27,Approved,2024-08-07,2025-02-04
FRA01454,Telangana,D006,Jangaon,Station Ghanpur,Chilpur,Claimant_FRA01454,IFR,6.77,Pending,2025-05-27,
FRA01455,Telangana,D006,Jangaon,Jangaon,Pasumamula,Claimant_FRA01455,IFR,0.87,Pending,2025-11-30,
FRA01456,Telangana,D019,Nagarkurnool,Amrabad,Mananur,Claimant_FRA01456,CFR,2.91,Approved,2023-09-28,2026-09-18
FRA01457,Telangana,D023,Nizamabad,Armoor,Mendora,Claimant_FRA01457,IFR,0.61,Approved,2022-06-07,2024-06-23
FRA01458,Telangana,D004,Hyderabad,Amberpet,Azampura,Claimant_FRA01458,CFR,4.12,Pending,2024-12-28,
FRA01459,Telangana,D023,Nizamabad,Armoor,Mendora,Claimant_FRA01459,CFR,3.33,Rejected,2025-05-14,2025-06-13
FRA01460,Telangana,D026,Rangareddy,Shabad,Kesaram,Claimant_FRA01460,IFR,4.92,Pending,2022-12-27,
FRA01461,Telangana,D001,Adilabad,Boath,Ghanpur,Claimant_FRA01461,CFR,6.53,Rejected,2023-03-11,2026-03-03
FRA01462,Telangana,D002,Bhadradri Kothagudem,Bhadrachalam,Nellipaka,Claimant_FRA01462,IFR,6.35,Pending,2024-05-04,
FRA01463,Telangana,D020,Nalgonda,Devarakonda,Chinthapally,Claimant_FRA01463,IFR,7.53,Pending,2026-09-17,
FRA01464,Telangana,D023,Nizamabad,Armoor,Mendora,Claimant_FRA01464,CFR,4.95,Approved,2023-03-05,2026-09-08
FRA01465,Telangana,D011,Khammam,Kothagudem,Seetharampuram,Claimant_FRA01465,IFR,6.29,Approved,2024-05-17,2026-04-22
FRA01466,Telangana,D003,Hanumakonda,Dharmanagar,Mustial,Claimant_FRA01466,IFR,1.4,Approved,2026-06-20,2026-07-14
FRA01467,Telangana,D018,Mulugu,Venkatapur,Narsapur,Claimant_FRA01467,IFR,3.41,Approved,2024-11-02,2024-12-21
FRA01468,Telangana,D002,Bhadradri Kothagudem,Bhadrachalam,Nellipaka,Claimant_FRA01468,CFR,2.75,Approved,2025-01-15,2026-08-08
FRA01469,Telangana,D033,Yadadri Bhuvanagiri,Bhongir,Anantharam,Claimant_FRA01469,IFR,7.47,Pending,2025-12-28,
FRA01470,Telangana,D005,Jagtial,Korutla,Ailapur,Claimant_FRA01470,CFR,6.83,Pending,2026-04-07,
FRA01471,Telangana,D002,Bhadradri Kothagudem,Manuguru,Anantharam,Claimant_FRA01471,CFR,3.96,Approved,2025-06-28,2026-05-21
FRA01472,Telangana,D033,Yadadri Bhuvanagiri,Bhongir,Anantharam,Claimant_FRA01472,IFR,1.85,Pending,2022-04-10,
FRA01473,Telangana,D011,Khammam,Wyra,Gollapadu,Claimant_FRA01473,IFR,1.71,Pending,2023-12-28,
FRA01474,Telangana,D018,Mulugu,Venkatapur,Narsapur,Claimant_FRA01474,CFR,5.31,Rejected,2025-01-18,2026-06-14
FRA01475,Telangana,D002,Bhadradri Kothagudem,Manuguru,Anantharam,Claimant_FRA01475,CFR,4.67,Pending,2024-05-18,
FRA01476,Telangana,D018,Mulugu,Venkatapur,Narsapur,Claimant_FRA01476,CFR,5.47,Pending,2026-02-18,
FRA01477,Telangana,D001,Adilabad,Utnoor,Devapur,Claimant_FRA01477,CFR,5.19,Approved,2023-08-16,2025-02-28
FRA01478,Telangana,D020,Nalgonda,Devarakonda,Chinthapally,Claimant_FRA01478,IFR,7.53,Rejected,2026-01-28,2026-02-27
FRA01479,Telangana,D011,Khammam,Kothagudem,Seetharampuram,Claimant_FRA01479,CFR,6.42,Pending,2023-10-02,
FRA01480,Telangana,D003,Hanumakonda,Atmakur,Chowdapur,Claimant_FRA01480,CFR,7.02,Pending,2022-07-20,
FRA01481,Telangana,D018,Mulugu,Venkatapur,Narsapur,Claimant_FRA01481,IFR,6.54,Pending,2022-09-05,
FRA01482,Telangana,D030,Vikarabad,Tandur,Kotbaspally,Claimant_FRA01482,CFR,1.28,Approved,2022-09-11,2025-07-23
FRA01483,Telangana,D001,Adilabad,Boath,Ghanpur,Claimant_FRA01483,IFR,2.87,Approved,2025-08-21,2026-05-07
FRA01484,Telangana,D005,Jagtial,Korutla,Ailapur,Claimant_FRA01484,CFR,3.45,Approved,2025-05-03,2026-06-01
FRA01485,Telangana,D013,Mahabubabad,Bayyaram,Garla,Claimant_FRA01485,IFR,7.2,Rejected,2023-11-18,2026-01-28
FRA01486,Telangana,D006,Jangaon,Jangaon,Pasumamula,Claimant_FRA01486,CFR,4.4,Rejected,2024-06-27,2025-11-26
FRA01487,Telangana,D028,Siddipet,Husnabad,Pothireddypet,Claimant_FRA01487,IFR,3.01,Approved,2026-07-14,2026-08-12
FRA01488,Telangana,D032,Warangal,Narsampet,Madhira,Claimant_FRA01488,CFR,5.69,Rejected,2025-12-08,2026-05-15
FRA01489,Telangana,D020,Nalgonda,Devarakonda,Chinthapally,Claimant_FRA01489,IFR,6.16,Pending,2026-04-19,
FRA01490,Telangana,D032,Warangal,Narsampet,Madhira,Claimant_FRA01490,IFR,2.03,Rejected,2022-12-08,2023-11-19
FRA01491,Telangana,D020,Nalgonda,Devarakonda,Chinthapally,Claimant_FRA01491,IFR,5.45,Approved,2026-02-04,2026-07-30
FRA01492,Telangana,D020,Nalgonda,Devarakonda,Chinthapally,Claimant_FRA01492,IFR,3.75,Approved,2024-07-03,2025-09-13
FRA01493,Telangana,D002,Bhadradri Kothagudem,Bhadrachalam,Nellipaka,Claimant_FRA01493,CFR,4.81,Approved,2024-11-14,2026-08-23
FRA01494,Telangana,D002,Bhadradri Kothagudem,Bhadrachalam,Nellipaka,Claimant_FRA01494,IFR,6.52,Pending,2025-07-27,
FRA01495,Telangana,D023,Nizamabad,Armoor,Mendora,Claimant_FRA01495,CFR,7.89,Approved,2022-05-01,2024-03-18
FRA01496,Telangana,D003,Hanumakonda,Atmakur,Chowdapur,Claimant_FRA01496,CFR,7.09,Approved,2026-07-09,2026-07-21
FRA01497,Telangana,D003,Hanumakonda,Dharmanagar,Mustial,Claimant_FRA01497,IFR,6.74,Approved,2022-08-05,2022-12-30
FRA01498,Telangana,D006,Jangaon,Jangaon,Pasumamula,Claimant_FRA01498,IFR,7.82,Pending,2025-08-11,
FRA01499,Telangana,D006,Jangaon,Jangaon,Pasumamula,Claimant_FRA01499,IFR,2.1,Approved,2026-04-01,2026-07-19
FRA01500,Telangana,D004,Hyderabad,Charminar,Chandrayangutta,Claimant_FRA01500,CFR,3.68,Rejected,2025-09-11,2025-09-11
FRA01501,Telangana,D002,Bhadradri Kothagudem,Kothagudem,Regalla,Claimant_FRA01501,CFR,6.2,Approved,2024-05-26,2024-08-20
FRA01502,Telangana,D006,Jangaon,Station Ghanpur,Chilpur,Claimant_FRA01502,CFR,6.82,Approved,2024-06-03,2026-03-07
FRA01503,Telangana,D028,Siddipet,Husnabad,Pothireddypet,Claimant_FRA01503,CFR,5.45,Approved,2025-06-27,2025-11-01
FRA01504,Telangana,D002,Bhadradri Kothagudem,Manuguru,Anantharam,Claimant_FRA01504,CFR,2.02,Pending,2022-08-22,
FRA01505,Telangana,D002,Bhadradri Kothagudem,Manuguru,Anantharam,Claimant_FRA01505,IFR,2.73,Approved,2026-03-25,2026-07-30
FRA01506,Telangana,D002,Bhadradri Kothagudem,Manuguru,Anantharam,Claimant_FRA01506,IFR,6.85,Pending,2025-02-08,
FRA01507,Telangana,D020,Nalgonda,Devarakonda,Chinthapally,Claimant_FRA01507,IFR,7.89,Approved,2025-11-13,2025-12-18
FRA01508,Telangana,D027,Sangareddy,Narayankhed,Kondapur,Claimant_FRA01508,CFR,1.26,Approved,2023-09-21,2024-12-04
FRA01509,Telangana,D003,Hanumakonda,Atmakur,Chowdapur,Claimant_FRA01509,IFR,6.54,Approved,2023-09-05,2026-01-11
FRA01510,Telangana,D003,Hanumakonda,Dharmanagar,Mustial,Claimant_FRA01510,IFR,1.15,Rejected,2022-05-17,2024-12-19
FRA01511,Telangana,D019,Nagarkurnool,Amrabad,Mananur,Claimant_FRA01511,IFR,7.08,Pending,2026-01-12,
FRA01512,Telangana,D001,Adilabad,Narnoor,Kothapalli,Claimant_FRA01512,IFR,2.46,Approved,2022-05-03,2023-06-03
FRA01513,Telangana,D018,Mulugu,Eturunagaram,Katapur,Claimant_FRA01513,CFR,0.89,Pending,2026-02-20,
FRA01514,Telangana,D003,Hanumakonda,Dharmanagar,Mustial,Claimant_FRA01514,CFR,6.92,Rejected,2026-01-12,2026-07-26
FRA01515,Telangana,D026,Rangareddy,Shabad,Kesaram,Claimant_FRA01515,IFR,5.39,Pending,2022-05-04,
FRA01516,Telangana,D026,Rangareddy,Shabad,Kesaram,Claimant_FRA01516,CFR,1.28,Approved,2024-10-18,2025-12-22
FRA01517,Telangana,D011,Khammam,Kothagudem,Seetharampuram,Claimant_FRA01517,IFR,6.62,Approved,2025-03-23,2026-02-18
FRA01518,Telangana,D011,Khammam,Kothagudem,Seetharampuram,Claimant_FRA01518,IFR,2.04,Approved,2022-12-26,2024-05-28
FRA01519,Telangana,D006,Jangaon,Station Ghanpur,Chilpur,Claimant_FRA01519,CFR,5.8,Pending,2022-01-14,
FRA01520,Telangana,D001,Adilabad,Utnoor,Devapur,Claimant_FRA01520,CFR,5.42,Approved,2025-01-30,2025-08-29
FRA01521,Telangana,D003,Hanumakonda,Atmakur,Chowdapur,Claimant_FRA01521,IFR,3.33,Approved,2025-11-22,2026-04-20
FRA01522,Telangana,D013,Mahabubabad,Bayyaram,Garla,Claimant_FRA01522,CFR,4.41,Approved,2025-09-30,2026-06-07
FRA01523,Telangana,D032,Warangal,Narsampet,Madhira,Claimant_FRA01523,CFR,6.07,Approved,2024-03-28,2025-07-26
FRA01524,Telangana,D018,Mulugu,Venkatapur,Narsapur,Claimant_FRA01524,IFR,4.02,Approved,2023-11-07,2024-06-24
FRA01525,Telangana,D013,Mahabubabad,Kuravi,Seerole,Claimant_FRA01525,CFR,2.18,Approved,2022-09-26,2024-02-10
FRA01526,Telangana,D030,Vikarabad,Tandur,Kotbaspally,Claimant_FRA01526,IFR,7.68,Approved,2024-03-17,2024-11-01
FRA01527,Telangana,D006,Jangaon,Jangaon,Pasumamula,Claimant_FRA01527,CFR,4.0,Rejected,2024-07-07,2026-08-18
FRA01528,Telangana,D030,Vikarabad,Tandur,Kotbaspally,Claimant_FRA01528,CFR,7.92,Pending,2026-01-08,
FRA01529,Telangana,D026,Rangareddy,Shabad,Kesaram,Claimant_FRA01529,CFR,1.47,Pending,2022-06-09,
FRA01530,Telangana,D005,Jagtial,Korutla,Ailapur,Claimant_FRA01530,CFR,4.11,Approved,2021-11-24,2022-01-17
FRA01531,Telangana,D005,Jagtial,Korutla,Ailapur,Claimant_FRA01531,CFR,4.92,Approved,2022-08-01,2025-02-20
FRA01532,Telangana,D013,Mahabubabad,Bayyaram,Garla,Claimant_FRA01532,CFR,7.06,Approved,2026-04-13,2026-06-05
FRA01533,Telangana,D004,Hyderabad,Amberpet,Azampura,Claimant_FRA01533,CFR,7.13,Approved,2023-08-24,2024-12-24
FRA01534,Telangana,D004,Hyderabad,Amberpet,Azampura,Claimant_FRA01534,CFR,5.38,Approved,2024-07-05,2024-08-15
FRA01535,Telangana,D007,Jayashankar Bhupalpally,Chityal,Venkateshwarlapally,Claimant_FRA01535,CFR,7.86,Approved,2026-07-23,2026-08-02
FRA01536,Telangana,D020,Nalgonda,Devarakonda,Chinthapally,Claimant_FRA01536,IFR,1.39,Pending,2024-12-14,
FRA01537,Telangana,D001,Adilabad,Utnoor,Devapur,Claimant_FRA01537,IFR,0.5,Approved,2026-01-19,2026-03-20
FRA01538,Telangana,D011,Khammam,Kothagudem,Seetharampuram,Claimant_FRA01538,IFR,3.59,Approved,2023-04-08,2024-03-31
FRA01539,Telangana,D033,Yadadri Bhuvanagiri,Bhongir,Anantharam,Claimant_FRA01539,CFR,1.36,Pending,2023-08-07,
FRA01540,Telangana,D007,Jayashankar Bhupalpally,Regonda,Kannaram,Claimant_FRA01540,CFR,4.75,Rejected,2026-09-12,2026-09-17
FRA01541,Telangana,D011,Khammam,Wyra,Gollapadu,Claimant_FRA01541,IFR,1.7,Pending,2024-01-12,
FRA01542,Telangana,D026,Rangareddy,Shabad,Kesaram,Claimant_FRA01542,CFR,6.63,Pending,2023-06-17,
FRA01543,Telangana,D002,Bhadradri Kothagudem,Bhadrachalam,Nellipaka,Claimant_FRA01543,CFR,5.07,Rejected,2023-06-12,2026-05-01
FRA01544,Telangana,D002,Bhadradri Kothagudem,Kothagudem,Regalla,Claimant_FRA01544,CFR,1.21,Pending,2023-05-09,
FRA01545,Telangana,D005,Jagtial,Korutla,Ailapur,Claimant_FRA01545,IFR,2.14,Approved,2026-06-01,2026-07-26
FRA01546,Telangana,D005,Jagtial,Metpally,Vellulla,Claimant_FRA01546,IFR,7.17,Approved,2023-12-29,2024-10-01
FRA01547,Telangana,D013,Mahabubabad,Bayyaram,Garla,Claimant_FRA01547,IFR,0.79,Approved,2024-03-07,2024-05-16
FRA01548,Telangana,D001,Adilabad,Narnoor,Kothapalli,Claimant_FRA01548,IFR,0.89,Approved,2021-09-26,2025-04-21
FRA01549,Telangana,D013,Mahabubabad,Bayyaram,Garla,Claimant_FRA01549,CFR,2.17,Approved,2024-09-04,2025-12-30
FRA01550,Telangana,D013,Mahabubabad,Bayyaram,Garla,Claimant_FRA01550,IFR,7.74,Rejected,2025-05-12,2026-04-11
FRA01551,Telangana,D005,Jagtial,Metpally,Vellulla,Claimant_FRA01551,IFR,5.67,Approved,2023-04-27,2023-09-18
FRA01552,Telangana,D002,Bhadradri Kothagudem,Manuguru,Anantharam,Claimant_FRA01552,CFR,3.25,Approved,2023-04-13,2025-08-26
FRA01553,Telangana,D019,Nagarkurnool,Amrabad,Mananur,Claimant_FRA01553,CFR,1.56,Approved,2025-06-04,2025-10-02
FRA01554,Telangana,D005,Jagtial,Korutla,Ailapur,Claimant_FRA01554,IFR,7.17,Pending,2024-11-26,
FRA01555,Telangana,D002,Bhadradri Kothagudem,Bhadrachalam,Nellipaka,Claimant_FRA01555,CFR,3.91,Approved,2025-05-23,2026-07-05
FRA01556,Telangana,D004,Hyderabad,Charminar,Chandrayangutta,Claimant_FRA01556,IFR,4.54,Approved,2025-09-23,2026-05-26
FRA01557,Telangana,D013,Mahabubabad,Kuravi,Seerole,Claimant_FRA01557,CFR,4.35,Pending,2021-11-01,
FRA01558,Telangana,D030,Vikarabad,Tandur,Kotbaspally,Claimant_FRA01558,CFR,6.99,Approved,2023-11-07,2026-05-04
FRA01559,Telangana,D011,Khammam,Kothagudem,Seetharampuram,Claimant_FRA01559,IFR,1.73,Pending,2024-04-11,
FRA01560,Telangana,D007,Jayashankar Bhupalpally,Chityal,Venkateshwarlapally,Claimant_FRA01560,CFR,6.76,Approved,2021-12-14,2024-10-30
FRA01561,Telangana,D018,Mulugu,Venkatapur,Narsapur,Claimant_FRA01561,IFR,2.14,Approved,2025-03-14,2025-04-17
FRA01562,Telangana,D023,Nizamabad,Armoor,Mendora,Claimant_FRA01562,IFR,5.49,Rejected,2023-12-11,2024-12-06
FRA01563,Telangana,D027,Sangareddy,Narayankhed,Kondapur,Claimant_FRA01563,IFR,2.05,Pending,2021-11-28,
FRA01564,Telangana,D001,Adilabad,Narnoor,Kothapalli,Claimant_FRA01564,CFR,6.23,Rejected,2022-05-14,2023-11-23
FRA01565,Telangana,D004,Hyderabad,Charminar,Chandrayangutta,Claimant_FRA01565,CFR,4.49,Approved,2023-05-24,2026-08-15
FRA01566,Telangana,D004,Hyderabad,Charminar,Chandrayangutta,Claimant_FRA01566,CFR,4.82,Pending,2026-09-12,
FRA01567,Telangana,D030,Vikarabad,Tandur,Kotbaspally,Claimant_FRA01567,CFR,3.41,Approved,2025-05-08,2026-05-28
FRA01568,Telangana,D020,Nalgonda,Devarakonda,Chinthapally,Claimant_FRA01568,CFR,7.5,Approved,2025-10-30,2026-08-18
FRA01569,Telangana,D011,Khammam,Kothagudem,Seetharampuram,Claimant_FRA01569,CFR,5.66,Approved,2025-10-24,2026-09-04
FRA01570,Telangana,D007,Jayashankar Bhupalpally,Chityal,Venkateshwarlapally,Claimant_FRA01570,CFR,0.71,Pending,2026-02-16,
FRA01571,Telangana,D007,Jayashankar Bhupalpally,Chityal,Venkateshwarlapally,Claimant_FRA01571,IFR,7.17,Pending,2023-11-09,
FRA01572,Telangana,D013,Mahabubabad,Kuravi,Seerole,Claimant_FRA01572,CFR,3.57,Rejected,2021-10-18,2022-06-27
FRA01573,Telangana,D013,Mahabubabad,Bayyaram,Garla,Claimant_FRA01573,IFR,4.36,Approved,2026-01-08,2026-04-22
FRA01574,Telangana,D003,Hanumakonda,Atmakur,Chowdapur,Claimant_FRA01574,CFR,3.72,Approved,2024-01-10,2024-11-27
FRA01575,Telangana,D003,Hanumakonda,Dharmanagar,Mustial,Claimant_FRA01575,CFR,4.4,Rejected,2025-07-19,2025-09-18
FRA01576,Telangana,D006,Jangaon,Station Ghanpur,Chilpur,Claimant_FRA01576,IFR,2.29,Rejected,2022-11-07,2025-04-15
FRA01577,Telangana,D011,Khammam,Wyra,Gollapadu,Claimant_FRA01577,IFR,5.5,Approved,2022-02-17,2024-12-30
FRA01578,Telangana,D019,Nagarkurnool,Amrabad,Mananur,Claimant_FRA01578,CFR,0.62,Pending,2023-06-17,
FRA01579,Telangana,D003,Hanumakonda,Dharmanagar,Mustial,Claimant_FRA01579,CFR,3.38,Approved,2024-05-23,2025-08-04
FRA01580,Telangana,D002,Bhadradri Kothagudem,Bhadrachalam,Nellipaka,Claimant_FRA01580,CFR,4.11,Pending,2024-05-01,
FRA01581,Telangana,D006,Jangaon,Jangaon,Pasumamula,Claimant_FRA01581,IFR,5.61,Approved,2021-10-24,2022-10-05
FRA01582,Telangana,D006,Jangaon,Station Ghanpur,Chilpur,Claimant_FRA01582,IFR,3.03,Rejected,2024-04-06,2026-06-10
FRA01583,Telangana,D033,Yadadri Bhuvanagiri,Bhongir,Anantharam,Claimant_FRA01583,CFR,3.24,Pending,2023-05-21,
FRA01584,Telangana,D002,Bhadradri Kothagudem,Manuguru,Anantharam,Claimant_FRA01584,CFR,5.4,Pending,2021-12-07,
FRA01585,Telangana,D001,Adilabad,Boath,Ghanpur,Claimant_FRA01585,IFR,0.79,Approved,2026-05-28,2026-09-12
FRA01586,Telangana,D005,Jagtial,Metpally,Vellulla,Claimant_FRA01586,CFR,3.93,Approved,2026-07-22,2026-09-05
FRA01587,Telangana,D020,Nalgonda,Devarakonda,Chinthapally,Claimant_FRA01587,IFR,3.4,Approved,2021-11-21,2026-06-15
FRA01588,Telangana,D020,Nalgonda,Devarakonda,Chinthapally,Claimant_FRA01588,IFR,6.25,Pending,2025-05-31,
FRA01589,Telangana,D013,Mahabubabad,Kuravi,Seerole,Claimant_FRA01589,IFR,3.02,Approved,2022-07-24,2025-01-28
FRA01590,Telangana,D001,Adilabad,Utnoor,Devapur,Claimant_FRA01590,IFR,2.67,Rejected,2024-01-06,2024-07-30
FRA01591,Telangana,D007,Jayashankar Bhupalpally,Chityal,Venkateshwarlapally,Claimant_FRA01591,IFR,6.6,Approved,2024-07-05,2026-03-17
FRA01592,Telangana,D013,Mahabubabad,Kuravi,Seerole,Claimant_FRA01592,CFR,5.27,Approved,2026-07-15,2026-08-21
FRA01593,Telangana,D013,Mahabubabad,Bayyaram,Garla,Claimant_FRA01593,IFR,1.14,Pending,2025-11-24,
FRA01594,Telangana,D007,Jayashankar Bhupalpally,Chityal,Venkateshwarlapally,Claimant_FRA01594,IFR,1.68,Approved,2024-09-22,2025-08-20
FRA01595,Telangana,D027,Sangareddy,Narayankhed,Kondapur,Claimant_FRA01595,CFR,1.55,Approved,2024-03-10,2026-08-16
FRA01596,Telangana,D007,Jayashankar Bhupalpally,Regonda,Kannaram,Claimant_FRA01596,CFR,5.39,Pending,2024-03-27,
FRA01597,Telangana,D018,Mulugu,Venkatapur,Narsapur,Claimant_FRA01597,CFR,1.78,Approved,2026-07-15,2026-08-09
FRA01598,Telangana,D006,Jangaon,Station Ghanpur,Chilpur,Claimant_FRA01598,CFR,5.92,Pending,2026-04-05,
FRA01599,Telangana,D007,Jayashankar Bhupalpally,Chityal,Venkateshwarlapally,Claimant_FRA01599,IFR,5.01,Approved,2024-01-04,2026-04-17
FRA01600,Telangana,D019,Nagarkurnool,Amrabad,Mananur,Claimant_FRA01600,CFR,2.92,Approved,2025-01-23,2025-03-22
FRA01601,Telangana,D001,Adilabad,Utnoor,Devapur,Claimant_FRA01601,IFR,4.99,Rejected,2024-03-25,2025-04-06
FRA01602,Telangana,D023,Nizamabad,Armoor,Mendora,Claimant_FRA01602,IFR,1.77,Pending,2025-07-28,
FRA01603,Telangana,D001,Adilabad,Narnoor,Kothapalli,Claimant_FRA01603,CFR,0.87,Pending,2023-07-25,
FRA01604,Telangana,D020,Nalgonda,Devarakonda,Chinthapally,Claimant_FRA01604,IFR,6.99,Rejected,2025-09-16,2026-08-29
FRA01605,Telangana,D007,Jayashankar Bhupalpally,Chityal,Venkateshwarlapally,Claimant_FRA01605,IFR,1.14,Approved,2025-11-01,2025-11-10
FRA01606,Telangana,D002,Bhadradri Kothagudem,Manuguru,Anantharam,Claimant_FRA01606,IFR,1.24,Pending,2022-06-04,
FRA01607,Telangana,D013,Mahabubabad,Kuravi,Seerole,Claimant_FRA01607,IFR,7.49,Approved,2026-06-04,2026-09-04
FRA01608,Telangana,D006,Jangaon,Station Ghanpur,Chilpur,Claimant_FRA01608,CFR,2.17,Pending,2026-06-22,
FRA01609,Telangana,D018,Mulugu,Eturunagaram,Katapur,Claimant_FRA01609,CFR,6.98,Approved,2024-07-01,2025-06-15
FRA01610,Telangana,D001,Adilabad,Narnoor,Kothapalli,Claimant_FRA01610,CFR,7.96,Rejected,2022-08-13,2025-06-07
FRA01611,Telangana,D028,Siddipet,Husnabad,Pothireddypet,Claimant_FRA01611,CFR,2.46,Approved,2024-10-05,2026-06-26
FRA01612,Telangana,D005,Jagtial,Korutla,Ailapur,Claimant_FRA01612,CFR,7.84,Approved,2025-10-01,2025-12-10
FRA01613,Telangana,D013,Mahabubabad,Bayyaram,Garla,Claimant_FRA01613,CFR,2.42,Pending,2025-12-29,
FRA01614,Telangana,D018,Mulugu,Venkatapur,Narsapur,Claimant_FRA01614,IFR,6.58,Approved,2022-10-02,2025-09-26
FRA01615,Telangana,D032,Warangal,Narsampet,Madhira,Claimant_FRA01615,CFR,3.71,Pending,2024-07-23,
FRA01616,Telangana,D004,Hyderabad,Amberpet,Azampura,Claimant_FRA01616,CFR,6.82,Approved,2025-09-27,2026-04-13
FRA01617,Telangana,D011,Khammam,Kothagudem,Seetharampuram,Claimant_FRA01617,IFR,1.71,Approved,2025-07-01,2026-02-22
FRA01618,Telangana,D001,Adilabad,Boath,Ghanpur,Claimant_FRA01618,CFR,1.4,Rejected,2024-11-17,2024-11-30
FRA01619,Telangana,D011,Khammam,Wyra,Gollapadu,Claimant_FRA01619,CFR,5.93,Rejected,2026-08-10,2026-08-22
FRA01620,Telangana,D011,Khammam,Kothagudem,Seetharampuram,Claimant_FRA01620,CFR,3.1,Pending,2022-03-13,
FRA01621,Telangana,D023,Nizamabad,Armoor,Mendora,Claimant_FRA01621,CFR,3.34,Approved,2025-03-14,2025-05-13
FRA01622,Telangana,D033,Yadadri Bhuvanagiri,Bhongir,Anantharam,Claimant_FRA01622,IFR,3.62,Rejected,2023-01-22,2025-11-30
FRA01623,Telangana,D011,Khammam,Wyra,Gollapadu,Claimant_FRA01623,CFR,3.85,Pending,2022-09-12,
FRA01624,Telangana,D002,Bhadradri Kothagudem,Bhadrachalam,Nellipaka,Claimant_FRA01624,IFR,2.04,Pending,2023-09-14,
FRA01625,Telangana,D030,Vikarabad,Tandur,Kotbaspally,Claimant_FRA01625,CFR,3.9,Rejected,2023-02-17,2023-03-08
FRA01626,Telangana,D006,Jangaon,Jangaon,Pasumamula,Claimant_FRA01626,CFR,2.75,Rejected,2025-11-24,2026-07-30
FRA01627,Telangana,D004,Hyderabad,Amberpet,Azampura,Claimant_FRA01627,CFR,2.99,Approved,2022-10-15,2026-06-21
FRA01628,Telangana,D020,Nalgonda,Devarakonda,Chinthapally,Claimant_FRA01628,IFR,2.57,Pending,2022-04-17,
FRA01629,Telangana,D004,Hyderabad,Amberpet,Azampura,Claimant_FRA01629,IFR,1.87,Approved,2026-04-19,2026-09-10
FRA01630,Telangana,D007,Jayashankar Bhupalpally,Chityal,Venkateshwarlapally,Claimant_FRA01630,IFR,5.94,Pending,2023-08-25,
FRA01631,Telangana,D001,Adilabad,Narnoor,Kothapalli,Claimant_FRA01631,CFR,0.75,Rejected,2024-01-11,2024-09-03
FRA01632,Telangana,D026,Rangareddy,Shabad,Kesaram,Claimant_FRA01632,CFR,6.07,Approved,2024-02-26,2025-09-23
FRA01633,Telangana,D027,Sangareddy,Narayankhed,Kondapur,Claimant_FRA01633,IFR,3.84,Pending,2023-02-09,
FRA01634,Telangana,D011,Khammam,Wyra,Gollapadu,Claimant_FRA01634,IFR,7.48,Approved,2025-07-22,2026-02-16
FRA01635,Telangana,D004,Hyderabad,Amberpet,Azampura,Claimant_FRA01635,CFR,7.14,Approved,2021-12-20,2022-05-01
FRA01636,Telangana,D006,Jangaon,Jangaon,Pasumamula,Claimant_FRA01636,CFR,1.9,Pending,2021-12-04,
FRA01637,Telangana,D018,Mulugu,Venkatapur,Narsapur,Claimant_FRA01637,IFR,4.04,Rejected,2025-06-10,2026-09-04
FRA01638,Telangana,D006,Jangaon,Station Ghanpur,Chilpur,Claimant_FRA01638,CFR,2.76,Pending,2023-06-13,
FRA01639,Telangana,D018,Mulugu,Eturunagaram,Katapur,Claimant_FRA01639,IFR,3.8,Approved,2026-07-13,2026-07-15
FRA01640,Telangana,D006,Jangaon,Jangaon,Pasumamula,Claimant_FRA01640,CFR,7.04,Approved,2024-04-06,2025-06-25
FRA01641,Telangana,D033,Yadadri Bhuvanagiri,Bhongir,Anantharam,Claimant_FRA01641,CFR,2.23,Approved,2025-01-28,2026-03-24
FRA01642,Telangana,D020,Nalgonda,Devarakonda,Chinthapally,Claimant_FRA01642,CFR,7.81,Approved,2024-12-12,2025-03-01
FRA01643,Telangana,D006,Jangaon,Station Ghanpur,Chilpur,Claimant_FRA01643,IFR,0.56,Approved,2022-01-12,2025-11-23
FRA01644,Telangana,D020,Nalgonda,Devarakonda,Chinthapally,Claimant_FRA01644,IFR,7.46,Approved,2022-05-25,2023-06-19
FRA01645,Telangana,D019,Nagarkurnool,Amrabad,Mananur,Claimant_FRA01645,IFR,5.76,Approved,2024-08-07,2025-09-10
FRA01646,Telangana,D032,Warangal,Narsampet,Madhira,Claimant_FRA01646,CFR,4.98,Approved,2022-11-18,2026-02-20
FRA01647,Telangana,D030,Vikarabad,Tandur,Kotbaspally,Claimant_FRA01647,CFR,7.25,Approved,2022-10-19,2026-01-24
FRA01648,Telangana,D026,Rangareddy,Shabad,Kesaram,Claimant_FRA01648,IFR,3.91,Approved,2026-08-22,2026-08-23
FRA01649,Telangana,D013,Mahabubabad,Bayyaram,Garla,Claimant_FRA01649,IFR,4.97,Approved,2025-03-31,2025-10-10
FRA01650,Telangana,D005,Jagtial,Metpally,Vellulla,Claimant_FRA01650,CFR,7.06,Approved,2026-01-21,2026-03-29
FRA01651,Telangana,D001,Adilabad,Utnoor,Devapur,Claimant_FRA01651,IFR,5.52,Pending,2025-08-30,
FRA01652,Telangana,D005,Jagtial,Metpally,Vellulla,Claimant_FRA01652,CFR,7.42,Approved,2026-06-16,2026-06-24
FRA01653,Telangana,D006,Jangaon,Station Ghanpur,Chilpur,Claimant_FRA01653,IFR,1.06,Approved,2024-12-26,2025-04-18
FRA01654,Telangana,D018,Mulugu,Venkatapur,Narsapur,Claimant_FRA01654,IFR,7.82,Approved,2023-01-01,2025-05-20
FRA01655,Telangana,D007,Jayashankar Bhupalpally,Regonda,Kannaram,Claimant_FRA01655,CFR,6.42,Approved,2024-12-31,2026-06-16
FRA01656,Telangana,D011,Khammam,Kothagudem,Seetharampuram,Claimant_FRA01656,IFR,5.71,Pending,2025-05-08,
FRA01657,Telangana,D005,Jagtial,Metpally,Vellulla,Claimant_FRA01657,IFR,1.99,Approved,2022-01-06,2026-05-19
FRA01658,Telangana,D006,Jangaon,Jangaon,Pasumamula,Claimant_FRA01658,IFR,2.51,Approved,2024-11-18,2026-03-25
FRA01659,Telangana,D013,Mahabubabad,Kuravi,Seerole,Claimant_FRA01659,CFR,4.68,Pending,2026-02-10,
FRA01660,Telangana,D030,Vikarabad,Tandur,Kotbaspally,Claimant_FRA01660,CFR,6.78,Approved,2026-03-16,2026-03-20
FRA01661,Telangana,D023,Nizamabad,Armoor,Mendora,Claimant_FRA01661,CFR,2.96,Approved,2024-01-12,2025-03-18
FRA01662,Telangana,D023,Nizamabad,Armoor,Mendora,Claimant_FRA01662,IFR,7.58,Approved,2026-07-05,2026-09-04
FRA01663,Telangana,D001,Adilabad,Boath,Ghanpur,Claimant_FRA01663,CFR,7.66,Rejected,2024-11-06,2025-05-27
FRA01664,Telangana,D005,Jagtial,Korutla,Ailapur,Claimant_FRA01664,CFR,6.19,Pending,2025-01-25,
FRA01665,Telangana,D007,Jayashankar Bhupalpally,Chityal,Venkateshwarlapally,Claimant_FRA01665,IFR,5.21,Approved,2026-09-18,2026-09-18
FRA01666,Telangana,D019,Nagarkurnool,Amrabad,Mananur,Claimant_FRA01666,IFR,5.71,Pending,2026-03-20,
FRA01667,Telangana,D003,Hanumakonda,Dharmanagar,Mustial,Claimant_FRA01667,IFR,3.68,Approved,2021-09-28,2022-08-06
FRA01668,Telangana,D011,Khammam,Kothagudem,Seetharampuram,Claimant_FRA01668,CFR,6.07,Approved,2022-04-15,2025-04-26
FRA01669,Telangana,D023,Nizamabad,Armoor,Mendora,Claimant_FRA01669,IFR,2.15,Approved,2026-05-29,2026-07-16
FRA01670,Telangana,D027,Sangareddy,Narayankhed,Kondapur,Claimant_FRA01670,CFR,1.64,Approved,2025-01-23,2026-05-18
FRA01671,Telangana,D011,Khammam,Wyra,Gollapadu,Claimant_FRA01671,IFR,1.6,Approved,2023-02-22,2025-07-11
FRA01672,Telangana,D004,Hyderabad,Amberpet,Azampura,Claimant_FRA01672,CFR,5.09,Approved,2026-05-16,2026-06-15
FRA01673,Telangana,D002,Bhadradri Kothagudem,Bhadrachalam,Nellipaka,Claimant_FRA01673,CFR,6.07,Approved,2024-10-02,2025-07-19
FRA01674,Telangana,D023,Nizamabad,Armoor,Mendora,Claimant_FRA01674,IFR,3.0,Approved,2021-12-20,2022-01-12
FRA01675,Telangana,D007,Jayashankar Bhupalpally,Regonda,Kannaram,Claimant_FRA01675,CFR,2.37,Approved,2026-09-17,2026-09-18
FRA01676,Telangana,D006,Jangaon,Jangaon,Pasumamula,Claimant_FRA01676,IFR,7.8,Approved,2022-04-04,2023-06-15
FRA01677,Telangana,D004,Hyderabad,Charminar,Chandrayangutta,Claimant_FRA01677,CFR,6.36,Approved,2022-02-05,2025-06-29
FRA01678,Telangana,D002,Bhadradri Kothagudem,Manuguru,Anantharam,Claimant_FRA01678,IFR,2.24,Pending,2024-07-17,
FRA01679,Telangana,D003,Hanumakonda,Dharmanagar,Mustial,Claimant_FRA01679,IFR,0.62,Approved,2024-03-28,2025-07-14
FRA01680,Telangana,D026,Rangareddy,Shabad,Kesaram,Claimant_FRA01680,IFR,4.72,Pending,2025-09-19,
FRA01681,Telangana,D019,Nagarkurnool,Amrabad,Mananur,Claimant_FRA01681,IFR,4.17,Approved,2022-07-10,2022-08-11
FRA01682,Telangana,D033,Yadadri Bhuvanagiri,Bhongir,Anantharam,Claimant_FRA01682,IFR,1.82,Approved,2023-02-16,2025-11-15
FRA01683,Telangana,D001,Adilabad,Narnoor,Kothapalli,Claimant_FRA01683,CFR,1.52,Pending,2026-08-22,
FRA01684,Telangana,D005,Jagtial,Metpally,Vellulla,Claimant_FRA01684,IFR,1.77,Pending,2022-02-17,
FRA01685,Telangana,D033,Yadadri Bhuvanagiri,Bhongir,Anantharam,Claimant_FRA01685,IFR,4.09,Pending,2023-09-18,
FRA01686,Telangana,D013,Mahabubabad,Bayyaram,Garla,Claimant_FRA01686,IFR,7.13,Approved,2024-09-27,2025-10-11
FRA01687,Telangana,D026,Rangareddy,Shabad,Kesaram,Claimant_FRA01687,IFR,6.9,Approved,2023-08-15,2023-08-16
FRA01688,Telangana,D005,Jagtial,Metpally,Vellulla,Claimant_FRA01688,CFR,7.14,Approved,2022-05-26,2023-04-22
FRA01689,Telangana,D032,Warangal,Narsampet,Madhira,Claimant_FRA01689,CFR,2.31,Approved,2024-09-21,2024-12-24
FRA01690,Telangana,D005,Jagtial,Metpally,Vellulla,Claimant_FRA01690,IFR,2.58,Approved,2025-10-09,2026-06-10
FRA01691,Telangana,D002,Bhadradri Kothagudem,Kothagudem,Regalla,Claimant_FRA01691,IFR,3.78,Approved,2026-04-23,2026-06-24
FRA01692,Telangana,D033,Yadadri Bhuvanagiri,Bhongir,Anantharam,Claimant_FRA01692,IFR,5.44,Pending,2024-01-17,
FRA01693,Telangana,D030,Vikarabad,Tandur,Kotbaspally,Claimant_FRA01693,CFR,6.75,Pending,2025-09-02,
FRA01694,Telangana,D002,Bhadradri Kothagudem,Manuguru,Anantharam,Claimant_FRA01694,IFR,7.26,Approved,2026-02-01,2026-03-04
FRA01695,Telangana,D004,Hyderabad,Charminar,Chandrayangutta,Claimant_FRA01695,IFR,5.03,Approved,2023-06-19,2025-07-10
FRA01696,Telangana,D027,Sangareddy,Narayankhed,Kondapur,Claimant_FRA01696,IFR,3.38,Approved,2025-12-14,2026-08-12
FRA01697,Telangana,D004,Hyderabad,Amberpet,Azampura,Claimant_FRA01697,IFR,3.78,Approved,2024-03-03,2026-06-28
FRA01698,Telangana,D002,Bhadradri Kothagudem,Manuguru,Anantharam,Claimant_FRA01698,IFR,0.56,Pending,2026-02-03,
FRA01699,Telangana,D011,Khammam,Wyra,Gollapadu,Claimant_FRA01699,IFR,6.46,Approved,2022-04-02,2026-01-19
FRA01700,Telangana,D001,Adilabad,Boath,Ghanpur,Claimant_FRA01700,CFR,5.12,Approved,2022-06-24,2023-09-10
FRA01701,Telangana,D002,Bhadradri Kothagudem,Manuguru,Anantharam,Claimant_FRA01701,IFR,3.87,Approved,2022-12-28,2024-03-30
FRA01702,Telangana,D001,Adilabad,Boath,Ghanpur,Claimant_FRA01702,IFR,3.1,Pending,2023-01-02,
FRA01703,Telangana,D001,Adilabad,Utnoor,Devapur,Claimant_FRA01703,CFR,6.15,Approved,2023-01-31,2025-11-06
FRA01704,Telangana,D023,Nizamabad,Armoor,Mendora,Claimant_FRA01704,IFR,7.98,Approved,2025-04-17,2025-08-19
FRA01705,Telangana,D030,Vikarabad,Tandur,Kotbaspally,Claimant_FRA01705,IFR,4.74,Rejected,2026-05-01,2026-06-18
FRA01706,Telangana,D013,Mahabubabad,Kuravi,Seerole,Claimant_FRA01706,CFR,7.32,Approved,2023-11-07,2024-09-24
FRA01707,Telangana,D013,Mahabubabad,Kuravi,Seerole,Claimant_FRA01707,IFR,6.39,Pending,2024-11-06,
FRA01708,Telangana,D018,Mulugu,Venkatapur,Narsapur,Claimant_FRA01708,IFR,0.81,Pending,2022-04-18,
FRA01709,Telangana,D001,Adilabad,Utnoor,Devapur,Claimant_FRA01709,IFR,0.65,Rejected,2026-01-12,2026-07-19
FRA01710,Telangana,D002,Bhadradri Kothagudem,Manuguru,Anantharam,Claimant_FRA01710,IFR,4.08,Approved,2024-07-20,2025-07-19
FRA01711,Telangana,D007,Jayashankar Bhupalpally,Regonda,Kannaram,Claimant_FRA01711,CFR,1.72,Approved,2025-02-02,2026-07-08
FRA01712,Telangana,D002,Bhadradri Kothagudem,Kothagudem,Regalla,Claimant_FRA01712,IFR,6.95,Approved,2023-04-12,2023-09-17
FRA01713,Telangana,D006,Jangaon,Jangaon,Pasumamula,Claimant_FRA01713,IFR,4.22,Rejected,2025-05-09,2025-05-31
FRA01714,Telangana,D002,Bhadradri Kothagudem,Bhadrachalam,Nellipaka,Claimant_FRA01714,CFR,1.47,Approved,2023-02-08,2026-05-22
FRA01715,Telangana,D001,Adilabad,Boath,Ghanpur,Claimant_FRA01715,CFR,2.08,Approved,2021-10-24,2023-09-19
FRA01716,Telangana,D004,Hyderabad,Charminar,Chandrayangutta,Claimant_FRA01716,IFR,3.38,Approved,2024-10-06,2025-01-13
FRA01717,Telangana,D006,Jangaon,Jangaon,Pasumamula,Claimant_FRA01717,IFR,0.52,Approved,2022-01-09,2024-06-14
FRA01718,Telangana,D006,Jangaon,Jangaon,Pasumamula,Claimant_FRA01718,IFR,7.68,Pending,2025-04-04,
FRA01719,Telangana,D002,Bhadradri Kothagudem,Kothagudem,Regalla,Claimant_FRA01719,IFR,7.67,Approved,2026-03-29,2026-08-14
FRA01720,Telangana,D002,Bhadradri Kothagudem,Kothagudem,Regalla,Claimant_FRA01720,CFR,5.99,Rejected,2025-03-05,2026-07-29
FRA01721,Telangana,D027,Sangareddy,Narayankhed,Kondapur,Claimant_FRA01721,CFR,6.46,Rejected,2022-07-27,2025-02-04
FRA01722,Telangana,D018,Mulugu,Venkatapur,Narsapur,Claimant_FRA01722,IFR,1.98,Approved,2025-07-16,2025-12-07
FRA01723,Telangana,D011,Khammam,Wyra,Gollapadu,Claimant_FRA01723,CFR,4.92,Approved,2022-07-21,2025-05-21
FRA01724,Telangana,D028,Siddipet,Husnabad,Pothireddypet,Claimant_FRA01724,CFR,6.77,Approved,2024-04-15,2025-08-23
FRA01725,Telangana,D006,Jangaon,Station Ghanpur,Chilpur,Claimant_FRA01725,CFR,0.96,Approved,2024-04-06,2026-02-26
FRA01726,Telangana,D007,Jayashankar Bhupalpally,Chityal,Venkateshwarlapally,Claimant_FRA01726,CFR,7.17,Pending,2025-08-24,
FRA01727,Telangana,D018,Mulugu,Venkatapur,Narsapur,Claimant_FRA01727,CFR,5.75,Pending,2026-08-31,
FRA01728,Telangana,D007,Jayashankar Bhupalpally,Chityal,Venkateshwarlapally,Claimant_FRA01728,IFR,3.82,Approved,2023-01-05,2023-02-17
FRA01729,Telangana,D001,Adilabad,Utnoor,Devapur,Claimant_FRA01729,IFR,4.38,Rejected,2025-11-24,2026-02-05
FRA01730,Telangana,D001,Adilabad,Utnoor,Devapur,Claimant_FRA01730,IFR,4.42,Approved,2026-02-17,2026-02-18
FRA01731,Telangana,D001,Adilabad,Utnoor,Devapur,Claimant_FRA01731,CFR,2.71,Pending,2023-06-03,
FRA01732,Telangana,D002,Bhadradri Kothagudem,Kothagudem,Regalla,Claimant_FRA01732,CFR,6.73,Approved,2023-07-25,2025-01-23
FRA01733,Telangana,D001,Adilabad,Utnoor,Devapur,Claimant_FRA01733,CFR,7.35,Pending,2024-11-12,
FRA01734,Telangana,D004,Hyderabad,Amberpet,Azampura,Claimant_FRA01734,IFR,6.14,Rejected,2023-05-05,2023-08-30
FRA01735,Telangana,D028,Siddipet,Husnabad,Pothireddypet,Claimant_FRA01735,IFR,3.67,Approved,2026-04-18,2026-04-20
FRA01736,Telangana,D002,Bhadradri Kothagudem,Manuguru,Anantharam,Claimant_FRA01736,CFR,2.75,Approved,2022-11-30,2025-07-28
FRA01737,Telangana,D001,Adilabad,Boath,Ghanpur,Claimant_FRA01737,CFR,2.03,Approved,2021-11-14,2024-02-23
FRA01738,Telangana,D011,Khammam,Kothagudem,Seetharampuram,Claimant_FRA01738,IFR,0.7,Approved,2024-10-08,2025-05-14
FRA01739,Telangana,D004,Hyderabad,Amberpet,Azampura,Claimant_FRA01739,CFR,6.28,Approved,2024-09-01,2024-10-07
FRA01740,Telangana,D013,Mahabubabad,Kuravi,Seerole,Claimant_FRA01740,IFR,4.1,Rejected,2025-06-12,2025-07-10
FRA01741,Telangana,D013,Mahabubabad,Kuravi,Seerole,Claimant_FRA01741,CFR,6.25,Approved,2026-07-22,2026-08-27
FRA01742,Telangana,D003,Hanumakonda,Atmakur,Chowdapur,Claimant_FRA01742,IFR,5.4,Approved,2024-01-30,2024-12-28
FRA01743,Telangana,D013,Mahabubabad,Kuravi,Seerole,Claimant_FRA01743,IFR,7.93,Approved,2023-01-14,2024-04-19
FRA01744,Telangana,D013,Mahabubabad,Bayyaram,Garla,Claimant_FRA01744,CFR,0.86,Approved,2024-01-02,2024-09-27
FRA01745,Telangana,D004,Hyderabad,Amberpet,Azampura,Claimant_FRA01745,IFR,3.69,Approved,2024-07-28,2025-08-19
FRA01746,Telangana,D030,Vikarabad,Tandur,Kotbaspally,Claimant_FRA01746,IFR,4.0,Approved,2026-03-23,2026-04-18
FRA01747,Telangana,D006,Jangaon,Jangaon,Pasumamula,Claimant_FRA01747,CFR,2.53,Rejected,2026-03-15,2026-07-30
FRA01748,Telangana,D013,Mahabubabad,Kuravi,Seerole,Claimant_FRA01748,IFR,3.2,Approved,2024-01-18,2025-01-29
FRA01749,Telangana,D011,Khammam,Wyra,Gollapadu,Claimant_FRA01749,CFR,3.95,Approved,2023-09-02,2024-12-18
FRA01750,Telangana,D023,Nizamabad,Armoor,Mendora,Claimant_FRA01750,CFR,5.45,Rejected,2022-08-22,2023-06-06
FRA01751,Telangana,D006,Jangaon,Jangaon,Pasumamula,Claimant_FRA01751,IFR,7.89,Approved,2025-11-21,2026-03-19
FRA01752,Telangana,D002,Bhadradri Kothagudem,Kothagudem,Regalla,Claimant_FRA01752,CFR,6.92,Approved,2025-01-18,2025-10-10
FRA01753,Telangana,D028,Siddipet,Husnabad,Pothireddypet,Claimant_FRA01753,IFR,5.64,Approved,2025-06-17,2025-09-07
FRA01754,Telangana,D018,Mulugu,Venkatapur,Narsapur,Claimant_FRA01754,CFR,7.19,Pending,2023-05-20,
FRA01755,Telangana,D026,Rangareddy,Shabad,Kesaram,Claimant_FRA01755,CFR,4.12,Approved,2022-10-01,2024-10-08
FRA01756,Telangana,D003,Hanumakonda,Atmakur,Chowdapur,Claimant_FRA01756,CFR,6.34,Approved,2024-03-04,2024-10-23
FRA01757,Telangana,D030,Vikarabad,Tandur,Kotbaspally,Claimant_FRA01757,IFR,5.75,Rejected,2026-05-14,2026-08-04
FRA01758,Telangana,D013,Mahabubabad,Kuravi,Seerole,Claimant_FRA01758,IFR,4.04,Approved,2025-11-02,2025-11-07
FRA01759,Telangana,D004,Hyderabad,Amberpet,Azampura,Claimant_FRA01759,CFR,0.99,Approved,2021-10-13,2022-10-26
FRA01760,Telangana,D003,Hanumakonda,Atmakur,Chowdapur,Claimant_FRA01760,IFR,3.95,Pending,2026-08-12,
FRA01761,Telangana,D006,Jangaon,Station Ghanpur,Chilpur,Claimant_FRA01761,CFR,2.63,Rejected,2023-07-24,2023-08-10
FRA01762,Telangana,D003,Hanumakonda,Atmakur,Chowdapur,Claimant_FRA01762,IFR,1.56,Pending,2024-10-20,
FRA01763,Telangana,D028,Siddipet,Husnabad,Pothireddypet,Claimant_FRA01763,CFR,2.06,Rejected,2024-02-20,2026-05-13
FRA01764,Telangana,D020,Nalgonda,Devarakonda,Chinthapally,Claimant_FRA01764,CFR,7.83,Pending,2022-02-26,
FRA01765,Telangana,D002,Bhadradri Kothagudem,Kothagudem,Regalla,Claimant_FRA01765,IFR,4.49,Pending,2023-05-23,
FRA01766,Telangana,D020,Nalgonda,Devarakonda,Chinthapally,Claimant_FRA01766,CFR,2.65,Pending,2022-01-11,
FRA01767,Telangana,D004,Hyderabad,Amberpet,Azampura,Claimant_FRA01767,CFR,3.62,Pending,2025-10-21,
FRA01768,Telangana,D013,Mahabubabad,Kuravi,Seerole,Claimant_FRA01768,CFR,6.86,Pending,2023-04-14,
FRA01769,Telangana,D018,Mulugu,Venkatapur,Narsapur,Claimant_FRA01769,IFR,4.68,Approved,2024-05-05,2026-01-18
FRA01770,Telangana,D001,Adilabad,Narnoor,Kothapalli,Claimant_FRA01770,IFR,5.26,Approved,2022-08-08,2022-11-01
FRA01771,Telangana,D023,Nizamabad,Armoor,Mendora,Claimant_FRA01771,CFR,6.13,Pending,2024-12-28,
FRA01772,Telangana,D003,Hanumakonda,Dharmanagar,Mustial,Claimant_FRA01772,CFR,3.37,Approved,2026-01-26,2026-03-10
FRA01773,Telangana,D028,Siddipet,Husnabad,Pothireddypet,Claimant_FRA01773,CFR,1.71,Pending,2022-12-20,
FRA01774,Telangana,D001,Adilabad,Narnoor,Kothapalli,Claimant_FRA01774,IFR,0.75,Rejected,2023-08-04,2026-07-05
FRA01775,Telangana,D030,Vikarabad,Tandur,Kotbaspally,Claimant_FRA01775,CFR,2.75,Approved,2024-10-14,2025-05-15
FRA01776,Telangana,D011,Khammam,Wyra,Gollapadu,Claimant_FRA01776,CFR,2.48,Approved,2025-10-26,2026-01-24
FRA01777,Telangana,D028,Siddipet,Husnabad,Pothireddypet,Claimant_FRA01777,IFR,6.5,Approved,2021-12-16,2026-01-30
FRA01778,Telangana,D028,Siddipet,Husnabad,Pothireddypet,Claimant_FRA01778,CFR,3.38,Approved,2024-04-15,2025-12-23
FRA01779,Telangana,D028,Siddipet,Husnabad,Pothireddypet,Claimant_FRA01779,IFR,6.19,Pending,2023-09-08,
FRA01780,Telangana,D005,Jagtial,Metpally,Vellulla,Claimant_FRA01780,IFR,2.46,Pending,2023-05-11,
FRA01781,Telangana,D003,Hanumakonda,Dharmanagar,Mustial,Claimant_FRA01781,IFR,1.5,Rejected,2022-04-28,2024-06-24
FRA01782,Telangana,D013,Mahabubabad,Bayyaram,Garla,Claimant_FRA01782,IFR,7.28,Pending,2025-12-28,
FRA01783,Telangana,D002,Bhadradri Kothagudem,Kothagudem,Regalla,Claimant_FRA01783,CFR,3.13,Approved,2026-03-21,2026-07-07
FRA01784,Telangana,D003,Hanumakonda,Atmakur,Chowdapur,Claimant_FRA01784,IFR,0.61,Rejected,2023-05-30,2023-10-12
FRA01785,Telangana,D018,Mulugu,Venkatapur,Narsapur,Claimant_FRA01785,IFR,3.92,Approved,2021-12-16,2022-06-05
FRA01786,Telangana,D011,Khammam,Kothagudem,Seetharampuram,Claimant_FRA01786,IFR,4.34,Pending,2024-06-21,
FRA01787,Telangana,D007,Jayashankar Bhupalpally,Chityal,Venkateshwarlapally,Claimant_FRA01787,CFR,4.16,Pending,2024-06-22,
FRA01788,Telangana,D002,Bhadradri Kothagudem,Kothagudem,Regalla,Claimant_FRA01788,CFR,6.85,Rejected,2021-11-30,2023-10-24
FRA01789,Telangana,D005,Jagtial,Korutla,Ailapur,Claimant_FRA01789,IFR,3.71,Pending,2022-03-12,
FRA01790,Telangana,D006,Jangaon,Station Ghanpur,Chilpur,Claimant_FRA01790,IFR,4.52,Pending,2025-09-17,
FRA01791,Telangana,D002,Bhadradri Kothagudem,Bhadrachalam,Nellipaka,Claimant_FRA01791,IFR,6.27,Approved,2024-01-29,2025-10-09
FRA01792,Telangana,D005,Jagtial,Metpally,Vellulla,Claimant_FRA01792,CFR,3.1,Approved,2024-05-07,2024-06-09
FRA01793,Telangana,D011,Khammam,Kothagudem,Seetharampuram,Claimant_FRA01793,CFR,3.85,Approved,2024-03-19,2025-08-24
FRA01794,Telangana,D026,Rangareddy,Shabad,Kesaram,Claimant_FRA01794,IFR,3.07,Approved,2024-07-18,2024-08-17
FRA01795,Telangana,D007,Jayashankar Bhupalpally,Regonda,Kannaram,Claimant_FRA01795,CFR,3.86,Rejected,2024-08-07,2026-02-08
FRA01796,Telangana,D013,Mahabubabad,Kuravi,Seerole,Claimant_FRA01796,CFR,5.69,Pending,2024-10-13,
FRA01797,Telangana,D001,Adilabad,Utnoor,Devapur,Claimant_FRA01797,IFR,5.3,Approved,2023-12-25,2025-07-29
FRA01798,Telangana,D006,Jangaon,Station Ghanpur,Chilpur,Claimant_FRA01798,CFR,3.7,Pending,2022-03-07,
FRA01799,Telangana,D007,Jayashankar Bhupalpally,Chityal,Venkateshwarlapally,Claimant_FRA01799,CFR,2.36,Pending,2022-08-28,
FRA01800,Telangana,D001,Adilabad,Narnoor,Kothapalli,Claimant_FRA01800,IFR,5.06,Approved,2023-12-30,2026-06-04
FRA01801,Telangana,D028,Siddipet,Husnabad,Pothireddypet,Claimant_FRA01801,CFR,7.86,Pending,2026-08-05,
FRA01802,Telangana,D019,Nagarkurnool,Amrabad,Mananur,Claimant_FRA01802,IFR,6.43,Rejected,2024-12-04,2025-08-11
FRA01803,Telangana,D003,Hanumakonda,Dharmanagar,Mustial,Claimant_FRA01803,IFR,4.15,Approved,2022-03-23,2023-01-03
FRA01804,Telangana,D001,Adilabad,Narnoor,Kothapalli,Claimant_FRA01804,CFR,6.44,Pending,2024-02-17,
FRA01805,Telangana,D006,Jangaon,Station Ghanpur,Chilpur,Claimant_FRA01805,CFR,6.77,Pending,2022-10-30,
FRA01806,Telangana,D018,Mulugu,Eturunagaram,Katapur,Claimant_FRA01806,CFR,4.29,Pending,2021-10-28,
FRA01807,Telangana,D005,Jagtial,Korutla,Ailapur,Claimant_FRA01807,CFR,4.95,Rejected,2022-05-16,2023-08-09
FRA01808,Telangana,D004,Hyderabad,Amberpet,Azampura,Claimant_FRA01808,CFR,5.6,Pending,2023-07-17,
FRA01809,Telangana,D030,Vikarabad,Tandur,Kotbaspally,Claimant_FRA01809,IFR,4.73,Approved,2022-10-30,2025-10-25
FRA01810,Telangana,D028,Siddipet,Husnabad,Pothireddypet,Claimant_FRA01810,IFR,5.81,Approved,2022-10-16,2023-04-08
FRA01811,Telangana,D032,Warangal,Narsampet,Madhira,Claimant_FRA01811,IFR,4.21,Approved,2026-04-26,2026-06-03
FRA01812,Telangana,D001,Adilabad,Narnoor,Kothapalli,Claimant_FRA01812,IFR,7.76,Rejected,2024-06-25,2026-02-27
FRA01813,Telangana,D013,Mahabubabad,Bayyaram,Garla,Claimant_FRA01813,CFR,2.42,Approved,2024-06-22,2024-08-20
FRA01814,Telangana,D027,Sangareddy,Narayankhed,Kondapur,Claimant_FRA01814,IFR,5.89,Pending,2022-01-31,
FRA01815,Telangana,D003,Hanumakonda,Dharmanagar,Mustial,Claimant_FRA01815,CFR,2.24,Approved,2022-04-11,2025-07-10
FRA01816,Telangana,D028,Siddipet,Husnabad,Pothireddypet,Claimant_FRA01816,IFR,6.73,Approved,2022-03-31,2026-07-05
FRA01817,Telangana,D004,Hyderabad,Amberpet,Azampura,Claimant_FRA01817,CFR,3.29,Approved,2024-03-23,2025-08-05
FRA01818,Telangana,D011,Khammam,Wyra,Gollapadu,Claimant_FRA01818,IFR,6.23,Pending,2025-10-14,
FRA01819,Telangana,D002,Bhadradri Kothagudem,Bhadrachalam,Nellipaka,Claimant_FRA01819,CFR,3.49,Approved,2024-05-20,2025-08-23
FRA01820,Telangana,D005,Jagtial,Korutla,Ailapur,Claimant_FRA01820,CFR,2.74,Pending,2023-04-18,
FRA01821,Telangana,D027,Sangareddy,Narayankhed,Kondapur,Claimant_FRA01821,IFR,1.99,Rejected,2022-12-05,2026-07-20
FRA01822,Telangana,D002,Bhadradri Kothagudem,Bhadrachalam,Nellipaka,Claimant_FRA01822,CFR,5.65,Approved,2021-11-08,2025-09-27
FRA01823,Telangana,D019,Nagarkurnool,Amrabad,Mananur,Claimant_FRA01823,CFR,7.09,Rejected,2022-08-26,2025-07-23
FRA01824,Telangana,D020,Nalgonda,Devarakonda,Chinthapally,Claimant_FRA01824,IFR,5.28,Approved,2023-09-03,2026-04-11
FRA01825,Telangana,D013,Mahabubabad,Bayyaram,Garla,Claimant_FRA01825,CFR,3.61,Approved,2022-03-05,2022-09-16
FRA01826,Telangana,D002,Bhadradri Kothagudem,Bhadrachalam,Nellipaka,Claimant_FRA01826,CFR,4.64,Pending,2024-01-01,
FRA01827,Telangana,D011,Khammam,Wyra,Gollapadu,Claimant_FRA01827,CFR,6.17,Pending,2023-06-05,
FRA01828,Telangana,D002,Bhadradri Kothagudem,Kothagudem,Regalla,Claimant_FRA01828,IFR,6.43,Pending,2024-06-17,
FRA01829,Telangana,D011,Khammam,Wyra,Gollapadu,Claimant_FRA01829,IFR,5.54,Approved,2022-09-19,2023-11-08
FRA01830,Telangana,D003,Hanumakonda,Dharmanagar,Mustial,Claimant_FRA01830,IFR,2.16,Rejected,2025-01-19,2025-10-04
FRA01831,Telangana,D030,Vikarabad,Tandur,Kotbaspally,Claimant_FRA01831,IFR,2.17,Approved,2024-10-03,2025-12-25
FRA01832,Telangana,D019,Nagarkurnool,Amrabad,Mananur,Claimant_FRA01832,IFR,5.93,Pending,2026-02-25,
FRA01833,Telangana,D005,Jagtial,Korutla,Ailapur,Claimant_FRA01833,IFR,2.19,Approved,2024-06-19,2026-07-23
FRA01834,Telangana,D013,Mahabubabad,Bayyaram,Garla,Claimant_FRA01834,CFR,6.95,Approved,2024-11-10,2025-01-29
FRA01835,Telangana,D030,Vikarabad,Tandur,Kotbaspally,Claimant_FRA01835,CFR,1.76,Approved,2022-04-27,2024-04-04
FRA01836,Telangana,D004,Hyderabad,Amberpet,Azampura,Claimant_FRA01836,CFR,7.41,Approved,2022-06-22,2023-04-25
FRA01837,Telangana,D027,Sangareddy,Narayankhed,Kondapur,Claimant_FRA01837,CFR,7.03,Pending,2023-11-25,
FRA01838,Telangana,D028,Siddipet,Husnabad,Pothireddypet,Claimant_FRA01838,IFR,7.3,Approved,2025-02-15,2026-07-16
FRA01839,Telangana,D032,Warangal,Narsampet,Madhira,Claimant_FRA01839,CFR,7.99,Pending,2025-05-05,
FRA01840,Telangana,D028,Siddipet,Husnabad,Pothireddypet,Claimant_FRA01840,CFR,4.75,Approved,2022-06-12,2023-06-26
FRA01841,Telangana,D001,Adilabad,Utnoor,Devapur,Claimant_FRA01841,CFR,6.68,Approved,2022-11-11,2024-12-03
FRA01842,Telangana,D003,Hanumakonda,Atmakur,Chowdapur,Claimant_FRA01842,CFR,3.38,Approved,2025-01-26,2026-07-16
FRA01843,Telangana,D011,Khammam,Wyra,Gollapadu,Claimant_FRA01843,IFR,2.45,Approved,2021-11-25,2025-10-04
FRA01844,Telangana,D001,Adilabad,Utnoor,Devapur,Claimant_FRA01844,IFR,2.23,Approved,2023-12-23,2025-04-25
FRA01845,Telangana,D005,Jagtial,Metpally,Vellulla,Claimant_FRA01845,CFR,2.48,Approved,2026-07-06,2026-07-06
FRA01846,Telangana,D020,Nalgonda,Devarakonda,Chinthapally,Claimant_FRA01846,IFR,3.15,Rejected,2022-02-05,2023-06-17
FRA01847,Telangana,D004,Hyderabad,Charminar,Chandrayangutta,Claimant_FRA01847,CFR,4.47,Approved,2021-11-23,2026-09-04
FRA01848,Telangana,D032,Warangal,Narsampet,Madhira,Claimant_FRA01848,CFR,5.42,Approved,2023-03-01,2024-03-10
FRA01849,Telangana,D001,Adilabad,Utnoor,Devapur,Claimant_FRA01849,CFR,2.68,Rejected,2022-01-24,2022-11-01
FRA01850,Telangana,D019,Nagarkurnool,Amrabad,Mananur,Claimant_FRA01850,IFR,0.61,Approved,2025-10-18,2026-07-19
FRA01851,Telangana,D004,Hyderabad,Amberpet,Azampura,Claimant_FRA01851,CFR,5.64,Approved,2021-12-16,2025-04-24
FRA01852,Telangana,D002,Bhadradri Kothagudem,Kothagudem,Regalla,Claimant_FRA01852,IFR,4.14,Rejected,2023-08-24,2026-01-10
FRA01853,Telangana,D027,Sangareddy,Narayankhed,Kondapur,Claimant_FRA01853,CFR,0.99,Approved,2022-12-30,2023-12-10
FRA01854,Telangana,D011,Khammam,Kothagudem,Seetharampuram,Claimant_FRA01854,IFR,4.35,Approved,2022-09-05,2026-09-07
FRA01855,Telangana,D001,Adilabad,Narnoor,Kothapalli,Claimant_FRA01855,CFR,3.2,Approved,2021-11-05,2024-03-02
FRA01856,Telangana,D027,Sangareddy,Narayankhed,Kondapur,Claimant_FRA01856,CFR,2.41,Approved,2024-02-06,2026-03-28
FRA01857,Telangana,D005,Jagtial,Metpally,Vellulla,Claimant_FRA01857,CFR,6.05,Approved,2024-06-29,2026-05-04
FRA01858,Telangana,D019,Nagarkurnool,Amrabad,Mananur,Claimant_FRA01858,CFR,7.46,Rejected,2025-08-10,2025-09-15
FRA01859,Telangana,D027,Sangareddy,Narayankhed,Kondapur,Claimant_FRA01859,IFR,3.33,Approved,2022-03-31,2024-05-01
FRA01860,Telangana,D013,Mahabubabad,Kuravi,Seerole,Claimant_FRA01860,IFR,1.95,Rejected,2026-04-25,2026-07-26
FRA01861,Telangana,D023,Nizamabad,Armoor,Mendora,Claimant_FRA01861,IFR,1.31,Rejected,2022-04-23,2022-10-22
FRA01862,Telangana,D020,Nalgonda,Devarakonda,Chinthapally,Claimant_FRA01862,IFR,2.95,Pending,2024-02-17,
FRA01863,Telangana,D018,Mulugu,Eturunagaram,Katapur,Claimant_FRA01863,IFR,4.53,Pending,2023-09-14,
FRA01864,Telangana,D003,Hanumakonda,Atmakur,Chowdapur,Claimant_FRA01864,IFR,5.64,Rejected,2024-07-18,2025-02-27
FRA01865,Telangana,D030,Vikarabad,Tandur,Kotbaspally,Claimant_FRA01865,CFR,4.89,Pending,2024-04-04,
FRA01866,Telangana,D005,Jagtial,Metpally,Vellulla,Claimant_FRA01866,IFR,5.71,Approved,2024-04-27,2025-04-05
FRA01867,Telangana,D007,Jayashankar Bhupalpally,Chityal,Venkateshwarlapally,Claimant_FRA01867,CFR,4.19,Pending,2026-05-26,
FRA01868,Telangana,D030,Vikarabad,Tandur,Kotbaspally,Claimant_FRA01868,IFR,3.69,Pending,2022-09-10,
FRA01869,Telangana,D018,Mulugu,Eturunagaram,Katapur,Claimant_FRA01869,IFR,3.11,Approved,2022-05-20,2025-05-20
FRA01870,Telangana,D020,Nalgonda,Devarakonda,Chinthapally,Claimant_FRA01870,CFR,2.84,Approved,2026-09-13,2026-09-18
FRA01871,Telangana,D002,Bhadradri Kothagudem,Manuguru,Anantharam,Claimant_FRA01871,IFR,3.16,Approved,2022-01-10,2024-09-13
FRA01872,Telangana,D006,Jangaon,Jangaon,Pasumamula,Claimant_FRA01872,CFR,5.32,Pending,2023-07-24,
FRA01873,Telangana,D011,Khammam,Wyra,Gollapadu,Claimant_FRA01873,IFR,7.48,Rejected,2021-11-24,2024-01-28
FRA01874,Telangana,D033,Yadadri Bhuvanagiri,Bhongir,Anantharam,Claimant_FRA01874,CFR,1.11,Approved,2025-08-03,2025-11-13
FRA01875,Telangana,D002,Bhadradri Kothagudem,Bhadrachalam,Nellipaka,Claimant_FRA01875,CFR,3.58,Approved,2026-01-27,2026-09-07
FRA01876,Telangana,D006,Jangaon,Station Ghanpur,Chilpur,Claimant_FRA01876,IFR,4.92,Approved,2023-05-05,2025-12-31
FRA01877,Telangana,D001,Adilabad,Narnoor,Kothapalli,Claimant_FRA01877,IFR,1.01,Approved,2022-01-30,2023-01-31
FRA01878,Telangana,D011,Khammam,Wyra,Gollapadu,Claimant_FRA01878,IFR,2.18,Pending,2025-02-27,
FRA01879,Telangana,D026,Rangareddy,Shabad,Kesaram,Claimant_FRA01879,IFR,7.43,Pending,2021-12-27,
FRA01880,Telangana,D030,Vikarabad,Tandur,Kotbaspally,Claimant_FRA01880,IFR,1.99,Approved,2023-02-20,2023-05-15
FRA01881,Telangana,D011,Khammam,Wyra,Gollapadu,Claimant_FRA01881,IFR,5.16,Approved,2025-01-20,2025-01-22
FRA01882,Telangana,D032,Warangal,Narsampet,Madhira,Claimant_FRA01882,CFR,5.35,Pending,2026-09-17,
FRA01883,Telangana,D027,Sangareddy,Narayankhed,Kondapur,Claimant_FRA01883,CFR,4.98,Pending,2024-07-09,
FRA01884,Telangana,D007,Jayashankar Bhupalpally,Regonda,Kannaram,Claimant_FRA01884,CFR,5.85,Approved,2025-06-01,2026-05-06
FRA01885,Telangana,D013,Mahabubabad,Bayyaram,Garla,Claimant_FRA01885,IFR,5.03,Approved,2025-04-29,2025-06-29
FRA01886,Telangana,D028,Siddipet,Husnabad,Pothireddypet,Claimant_FRA01886,IFR,3.87,Approved,2024-03-14,2025-10-18
FRA01887,Telangana,D020,Nalgonda,Devarakonda,Chinthapally,Claimant_FRA01887,CFR,5.0,Pending,2026-07-31,
FRA01888,Telangana,D011,Khammam,Kothagudem,Seetharampuram,Claimant_FRA01888,CFR,3.42,Rejected,2023-02-28,2025-11-27
FRA01889,Telangana,D003,Hanumakonda,Dharmanagar,Mustial,Claimant_FRA01889,IFR,5.53,Approved,2022-12-11,2024-07-26
FRA01890,Telangana,D007,Jayashankar Bhupalpally,Regonda,Kannaram,Claimant_FRA01890,CFR,3.15,Rejected,2025-10-18,2026-07-24
FRA01891,Telangana,D004,Hyderabad,Charminar,Chandrayangutta,Claimant_FRA01891,IFR,3.2,Pending,2025-08-22,
FRA01892,Telangana,D028,Siddipet,Husnabad,Pothireddypet,Claimant_FRA01892,IFR,3.48,Approved,2023-11-29,2024-11-28
FRA01893,Telangana,D002,Bhadradri Kothagudem,Manuguru,Anantharam,Claimant_FRA01893,IFR,4.77,Pending,2026-03-15,
FRA01894,Telangana,D006,Jangaon,Station Ghanpur,Chilpur,Claimant_FRA01894,CFR,4.64,Approved,2025-01-14,2025-06-12
FRA01895,Telangana,D007,Jayashankar Bhupalpally,Regonda,Kannaram,Claimant_FRA01895,IFR,6.47,Approved,2022-07-08,2025-02-28
FRA01896,Telangana,D007,Jayashankar Bhupalpally,Chityal,Venkateshwarlapally,Claimant_FRA01896,CFR,6.36,Approved,2022-01-22,2025-09-20
FRA01897,Telangana,D011,Khammam,Kothagudem,Seetharampuram,Claimant_FRA01897,IFR,2.11,Approved,2022-09-16,2023-08-26
FRA01898,Telangana,D023,Nizamabad,Armoor,Mendora,Claimant_FRA01898,IFR,2.65,Pending,2025-08-28,
FRA01899,Telangana,D027,Sangareddy,Narayankhed,Kondapur,Claimant_FRA01899,CFR,3.91,Approved,2025-12-03,2026-09-02
FRA01900,Telangana,D027,Sangareddy,Narayankhed,Kondapur,Claimant_FRA01900,IFR,2.28,Pending,2025-09-06,
FRA01901,Telangana,D011,Khammam,Wyra,Gollapadu,Claimant_FRA01901,IFR,5.06,Rejected,2024-05-05,2024-08-10
FRA01902,Telangana,D018,Mulugu,Eturunagaram,Katapur,Claimant_FRA01902,CFR,0.94,Pending,2022-10-15,
FRA01903,Telangana,D013,Mahabubabad,Bayyaram,Garla,Claimant_FRA01903,IFR,2.71,Approved,2023-05-28,2025-02-07
FRA01904,Telangana,D001,Adilabad,Narnoor,Kothapalli,Claimant_FRA01904,IFR,1.91,Approved,2022-10-16,2025-07-20
FRA01905,Telangana,D028,Siddipet,Husnabad,Pothireddypet,Claimant_FRA01905,IFR,5.54,Pending,2026-04-23,
FRA01906,Telangana,D005,Jagtial,Korutla,Ailapur,Claimant_FRA01906,CFR,3.38,Rejected,2024-06-01,2024-12-19
FRA01907,Telangana,D027,Sangareddy,Narayankhed,Kondapur,Claimant_FRA01907,CFR,7.0,Approved,2022-05-17,2023-09-01
FRA01908,Telangana,D003,Hanumakonda,Dharmanagar,Mustial,Claimant_FRA01908,IFR,4.8,Approved,2024-08-02,2025-11-24
FRA01909,Telangana,D001,Adilabad,Narnoor,Kothapalli,Claimant_FRA01909,IFR,4.75,Rejected,2024-05-27,2025-01-10
FRA01910,Telangana,D019,Nagarkurnool,Amrabad,Mananur,Claimant_FRA01910,CFR,5.67,Approved,2024-08-12,2025-09-12
FRA01911,Telangana,D002,Bhadradri Kothagudem,Manuguru,Anantharam,Claimant_FRA01911,CFR,6.37,Pending,2026-08-16,
FRA01912,Telangana,D007,Jayashankar Bhupalpally,Chityal,Venkateshwarlapally,Claimant_FRA01912,CFR,1.03,Pending,2025-02-11,
FRA01913,Telangana,D028,Siddipet,Husnabad,Pothireddypet,Claimant_FRA01913,IFR,4.32,Pending,2023-09-12,
FRA01914,Telangana,D011,Khammam,Wyra,Gollapadu,Claimant_FRA01914,CFR,3.14,Pending,2026-02-21,
FRA01915,Telangana,D004,Hyderabad,Charminar,Chandrayangutta,Claimant_FRA01915,CFR,1.98,Approved,2026-07-09,2026-08-11
FRA01916,Telangana,D026,Rangareddy,Shabad,Kesaram,Claimant_FRA01916,CFR,2.17,Approved,2023-08-22,2023-11-10
FRA01917,Telangana,D002,Bhadradri Kothagudem,Manuguru,Anantharam,Claimant_FRA01917,IFR,5.51,Pending,2025-07-24,
FRA01918,Telangana,D032,Warangal,Narsampet,Madhira,Claimant_FRA01918,CFR,4.48,Approved,2023-07-08,2024-07-14
FRA01919,Telangana,D018,Mulugu,Eturunagaram,Katapur,Claimant_FRA01919,CFR,5.33,Approved,2022-04-22,2025-05-25
FRA01920,Telangana,D005,Jagtial,Korutla,Ailapur,Claimant_FRA01920,CFR,6.79,Rejected,2026-08-10,2026-09-09
FRA01921,Telangana,D001,Adilabad,Utnoor,Devapur,Claimant_FRA01921,CFR,5.17,Approved,2022-01-25,2026-01-25
FRA01922,Telangana,D013,Mahabubabad,Bayyaram,Garla,Claimant_FRA01922,CFR,1.31,Approved,2026-06-21,2026-07-13
FRA01923,Telangana,D004,Hyderabad,Charminar,Chandrayangutta,Claimant_FRA01923,IFR,2.75,Approved,2023-08-24,2026-08-18
FRA01924,Telangana,D006,Jangaon,Jangaon,Pasumamula,Claimant_FRA01924,IFR,7.37,Pending,2026-05-26,
FRA01925,Telangana,D026,Rangareddy,Shabad,Kesaram,Claimant_FRA01925,IFR,7.45,Rejected,2024-05-01,2025-05-24
FRA01926,Telangana,D002,Bhadradri Kothagudem,Kothagudem,Regalla,Claimant_FRA01926,IFR,1.2,Approved,2023-09-10,2026-05-15
FRA01927,Telangana,D007,Jayashankar Bhupalpally,Chityal,Venkateshwarlapally,Claimant_FRA01927,IFR,6.63,Pending,2025-09-05,
FRA01928,Telangana,D011,Khammam,Kothagudem,Seetharampuram,Claimant_FRA01928,IFR,3.82,Pending,2026-02-20,
FRA01929,Telangana,D006,Jangaon,Station Ghanpur,Chilpur,Claimant_FRA01929,IFR,3.59,Pending,2021-11-20,
FRA01930,Telangana,D011,Khammam,Kothagudem,Seetharampuram,Claimant_FRA01930,CFR,3.66,Pending,2022-07-13,
FRA01931,Telangana,D001,Adilabad,Boath,Ghanpur,Claimant_FRA01931,IFR,4.56,Rejected,2026-05-27,2026-06-13
FRA01932,Telangana,D013,Mahabubabad,Bayyaram,Garla,Claimant_FRA01932,CFR,2.05,Approved,2025-05-14,2025-06-18
FRA01933,Telangana,D013,Mahabubabad,Bayyaram,Garla,Claimant_FRA01933,CFR,2.54,Pending,2025-10-29,
FRA01934,Telangana,D023,Nizamabad,Armoor,Mendora,Claimant_FRA01934,IFR,3.34,Approved,2021-11-06,2025-04-28
FRA01935,Telangana,D004,Hyderabad,Charminar,Chandrayangutta,Claimant_FRA01935,IFR,5.17,Rejected,2025-01-03,2026-01-16
FRA01936,Telangana,D001,Adilabad,Boath,Ghanpur,Claimant_FRA01936,CFR,3.7,Approved,2025-06-01,2026-08-01
FRA01937,Telangana,D006,Jangaon,Jangaon,Pasumamula,Claimant_FRA01937,IFR,4.46,Approved,2022-02-02,2026-06-14
FRA01938,Telangana,D004,Hyderabad,Amberpet,Azampura,Claimant_FRA01938,IFR,4.83,Pending,2024-07-16,
FRA01939,Telangana,D026,Rangareddy,Shabad,Kesaram,Claimant_FRA01939,IFR,4.98,Pending,2022-08-15,
FRA01940,Telangana,D011,Khammam,Wyra,Gollapadu,Claimant_FRA01940,IFR,6.14,Approved,2025-06-05,2026-02-15
FRA01941,Telangana,D003,Hanumakonda,Dharmanagar,Mustial,Claimant_FRA01941,IFR,1.3,Pending,2023-12-02,
FRA01942,Telangana,D032,Warangal,Narsampet,Madhira,Claimant_FRA01942,IFR,7.59,Pending,2022-06-10,
FRA01943,Telangana,D002,Bhadradri Kothagudem,Bhadrachalam,Nellipaka,Claimant_FRA01943,CFR,4.79,Rejected,2022-10-22,2024-06-12
FRA01944,Telangana,D003,Hanumakonda,Atmakur,Chowdapur,Claimant_FRA01944,IFR,3.31,Approved,2025-04-03,2026-01-17
FRA01945,Telangana,D001,Adilabad,Boath,Ghanpur,Claimant_FRA01945,CFR,6.56,Approved,2022-01-09,2025-05-26
FRA01946,Telangana,D004,Hyderabad,Charminar,Chandrayangutta,Claimant_FRA01946,CFR,4.35,Approved,2022-03-15,2025-08-10
FRA01947,Telangana,D002,Bhadradri Kothagudem,Bhadrachalam,Nellipaka,Claimant_FRA01947,IFR,1.75,Pending,2023-08-12,
FRA01948,Telangana,D002,Bhadradri Kothagudem,Manuguru,Anantharam,Claimant_FRA01948,CFR,1.15,Approved,2022-12-23,2023-03-01
FRA01949,Telangana,D004,Hyderabad,Charminar,Chandrayangutta,Claimant_FRA01949,CFR,3.13,Rejected,2024-02-10,2024-10-19
FRA01950,Telangana,D005,Jagtial,Metpally,Vellulla,Claimant_FRA01950,IFR,3.83,Rejected,2023-03-01,2024-04-21
FRA01951,Telangana,D001,Adilabad,Utnoor,Devapur,Claimant_FRA01951,CFR,6.93,Approved,2024-03-17,2026-06-19
FRA01952,Telangana,D033,Yadadri Bhuvanagiri,Bhongir,Anantharam,Claimant_FRA01952,CFR,7.08,Pending,2022-09-06,
FRA01953,Telangana,D001,Adilabad,Utnoor,Devapur,Claimant_FRA01953,CFR,3.8,Pending,2022-09-10,
FRA01954,Telangana,D032,Warangal,Narsampet,Madhira,Claimant_FRA01954,IFR,0.89,Approved,2025-11-09,2026-02-10
FRA01955,Telangana,D023,Nizamabad,Armoor,Mendora,Claimant_FRA01955,CFR,4.87,Approved,2025-04-28,2025-07-04
FRA01956,Telangana,D033,Yadadri Bhuvanagiri,Bhongir,Anantharam,Claimant_FRA01956,IFR,1.24,Approved,2023-06-25,2024-09-03
FRA01957,Telangana,D003,Hanumakonda,Atmakur,Chowdapur,Claimant_FRA01957,CFR,4.19,Rejected,2026-05-26,2026-08-19
FRA01958,Telangana,D003,Hanumakonda,Atmakur,Chowdapur,Claimant_FRA01958,IFR,3.22,Approved,2023-03-01,2026-03-12
FRA01959,Telangana,D032,Warangal,Narsampet,Madhira,Claimant_FRA01959,CFR,4.01,Pending,2026-06-08,
FRA01960,Telangana,D020,Nalgonda,Devarakonda,Chinthapally,Claimant_FRA01960,CFR,2.66,Approved,2025-12-12,2026-09-03
FRA01961,Telangana,D001,Adilabad,Utnoor,Devapur,Claimant_FRA01961,CFR,3.42,Rejected,2024-11-30,2025-03-09
FRA01962,Telangana,D001,Adilabad,Utnoor,Devapur,Claimant_FRA01962,IFR,7.3,Approved,2023-03-14,2025-08-01
FRA01963,Telangana,D026,Rangareddy,Shabad,Kesaram,Claimant_FRA01963,IFR,3.62,Approved,2023-03-25,2024-10-30
FRA01964,Telangana,D018,Mulugu,Eturunagaram,Katapur,Claimant_FRA01964,IFR,5.33,Approved,2022-04-30,2023-12-04
FRA01965,Telangana,D013,Mahabubabad,Kuravi,Seerole,Claimant_FRA01965,CFR,7.09,Approved,2024-07-07,2025-05-05
FRA01966,Telangana,D023,Nizamabad,Armoor,Mendora,Claimant_FRA01966,IFR,6.37,Approved,2021-10-22,2021-12-12
FRA01967,Telangana,D001,Adilabad,Utnoor,Devapur,Claimant_FRA01967,IFR,7.73,Pending,2024-05-04,
FRA01968,Telangana,D032,Warangal,Narsampet,Madhira,Claimant_FRA01968,CFR,4.06,Pending,2024-03-29,
FRA01969,Telangana,D018,Mulugu,Venkatapur,Narsapur,Claimant_FRA01969,IFR,6.26,Approved,2022-12-22,2025-12-22
FRA01970,Telangana,D026,Rangareddy,Shabad,Kesaram,Claimant_FRA01970,CFR,5.14,Approved,2021-09-19,2025-10-06
FRA01971,Telangana,D019,Nagarkurnool,Amrabad,Mananur,Claimant_FRA01971,IFR,4.79,Pending,2023-05-19,
FRA01972,Telangana,D005,Jagtial,Metpally,Vellulla,Claimant_FRA01972,CFR,7.6,Approved,2022-07-06,2026-04-18
FRA01973,Telangana,D032,Warangal,Narsampet,Madhira,Claimant_FRA01973,IFR,1.03,Approved,2023-07-12,2026-06-24
FRA01974,Telangana,D002,Bhadradri Kothagudem,Kothagudem,Regalla,Claimant_FRA01974,IFR,6.8,Approved,2023-04-16,2025-01-18
FRA01975,Telangana,D007,Jayashankar Bhupalpally,Chityal,Venkateshwarlapally,Claimant_FRA01975,IFR,6.77,Rejected,2024-04-04,2025-03-23
FRA01976,Telangana,D004,Hyderabad,Charminar,Chandrayangutta,Claimant_FRA01976,IFR,1.39,Approved,2022-05-20,2025-06-23
FRA01977,Telangana,D004,Hyderabad,Charminar,Chandrayangutta,Claimant_FRA01977,CFR,2.67,Rejected,2023-03-23,2023-04-11
FRA01978,Telangana,D013,Mahabubabad,Bayyaram,Garla,Claimant_FRA01978,CFR,7.11,Pending,2022-08-18,
FRA01979,Telangana,D007,Jayashankar Bhupalpally,Regonda,Kannaram,Claimant_FRA01979,IFR,4.55,Rejected,2024-11-13,2025-08-20
FRA01980,Telangana,D018,Mulugu,Venkatapur,Narsapur,Claimant_FRA01980,CFR,4.98,Rejected,2025-01-08,2026-01-18
FRA01981,Telangana,D004,Hyderabad,Amberpet,Azampura,Claimant_FRA01981,IFR,3.39,Approved,2021-12-06,2023-08-16
FRA01982,Telangana,D020,Nalgonda,Devarakonda,Chinthapally,Claimant_FRA01982,CFR,6.85,Rejected,2022-09-07,2023-01-30
FRA01983,Telangana,D020,Nalgonda,Devarakonda,Chinthapally,Claimant_FRA01983,IFR,7.14,Approved,2024-05-11,2025-12-29
FRA01984,Telangana,D001,Adilabad,Narnoor,Kothapalli,Claimant_FRA01984,CFR,5.24,Pending,2023-07-30,
FRA01985,Telangana,D005,Jagtial,Metpally,Vellulla,Claimant_FRA01985,IFR,1.94,Pending,2026-05-16,
FRA01986,Telangana,D018,Mulugu,Eturunagaram,Katapur,Claimant_FRA01986,CFR,2.29,Approved,2026-07-05,2026-09-15
FRA01987,Telangana,D013,Mahabubabad,Kuravi,Seerole,Claimant_FRA01987,CFR,6.76,Rejected,2024-02-22,2025-12-11
FRA01988,Telangana,D002,Bhadradri Kothagudem,Manuguru,Anantharam,Claimant_FRA01988,IFR,5.72,Approved,2023-03-18,2024-11-08
FRA01989,Telangana,D001,Adilabad,Boath,Ghanpur,Claimant_FRA01989,CFR,3.37,Approved,2023-05-23,2025-11-02
FRA01990,Telangana,D013,Mahabubabad,Bayyaram,Garla,Claimant_FRA01990,IFR,3.84,Approved,2026-06-06,2026-07-20
FRA01991,Telangana,D006,Jangaon,Station Ghanpur,Chilpur,Claimant_FRA01991,CFR,6.53,Pending,2025-08-16,
FRA01992,Telangana,D030,Vikarabad,Tandur,Kotbaspally,Claimant_FRA01992,IFR,1.15,Approved,2023-08-10,2024-09-26
FRA01993,Telangana,D026,Rangareddy,Shabad,Kesaram,Claimant_FRA01993,IFR,4.99,Rejected,2025-12-14,2026-07-12
FRA01994,Telangana,D001,Adilabad,Narnoor,Kothapalli,Claimant_FRA01994,IFR,2.92,Approved,2022-02-18,2025-12-17
FRA01995,Telangana,D007,Jayashankar Bhupalpally,Chityal,Venkateshwarlapally,Claimant_FRA01995,IFR,2.4,Rejected,2022-07-16,2026-03-25
FRA01996,Telangana,D004,Hyderabad,Charminar,Chandrayangutta,Claimant_FRA01996,IFR,5.64,Rejected,2022-11-22,2023-05-26
FRA01997,Telangana,D013,Mahabubabad,Kuravi,Seerole,Claimant_FRA01997,CFR,5.14,Approved,2023-11-26,2026-04-09
FRA01998,Telangana,D001,Adilabad,Narnoor,Kothapalli,Claimant_FRA01998,CFR,7.9,Rejected,2024-09-15,2026-05-29
FRA01999,Telangana,D003,Hanumakonda,Atmakur,Chowdapur,Claimant_FRA01999,CFR,3.17,Approved,2022-01-05,2023-04-15
FRA02000,Telangana,D001,Adilabad,Utnoor,Devapur,Claimant_FRA02000,CFR,0.82,Pending,2021-11-04,
FRA02001,Telangana,D027,Sangareddy,Narayankhed,Kondapur,Claimant_FRA02001,CFR,2.59,Approved,2023-07-02,2024-06-04
FRA02002,Telangana,D013,Mahabubabad,Kuravi,Seerole,Claimant_FRA02002,IFR,7.35,Approved,2022-12-09,2026-09-18
FRA02003,Telangana,D032,Warangal,Narsampet,Madhira,Claimant_FRA02003,CFR,1.2,Approved,2023-09-30,2023-11-06
FRA02004,Telangana,D020,Nalgonda,Devarakonda,Chinthapally,Claimant_FRA02004,IFR,1.0,Rejected,2025-12-21,2026-07-03
FRA02005,Telangana,D003,Hanumakonda,Atmakur,Chowdapur,Claimant_FRA02005,IFR,1.95,Approved,2025-03-24,2025-10-15
FRA02006,Telangana,D003,Hanumakonda,Atmakur,Chowdapur,Claimant_FRA02006,CFR,6.18,Approved,2022-09-05,2024-12-10
FRA02007,Telangana,D019,Nagarkurnool,Amrabad,Mananur,Claimant_FRA02007,IFR,1.23,Pending,2024-04-02,
FRA02008,Telangana,D001,Adilabad,Utnoor,Devapur,Claimant_FRA02008,IFR,3.05,Pending,2022-09-03,
FRA02009,Telangana,D002,Bhadradri Kothagudem,Kothagudem,Regalla,Claimant_FRA02009,IFR,7.24,Approved,2023-11-20,2025-06-21
FRA02010,Telangana,D019,Nagarkurnool,Amrabad,Mananur,Claimant_FRA02010,CFR,4.15,Pending,2022-08-30,
FRA02011,Telangana,D023,Nizamabad,Armoor,Mendora,Claimant_FRA02011,CFR,1.04,Approved,2022-10-16,2025-01-08
FRA02012,Telangana,D001,Adilabad,Narnoor,Kothapalli,Claimant_FRA02012,IFR,1.07,Approved,2025-06-28,2025-12-13
FRA02013,Telangana,D001,Adilabad,Narnoor,Kothapalli,Claimant_FRA02013,CFR,0.7,Approved,2025-08-02,2026-05-07
FRA02014,Telangana,D030,Vikarabad,Tandur,Kotbaspally,Claimant_FRA02014,CFR,3.4,Pending,2026-06-15,
FRA02015,Telangana,D007,Jayashankar Bhupalpally,Chityal,Venkateshwarlapally,Claimant_FRA02015,CFR,2.9,Rejected,2023-03-08,2025-06-21
FRA02016,Telangana,D028,Siddipet,Husnabad,Pothireddypet,Claimant_FRA02016,CFR,4.31,Pending,2026-05-11,
FRA02017,Telangana,D005,Jagtial,Metpally,Vellulla,Claimant_FRA02017,CFR,1.28,Pending,2022-09-07,
FRA02018,Telangana,D018,Mulugu,Eturunagaram,Katapur,Claimant_FRA02018,CFR,5.63,Approved,2024-05-10,2026-07-24
FRA02019,Telangana,D002,Bhadradri Kothagudem,Manuguru,Anantharam,Claimant_FRA02019,CFR,2.25,Approved,2023-05-02,2024-06-17
FRA02020,Telangana,D026,Rangareddy,Shabad,Kesaram,Claimant_FRA02020,CFR,2.64,Pending,2023-12-13,
FRA02021,Telangana,D006,Jangaon,Jangaon,Pasumamula,Claimant_FRA02021,CFR,7.58,Pending,2025-07-21,
FRA02022,Telangana,D019,Nagarkurnool,Amrabad,Mananur,Claimant_FRA02022,IFR,1.08,Pending,2021-11-17,
FRA02023,Telangana,D005,Jagtial,Metpally,Vellulla,Claimant_FRA02023,CFR,5.56,Pending,2024-10-07,
FRA02024,Telangana,D019,Nagarkurnool,Amrabad,Mananur,Claimant_FRA02024,IFR,3.67,Approved,2022-12-22,2024-04-04
FRA02025,Telangana,D019,Nagarkurnool,Amrabad,Mananur,Claimant_FRA02025,CFR,1.37,Pending,2026-08-08,
FRA02026,Telangana,D023,Nizamabad,Armoor,Mendora,Claimant_FRA02026,IFR,2.06,Approved,2026-03-29,2026-07-29
FRA02027,Telangana,D011,Khammam,Wyra,Gollapadu,Claimant_FRA02027,IFR,5.72,Pending,2024-03-30,
FRA02028,Telangana,D023,Nizamabad,Armoor,Mendora,Claimant_FRA02028,IFR,2.83,Approved,2026-06-08,2026-08-08
FRA02029,Telangana,D023,Nizamabad,Armoor,Mendora,Claimant_FRA02029,CFR,3.81,Approved,2022-11-02,2023-01-29
FRA02030,Telangana,D011,Khammam,Kothagudem,Seetharampuram,Claimant_FRA02030,CFR,4.03,Approved,2021-11-16,2022-01-06
FRA02031,Telangana,D032,Warangal,Narsampet,Madhira,Claimant_FRA02031,IFR,4.63,Pending,2025-07-25,
FRA02032,Telangana,D020,Nalgonda,Devarakonda,Chinthapally,Claimant_FRA02032,CFR,1.8,Rejected,2025-06-30,2026-07-28
FRA02033,Telangana,D006,Jangaon,Station Ghanpur,Chilpur,Claimant_FRA02033,CFR,7.23,Pending,2023-02-15,
FRA02034,Telangana,D020,Nalgonda,Devarakonda,Chinthapally,Claimant_FRA02034,CFR,3.73,Pending,2022-05-10,
FRA02035,Telangana,D026,Rangareddy,Shabad,Kesaram,Claimant_FRA02035,IFR,5.23,Rejected,2023-07-12,2024-04-11
FRA02036,Telangana,D003,Hanumakonda,Atmakur,Chowdapur,Claimant_FRA02036,IFR,1.92,Pending,2025-05-08,
FRA02037,Telangana,D018,Mulugu,Venkatapur,Narsapur,Claimant_FRA02037,CFR,2.97,Approved,2024-04-23,2026-01-12
FRA02038,Telangana,D007,Jayashankar Bhupalpally,Regonda,Kannaram,Claimant_FRA02038,CFR,7.45,Approved,2022-10-24,2024-11-02
FRA02039,Telangana,D030,Vikarabad,Tandur,Kotbaspally,Claimant_FRA02039,IFR,6.75,Pending,2026-02-08,
FRA02040,Telangana,D001,Adilabad,Utnoor,Devapur,Claimant_FRA02040,IFR,7.1,Approved,2025-12-04,2026-02-18
FRA02041,Telangana,D003,Hanumakonda,Dharmanagar,Mustial,Claimant_FRA02041,IFR,5.84,Rejected,2025-08-29,2025-11-16
FRA02042,Telangana,D023,Nizamabad,Armoor,Mendora,Claimant_FRA02042,IFR,1.69,Rejected,2024-11-20,2025-03-14
FRA02043,Telangana,D013,Mahabubabad,Kuravi,Seerole,Claimant_FRA02043,CFR,3.97,Approved,2025-08-09,2026-08-18
FRA02044,Telangana,D011,Khammam,Wyra,Gollapadu,Claimant_FRA02044,CFR,1.11,Approved,2023-01-28,2025-11-30
FRA02045,Telangana,D026,Rangareddy,Shabad,Kesaram,Claimant_FRA02045,IFR,7.56,Approved,2023-05-30,2025-01-16
FRA02046,Telangana,D033,Yadadri Bhuvanagiri,Bhongir,Anantharam,Claimant_FRA02046,IFR,2.07,Rejected,2024-06-10,2026-06-21
FRA02047,Telangana,D007,Jayashankar Bhupalpally,Chityal,Venkateshwarlapally,Claimant_FRA02047,CFR,4.02,Pending,2021-10-05,
FRA02048,Telangana,D002,Bhadradri Kothagudem,Bhadrachalam,Nellipaka,Claimant_FRA02048,CFR,0.98,Approved,2022-06-27,2026-05-28
FRA02049,Telangana,D013,Mahabubabad,Bayyaram,Garla,Claimant_FRA02049,CFR,5.7,Approved,2021-11-12,2025-09-12
FRA02050,Telangana,D011,Khammam,Wyra,Gollapadu,Claimant_FRA02050,IFR,4.25,Approved,2022-06-30,2025-03-11
FRA02051,Telangana,D013,Mahabubabad,Bayyaram,Garla,Claimant_FRA02051,CFR,1.92,Pending,2024-05-06,
FRA02052,Telangana,D027,Sangareddy,Narayankhed,Kondapur,Claimant_FRA02052,CFR,6.23,Approved,2022-09-22,2026-04-02
FRA02053,Telangana,D007,Jayashankar Bhupalpally,Regonda,Kannaram,Claimant_FRA02053,IFR,0.88,Pending,2026-01-06,
FRA02054,Telangana,D013,Mahabubabad,Bayyaram,Garla,Claimant_FRA02054,CFR,6.7,Approved,2025-12-08,2026-07-11
FRA02055,Telangana,D011,Khammam,Kothagudem,Seetharampuram,Claimant_FRA02055,IFR,4.37,Pending,2026-03-07,
FRA02056,Telangana,D030,Vikarabad,Tandur,Kotbaspally,Claimant_FRA02056,CFR,6.44,Rejected,2022-10-11,2026-04-08
FRA02057,Telangana,D006,Jangaon,Station Ghanpur,Chilpur,Claimant_FRA02057,CFR,5.4,Pending,2025-05-27,
FRA02058,Telangana,D028,Siddipet,Husnabad,Pothireddypet,Claimant_FRA02058,CFR,6.73,Pending,2022-07-26,
FRA02059,Telangana,D004,Hyderabad,Amberpet,Azampura,Claimant_FRA02059,IFR,1.88,Pending,2024-11-21,
FRA02060,Telangana,D033,Yadadri Bhuvanagiri,Bhongir,Anantharam,Claimant_FRA02060,CFR,5.12,Pending,2022-01-11,
FRA02061,Telangana,D004,Hyderabad,Amberpet,Azampura,Claimant_FRA02061,IFR,3.61,Approved,2023-11-26,2023-12-19
FRA02062,Telangana,D013,Mahabubabad,Kuravi,Seerole,Claimant_FRA02062,CFR,7.67,Approved,2022-12-11,2023-07-20
FRA02063,Telangana,D013,Mahabubabad,Kuravi,Seerole,Claimant_FRA02063,IFR,4.74,Pending,2022-05-03,
FRA02064,Telangana,D006,Jangaon,Station Ghanpur,Chilpur,Claimant_FRA02064,IFR,2.44,Pending,2024-01-02,
FRA02065,Telangana,D019,Nagarkurnool,Amrabad,Mananur,Claimant_FRA02065,CFR,0.84,Rejected,2025-07-14,2026-03-10
FRA02066,Telangana,D004,Hyderabad,Charminar,Chandrayangutta,Claimant_FRA02066,IFR,3.4,Pending,2023-01-11,
FRA02067,Telangana,D003,Hanumakonda,Dharmanagar,Mustial,Claimant_FRA02067,CFR,3.02,Approved,2023-12-05,2024-10-18
FRA02068,Telangana,D026,Rangareddy,Shabad,Kesaram,Claimant_FRA02068,IFR,7.13,Approved,2026-02-23,2026-06-22
FRA02069,Telangana,D006,Jangaon,Jangaon,Pasumamula,Claimant_FRA02069,CFR,6.85,Approved,2022-10-11,2023-05-17
FRA02070,Telangana,D005,Jagtial,Metpally,Vellulla,Claimant_FRA02070,IFR,5.89,Approved,2022-06-27,2022-08-05
FRA02071,Telangana,D011,Khammam,Wyra,Gollapadu,Claimant_FRA02071,CFR,6.98,Approved,2026-03-20,2026-04-04
FRA02072,Telangana,D002,Bhadradri Kothagudem,Manuguru,Anantharam,Claimant_FRA02072,CFR,6.73,Approved,2024-08-13,2025-06-14
FRA02073,Telangana,D001,Adilabad,Boath,Ghanpur,Claimant_FRA02073,IFR,4.0,Approved,2022-05-23,2023-01-19
FRA02074,Telangana,D032,Warangal,Narsampet,Madhira,Claimant_FRA02074,IFR,5.16,Approved,2025-09-11,2026-01-19
FRA02075,Telangana,D013,Mahabubabad,Kuravi,Seerole,Claimant_FRA02075,IFR,6.88,Rejected,2024-02-27,2024-09-19
FRA02076,Telangana,D020,Nalgonda,Devarakonda,Chinthapally,Claimant_FRA02076,IFR,0.61,Approved,2024-05-03,2025-10-02
FRA02077,Telangana,D002,Bhadradri Kothagudem,Kothagudem,Regalla,Claimant_FRA02077,IFR,7.38,Pending,2025-10-04,
FRA02078,Telangana,D006,Jangaon,Jangaon,Pasumamula,Claimant_FRA02078,CFR,0.77,Approved,2024-01-21,2026-02-09
FRA02079,Telangana,D001,Adilabad,Utnoor,Devapur,Claimant_FRA02079,IFR,2.5,Approved,2026-04-09,2026-04-13
FRA02080,Telangana,D011,Khammam,Wyra,Gollapadu,Claimant_FRA02080,IFR,6.45,Pending,2024-10-19,
FRA02081,Telangana,D023,Nizamabad,Armoor,Mendora,Claimant_FRA02081,CFR,3.51,Pending,2025-10-23,
FRA02082,Telangana,D032,Warangal,Narsampet,Madhira,Claimant_FRA02082,IFR,1.81,Pending,2021-10-10,
FRA02083,Telangana,D023,Nizamabad,Armoor,Mendora,Claimant_FRA02083,CFR,3.81,Pending,2022-12-27,
FRA02084,Telangana,D001,Adilabad,Narnoor,Kothapalli,Claimant_FRA02084,CFR,3.08,Rejected,2022-05-29,2025-02-25
FRA02085,Telangana,D001,Adilabad,Boath,Ghanpur,Claimant_FRA02085,CFR,0.89,Approved,2025-07-12,2026-01-12
FRA02086,Telangana,D001,Adilabad,Narnoor,Kothapalli,Claimant_FRA02086,CFR,7.9,Approved,2021-10-13,2025-10-27
FRA02087,Telangana,D003,Hanumakonda,Atmakur,Chowdapur,Claimant_FRA02087,IFR,3.76,Approved,2023-08-22,2025-12-01
FRA02088,Telangana,D004,Hyderabad,Amberpet,Azampura,Claimant_FRA02088,CFR,5.69,Approved,2024-03-05,2024-10-15
FRA02089,Telangana,D026,Rangareddy,Shabad,Kesaram,Claimant_FRA02089,IFR,0.52,Approved,2025-10-04,2026-04-05
FRA02090,Telangana,D004,Hyderabad,Amberpet,Azampura,Claimant_FRA02090,CFR,2.79,Rejected,2021-09-21,2026-01-01
FRA02091,Telangana,D026,Rangareddy,Shabad,Kesaram,Claimant_FRA02091,IFR,3.0,Approved,2023-07-24,2025-12-04
FRA02092,Telangana,D003,Hanumakonda,Dharmanagar,Mustial,Claimant_FRA02092,IFR,0.77,Pending,2022-03-26,
FRA02093,Telangana,D013,Mahabubabad,Bayyaram,Garla,Claimant_FRA02093,CFR,1.28,Approved,2022-11-04,2023-09-24
FRA02094,Telangana,D001,Adilabad,Utnoor,Devapur,Claimant_FRA02094,IFR,6.18,Approved,2021-11-20,2022-06-02
FRA02095,Telangana,D013,Mahabubabad,Kuravi,Seerole,Claimant_FRA02095,IFR,6.21,Approved,2026-05-08,2026-06-28
FRA02096,Telangana,D007,Jayashankar Bhupalpally,Regonda,Kannaram,Claimant_FRA02096,IFR,6.83,Approved,2024-01-06,2025-08-29
FRA02097,Telangana,D001,Adilabad,Utnoor,Devapur,Claimant_FRA02097,CFR,5.8,Approved,2022-10-13,2023-06-24
FRA02098,Telangana,D004,Hyderabad,Charminar,Chandrayangutta,Claimant_FRA02098,CFR,2.16,Approved,2023-05-12,2023-09-05
FRA02099,Telangana,D004,Hyderabad,Charminar,Chandrayangutta,Claimant_FRA02099,CFR,5.3,Rejected,2024-04-07,2024-09-20
FRA02100,Telangana,D011,Khammam,Kothagudem,Seetharampuram,Claimant_FRA02100,CFR,2.44,Approved,2024-08-31,2024-10-27
FRA02101,Telangana,D005,Jagtial,Metpally,Vellulla,Claimant_FRA02101,CFR,5.55,Approved,2021-10-14,2024-11-08
FRA02102,Telangana,D026,Rangareddy,Shabad,Kesaram,Claimant_FRA02102,CFR,3.64,Pending,2025-05-14,
FRA02103,Telangana,D027,Sangareddy,Narayankhed,Kondapur,Claimant_FRA02103,CFR,4.84,Approved,2025-06-23,2025-09-10
FRA02104,Telangana,D001,Adilabad,Narnoor,Kothapalli,Claimant_FRA02104,CFR,1.03,Approved,2026-08-15,2026-09-06
FRA02105,Telangana,D033,Yadadri Bhuvanagiri,Bhongir,Anantharam,Claimant_FRA02105,IFR,2.3,Pending,2022-12-30,
FRA02106,Telangana,D006,Jangaon,Jangaon,Pasumamula,Claimant_FRA02106,IFR,4.04,Pending,2022-12-17,
FRA02107,Telangana,D032,Warangal,Narsampet,Madhira,Claimant_FRA02107,CFR,5.45,Pending,2026-08-03,
FRA02108,Telangana,D004,Hyderabad,Amberpet,Azampura,Claimant_FRA02108,CFR,2.82,Rejected,2022-01-04,2025-10-09
FRA02109,Telangana,D019,Nagarkurnool,Amrabad,Mananur,Claimant_FRA02109,IFR,1.57,Approved,2025-05-31,2026-07-14
FRA02110,Telangana,D003,Hanumakonda,Dharmanagar,Mustial,Claimant_FRA02110,IFR,4.04,Approved,2024-02-20,2025-10-11
FRA02111,Telangana,D030,Vikarabad,Tandur,Kotbaspally,Claimant_FRA02111,IFR,7.45,Approved,2022-03-03,2025-10-17
FRA02112,Telangana,D006,Jangaon,Jangaon,Pasumamula,Claimant_FRA02112,CFR,3.44,Approved,2026-04-21,2026-07-03
FRA02113,Telangana,D004,Hyderabad,Charminar,Chandrayangutta,Claimant_FRA02113,CFR,3.38,Pending,2022-10-04,
FRA02114,Telangana,D013,Mahabubabad,Bayyaram,Garla,Claimant_FRA02114,CFR,3.31,Approved,2022-07-26,2024-12-10
FRA02115,Telangana,D003,Hanumakonda,Dharmanagar,Mustial,Claimant_FRA02115,IFR,4.52,Approved,2024-11-06,2026-05-21
FRA02116,Telangana,D019,Nagarkurnool,Amrabad,Mananur,Claimant_FRA02116,IFR,7.13,Approved,2023-06-10,2025-10-05
FRA02117,Telangana,D019,Nagarkurnool,Amrabad,Mananur,Claimant_FRA02117,CFR,4.9,Approved,2024-05-29,2024-11-02
FRA02118,Telangana,D001,Adilabad,Utnoor,Devapur,Claimant_FRA02118,IFR,6.59,Approved,2022-09-07,2025-09-08
FRA02119,Telangana,D001,Adilabad,Narnoor,Kothapalli,Claimant_FRA02119,CFR,6.83,Approved,2026-03-24,2026-04-23
FRA02120,Telangana,D018,Mulugu,Eturunagaram,Katapur,Claimant_FRA02120,CFR,6.79,Pending,2024-02-04,
FRA02121,Telangana,D001,Adilabad,Narnoor,Kothapalli,Claimant_FRA02121,CFR,2.42,Approved,2022-04-10,2024-08-15
FRA02122,Telangana,D030,Vikarabad,Tandur,Kotbaspally,Claimant_FRA02122,CFR,7.85,Approved,2024-08-24,2025-09-04
FRA02123,Telangana,D032,Warangal,Narsampet,Madhira,Claimant_FRA02123,IFR,6.39,Pending,2026-09-08,
FRA02124,Telangana,D005,Jagtial,Korutla,Ailapur,Claimant_FRA02124,IFR,4.15,Rejected,2023-06-09,2023-10-29
FRA02125,Telangana,D003,Hanumakonda,Atmakur,Chowdapur,Claimant_FRA02125,CFR,1.04,Approved,2022-11-17,2024-07-02
FRA02126,Telangana,D019,Nagarkurnool,Amrabad,Mananur,Claimant_FRA02126,CFR,4.58,Pending,2026-05-04,
FRA02127,Telangana,D028,Siddipet,Husnabad,Pothireddypet,Claimant_FRA02127,CFR,0.94,Rejected,2026-06-02,2026-06-18
FRA02128,Telangana,D011,Khammam,Kothagudem,Seetharampuram,Claimant_FRA02128,CFR,0.79,Pending,2022-05-07,
FRA02129,Telangana,D002,Bhadradri Kothagudem,Bhadrachalam,Nellipaka,Claimant_FRA02129,CFR,5.71,Pending,2024-07-19,
FRA02130,Telangana,D002,Bhadradri Kothagudem,Kothagudem,Regalla,Claimant_FRA02130,IFR,0.53,Rejected,2022-04-25,2026-01-16
FRA02131,Telangana,D001,Adilabad,Boath,Ghanpur,Claimant_FRA02131,CFR,4.34,Approved,2023-01-12,2025-07-21
FRA02132,Telangana,D002,Bhadradri Kothagudem,Manuguru,Anantharam,Claimant_FRA02132,CFR,6.1,Pending,2022-08-14,
FRA02133,Telangana,D004,Hyderabad,Charminar,Chandrayangutta,Claimant_FRA02133,IFR,4.3,Approved,2022-12-01,2026-07-28
FRA02134,Telangana,D033,Yadadri Bhuvanagiri,Bhongir,Anantharam,Claimant_FRA02134,CFR,3.11,Approved,2022-02-08,2026-01-02
FRA02135,Telangana,D033,Yadadri Bhuvanagiri,Bhongir,Anantharam,Claimant_FRA02135,CFR,5.06,Pending,2026-09-09,
FRA02136,Telangana,D001,Adilabad,Narnoor,Kothapalli,Claimant_FRA02136,CFR,6.05,Pending,2024-09-03,
FRA02137,Telangana,D005,Jagtial,Metpally,Vellulla,Claimant_FRA02137,CFR,4.75,Approved,2026-07-16,2026-07-30
FRA02138,Telangana,D032,Warangal,Narsampet,Madhira,Claimant_FRA02138,CFR,6.75,Pending,2025-01-16,
FRA02139,Telangana,D007,Jayashankar Bhupalpally,Chityal,Venkateshwarlapally,Claimant_FRA02139,CFR,7.41,Pending,2024-02-22,
FRA02140,Telangana,D002,Bhadradri Kothagudem,Kothagudem,Regalla,Claimant_FRA02140,CFR,4.05,Approved,2021-10-02,2025-11-15
FRA02141,Telangana,D032,Warangal,Narsampet,Madhira,Claimant_FRA02141,IFR,5.91,Rejected,2023-02-13,2023-12-13
FRA02142,Telangana,D018,Mulugu,Eturunagaram,Katapur,Claimant_FRA02142,IFR,7.54,Pending,2023-11-06,
FRA02143,Telangana,D013,Mahabubabad,Kuravi,Seerole,Claimant_FRA02143,CFR,2.75,Rejected,2025-07-14,2026-04-16
FRA02144,Telangana,D005,Jagtial,Metpally,Vellulla,Claimant_FRA02144,IFR,1.19,Approved,2023-04-16,2026-08-20
FRA02145,Telangana,D004,Hyderabad,Amberpet,Azampura,Claimant_FRA02145,CFR,6.91,Approved,2023-03-10,2025-12-14
FRA02146,Telangana,D006,Jangaon,Jangaon,Pasumamula,Claimant_FRA02146,IFR,6.51,Rejected,2023-05-14,2025-09-13
FRA02147,Telangana,D006,Jangaon,Station Ghanpur,Chilpur,Claimant_FRA02147,CFR,3.13,Approved,2023-03-26,2025-02-18
FRA02148,Telangana,D030,Vikarabad,Tandur,Kotbaspally,Claimant_FRA02148,IFR,3.82,Pending,2023-10-30,
FRA02149,Telangana,D032,Warangal,Narsampet,Madhira,Claimant_FRA02149,IFR,6.3,Approved,2023-07-20,2023-12-05
FRA02150,Telangana,D003,Hanumakonda,Atmakur,Chowdapur,Claimant_FRA02150,IFR,6.03,Approved,2023-06-10,2026-04-12
FRA02151,Telangana,D019,Nagarkurnool,Amrabad,Mananur,Claimant_FRA02151,CFR,6.35,Approved,2022-04-07,2025-09-12
FRA02152,Telangana,D004,Hyderabad,Charminar,Chandrayangutta,Claimant_FRA02152,IFR,6.65,Pending,2022-06-02,
FRA02153,Telangana,D032,Warangal,Narsampet,Madhira,Claimant_FRA02153,CFR,5.69,Pending,2026-03-19,
FRA02154,Telangana,D004,Hyderabad,Charminar,Chandrayangutta,Claimant_FRA02154,IFR,5.31,Approved,2022-03-06,2023-04-04
FRA02155,Telangana,D023,Nizamabad,Armoor,Mendora,Claimant_FRA02155,IFR,5.13,Approved,2023-06-16,2024-05-24
FRA02156,Telangana,D011,Khammam,Kothagudem,Seetharampuram,Claimant_FRA02156,CFR,0.74,Rejected,2022-05-22,2026-02-07
FRA02157,Telangana,D027,Sangareddy,Narayankhed,Kondapur,Claimant_FRA02157,CFR,6.79,Rejected,2025-08-21,2026-04-20
FRA02158,Telangana,D005,Jagtial,Metpally,Vellulla,Claimant_FRA02158,CFR,4.71,Rejected,2021-10-18,2022-01-29
FRA02159,Telangana,D018,Mulugu,Eturunagaram,Katapur,Claimant_FRA02159,CFR,1.82,Approved,2022-01-29,2022-09-10
FRA02160,Telangana,D002,Bhadradri Kothagudem,Bhadrachalam,Nellipaka,Claimant_FRA02160,IFR,5.68,Rejected,2023-03-22,2024-05-06
FRA02161,Telangana,D005,Jagtial,Metpally,Vellulla,Claimant_FRA02161,IFR,6.9,Pending,2023-08-25,
FRA02162,Telangana,D001,Adilabad,Boath,Ghanpur,Claimant_FRA02162,CFR,1.66,Pending,2022-02-27,
FRA02163,Telangana,D007,Jayashankar Bhupalpally,Regonda,Kannaram,Claimant_FRA02163,CFR,6.69,Approved,2026-06-25,2026-08-26
FRA02164,Telangana,D003,Hanumakonda,Dharmanagar,Mustial,Claimant_FRA02164,CFR,2.16,Rejected,2023-10-25,2024-03-04
FRA02165,Telangana,D030,Vikarabad,Tandur,Kotbaspally,Claimant_FRA02165,CFR,2.68,Approved,2026-08-17,2026-08-30
FRA02166,Telangana,D001,Adilabad,Boath,Ghanpur,Claimant_FRA02166,IFR,6.02,Approved,2023-01-01,2025-11-19
FRA02167,Telangana,D028,Siddipet,Husnabad,Pothireddypet,Claimant_FRA02167,CFR,7.59,Approved,2025-09-17,2025-10-29
FRA02168,Telangana,D032,Warangal,Narsampet,Madhira,Claimant_FRA02168,IFR,1.53,Approved,2025-08-19,2026-07-23
FRA02169,Telangana,D018,Mulugu,Venkatapur,Narsapur,Claimant_FRA02169,IFR,3.38,Approved,2023-02-27,2024-12-28
FRA02170,Telangana,D001,Adilabad,Narnoor,Kothapalli,Claimant_FRA02170,IFR,7.52,Approved,2025-08-05,2025-11-01
FRA02171,Telangana,D032,Warangal,Narsampet,Madhira,Claimant_FRA02171,CFR,2.72,Approved,2024-05-21,2025-11-16
FRA02172,Telangana,D033,Yadadri Bhuvanagiri,Bhongir,Anantharam,Claimant_FRA02172,CFR,4.38,Rejected,2022-12-06,2024-06-27
FRA02173,Telangana,D002,Bhadradri Kothagudem,Kothagudem,Regalla,Claimant_FRA02173,CFR,5.04,Approved,2026-08-26,2026-09-15
FRA02174,Telangana,D011,Khammam,Kothagudem,Seetharampuram,Claimant_FRA02174,CFR,7.85,Pending,2021-12-02,
FRA02175,Telangana,D030,Vikarabad,Tandur,Kotbaspally,Claimant_FRA02175,IFR,3.0,Pending,2026-07-07,
FRA02176,Telangana,D011,Khammam,Wyra,Gollapadu,Claimant_FRA02176,CFR,3.79,Approved,2024-01-11,2025-01-06
FRA02177,Telangana,D027,Sangareddy,Narayankhed,Kondapur,Claimant_FRA02177,CFR,1.05,Approved,2022-01-26,2026-09-01
FRA02178,Telangana,D007,Jayashankar Bhupalpally,Regonda,Kannaram,Claimant_FRA02178,IFR,4.29,Pending,2023-11-03,
FRA02179,Telangana,D020,Nalgonda,Devarakonda,Chinthapally,Claimant_FRA02179,CFR,6.11,Pending,2023-05-30,
FRA02180,Telangana,D018,Mulugu,Venkatapur,Narsapur,Claimant_FRA02180,IFR,6.43,Approved,2025-02-19,2025-10-08
FRA02181,Telangana,D032,Warangal,Narsampet,Madhira,Claimant_FRA02181,CFR,6.17,Pending,2023-10-15,
FRA02182,Telangana,D001,Adilabad,Narnoor,Kothapalli,Claimant_FRA02182,CFR,4.68,Approved,2023-01-08,2025-12-13
FRA02183,Telangana,D006,Jangaon,Station Ghanpur,Chilpur,Claimant_FRA02183,CFR,3.69,Approved,2022-09-08,2025-07-20
FRA02184,Telangana,D007,Jayashankar Bhupalpally,Regonda,Kannaram,Claimant_FRA02184,IFR,1.51,Approved,2023-07-26,2025-01-05
FRA02185,Telangana,D001,Adilabad,Boath,Ghanpur,Claimant_FRA02185,CFR,7.11,Approved,2025-07-22,2025-11-08
FRA02186,Telangana,D001,Adilabad,Utnoor,Devapur,Claimant_FRA02186,CFR,4.55,Pending,2025-06-09,
FRA02187,Telangana,D002,Bhadradri Kothagudem,Manuguru,Anantharam,Claimant_FRA02187,CFR,4.07,Pending,2021-10-07,
FRA02188,Telangana,D001,Adilabad,Utnoor,Devapur,Claimant_FRA02188,CFR,4.46,Approved,2021-12-31,2022-06-25
FRA02189,Telangana,D018,Mulugu,Venkatapur,Narsapur,Claimant_FRA02189,IFR,0.71,Approved,2023-05-04,2026-06-20
FRA02190,Telangana,D001,Adilabad,Boath,Ghanpur,Claimant_FRA02190,IFR,4.24,Approved,2026-07-26,2026-08-10
FRA02191,Telangana,D001,Adilabad,Utnoor,Devapur,Claimant_FRA02191,IFR,4.86,Approved,2024-03-16,2026-09-09
FRA02192,Telangana,D023,Nizamabad,Armoor,Mendora,Claimant_FRA02192,IFR,7.09,Pending,2024-05-31,
FRA02193,Telangana,D005,Jagtial,Korutla,Ailapur,Claimant_FRA02193,IFR,4.09,Approved,2024-07-29,2024-10-09
FRA02194,Telangana,D002,Bhadradri Kothagudem,Manuguru,Anantharam,Claimant_FRA02194,IFR,2.39,Approved,2023-02-24,2024-02-12
FRA02195,Telangana,D018,Mulugu,Eturunagaram,Katapur,Claimant_FRA02195,IFR,4.39,Approved,2026-01-23,2026-01-30
FRA02196,Telangana,D028,Siddipet,Husnabad,Pothireddypet,Claimant_FRA02196,CFR,2.5,Pending,2023-10-18,
FRA02197,Telangana,D004,Hyderabad,Amberpet,Azampura,Claimant_FRA02197,CFR,3.06,Rejected,2022-06-15,2024-05-04
FRA02198,Telangana,D011,Khammam,Kothagudem,Seetharampuram,Claimant_FRA02198,CFR,4.05,Pending,2022-09-10,
FRA02199,Telangana,D002,Bhadradri Kothagudem,Bhadrachalam,Nellipaka,Claimant_FRA02199,IFR,1.43,Approved,2023-09-11,2024-12-08
FRA02200,Telangana,D003,Hanumakonda,Atmakur,Chowdapur,Claimant_FRA02200,IFR,6.41,Approved,2024-10-16,2026-01-03
FRA02201,Telangana,D023,Nizamabad,Armoor,Mendora,Claimant_FRA02201,CFR,7.87,Approved,2023-01-10,2025-03-26
FRA02202,Telangana,D006,Jangaon,Jangaon,Pasumamula,Claimant_FRA02202,CFR,7.31,Approved,2025-05-12,2025-06-13
FRA02203,Telangana,D004,Hyderabad,Amberpet,Azampura,Claimant_FRA02203,CFR,4.54,Pending,2022-06-10,
FRA02204,Telangana,D013,Mahabubabad,Kuravi,Seerole,Claimant_FRA02204,IFR,1.33,Approved,2026-05-16,2026-06-30
FRA02205,Telangana,D011,Khammam,Wyra,Gollapadu,Claimant_FRA02205,IFR,3.38,Approved,2022-10-29,2022-11-17
FRA02206,Telangana,D002,Bhadradri Kothagudem,Bhadrachalam,Nellipaka,Claimant_FRA02206,CFR,5.38,Approved,2025-03-27,2026-07-10
FRA02207,Telangana,D026,Rangareddy,Shabad,Kesaram,Claimant_FRA02207,IFR,6.74,Approved,2021-12-10,2022-11-06
FRA02208,Telangana,D007,Jayashankar Bhupalpally,Regonda,Kannaram,Claimant_FRA02208,IFR,7.44,Approved,2023-08-21,2026-07-12
FRA02209,Telangana,D030,Vikarabad,Tandur,Kotbaspally,Claimant_FRA02209,IFR,5.23,Approved,2025-08-04,2025-12-02
FRA02210,Telangana,D007,Jayashankar Bhupalpally,Regonda,Kannaram,Claimant_FRA02210,CFR,3.66,Rejected,2023-12-10,2026-02-10
FRA02211,Telangana,D002,Bhadradri Kothagudem,Manuguru,Anantharam,Claimant_FRA02211,IFR,2.99,Pending,2024-01-23,
FRA02212,Telangana,D033,Yadadri Bhuvanagiri,Bhongir,Anantharam,Claimant_FRA02212,IFR,4.94,Pending,2025-09-26,
FRA02213,Telangana,D019,Nagarkurnool,Amrabad,Mananur,Claimant_FRA02213,IFR,2.14,Approved,2023-04-29,2025-03-09
FRA02214,Telangana,D011,Khammam,Kothagudem,Seetharampuram,Claimant_FRA02214,CFR,4.32,Approved,2023-03-19,2025-09-27
FRA02215,Telangana,D005,Jagtial,Korutla,Ailapur,Claimant_FRA02215,IFR,2.12,Rejected,2025-01-20,2026-06-07
FRA02216,Telangana,D001,Adilabad,Utnoor,Devapur,Claimant_FRA02216,IFR,5.8,Rejected,2024-11-18,2024-12-02
FRA02217,Telangana,D018,Mulugu,Venkatapur,Narsapur,Claimant_FRA02217,IFR,6.45,Pending,2024-06-24,
FRA02218,Telangana,D007,Jayashankar Bhupalpally,Regonda,Kannaram,Claimant_FRA02218,CFR,4.0,Approved,2024-12-06,2026-05-15
FRA02219,Telangana,D013,Mahabubabad,Kuravi,Seerole,Claimant_FRA02219,CFR,5.95,Pending,2023-03-17,
FRA02220,Telangana,D002,Bhadradri Kothagudem,Manuguru,Anantharam,Claimant_FRA02220,CFR,5.65,Pending,2024-04-04,
FRA02221,Telangana,D033,Yadadri Bhuvanagiri,Bhongir,Anantharam,Claimant_FRA02221,IFR,5.22,Rejected,2023-09-20,2025-08-08
FRA02222,Telangana,D019,Nagarkurnool,Amrabad,Mananur,Claimant_FRA02222,CFR,3.35,Pending,2026-03-22,
FRA02223,Telangana,D028,Siddipet,Husnabad,Pothireddypet,Claimant_FRA02223,IFR,3.52,Approved,2022-11-23,2026-07-04
FRA02224,Telangana,D032,Warangal,Narsampet,Madhira,Claimant_FRA02224,IFR,6.42,Approved,2024-02-29,2025-10-04
FRA02225,Telangana,D018,Mulugu,Eturunagaram,Katapur,Claimant_FRA02225,CFR,1.36,Approved,2022-07-23,2024-08-11
FRA02226,Telangana,D018,Mulugu,Eturunagaram,Katapur,Claimant_FRA02226,CFR,5.65,Rejected,2022-08-07,2026-09-08
FRA02227,Telangana,D026,Rangareddy,Shabad,Kesaram,Claimant_FRA02227,IFR,5.85,Approved,2023-09-04,2024-02-01
FRA02228,Telangana,D032,Warangal,Narsampet,Madhira,Claimant_FRA02228,IFR,2.12,Pending,2025-06-11,
FRA02229,Telangana,D011,Khammam,Wyra,Gollapadu,Claimant_FRA02229,IFR,3.64,Approved,2023-12-11,2025-09-15
FRA02230,Telangana,D018,Mulugu,Venkatapur,Narsapur,Claimant_FRA02230,IFR,5.64,Approved,2023-09-04,2026-07-14
FRA02231,Telangana,D002,Bhadradri Kothagudem,Kothagudem,Regalla,Claimant_FRA02231,CFR,7.34,Pending,2022-10-18,
FRA02232,Telangana,D013,Mahabubabad,Kuravi,Seerole,Claimant_FRA02232,CFR,5.88,Pending,2026-05-14,
FRA02233,Telangana,D002,Bhadradri Kothagudem,Kothagudem,Regalla,Claimant_FRA02233,IFR,1.97,Pending,2025-12-09,
FRA02234,Telangana,D011,Khammam,Kothagudem,Seetharampuram,Claimant_FRA02234,CFR,5.12,Pending,2025-12-19,
FRA02235,Telangana,D028,Siddipet,Husnabad,Pothireddypet,Claimant_FRA02235,CFR,4.86,Rejected,2023-05-26,2024-08-24
FRA02236,Telangana,D002,Bhadradri Kothagudem,Kothagudem,Regalla,Claimant_FRA02236,CFR,5.51,Pending,2022-03-30,
FRA02237,Telangana,D011,Khammam,Kothagudem,Seetharampuram,Claimant_FRA02237,CFR,6.91,Approved,2022-01-03,2023-07-12
FRA02238,Telangana,D013,Mahabubabad,Kuravi,Seerole,Claimant_FRA02238,CFR,1.84,Approved,2026-01-06,2026-08-03
FRA02239,Telangana,D005,Jagtial,Metpally,Vellulla,Claimant_FRA02239,IFR,7.05,Approved,2024-11-14,2026-02-11
FRA02240,Telangana,D027,Sangareddy,Narayankhed,Kondapur,Claimant_FRA02240,CFR,6.95,Pending,2025-06-26,
FRA02241,Telangana,D004,Hyderabad,Amberpet,Azampura,Claimant_FRA02241,CFR,5.11,Rejected,2025-10-08,2025-10-25
FRA02242,Telangana,D018,Mulugu,Eturunagaram,Katapur,Claimant_FRA02242,IFR,1.61,Approved,2024-05-30,2025-10-07
FRA02243,Telangana,D005,Jagtial,Metpally,Vellulla,Claimant_FRA02243,IFR,7.08,Approved,2025-01-31,2025-05-10
FRA02244,Telangana,D002,Bhadradri Kothagudem,Manuguru,Anantharam,Claimant_FRA02244,CFR,0.72,Approved,2025-08-30,2025-12-06
FRA02245,Telangana,D004,Hyderabad,Charminar,Chandrayangutta,Claimant_FRA02245,CFR,7.18,Approved,2025-01-11,2025-09-07
FRA02246,Telangana,D001,Adilabad,Narnoor,Kothapalli,Claimant_FRA02246,CFR,7.32,Pending,2026-07-07,
FRA02247,Telangana,D002,Bhadradri Kothagudem,Kothagudem,Regalla,Claimant_FRA02247,IFR,6.78,Pending,2023-10-04,
FRA02248,Telangana,D023,Nizamabad,Armoor,Mendora,Claimant_FRA02248,CFR,5.56,Pending,2022-04-14,
FRA02249,Telangana,D002,Bhadradri Kothagudem,Manuguru,Anantharam,Claimant_FRA02249,IFR,3.18,Approved,2022-01-21,2022-07-21
FRA02250,Telangana,D002,Bhadradri Kothagudem,Kothagudem,Regalla,Claimant_FRA02250,IFR,2.36,Pending,2022-07-22,
FRA02251,Telangana,D026,Rangareddy,Shabad,Kesaram,Claimant_FRA02251,CFR,5.19,Approved,2025-08-07,2026-03-04
FRA02252,Telangana,D026,Rangareddy,Shabad,Kesaram,Claimant_FRA02252,CFR,6.6,Pending,2025-02-17,
FRA02253,Telangana,D018,Mulugu,Venkatapur,Narsapur,Claimant_FRA02253,IFR,7.2,Pending,2023-01-08,
FRA02254,Telangana,D003,Hanumakonda,Dharmanagar,Mustial,Claimant_FRA02254,CFR,5.16,Approved,2025-10-29,2026-02-09
FRA02255,Telangana,D032,Warangal,Narsampet,Madhira,Claimant_FRA02255,CFR,3.34,Approved,2021-09-24,2022-03-27
FRA02256,Telangana,D028,Siddipet,Husnabad,Pothireddypet,Claimant_FRA02256,IFR,1.48,Approved,2025-03-29,2025-10-28
FRA02257,Telangana,D019,Nagarkurnool,Amrabad,Mananur,Claimant_FRA02257,IFR,3.96,Approved,2026-08-13,2026-08-18
FRA02258,Telangana,D026,Rangareddy,Shabad,Kesaram,Claimant_FRA02258,IFR,3.77,Approved,2026-03-08,2026-06-26
FRA02259,Telangana,D020,Nalgonda,Devarakonda,Chinthapally,Claimant_FRA02259,CFR,5.86,Approved,2024-09-21,2025-10-08
FRA02260,Telangana,D013,Mahabubabad,Bayyaram,Garla,Claimant_FRA02260,IFR,7.23,Pending,2023-08-26,
FRA02261,Telangana,D001,Adilabad,Narnoor,Kothapalli,Claimant_FRA02261,CFR,7.4,Pending,2025-06-03,
FRA02262,Telangana,D007,Jayashankar Bhupalpally,Chityal,Venkateshwarlapally,Claimant_FRA02262,CFR,6.43,Approved,2026-06-25,2026-09-14
FRA02263,Telangana,D007,Jayashankar Bhupalpally,Regonda,Kannaram,Claimant_FRA02263,IFR,2.0,Pending,2024-12-31,
FRA02264,Telangana,D013,Mahabubabad,Bayyaram,Garla,Claimant_FRA02264,IFR,0.61,Approved,2024-01-29,2024-10-31
FRA02265,Telangana,D003,Hanumakonda,Dharmanagar,Mustial,Claimant_FRA02265,IFR,0.75,Pending,2023-03-14,
FRA02266,Telangana,D004,Hyderabad,Charminar,Chandrayangutta,Claimant_FRA02266,IFR,1.46,Approved,2022-07-28,2025-08-01
FRA02267,Telangana,D004,Hyderabad,Charminar,Chandrayangutta,Claimant_FRA02267,IFR,1.5,Approved,2023-08-08,2024-01-07
FRA02268,Telangana,D011,Khammam,Wyra,Gollapadu,Claimant_FRA02268,CFR,7.77,Pending,2025-08-29,
FRA02269,Telangana,D032,Warangal,Narsampet,Madhira,Claimant_FRA02269,IFR,1.36,Pending,2025-12-01,
FRA02270,Telangana,D007,Jayashankar Bhupalpally,Chityal,Venkateshwarlapally,Claimant_FRA02270,CFR,4.19,Approved,2025-09-23,2025-10-08
FRA02271,Telangana,D001,Adilabad,Narnoor,Kothapalli,Claimant_FRA02271,IFR,4.62,Pending,2021-11-03,
FRA02272,Telangana,D002,Bhadradri Kothagudem,Bhadrachalam,Nellipaka,Claimant_FRA02272,IFR,6.16,Rejected,2024-10-30,2026-03-27
FRA02273,Telangana,D001,Adilabad,Boath,Ghanpur,Claimant_FRA02273,IFR,7.94,Approved,2024-05-11,2026-07-06
FRA02274,Telangana,D006,Jangaon,Station Ghanpur,Chilpur,Claimant_FRA02274,IFR,2.01,Approved,2025-12-23,2026-03-12
FRA02275,Telangana,D003,Hanumakonda,Atmakur,Chowdapur,Claimant_FRA02275,IFR,7.49,Approved,2026-09-01,2026-09-06
FRA02276,Telangana,D005,Jagtial,Metpally,Vellulla,Claimant_FRA02276,IFR,5.76,Pending,2026-01-18,
FRA02277,Telangana,D020,Nalgonda,Devarakonda,Chinthapally,Claimant_FRA02277,IFR,4.24,Pending,2023-03-19,
FRA02278,Telangana,D011,Khammam,Wyra,Gollapadu,Claimant_FRA02278,CFR,6.31,Pending,2023-07-23,
FRA02279,Telangana,D028,Siddipet,Husnabad,Pothireddypet,Claimant_FRA02279,CFR,2.89,Pending,2025-09-30,
FRA02280,Telangana,D003,Hanumakonda,Dharmanagar,Mustial,Claimant_FRA02280,CFR,7.78,Rejected,2024-01-15,2024-07-08
FRA02281,Telangana,D004,Hyderabad,Charminar,Chandrayangutta,Claimant_FRA02281,IFR,3.23,Pending,2023-02-15,
FRA02282,Telangana,D018,Mulugu,Eturunagaram,Katapur,Claimant_FRA02282,CFR,1.82,Approved,2024-10-25,2025-10-22
FRA02283,Telangana,D005,Jagtial,Metpally,Vellulla,Claimant_FRA02283,IFR,6.67,Approved,2025-07-11,2025-07-14
FRA02284,Telangana,D004,Hyderabad,Amberpet,Azampura,Claimant_FRA02284,CFR,0.61,Rejected,2023-03-16,2026-03-04
FRA02285,Telangana,D032,Warangal,Narsampet,Madhira,Claimant_FRA02285,CFR,5.31,Pending,2026-09-13,
FRA02286,Telangana,D002,Bhadradri Kothagudem,Manuguru,Anantharam,Claimant_FRA02286,CFR,6.43,Pending,2024-03-24,
FRA02287,Telangana,D002,Bhadradri Kothagudem,Bhadrachalam,Nellipaka,Claimant_FRA02287,CFR,3.83,Pending,2025-01-21,
FRA02288,Telangana,D032,Warangal,Narsampet,Madhira,Claimant_FRA02288,CFR,4.86,Pending,2026-05-07,
FRA02289,Telangana,D023,Nizamabad,Armoor,Mendora,Claimant_FRA02289,CFR,4.69,Pending,2024-05-22,
FRA02290,Telangana,D032,Warangal,Narsampet,Madhira,Claimant_FRA02290,IFR,7.39,Approved,2023-02-05,2023-08-02
FRA02291,Telangana,D004,Hyderabad,Charminar,Chandrayangutta,Claimant_FRA02291,CFR,5.97,Approved,2025-09-02,2026-04-02
FRA02292,Telangana,D013,Mahabubabad,Bayyaram,Garla,Claimant_FRA02292,CFR,7.98,Approved,2022-07-25,2023-05-04
FRA02293,Telangana,D033,Yadadri Bhuvanagiri,Bhongir,Anantharam,Claimant_FRA02293,CFR,7.88,Approved,2022-02-27,2023-05-07
FRA02294,Telangana,D028,Siddipet,Husnabad,Pothireddypet,Claimant_FRA02294,IFR,4.94,Rejected,2024-09-28,2025-04-12
FRA02295,Telangana,D013,Mahabubabad,Kuravi,Seerole,Claimant_FRA02295,IFR,6.54,Approved,2024-12-09,2026-03-10
FRA02296,Telangana,D019,Nagarkurnool,Amrabad,Mananur,Claimant_FRA02296,CFR,6.66,Approved,2021-10-05,2022-11-28
FRA02297,Telangana,D026,Rangareddy,Shabad,Kesaram,Claimant_FRA02297,IFR,0.85,Approved,2021-10-10,2023-07-02
FRA02298,Telangana,D019,Nagarkurnool,Amrabad,Mananur,Claimant_FRA02298,CFR,7.97,Approved,2026-05-10,2026-05-25
FRA02299,Telangana,D003,Hanumakonda,Atmakur,Chowdapur,Claimant_FRA02299,CFR,4.1,Rejected,2023-02-02,2025-04-19
FRA02300,Telangana,D002,Bhadradri Kothagudem,Manuguru,Anantharam,Claimant_FRA02300,IFR,1.4,Approved,2023-06-28,2023-09-25
FRA02301,Telangana,D011,Khammam,Wyra,Gollapadu,Claimant_FRA02301,CFR,3.3,Approved,2022-05-31,2025-09-05
FRA02302,Telangana,D033,Yadadri Bhuvanagiri,Bhongir,Anantharam,Claimant_FRA02302,IFR,3.41,Approved,2025-04-16,2026-03-18
FRA02303,Telangana,D023,Nizamabad,Armoor,Mendora,Claimant_FRA02303,IFR,1.45,Approved,2024-10-20,2026-08-26
FRA02304,Telangana,D005,Jagtial,Metpally,Vellulla,Claimant_FRA02304,CFR,5.0,Approved,2025-10-12,2026-04-08
FRA02305,Telangana,D003,Hanumakonda,Dharmanagar,Mustial,Claimant_FRA02305,CFR,4.4,Pending,2025-02-17,
FRA02306,Telangana,D023,Nizamabad,Armoor,Mendora,Claimant_FRA02306,IFR,3.14,Pending,2023-01-04,
FRA02307,Telangana,D018,Mulugu,Eturunagaram,Katapur,Claimant_FRA02307,CFR,1.16,Pending,2023-05-09,
FRA02308,Telangana,D007,Jayashankar Bhupalpally,Regonda,Kannaram,Claimant_FRA02308,IFR,3.39,Approved,2024-06-26,2026-02-07
FRA02309,Telangana,D002,Bhadradri Kothagudem,Manuguru,Anantharam,Claimant_FRA02309,IFR,1.68,Pending,2023-09-23,
FRA02310,Telangana,D003,Hanumakonda,Atmakur,Chowdapur,Claimant_FRA02310,CFR,3.21,Approved,2024-06-13,2025-07-01
FRA02311,Telangana,D019,Nagarkurnool,Amrabad,Mananur,Claimant_FRA02311,CFR,1.98,Approved,2021-10-08,2025-09-02
FRA02312,Telangana,D002,Bhadradri Kothagudem,Kothagudem,Regalla,Claimant_FRA02312,IFR,0.71,Rejected,2022-10-19,2022-12-20
FRA02313,Telangana,D019,Nagarkurnool,Amrabad,Mananur,Claimant_FRA02313,CFR,2.53,Approved,2022-07-23,2023-07-03
FRA02314,Telangana,D001,Adilabad,Utnoor,Devapur,Claimant_FRA02314,CFR,2.01,Approved,2025-03-17,2025-11-17
FRA02315,Telangana,D002,Bhadradri Kothagudem,Bhadrachalam,Nellipaka,Claimant_FRA02315,IFR,0.65,Rejected,2022-04-09,2024-01-15
FRA02316,Telangana,D004,Hyderabad,Charminar,Chandrayangutta,Claimant_FRA02316,IFR,1.32,Pending,2022-04-10,
FRA02317,Telangana,D001,Adilabad,Utnoor,Devapur,Claimant_FRA02317,IFR,6.63,Pending,2023-01-11,
FRA02318,Telangana,D013,Mahabubabad,Bayyaram,Garla,Claimant_FRA02318,CFR,4.91,Approved,2024-09-13,2026-04-12
FRA02319,Telangana,D005,Jagtial,Korutla,Ailapur,Claimant_FRA02319,IFR,1.92,Approved,2025-08-31,2026-08-11
FRA02320,Telangana,D018,Mulugu,Venkatapur,Narsapur,Claimant_FRA02320,IFR,5.9,Approved,2024-04-08,2025-05-27
FRA02321,Telangana,D032,Warangal,Narsampet,Madhira,Claimant_FRA02321,IFR,6.13,Approved,2022-11-14,2024-12-29
FRA02322,Telangana,D018,Mulugu,Eturunagaram,Katapur,Claimant_FRA02322,CFR,5.22,Rejected,2024-03-10,2025-04-21
FRA02323,Telangana,D007,Jayashankar Bhupalpally,Regonda,Kannaram,Claimant_FRA02323,IFR,3.93,Approved,2022-11-22,2023-06-12
FRA02324,Telangana,D001,Adilabad,Narnoor,Kothapalli,Claimant_FRA02324,CFR,5.55,Pending,2022-12-24,
FRA02325,Telangana,D013,Mahabubabad,Bayyaram,Garla,Claimant_FRA02325,IFR,7.93,Approved,2024-05-17,2025-03-15
FRA02326,Telangana,D005,Jagtial,Metpally,Vellulla,Claimant_FRA02326,IFR,5.1,Approved,2022-04-19,2023-03-05
FRA02327,Telangana,D032,Warangal,Narsampet,Madhira,Claimant_FRA02327,IFR,7.44,Approved,2023-08-05,2024-05-27
FRA02328,Telangana,D033,Yadadri Bhuvanagiri,Bhongir,Anantharam,Claimant_FRA02328,CFR,3.65,Approved,2022-07-14,2024-01-02
FRA02329,Telangana,D013,Mahabubabad,Kuravi,Seerole,Claimant_FRA02329,CFR,3.21,Pending,2022-11-08,
FRA02330,Telangana,D006,Jangaon,Jangaon,Pasumamula,Claimant_FRA02330,IFR,0.91,Pending,2024-02-06,
FRA02331,Telangana,D005,Jagtial,Korutla,Ailapur,Claimant_FRA02331,CFR,2.83,Pending,2023-07-11,
FRA02332,Telangana,D004,Hyderabad,Amberpet,Azampura,Claimant_FRA02332,CFR,4.22,Approved,2025-05-10,2026-04-16
FRA02333,Telangana,D002,Bhadradri Kothagudem,Manuguru,Anantharam,Claimant_FRA02333,IFR,0.57,Pending,2022-05-08,
FRA02334,Telangana,D001,Adilabad,Boath,Ghanpur,Claimant_FRA02334,IFR,7.71,Approved,2026-01-24,2026-04-12
FRA02335,Telangana,D006,Jangaon,Jangaon,Pasumamula,Claimant_FRA02335,CFR,2.35,Pending,2022-12-01,
FRA02336,Telangana,D027,Sangareddy,Narayankhed,Kondapur,Claimant_FRA02336,CFR,2.31,Pending,2025-12-15,
FRA02337,Telangana,D002,Bhadradri Kothagudem,Bhadrachalam,Nellipaka,Claimant_FRA02337,IFR,0.88,Approved,2024-04-17,2025-06-30
FRA02338,Telangana,D011,Khammam,Kothagudem,Seetharampuram,Claimant_FRA02338,CFR,7.8,Approved,2024-02-23,2026-04-14
FRA02339,Telangana,D019,Nagarkurnool,Amrabad,Mananur,Claimant_FRA02339,CFR,1.68,Approved,2023-05-05,2025-05-09
FRA02340,Telangana,D033,Yadadri Bhuvanagiri,Bhongir,Anantharam,Claimant_FRA02340,CFR,3.35,Pending,2023-03-24,
FRA02341,Telangana,D001,Adilabad,Utnoor,Devapur,Claimant_FRA02341,IFR,5.77,Pending,2022-11-28,
FRA02342,Telangana,D013,Mahabubabad,Bayyaram,Garla,Claimant_FRA02342,IFR,4.65,Rejected,2022-09-16,2024-12-29
FRA02343,Telangana,D007,Jayashankar Bhupalpally,Chityal,Venkateshwarlapally,Claimant_FRA02343,CFR,4.97,Pending,2025-10-20,
FRA02344,Telangana,D028,Siddipet,Husnabad,Pothireddypet,Claimant_FRA02344,CFR,0.73,Approved,2022-11-04,2024-08-20
FRA02345,Telangana,D023,Nizamabad,Armoor,Mendora,Claimant_FRA02345,IFR,3.09,Approved,2024-11-25,2025-06-01
FRA02346,Telangana,D011,Khammam,Wyra,Gollapadu,Claimant_FRA02346,CFR,1.86,Approved,2023-06-29,2024-04-23
FRA02347,Telangana,D001,Adilabad,Narnoor,Kothapalli,Claimant_FRA02347,IFR,6.9,Approved,2023-10-28,2024-12-10
FRA02348,Telangana,D004,Hyderabad,Charminar,Chandrayangutta,Claimant_FRA02348,IFR,1.24,Approved,2026-04-03,2026-09-18
FRA02349,Telangana,D026,Rangareddy,Shabad,Kesaram,Claimant_FRA02349,IFR,4.22,Rejected,2022-05-26,2023-04-27
FRA02350,Telangana,D001,Adilabad,Utnoor,Devapur,Claimant_FRA02350,CFR,1.01,Approved,2024-08-30,2025-06-26
FRA02351,Telangana,D023,Nizamabad,Armoor,Mendora,Claimant_FRA02351,IFR,0.99,Approved,2025-02-19,2026-09-02
FRA02352,Telangana,D001,Adilabad,Narnoor,Kothapalli,Claimant_FRA02352,CFR,1.43,Approved,2021-12-16,2023-08-05
FRA02353,Telangana,D018,Mulugu,Venkatapur,Narsapur,Claimant_FRA02353,IFR,5.05,Pending,2024-11-22,
FRA02354,Telangana,D006,Jangaon,Station Ghanpur,Chilpur,Claimant_FRA02354,IFR,4.0,Approved,2022-01-06,2022-10-23
FRA02355,Telangana,D033,Yadadri Bhuvanagiri,Bhongir,Anantharam,Claimant_FRA02355,CFR,5.45,Approved,2021-11-28,2025-06-23
FRA02356,Telangana,D032,Warangal,Narsampet,Madhira,Claimant_FRA02356,IFR,4.82,Pending,2026-02-01,
FRA02357,Telangana,D005,Jagtial,Metpally,Vellulla,Claimant_FRA02357,IFR,2.07,Approved,2026-03-06,2026-05-02
FRA02358,Telangana,D027,Sangareddy,Narayankhed,Kondapur,Claimant_FRA02358,IFR,0.62,Approved,2024-01-25,2025-09-25
FRA02359,Telangana,D030,Vikarabad,Tandur,Kotbaspally,Claimant_FRA02359,IFR,3.67,Approved,2024-11-13,2026-09-16
FRA02360,Telangana,D013,Mahabubabad,Bayyaram,Garla,Claimant_FRA02360,CFR,2.68,Approved,2026-06-29,2026-06-29
FRA02361,Telangana,D027,Sangareddy,Narayankhed,Kondapur,Claimant_FRA02361,IFR,5.02,Approved,2022-11-08,2026-05-21
FRA02362,Telangana,D003,Hanumakonda,Atmakur,Chowdapur,Claimant_FRA02362,CFR,6.14,Pending,2026-09-18,
FRA02363,Telangana,D032,Warangal,Narsampet,Madhira,Claimant_FRA02363,CFR,6.99,Rejected,2026-02-02,2026-05-13
FRA02364,Telangana,D027,Sangareddy,Narayankhed,Kondapur,Claimant_FRA02364,IFR,4.97,Approved,2022-12-13,2026-03-27
FRA02365,Telangana,D026,Rangareddy,Shabad,Kesaram,Claimant_FRA02365,CFR,6.59,Approved,2021-09-21,2022-11-18
FRA02366,Telangana,D013,Mahabubabad,Bayyaram,Garla,Claimant_FRA02366,CFR,5.34,Approved,2023-11-30,2025-06-10
FRA02367,Telangana,D030,Vikarabad,Tandur,Kotbaspally,Claimant_FRA02367,IFR,3.87,Rejected,2022-06-29,2026-08-25
FRA02368,Telangana,D019,Nagarkurnool,Amrabad,Mananur,Claimant_FRA02368,CFR,3.96,Rejected,2026-04-25,2026-05-08
FRA02369,Telangana,D032,Warangal,Narsampet,Madhira,Claimant_FRA02369,IFR,6.9,Approved,2021-10-21,2025-12-20
FRA02370,Telangana,D019,Nagarkurnool,Amrabad,Mananur,Claimant_FRA02370,CFR,3.08,Pending,2025-06-24,
FRA02371,Telangana,D027,Sangareddy,Narayankhed,Kondapur,Claimant_FRA02371,IFR,3.14,Approved,2025-12-25,2026-04-02
FRA02372,Telangana,D030,Vikarabad,Tandur,Kotbaspally,Claimant_FRA02372,CFR,5.7,Approved,2022-12-20,2023-07-31
FRA02373,Telangana,D018,Mulugu,Venkatapur,Narsapur,Claimant_FRA02373,CFR,2.23,Pending,2026-06-24,
FRA02374,Telangana,D032,Warangal,Narsampet,Madhira,Claimant_FRA02374,IFR,5.25,Approved,2026-04-14,2026-04-28
FRA02375,Telangana,D003,Hanumakonda,Atmakur,Chowdapur,Claimant_FRA02375,CFR,4.54,Approved,2026-08-17,2026-08-23
FRA02376,Telangana,D013,Mahabubabad,Kuravi,Seerole,Claimant_FRA02376,CFR,1.16,Approved,2023-12-08,2026-06-17
FRA02377,Telangana,D011,Khammam,Kothagudem,Seetharampuram,Claimant_FRA02377,CFR,1.62,Pending,2023-03-01,
FRA02378,Telangana,D004,Hyderabad,Charminar,Chandrayangutta,Claimant_FRA02378,CFR,4.77,Rejected,2025-09-02,2025-11-29
FRA02379,Telangana,D028,Siddipet,Husnabad,Pothireddypet,Claimant_FRA02379,IFR,7.15,Rejected,2024-07-02,2025-03-17
FRA02380,Telangana,D002,Bhadradri Kothagudem,Bhadrachalam,Nellipaka,Claimant_FRA02380,CFR,6.08,Approved,2024-06-20,2024-07-31
FRA02381,Telangana,D005,Jagtial,Korutla,Ailapur,Claimant_FRA02381,CFR,2.07,Rejected,2022-02-08,2024-09-23
FRA02382,Telangana,D018,Mulugu,Venkatapur,Narsapur,Claimant_FRA02382,IFR,6.34,Approved,2026-01-30,2026-03-31
FRA02383,Telangana,D002,Bhadradri Kothagudem,Bhadrachalam,Nellipaka,Claimant_FRA02383,CFR,1.62,Approved,2026-02-07,2026-06-23
FRA02384,Telangana,D033,Yadadri Bhuvanagiri,Bhongir,Anantharam,Claimant_FRA02384,IFR,4.89,Approved,2023-02-09,2024-08-16
FRA02385,Telangana,D001,Adilabad,Utnoor,Devapur,Claimant_FRA02385,IFR,3.32,Approved,2025-12-14,2026-02-09
FRA02386,Telangana,D020,Nalgonda,Devarakonda,Chinthapally,Claimant_FRA02386,CFR,5.08,Rejected,2023-02-27,2024-06-06
FRA02387,Telangana,D001,Adilabad,Utnoor,Devapur,Claimant_FRA02387,CFR,5.05,Approved,2025-09-18,2026-07-02
FRA02388,Telangana,D002,Bhadradri Kothagudem,Manuguru,Anantharam,Claimant_FRA02388,IFR,3.3,Approved,2022-11-26,2024-05-06
FRA02389,Telangana,D023,Nizamabad,Armoor,Mendora,Claimant_FRA02389,IFR,7.32,Pending,2023-09-05,
FRA02390,Telangana,D002,Bhadradri Kothagudem,Bhadrachalam,Nellipaka,Claimant_FRA02390,IFR,3.34,Rejected,2023-12-26,2025-09-08
FRA02391,Telangana,D033,Yadadri Bhuvanagiri,Bhongir,Anantharam,Claimant_FRA02391,CFR,2.23,Pending,2026-03-07,
FRA02392,Telangana,D006,Jangaon,Station Ghanpur,Chilpur,Claimant_FRA02392,IFR,3.58,Approved,2024-01-13,2025-07-17
FRA02393,Telangana,D018,Mulugu,Eturunagaram,Katapur,Claimant_FRA02393,IFR,2.03,Pending,2025-12-07,
FRA02394,Telangana,D013,Mahabubabad,Kuravi,Seerole,Claimant_FRA02394,IFR,1.35,Approved,2026-05-10,2026-05-29
FRA02395,Telangana,D019,Nagarkurnool,Amrabad,Mananur,Claimant_FRA02395,IFR,5.67,Approved,2024-11-16,2025-04-18
FRA02396,Telangana,D001,Adilabad,Narnoor,Kothapalli,Claimant_FRA02396,IFR,3.94,Pending,2023-01-12,
FRA02397,Telangana,D007,Jayashankar Bhupalpally,Regonda,Kannaram,Claimant_FRA02397,CFR,4.29,Rejected,2025-02-10,2025-03-27
FRA02398,Telangana,D006,Jangaon,Station Ghanpur,Chilpur,Claimant_FRA02398,CFR,4.7,Rejected,2026-09-18,2026-09-18
FRA02399,Telangana,D013,Mahabubabad,Kuravi,Seerole,Claimant_FRA02399,CFR,4.6,Approved,2021-12-20,2023-09-19
FRA02400,Telangana,D007,Jayashankar Bhupalpally,Regonda,Kannaram,Claimant_FRA02400,CFR,3.91,Approved,2024-08-27,2026-05-06
FRA02401,Telangana,D011,Khammam,Wyra,Gollapadu,Claimant_FRA02401,IFR,2.83,Approved,2023-03-08,2025-05-09
FRA02402,Telangana,D013,Mahabubabad,Kuravi,Seerole,Claimant_FRA02402,IFR,5.69,Approved,2024-09-04,2026-03-15
FRA02403,Telangana,D018,Mulugu,Eturunagaram,Katapur,Claimant_FRA02403,CFR,1.58,Pending,2022-10-23,
FRA02404,Telangana,D002,Bhadradri Kothagudem,Bhadrachalam,Nellipaka,Claimant_FRA02404,IFR,2.68,Pending,2023-09-07,
FRA02405,Telangana,D002,Bhadradri Kothagudem,Bhadrachalam,Nellipaka,Claimant_FRA02405,IFR,1.56,Pending,2021-10-20,
FRA02406,Telangana,D001,Adilabad,Narnoor,Kothapalli,Claimant_FRA02406,CFR,1.36,Approved,2026-02-26,2026-09-01
FRA02407,Telangana,D001,Adilabad,Narnoor,Kothapalli,Claimant_FRA02407,CFR,5.15,Approved,2021-11-02,2026-03-21
FRA02408,Telangana,D028,Siddipet,Husnabad,Pothireddypet,Claimant_FRA02408,CFR,7.53,Pending,2024-01-21,
FRA02409,Telangana,D018,Mulugu,Venkatapur,Narsapur,Claimant_FRA02409,CFR,7.02,Approved,2025-08-19,2026-03-28
FRA02410,Telangana,D005,Jagtial,Korutla,Ailapur,Claimant_FRA02410,CFR,6.99,Approved,2025-07-14,2025-11-16
FRA02411,Telangana,D020,Nalgonda,Devarakonda,Chinthapally,Claimant_FRA02411,IFR,1.27,Approved,2022-07-06,2022-07-27
FRA02412,Telangana,D019,Nagarkurnool,Amrabad,Mananur,Claimant_FRA02412,IFR,1.03,Approved,2025-10-11,2026-09-04
FRA02413,Telangana,D013,Mahabubabad,Kuravi,Seerole,Claimant_FRA02413,IFR,7.15,Rejected,2025-06-15,2026-07-30
FRA02414,Telangana,D020,Nalgonda,Devarakonda,Chinthapally,Claimant_FRA02414,CFR,6.74,Approved,2023-07-19,2023-09-07
FRA02415,Telangana,D002,Bhadradri Kothagudem,Kothagudem,Regalla,Claimant_FRA02415,IFR,6.91,Pending,2022-07-04,
FRA02416,Telangana,D006,Jangaon,Station Ghanpur,Chilpur,Claimant_FRA02416,IFR,2.43,Approved,2021-11-01,2026-01-15
FRA02417,Telangana,D004,Hyderabad,Charminar,Chandrayangutta,Claimant_FRA02417,CFR,6.16,Rejected,2024-01-06,2025-07-01
FRA02418,Telangana,D032,Warangal,Narsampet,Madhira,Claimant_FRA02418,CFR,5.45,Pending,2023-04-26,
FRA02419,Telangana,D006,Jangaon,Station Ghanpur,Chilpur,Claimant_FRA02419,CFR,2.18,Rejected,2024-03-11,2025-05-19
FRA02420,Telangana,D005,Jagtial,Metpally,Vellulla,Claimant_FRA02420,CFR,1.77,Approved,2026-05-02,2026-07-02
FRA02421,Telangana,D018,Mulugu,Venkatapur,Narsapur,Claimant_FRA02421,IFR,4.32,Pending,2025-11-09,
FRA02422,Telangana,D001,Adilabad,Boath,Ghanpur,Claimant_FRA02422,CFR,7.87,Pending,2026-04-09,
FRA02423,Telangana,D018,Mulugu,Eturunagaram,Katapur,Claimant_FRA02423,CFR,0.69,Pending,2023-11-16,
FRA02424,Telangana,D018,Mulugu,Venkatapur,Narsapur,Claimant_FRA02424,IFR,7.34,Approved,2023-06-19,2023-09-24
FRA02425,Telangana,D001,Adilabad,Narnoor,Kothapalli,Claimant_FRA02425,CFR,0.7,Approved,2025-11-25,2026-07-27
FRA02426,Telangana,D018,Mulugu,Eturunagaram,Katapur,Claimant_FRA02426,IFR,7.43,Rejected,2024-12-16,2025-08-27
FRA02427,Telangana,D013,Mahabubabad,Bayyaram,Garla,Claimant_FRA02427,IFR,5.1,Approved,2024-06-04,2025-11-18
FRA02428,Telangana,D005,Jagtial,Metpally,Vellulla,Claimant_FRA02428,CFR,5.33,Rejected,2023-08-22,2025-04-11
FRA02429,Telangana,D003,Hanumakonda,Dharmanagar,Mustial,Claimant_FRA02429,IFR,6.69,Pending,2023-10-07,
FRA02430,Telangana,D002,Bhadradri Kothagudem,Kothagudem,Regalla,Claimant_FRA02430,IFR,5.8,Approved,2023-12-04,2024-10-16
FRA02431,Telangana,D026,Rangareddy,Shabad,Kesaram,Claimant_FRA02431,CFR,1.6,Approved,2022-07-14,2023-03-06
FRA02432,Telangana,D002,Bhadradri Kothagudem,Manuguru,Anantharam,Claimant_FRA02432,CFR,7.09,Pending,2024-05-23,
FRA02433,Telangana,D002,Bhadradri Kothagudem,Kothagudem,Regalla,Claimant_FRA02433,CFR,3.59,Approved,2026-05-14,2026-05-25
FRA02434,Telangana,D019,Nagarkurnool,Amrabad,Mananur,Claimant_FRA02434,CFR,4.79,Approved,2026-03-24,2026-05-05
FRA02435,Telangana,D001,Adilabad,Boath,Ghanpur,Claimant_FRA02435,IFR,1.82,Pending,2022-11-06,
FRA02436,Telangana,D001,Adilabad,Utnoor,Devapur,Claimant_FRA02436,IFR,6.96,Approved,2025-04-27,2026-03-07
FRA02437,Telangana,D011,Khammam,Kothagudem,Seetharampuram,Claimant_FRA02437,CFR,6.17,Approved,2024-04-22,2024-12-13
FRA02438,Telangana,D027,Sangareddy,Narayankhed,Kondapur,Claimant_FRA02438,IFR,7.58,Approved,2022-01-30,2023-10-02
FRA02439,Telangana,D004,Hyderabad,Charminar,Chandrayangutta,Claimant_FRA02439,IFR,4.39,Approved,2023-06-29,2025-12-31
FRA02440,Telangana,D013,Mahabubabad,Bayyaram,Garla,Claimant_FRA02440,CFR,2.11,Approved,2024-03-09,2026-01-07
FRA02441,Telangana,D004,Hyderabad,Charminar,Chandrayangutta,Claimant_FRA02441,IFR,3.75,Approved,2025-09-06,2026-03-30
FRA02442,Telangana,D004,Hyderabad,Charminar,Chandrayangutta,Claimant_FRA02442,IFR,7.94,Rejected,2024-06-24,2024-12-08
FRA02443,Telangana,D011,Khammam,Wyra,Gollapadu,Claimant_FRA02443,IFR,5.25,Approved,2021-12-23,2026-01-25
FRA02444,Telangana,D013,Mahabubabad,Kuravi,Seerole,Claimant_FRA02444,IFR,3.86,Pending,2023-02-08,
FRA02445,Telangana,D030,Vikarabad,Tandur,Kotbaspally,Claimant_FRA02445,IFR,4.92,Approved,2024-07-06,2026-03-04
FRA02446,Telangana,D002,Bhadradri Kothagudem,Kothagudem,Regalla,Claimant_FRA02446,CFR,4.89,Pending,2022-11-14,
FRA02447,Telangana,D011,Khammam,Kothagudem,Seetharampuram,Claimant_FRA02447,IFR,3.0,Approved,2022-05-13,2026-02-01
FRA02448,Telangana,D004,Hyderabad,Charminar,Chandrayangutta,Claimant_FRA02448,CFR,6.31,Pending,2021-11-18,
FRA02449,Telangana,D028,Siddipet,Husnabad,Pothireddypet,Claimant_FRA02449,IFR,4.81,Approved,2022-08-08,2023-01-24
FRA02450,Telangana,D011,Khammam,Wyra,Gollapadu,Claimant_FRA02450,CFR,2.51,Approved,2023-10-19,2024-09-02
FRA02451,Telangana,D013,Mahabubabad,Bayyaram,Garla,Claimant_FRA02451,IFR,2.92,Rejected,2024-03-23,2025-09-27
FRA02452,Telangana,D019,Nagarkurnool,Amrabad,Mananur,Claimant_FRA02452,IFR,3.76,Approved,2025-05-04,2026-05-15
FRA02453,Telangana,D006,Jangaon,Jangaon,Pasumamula,Claimant_FRA02453,IFR,3.7,Approved,2023-10-31,2025-01-14
FRA02454,Telangana,D002,Bhadradri Kothagudem,Manuguru,Anantharam,Claimant_FRA02454,IFR,4.87,Approved,2024-01-20,2026-02-05
FRA02455,Telangana,D028,Siddipet,Husnabad,Pothireddypet,Claimant_FRA02455,CFR,1.2,Pending,2024-07-09,
FRA02456,Telangana,D019,Nagarkurnool,Amrabad,Mananur,Claimant_FRA02456,CFR,0.75,Approved,2025-04-11,2025-09-08
FRA02457,Telangana,D018,Mulugu,Venkatapur,Narsapur,Claimant_FRA02457,IFR,7.55,Approved,2025-05-21,2026-03-26
FRA02458,Telangana,D027,Sangareddy,Narayankhed,Kondapur,Claimant_FRA02458,IFR,7.52,Rejected,2026-06-30,2026-08-30
FRA02459,Telangana,D020,Nalgonda,Devarakonda,Chinthapally,Claimant_FRA02459,IFR,7.26,Pending,2023-04-12,
FRA02460,Telangana,D032,Warangal,Narsampet,Madhira,Claimant_FRA02460,CFR,3.07,Approved,2025-09-02,2026-02-28
FRA02461,Telangana,D002,Bhadradri Kothagudem,Kothagudem,Regalla,Claimant_FRA02461,CFR,7.24,Rejected,2022-05-09,2024-03-11
FRA02462,Telangana,D005,Jagtial,Korutla,Ailapur,Claimant_FRA02462,IFR,7.58,Pending,2026-01-04,
FRA02463,Telangana,D026,Rangareddy,Shabad,Kesaram,Claimant_FRA02463,CFR,6.91,Approved,2022-01-08,2022-11-01
FRA02464,Telangana,D028,Siddipet,Husnabad,Pothireddypet,Claimant_FRA02464,CFR,6.27,Approved,2023-06-14,2023-07-17
FRA02465,Telangana,D006,Jangaon,Station Ghanpur,Chilpur,Claimant_FRA02465,CFR,7.72,Approved,2025-09-28,2026-05-27
FRA02466,Telangana,D002,Bhadradri Kothagudem,Kothagudem,Regalla,Claimant_FRA02466,IFR,3.25,Approved,2026-08-16,2026-09-01
FRA02467,Telangana,D033,Yadadri Bhuvanagiri,Bhongir,Anantharam,Claimant_FRA02467,CFR,3.86,Pending,2024-09-14,
FRA02468,Telangana,D007,Jayashankar Bhupalpally,Chityal,Venkateshwarlapally,Claimant_FRA02468,IFR,5.62,Approved,2025-08-26,2026-02-07
FRA02469,Telangana,D006,Jangaon,Station Ghanpur,Chilpur,Claimant_FRA02469,IFR,4.37,Approved,2025-04-22,2025-10-08
FRA02470,Telangana,D002,Bhadradri Kothagudem,Bhadrachalam,Nellipaka,Claimant_FRA02470,CFR,2.17,Approved,2025-03-23,2025-04-05
FRA02471,Telangana,D033,Yadadri Bhuvanagiri,Bhongir,Anantharam,Claimant_FRA02471,IFR,6.15,Pending,2023-10-13,
FRA02472,Telangana,D005,Jagtial,Metpally,Vellulla,Claimant_FRA02472,CFR,6.07,Approved,2026-05-05,2026-06-03
FRA02473,Telangana,D002,Bhadradri Kothagudem,Kothagudem,Regalla,Claimant_FRA02473,IFR,6.04,Approved,2023-04-02,2024-11-06
FRA02474,Telangana,D001,Adilabad,Narnoor,Kothapalli,Claimant_FRA02474,CFR,2.6,Rejected,2024-06-25,2026-04-28
FRA02475,Telangana,D032,Warangal,Narsampet,Madhira,Claimant_FRA02475,IFR,4.83,Pending,2025-04-18,
FRA02476,Telangana,D011,Khammam,Wyra,Gollapadu,Claimant_FRA02476,IFR,2.34,Rejected,2026-07-31,2026-08-21
FRA02477,Telangana,D026,Rangareddy,Shabad,Kesaram,Claimant_FRA02477,CFR,4.96,Rejected,2024-11-02,2026-04-30
FRA02478,Telangana,D001,Adilabad,Boath,Ghanpur,Claimant_FRA02478,IFR,7.59,Pending,2026-01-04,
FRA02479,Telangana,D028,Siddipet,Husnabad,Pothireddypet,Claimant_FRA02479,CFR,1.98,Approved,2024-01-16,2026-05-25
FRA02480,Telangana,D002,Bhadradri Kothagudem,Bhadrachalam,Nellipaka,Claimant_FRA02480,CFR,6.63,Pending,2024-03-13,
FRA02481,Telangana,D011,Khammam,Kothagudem,Seetharampuram,Claimant_FRA02481,CFR,0.79,Pending,2024-04-04,
FRA02482,Telangana,D007,Jayashankar Bhupalpally,Chityal,Venkateshwarlapally,Claimant_FRA02482,IFR,1.63,Approved,2026-08-25,2026-09-08
FRA02483,Telangana,D023,Nizamabad,Armoor,Mendora,Claimant_FRA02483,IFR,1.86,Approved,2024-07-16,2025-04-03
FRA02484,Telangana,D027,Sangareddy,Narayankhed,Kondapur,Claimant_FRA02484,CFR,2.0,Approved,2022-12-25,2023-03-13
FRA02485,Telangana,D013,Mahabubabad,Kuravi,Seerole,Claimant_FRA02485,CFR,1.71,Approved,2024-02-05,2025-10-26
FRA02486,Telangana,D028,Siddipet,Husnabad,Pothireddypet,Claimant_FRA02486,IFR,5.39,Pending,2022-07-05,
FRA02487,Telangana,D005,Jagtial,Metpally,Vellulla,Claimant_FRA02487,IFR,2.11,Pending,2026-06-19,
FRA02488,Telangana,D013,Mahabubabad,Kuravi,Seerole,Claimant_FRA02488,IFR,7.33,Approved,2026-01-01,2026-06-16
FRA02489,Telangana,D023,Nizamabad,Armoor,Mendora,Claimant_FRA02489,CFR,3.17,Approved,2024-08-03,2025-02-22
FRA02490,Telangana,D011,Khammam,Kothagudem,Seetharampuram,Claimant_FRA02490,CFR,5.75,Approved,2023-03-26,2026-07-28
FRA02491,Telangana,D003,Hanumakonda,Dharmanagar,Mustial,Claimant_FRA02491,CFR,1.42,Rejected,2025-03-20,2025-11-14
FRA02492,Telangana,D005,Jagtial,Metpally,Vellulla,Claimant_FRA02492,CFR,6.13,Approved,2021-12-24,2025-12-09
FRA02493,Telangana,D002,Bhadradri Kothagudem,Manuguru,Anantharam,Claimant_FRA02493,CFR,1.7,Approved,2026-03-20,2026-07-18
FRA02494,Telangana,D003,Hanumakonda,Dharmanagar,Mustial,Claimant_FRA02494,IFR,1.09,Rejected,2023-04-04,2026-08-15
FRA02495,Telangana,D005,Jagtial,Korutla,Ailapur,Claimant_FRA02495,IFR,3.31,Pending,2025-11-17,
FRA02496,Telangana,D001,Adilabad,Boath,Ghanpur,Claimant_FRA02496,IFR,5.19,Approved,2025-04-15,2025-09-27
FRA02497,Telangana,D002,Bhadradri Kothagudem,Bhadrachalam,Nellipaka,Claimant_FRA02497,IFR,4.5,Approved,2022-02-16,2025-09-05
FRA02498,Telangana,D032,Warangal,Narsampet,Madhira,Claimant_FRA02498,IFR,0.53,Pending,2023-10-25,
FRA02499,Telangana,D002,Bhadradri Kothagudem,Manuguru,Anantharam,Claimant_FRA02499,IFR,7.21,Pending,2025-04-06,
FRA02500,Telangana,D001,Adilabad,Boath,Ghanpur,Claimant_FRA02500,CFR,6.6,Approved,2026-07-19,2026-08-15
FRA02501,Telangana,D028,Siddipet,Husnabad,Pothireddypet,Claimant_FRA02501,CFR,4.49,Approved,2024-05-20,2025-08-23
FRA02502,Telangana,D006,Jangaon,Station Ghanpur,Chilpur,Claimant_FRA02502,IFR,5.4,Approved,2023-12-17,2024-12-05
FRA02503,Telangana,D011,Khammam,Wyra,Gollapadu,Claimant_FRA02503,IFR,1.33,Pending,2024-02-18,
FRA02504,Telangana,D007,Jayashankar Bhupalpally,Chityal,Venkateshwarlapally,Claimant_FRA02504,CFR,2.7,Pending,2022-04-30,
FRA02505,Telangana,D033,Yadadri Bhuvanagiri,Bhongir,Anantharam,Claimant_FRA02505,CFR,3.35,Approved,2026-09-11,2026-09-18
FRA02506,Telangana,D007,Jayashankar Bhupalpally,Chityal,Venkateshwarlapally,Claimant_FRA02506,CFR,6.7,Pending,2024-07-25,
FRA02507,Telangana,D002,Bhadradri Kothagudem,Kothagudem,Regalla,Claimant_FRA02507,IFR,7.0,Pending,2025-06-30,
FRA02508,Telangana,D032,Warangal,Narsampet,Madhira,Claimant_FRA02508,CFR,4.86,Approved,2022-04-13,2022-10-28
FRA02509,Telangana,D020,Nalgonda,Devarakonda,Chinthapally,Claimant_FRA02509,IFR,1.42,Pending,2024-11-21,
FRA02510,Telangana,D003,Hanumakonda,Atmakur,Chowdapur,Claimant_FRA02510,IFR,2.57,Approved,2024-08-16,2026-07-15
FRA02511,Telangana,D004,Hyderabad,Charminar,Chandrayangutta,Claimant_FRA02511,CFR,3.45,Rejected,2025-12-20,2026-04-20
FRA02512,Telangana,D013,Mahabubabad,Bayyaram,Garla,Claimant_FRA02512,CFR,7.4,Rejected,2022-03-06,2024-01-02
FRA02513,Telangana,D002,Bhadradri Kothagudem,Kothagudem,Regalla,Claimant_FRA02513,IFR,0.99,Pending,2022-09-04,
FRA02514,Telangana,D001,Adilabad,Utnoor,Devapur,Claimant_FRA02514,CFR,7.69,Approved,2026-08-22,2026-08-22
FRA02515,Telangana,D033,Yadadri Bhuvanagiri,Bhongir,Anantharam,Claimant_FRA02515,CFR,3.19,Rejected,2023-03-25,2023-11-24
FRA02516,Telangana,D002,Bhadradri Kothagudem,Manuguru,Anantharam,Claimant_FRA02516,CFR,3.66,Approved,2026-07-30,2026-08-25
FRA02517,Telangana,D002,Bhadradri Kothagudem,Manuguru,Anantharam,Claimant_FRA02517,CFR,4.96,Rejected,2024-06-12,2025-07-31
FRA02518,Telangana,D013,Mahabubabad,Bayyaram,Garla,Claimant_FRA02518,IFR,6.9,Pending,2023-05-14,
FRA02519,Telangana,D018,Mulugu,Eturunagaram,Katapur,Claimant_FRA02519,CFR,3.17,Pending,2023-06-23,
FRA02520,Telangana,D032,Warangal,Narsampet,Madhira,Claimant_FRA02520,CFR,5.76,Pending,2022-04-21,
FRA02521,Telangana,D033,Yadadri Bhuvanagiri,Bhongir,Anantharam,Claimant_FRA02521,IFR,5.52,Approved,2026-05-07,2026-07-03
FRA02522,Telangana,D001,Adilabad,Boath,Ghanpur,Claimant_FRA02522,CFR,4.62,Pending,2025-05-17,
FRA02523,Telangana,D019,Nagarkurnool,Amrabad,Mananur,Claimant_FRA02523,CFR,3.27,Approved,2024-10-06,2025-02-03
FRA02524,Telangana,D002,Bhadradri Kothagudem,Manuguru,Anantharam,Claimant_FRA02524,IFR,2.02,Approved,2026-03-30,2026-08-30
FRA02525,Telangana,D006,Jangaon,Jangaon,Pasumamula,Claimant_FRA02525,IFR,4.62,Approved,2022-03-28,2024-02-25
FRA02526,Telangana,D019,Nagarkurnool,Amrabad,Mananur,Claimant_FRA02526,CFR,4.02,Pending,2024-02-12,
FRA02527,Telangana,D013,Mahabubabad,Kuravi,Seerole,Claimant_FRA02527,IFR,4.95,Pending,2022-05-18,
FRA02528,Telangana,D030,Vikarabad,Tandur,Kotbaspally,Claimant_FRA02528,CFR,0.62,Approved,2023-08-11,2025-12-15
FRA02529,Telangana,D001,Adilabad,Boath,Ghanpur,Claimant_FRA02529,IFR,5.18,Rejected,2021-10-28,2023-01-01
FRA02530,Telangana,D011,Khammam,Kothagudem,Seetharampuram,Claimant_FRA02530,CFR,2.8,Pending,2025-10-11,
FRA02531,Telangana,D006,Jangaon,Station Ghanpur,Chilpur,Claimant_FRA02531,CFR,6.98,Pending,2022-05-16,
FRA02532,Telangana,D030,Vikarabad,Tandur,Kotbaspally,Claimant_FRA02532,CFR,3.93,Approved,2021-11-02,2022-08-19
FRA02533,Telangana,D011,Khammam,Kothagudem,Seetharampuram,Claimant_FRA02533,CFR,6.44,Rejected,2023-11-18,2026-05-30
FRA02534,Telangana,D001,Adilabad,Narnoor,Kothapalli,Claimant_FRA02534,CFR,5.31,Approved,2024-09-28,2025-01-07
FRA02535,Telangana,D026,Rangareddy,Shabad,Kesaram,Claimant_FRA02535,CFR,4.35,Approved,2025-02-13,2026-03-05
FRA02536,Telangana,D027,Sangareddy,Narayankhed,Kondapur,Claimant_FRA02536,CFR,5.18,Approved,2022-07-17,2025-01-16
FRA02537,Telangana,D006,Jangaon,Jangaon,Pasumamula,Claimant_FRA02537,CFR,2.35,Pending,2025-11-01,
FRA02538,Telangana,D032,Warangal,Narsampet,Madhira,Claimant_FRA02538,IFR,3.05,Rejected,2026-08-19,2026-09-01
FRA02539,Telangana,D032,Warangal,Narsampet,Madhira,Claimant_FRA02539,CFR,6.2,Approved,2022-03-26,2025-06-28
FRA02540,Telangana,D013,Mahabubabad,Bayyaram,Garla,Claimant_FRA02540,CFR,7.13,Rejected,2026-05-12,2026-09-09
FRA02541,Telangana,D004,Hyderabad,Charminar,Chandrayangutta,Claimant_FRA02541,IFR,5.68,Approved,2024-08-12,2024-08-17
FRA02542,Telangana,D026,Rangareddy,Shabad,Kesaram,Claimant_FRA02542,CFR,1.49,Pending,2025-05-12,
FRA02543,Telangana,D028,Siddipet,Husnabad,Pothireddypet,Claimant_FRA02543,CFR,0.77,Pending,2025-01-24,
FRA02544,Telangana,D030,Vikarabad,Tandur,Kotbaspally,Claimant_FRA02544,IFR,2.28,Pending,2024-07-22,
FRA02545,Telangana,D006,Jangaon,Station Ghanpur,Chilpur,Claimant_FRA02545,IFR,6.33,Pending,2023-12-12,
FRA02546,Telangana,D002,Bhadradri Kothagudem,Bhadrachalam,Nellipaka,Claimant_FRA02546,IFR,6.96,Approved,2025-03-21,2025-09-03
FRA02547,Telangana,D018,Mulugu,Venkatapur,Narsapur,Claimant_FRA02547,IFR,5.28,Approved,2025-02-19,2026-06-29
FRA02548,Telangana,D006,Jangaon,Jangaon,Pasumamula,Claimant_FRA02548,IFR,4.06,Approved,2024-09-10,2025-04-04
FRA02549,Telangana,D018,Mulugu,Venkatapur,Narsapur,Claimant_FRA02549,IFR,1.4,Pending,2023-03-08,
FRA02550,Telangana,D002,Bhadradri Kothagudem,Bhadrachalam,Nellipaka,Claimant_FRA02550,IFR,0.82,Approved,2025-05-23,2025-08-08
FRA02551,Telangana,D007,Jayashankar Bhupalpally,Chityal,Venkateshwarlapally,Claimant_FRA02551,IFR,6.33,Approved,2026-05-25,2026-06-06
FRA02552,Telangana,D007,Jayashankar Bhupalpally,Chityal,Venkateshwarlapally,Claimant_FRA02552,CFR,3.78,Approved,2026-08-05,2026-08-24
FRA02553,Telangana,D002,Bhadradri Kothagudem,Manuguru,Anantharam,Claimant_FRA02553,CFR,0.67,Pending,2022-12-03,
FRA02554,Telangana,D001,Adilabad,Narnoor,Kothapalli,Claimant_FRA02554,IFR,5.11,Approved,2021-09-20,2026-06-23
FRA02555,Telangana,D030,Vikarabad,Tandur,Kotbaspally,Claimant_FRA02555,IFR,2.62,Approved,2022-11-27,2026-05-22
FRA02556,Telangana,D028,Siddipet,Husnabad,Pothireddypet,Claimant_FRA02556,CFR,0.6,Pending,2023-08-19,
FRA02557,Telangana,D026,Rangareddy,Shabad,Kesaram,Claimant_FRA02557,IFR,7.33,Approved,2022-11-17,2026-07-25
FRA02558,Telangana,D001,Adilabad,Utnoor,Devapur,Claimant_FRA02558,IFR,4.8,Approved,2024-02-08,2025-03-22
FRA02559,Telangana,D002,Bhadradri Kothagudem,Bhadrachalam,Nellipaka,Claimant_FRA02559,IFR,4.47,Rejected,2024-10-19,2026-01-03
FRA02560,Telangana,D026,Rangareddy,Shabad,Kesaram,Claimant_FRA02560,IFR,1.55,Approved,2022-01-06,2022-09-14
FRA02561,Telangana,D003,Hanumakonda,Atmakur,Chowdapur,Claimant_FRA02561,CFR,5.2,Approved,2022-06-03,2022-08-14
FRA02562,Telangana,D030,Vikarabad,Tandur,Kotbaspally,Claimant_FRA02562,CFR,3.24,Approved,2022-10-07,2024-06-09
FRA02563,Telangana,D026,Rangareddy,Shabad,Kesaram,Claimant_FRA02563,CFR,1.48,Pending,2024-11-21,
FRA02564,Telangana,D005,Jagtial,Metpally,Vellulla,Claimant_FRA02564,IFR,4.46,Approved,2023-11-29,2025-03-09
FRA02565,Telangana,D005,Jagtial,Korutla,Ailapur,Claimant_FRA02565,CFR,7.91,Approved,2026-08-31,2026-09-11
FRA02566,Telangana,D027,Sangareddy,Narayankhed,Kondapur,Claimant_FRA02566,IFR,3.69,Approved,2024-03-20,2025-07-09
FRA02567,Telangana,D033,Yadadri Bhuvanagiri,Bhongir,Anantharam,Claimant_FRA02567,CFR,4.18,Rejected,2024-11-05,2026-07-22
FRA02568,Telangana,D018,Mulugu,Eturunagaram,Katapur,Claimant_FRA02568,IFR,7.05,Approved,2025-10-15,2026-03-01
FRA02569,Telangana,D006,Jangaon,Station Ghanpur,Chilpur,Claimant_FRA02569,IFR,3.97,Approved,2024-11-02,2024-12-02
FRA02570,Telangana,D033,Yadadri Bhuvanagiri,Bhongir,Anantharam,Claimant_FRA02570,CFR,4.98,Approved,2025-04-02,2025-04-09
FRA02571,Telangana,D011,Khammam,Kothagudem,Seetharampuram,Claimant_FRA02571,CFR,6.66,Pending,2023-05-04,
FRA02572,Telangana,D023,Nizamabad,Armoor,Mendora,Claimant_FRA02572,CFR,1.49,Approved,2024-04-08,2025-07-13
FRA02573,Telangana,D007,Jayashankar Bhupalpally,Chityal,Venkateshwarlapally,Claimant_FRA02573,IFR,5.44,Pending,2023-01-28,
FRA02574,Telangana,D032,Warangal,Narsampet,Madhira,Claimant_FRA02574,IFR,6.82,Rejected,2022-04-12,2026-03-18
FRA02575,Telangana,D023,Nizamabad,Armoor,Mendora,Claimant_FRA02575,CFR,5.89,Pending,2024-02-16,
FRA02576,Telangana,D011,Khammam,Wyra,Gollapadu,Claimant_FRA02576,IFR,1.41,Pending,2023-09-13,
FRA02577,Telangana,D001,Adilabad,Narnoor,Kothapalli,Claimant_FRA02577,CFR,6.48,Approved,2021-12-29,2025-01-22
FRA02578,Telangana,D033,Yadadri Bhuvanagiri,Bhongir,Anantharam,Claimant_FRA02578,CFR,5.14,Pending,2023-09-30,
FRA02579,Telangana,D001,Adilabad,Boath,Ghanpur,Claimant_FRA02579,CFR,3.42,Approved,2026-08-22,2026-08-30
FRA02580,Telangana,D013,Mahabubabad,Kuravi,Seerole,Claimant_FRA02580,IFR,2.98,Approved,2023-05-14,2026-08-10
FRA02581,Telangana,D011,Khammam,Wyra,Gollapadu,Claimant_FRA02581,CFR,5.23,Rejected,2023-06-19,2024-08-16
FRA02582,Telangana,D028,Siddipet,Husnabad,Pothireddypet,Claimant_FRA02582,CFR,2.9,Approved,2026-08-17,2026-08-17
FRA02583,Telangana,D003,Hanumakonda,Atmakur,Chowdapur,Claimant_FRA02583,CFR,4.77,Pending,2024-11-01,
FRA02584,Telangana,D011,Khammam,Wyra,Gollapadu,Claimant_FRA02584,CFR,4.52,Approved,2022-10-26,2025-08-21
FRA02585,Telangana,D020,Nalgonda,Devarakonda,Chinthapally,Claimant_FRA02585,IFR,1.1,Approved,2023-02-28,2023-03-31
FRA02586,Telangana,D001,Adilabad,Narnoor,Kothapalli,Claimant_FRA02586,IFR,1.77,Approved,2026-08-07,2026-08-13
FRA02587,Telangana,D001,Adilabad,Boath,Ghanpur,Claimant_FRA02587,CFR,3.68,Pending,2025-06-11,
FRA02588,Telangana,D028,Siddipet,Husnabad,Pothireddypet,Claimant_FRA02588,CFR,5.75,Pending,2022-10-01,
FRA02589,Telangana,D003,Hanumakonda,Atmakur,Chowdapur,Claimant_FRA02589,IFR,2.94,Approved,2024-10-14,2024-11-16
FRA02590,Telangana,D020,Nalgonda,Devarakonda,Chinthapally,Claimant_FRA02590,CFR,4.0,Pending,2025-03-18,
FRA02591,Telangana,D007,Jayashankar Bhupalpally,Chityal,Venkateshwarlapally,Claimant_FRA02591,IFR,4.46,Approved,2025-11-23,2026-04-17
FRA02592,Telangana,D007,Jayashankar Bhupalpally,Chityal,Venkateshwarlapally,Claimant_FRA02592,IFR,1.5,Pending,2024-09-17,
FRA02593,Telangana,D006,Jangaon,Station Ghanpur,Chilpur,Claimant_FRA02593,CFR,2.63,Approved,2024-05-29,2025-03-10
FRA02594,Telangana,D001,Adilabad,Narnoor,Kothapalli,Claimant_FRA02594,CFR,2.32,Approved,2021-11-19,2026-02-20
FRA02595,Telangana,D028,Siddipet,Husnabad,Pothireddypet,Claimant_FRA02595,IFR,3.85,Approved,2024-11-09,2025-03-22
FRA02596,Telangana,D013,Mahabubabad,Kuravi,Seerole,Claimant_FRA02596,CFR,4.41,Approved,2023-02-25,2024-04-23
FRA02597,Telangana,D011,Khammam,Wyra,Gollapadu,Claimant_FRA02597,CFR,6.35,Approved,2026-07-23,2026-09-03
FRA02598,Telangana,D003,Hanumakonda,Dharmanagar,Mustial,Claimant_FRA02598,CFR,6.21,Pending,2023-01-12,
FRA02599,Telangana,D033,Yadadri Bhuvanagiri,Bhongir,Anantharam,Claimant_FRA02599,CFR,7.12,Pending,2024-11-19,
FRA02600,Telangana,D004,Hyderabad,Amberpet,Azampura,Claimant_FRA02600,CFR,5.15,Approved,2021-12-06,2022-10-22
FRA02601,Telangana,D001,Adilabad,Utnoor,Devapur,Claimant_FRA02601,IFR,6.75,Approved,2023-01-14,2023-09-07
FRA02602,Telangana,D023,Nizamabad,Armoor,Mendora,Claimant_FRA02602,IFR,6.44,Pending,2021-09-23,
FRA02603,Telangana,D033,Yadadri Bhuvanagiri,Bhongir,Anantharam,Claimant_FRA02603,CFR,5.89,Approved,2023-02-06,2023-08-02
FRA02604,Telangana,D027,Sangareddy,Narayankhed,Kondapur,Claimant_FRA02604,CFR,3.78,Approved,2026-04-30,2026-08-10
FRA02605,Telangana,D032,Warangal,Narsampet,Madhira,Claimant_FRA02605,IFR,2.5,Pending,2021-11-01,
FRA02606,Telangana,D013,Mahabubabad,Kuravi,Seerole,Claimant_FRA02606,IFR,7.92,Approved,2024-10-30,2025-03-13
FRA02607,Telangana,D003,Hanumakonda,Dharmanagar,Mustial,Claimant_FRA02607,CFR,4.19,Approved,2025-12-02,2025-12-17
FRA02608,Telangana,D006,Jangaon,Station Ghanpur,Chilpur,Claimant_FRA02608,IFR,4.35,Pending,2023-05-12,
FRA02609,Telangana,D003,Hanumakonda,Atmakur,Chowdapur,Claimant_FRA02609,CFR,5.2,Approved,2024-07-10,2026-08-25
FRA02610,Telangana,D003,Hanumakonda,Atmakur,Chowdapur,Claimant_FRA02610,IFR,7.32,Approved,2023-02-23,2025-06-19
FRA02611,Telangana,D003,Hanumakonda,Dharmanagar,Mustial,Claimant_FRA02611,IFR,6.76,Rejected,2021-12-22,2023-08-06
FRA02612,Telangana,D032,Warangal,Narsampet,Madhira,Claimant_FRA02612,IFR,1.36,Pending,2021-11-23,
FRA02613,Telangana,D011,Khammam,Wyra,Gollapadu,Claimant_FRA02613,IFR,3.73,Approved,2024-09-16,2026-02-23
FRA02614,Telangana,D002,Bhadradri Kothagudem,Kothagudem,Regalla,Claimant_FRA02614,CFR,3.11,Approved,2025-09-18,2026-01-18
FRA02615,Telangana,D026,Rangareddy,Shabad,Kesaram,Claimant_FRA02615,CFR,0.71,Approved,2024-10-24,2025-11-02
FRA02616,Telangana,D006,Jangaon,Jangaon,Pasumamula,Claimant_FRA02616,CFR,4.41,Approved,2024-10-25,2025-12-02
FRA02617,Telangana,D005,Jagtial,Metpally,Vellulla,Claimant_FRA02617,CFR,0.83,Rejected,2021-09-20,2023-07-01
FRA02618,Telangana,D028,Siddipet,Husnabad,Pothireddypet,Claimant_FRA02618,CFR,2.23,Pending,2024-06-24,
FRA02619,Telangana,D005,Jagtial,Metpally,Vellulla,Claimant_FRA02619,CFR,5.59,Rejected,2026-06-07,2026-06-22
FRA02620,Telangana,D032,Warangal,Narsampet,Madhira,Claimant_FRA02620,IFR,5.68,Pending,2022-04-13,
FRA02621,Telangana,D018,Mulugu,Eturunagaram,Katapur,Claimant_FRA02621,CFR,7.7,Pending,2025-03-27,
FRA02622,Telangana,D033,Yadadri Bhuvanagiri,Bhongir,Anantharam,Claimant_FRA02622,CFR,5.59,Approved,2023-03-12,2025-06-12
FRA02623,Telangana,D001,Adilabad,Boath,Ghanpur,Claimant_FRA02623,IFR,5.26,Approved,2024-07-20,2026-02-27
FRA02624,Telangana,D011,Khammam,Wyra,Gollapadu,Claimant_FRA02624,CFR,7.12,Approved,2026-01-15,2026-02-07
FRA02625,Telangana,D005,Jagtial,Metpally,Vellulla,Claimant_FRA02625,CFR,1.99,Rejected,2022-10-10,2024-03-09
FRA02626,Telangana,D011,Khammam,Kothagudem,Seetharampuram,Claimant_FRA02626,IFR,6.46,Approved,2026-03-10,2026-03-13
FRA02627,Telangana,D011,Khammam,Wyra,Gollapadu,Claimant_FRA02627,CFR,0.95,Pending,2025-05-21,
FRA02628,Telangana,D027,Sangareddy,Narayankhed,Kondapur,Claimant_FRA02628,CFR,5.7,Approved,2025-08-19,2025-12-31
FRA02629,Telangana,D003,Hanumakonda,Dharmanagar,Mustial,Claimant_FRA02629,CFR,2.36,Approved,2025-09-12,2025-10-30
FRA02630,Telangana,D013,Mahabubabad,Bayyaram,Garla,Claimant_FRA02630,IFR,2.29,Approved,2022-09-12,2024-11-01
FRA02631,Telangana,D028,Siddipet,Husnabad,Pothireddypet,Claimant_FRA02631,IFR,5.04,Pending,2022-02-25,
FRA02632,Telangana,D005,Jagtial,Korutla,Ailapur,Claimant_FRA02632,CFR,4.24,Pending,2022-07-10,
FRA02633,Telangana,D018,Mulugu,Venkatapur,Narsapur,Claimant_FRA02633,IFR,5.29,Approved,2026-04-29,2026-07-17
FRA02634,Telangana,D004,Hyderabad,Amberpet,Azampura,Claimant_FRA02634,IFR,4.53,Approved,2025-04-19,2025-06-22
FRA02635,Telangana,D005,Jagtial,Korutla,Ailapur,Claimant_FRA02635,IFR,4.52,Pending,2026-06-12,
FRA02636,Telangana,D013,Mahabubabad,Kuravi,Seerole,Claimant_FRA02636,IFR,3.77,Pending,2025-07-03,
FRA02637,Telangana,D013,Mahabubabad,Kuravi,Seerole,Claimant_FRA02637,CFR,0.57,Pending,2024-03-10,
FRA02638,Telangana,D001,Adilabad,Boath,Ghanpur,Claimant_FRA02638,IFR,6.43,Approved,2022-06-05,2025-05-06
FRA02639,Telangana,D033,Yadadri Bhuvanagiri,Bhongir,Anantharam,Claimant_FRA02639,CFR,3.0,Rejected,2024-07-11,2025-09-18
FRA02640,Telangana,D005,Jagtial,Metpally,Vellulla,Claimant_FRA02640,CFR,7.69,Pending,2024-06-15,
FRA02641,Telangana,D020,Nalgonda,Devarakonda,Chinthapally,Claimant_FRA02641,CFR,6.1,Approved,2026-04-03,2026-09-07
FRA02642,Telangana,D001,Adilabad,Narnoor,Kothapalli,Claimant_FRA02642,CFR,4.27,Approved,2022-11-15,2025-11-26
FRA02643,Telangana,D018,Mulugu,Eturunagaram,Katapur,Claimant_FRA02643,IFR,1.16,Approved,2024-12-09,2025-04-19
FRA02644,Telangana,D001,Adilabad,Narnoor,Kothapalli,Claimant_FRA02644,IFR,6.32,Pending,2025-07-18,
FRA02645,Telangana,D003,Hanumakonda,Dharmanagar,Mustial,Claimant_FRA02645,IFR,2.19,Pending,2022-11-03,
FRA02646,Telangana,D018,Mulugu,Eturunagaram,Katapur,Claimant_FRA02646,CFR,3.85,Approved,2022-11-13,2023-11-01
FRA02647,Telangana,D020,Nalgonda,Devarakonda,Chinthapally,Claimant_FRA02647,CFR,7.06,Approved,2022-07-23,2025-08-06
FRA02648,Telangana,D002,Bhadradri Kothagudem,Kothagudem,Regalla,Claimant_FRA02648,IFR,1.89,Pending,2022-11-14,
FRA02649,Telangana,D018,Mulugu,Venkatapur,Narsapur,Claimant_FRA02649,CFR,0.55,Approved,2025-02-03,2025-12-09
FRA02650,Telangana,D032,Warangal,Narsampet,Madhira,Claimant_FRA02650,CFR,2.94,Rejected,2026-06-03,2026-07-02
FRA02651,Telangana,D019,Nagarkurnool,Amrabad,Mananur,Claimant_FRA02651,IFR,7.65,Approved,2024-05-13,2024-11-22
FRA02652,Telangana,D005,Jagtial,Metpally,Vellulla,Claimant_FRA02652,CFR,4.38,Approved,2026-08-06,2026-08-21
FRA02653,Telangana,D002,Bhadradri Kothagudem,Kothagudem,Regalla,Claimant_FRA02653,IFR,3.03,Approved,2022-03-03,2026-06-19
FRA02654,Telangana,D005,Jagtial,Metpally,Vellulla,Claimant_FRA02654,IFR,3.49,Approved,2022-03-20,2023-08-24
FRA02655,Telangana,D006,Jangaon,Jangaon,Pasumamula,Claimant_FRA02655,IFR,7.87,Pending,2022-03-14,
FRA02656,Telangana,D002,Bhadradri Kothagudem,Bhadrachalam,Nellipaka,Claimant_FRA02656,CFR,4.64,Pending,2023-11-08,
FRA02657,Telangana,D011,Khammam,Wyra,Gollapadu,Claimant_FRA02657,CFR,7.51,Approved,2025-11-29,2025-12-26
FRA02658,Telangana,D033,Yadadri Bhuvanagiri,Bhongir,Anantharam,Claimant_FRA02658,IFR,7.71,Approved,2026-08-03,2026-08-28
FRA02659,Telangana,D013,Mahabubabad,Kuravi,Seerole,Claimant_FRA02659,CFR,6.64,Pending,2024-09-21,
FRA02660,Telangana,D004,Hyderabad,Amberpet,Azampura,Claimant_FRA02660,CFR,2.45,Approved,2025-11-10,2026-09-10
FRA02661,Telangana,D018,Mulugu,Venkatapur,Narsapur,Claimant_FRA02661,CFR,2.45,Approved,2025-01-19,2025-09-13
FRA02662,Telangana,D030,Vikarabad,Tandur,Kotbaspally,Claimant_FRA02662,IFR,6.0,Pending,2025-11-18,
FRA02663,Telangana,D002,Bhadradri Kothagudem,Bhadrachalam,Nellipaka,Claimant_FRA02663,CFR,4.71,Pending,2023-06-21,
FRA02664,Telangana,D019,Nagarkurnool,Amrabad,Mananur,Claimant_FRA02664,CFR,3.48,Approved,2023-03-17,2024-12-23
FRA02665,Telangana,D018,Mulugu,Venkatapur,Narsapur,Claimant_FRA02665,CFR,2.86,Pending,2026-05-10,
FRA02666,Telangana,D013,Mahabubabad,Kuravi,Seerole,Claimant_FRA02666,IFR,1.92,Pending,2023-02-22,
FRA02667,Telangana,D023,Nizamabad,Armoor,Mendora,Claimant_FRA02667,CFR,1.14,Pending,2025-11-09,
FRA02668,Telangana,D005,Jagtial,Metpally,Vellulla,Claimant_FRA02668,IFR,2.76,Approved,2023-11-11,2025-10-24
FRA02669,Telangana,D018,Mulugu,Eturunagaram,Katapur,Claimant_FRA02669,IFR,0.97,Approved,2024-12-16,2025-12-16
FRA02670,Telangana,D018,Mulugu,Eturunagaram,Katapur,Claimant_FRA02670,IFR,7.43,Rejected,2023-03-11,2024-03-31
FRA02671,Telangana,D018,Mulugu,Venkatapur,Narsapur,Claimant_FRA02671,CFR,7.85,Approved,2024-09-29,2026-06-24
FRA02672,Telangana,D001,Adilabad,Narnoor,Kothapalli,Claimant_FRA02672,CFR,2.54,Approved,2022-05-25,2023-01-06
FRA02673,Telangana,D006,Jangaon,Station Ghanpur,Chilpur,Claimant_FRA02673,CFR,4.67,Approved,2026-04-05,2026-04-27
FRA02674,Telangana,D007,Jayashankar Bhupalpally,Chityal,Venkateshwarlapally,Claimant_FRA02674,IFR,0.56,Pending,2023-01-20,
FRA02675,Telangana,D019,Nagarkurnool,Amrabad,Mananur,Claimant_FRA02675,IFR,1.43,Pending,2022-06-06,
FRA02676,Telangana,D011,Khammam,Kothagudem,Seetharampuram,Claimant_FRA02676,CFR,3.34,Pending,2026-01-10,
FRA02677,Telangana,D028,Siddipet,Husnabad,Pothireddypet,Claimant_FRA02677,CFR,1.16,Pending,2024-04-14,
FRA02678,Telangana,D001,Adilabad,Boath,Ghanpur,Claimant_FRA02678,IFR,6.7,Approved,2026-07-21,2026-08-19
FRA02679,Telangana,D018,Mulugu,Venkatapur,Narsapur,Claimant_FRA02679,IFR,3.92,Approved,2022-07-13,2026-02-24
FRA02680,Telangana,D032,Warangal,Narsampet,Madhira,Claimant_FRA02680,IFR,4.66,Rejected,2025-01-21,2026-08-29
FRA02681,Telangana,D007,Jayashankar Bhupalpally,Regonda,Kannaram,Claimant_FRA02681,IFR,0.73,Pending,2023-12-07,
FRA02682,Telangana,D018,Mulugu,Venkatapur,Narsapur,Claimant_FRA02682,CFR,1.42,Pending,2026-02-14,
FRA02683,Telangana,D018,Mulugu,Venkatapur,Narsapur,Claimant_FRA02683,IFR,6.83,Pending,2024-08-22,
FRA02684,Telangana,D001,Adilabad,Narnoor,Kothapalli,Claimant_FRA02684,IFR,3.61,Approved,2022-12-10,2024-04-28
FRA02685,Telangana,D028,Siddipet,Husnabad,Pothireddypet,Claimant_FRA02685,CFR,7.77,Approved,2025-07-07,2025-10-16
FRA02686,Telangana,D013,Mahabubabad,Kuravi,Seerole,Claimant_FRA02686,CFR,0.78,Pending,2026-08-07,
FRA02687,Telangana,D001,Adilabad,Narnoor,Kothapalli,Claimant_FRA02687,IFR,5.43,Approved,2023-04-14,2026-01-18
FRA02688,Telangana,D011,Khammam,Wyra,Gollapadu,Claimant_FRA02688,CFR,7.33,Approved,2025-09-25,2026-03-27
FRA02689,Telangana,D013,Mahabubabad,Bayyaram,Garla,Claimant_FRA02689,CFR,3.32,Approved,2026-04-22,2026-07-24
FRA02690,Telangana,D001,Adilabad,Boath,Ghanpur,Claimant_FRA02690,IFR,1.58,Approved,2023-01-20,2024-03-06
FRA02691,Telangana,D030,Vikarabad,Tandur,Kotbaspally,Claimant_FRA02691,CFR,7.9,Approved,2021-11-22,2025-05-03
FRA02692,Telangana,D011,Khammam,Kothagudem,Seetharampuram,Claimant_FRA02692,IFR,6.04,Approved,2023-07-26,2026-04-21
FRA02693,Telangana,D007,Jayashankar Bhupalpally,Chityal,Venkateshwarlapally,Claimant_FRA02693,CFR,4.82,Approved,2025-05-31,2026-07-04
FRA02694,Telangana,D028,Siddipet,Husnabad,Pothireddypet,Claimant_FRA02694,CFR,5.04,Approved,2021-11-22,2024-10-06
FRA02695,Telangana,D007,Jayashankar Bhupalpally,Chityal,Venkateshwarlapally,Claimant_FRA02695,CFR,0.65,Rejected,2023-10-20,2025-04-29
FRA02696,Telangana,D027,Sangareddy,Narayankhed,Kondapur,Claimant_FRA02696,IFR,2.51,Approved,2024-06-01,2025-09-02
FRA02697,Telangana,D007,Jayashankar Bhupalpally,Chityal,Venkateshwarlapally,Claimant_FRA02697,CFR,5.63,Rejected,2023-04-03,2023-04-22
FRA02698,Telangana,D001,Adilabad,Utnoor,Devapur,Claimant_FRA02698,CFR,6.17,Pending,2024-03-18,
FRA02699,Telangana,D030,Vikarabad,Tandur,Kotbaspally,Claimant_FRA02699,CFR,5.14,Approved,2023-07-09,2023-08-02
FRA02700,Telangana,D005,Jagtial,Metpally,Vellulla,Claimant_FRA02700,CFR,5.51,Pending,2024-02-10,
FRA02701,Telangana,D018,Mulugu,Eturunagaram,Katapur,Claimant_FRA02701,CFR,4.41,Pending,2025-03-06,
FRA02702,Telangana,D006,Jangaon,Station Ghanpur,Chilpur,Claimant_FRA02702,CFR,3.16,Approved,2026-01-08,2026-05-02
FRA02703,Telangana,D028,Siddipet,Husnabad,Pothireddypet,Claimant_FRA02703,IFR,1.95,Pending,2025-09-30,
FRA02704,Telangana,D018,Mulugu,Venkatapur,Narsapur,Claimant_FRA02704,IFR,1.27,Approved,2026-06-26,2026-09-09
FRA02705,Telangana,D007,Jayashankar Bhupalpally,Regonda,Kannaram,Claimant_FRA02705,IFR,6.26,Approved,2023-01-29,2026-05-12
FRA02706,Telangana,D001,Adilabad,Narnoor,Kothapalli,Claimant_FRA02706,IFR,1.87,Pending,2023-05-14,
FRA02707,Telangana,D003,Hanumakonda,Atmakur,Chowdapur,Claimant_FRA02707,IFR,2.07,Approved,2026-05-27,2026-07-23
FRA02708,Telangana,D005,Jagtial,Korutla,Ailapur,Claimant_FRA02708,IFR,7.87,Approved,2023-05-23,2025-04-21
FRA02709,Telangana,D001,Adilabad,Boath,Ghanpur,Claimant_FRA02709,CFR,6.58,Approved,2023-09-16,2025-05-06
FRA02710,Telangana,D013,Mahabubabad,Bayyaram,Garla,Claimant_FRA02710,CFR,5.28,Approved,2023-07-18,2026-08-13
FRA02711,Telangana,D011,Khammam,Kothagudem,Seetharampuram,Claimant_FRA02711,IFR,3.98,Approved,2022-06-18,2024-08-03
FRA02712,Telangana,D013,Mahabubabad,Bayyaram,Garla,Claimant_FRA02712,IFR,6.29,Approved,2021-10-10,2023-07-21
FRA02713,Telangana,D018,Mulugu,Eturunagaram,Katapur,Claimant_FRA02713,IFR,7.85,Rejected,2024-02-02,2025-01-07
FRA02714,Telangana,D033,Yadadri Bhuvanagiri,Bhongir,Anantharam,Claimant_FRA02714,IFR,4.62,Pending,2025-11-01,
FRA02715,Telangana,D003,Hanumakonda,Atmakur,Chowdapur,Claimant_FRA02715,IFR,4.69,Approved,2026-09-12,2026-09-12
FRA02716,Telangana,D006,Jangaon,Station Ghanpur,Chilpur,Claimant_FRA02716,IFR,4.45,Approved,2025-02-14,2025-03-05
FRA02717,Telangana,D006,Jangaon,Jangaon,Pasumamula,Claimant_FRA02717,IFR,6.37,Rejected,2024-11-15,2024-11-23
FRA02718,Telangana,D005,Jagtial,Metpally,Vellulla,Claimant_FRA02718,IFR,6.34,Approved,2025-08-09,2026-07-18
FRA02719,Telangana,D020,Nalgonda,Devarakonda,Chinthapally,Claimant_FRA02719,CFR,3.32,Pending,2021-12-07,
FRA02720,Telangana,D018,Mulugu,Eturunagaram,Katapur,Claimant_FRA02720,IFR,4.83,Pending,2022-01-10,
FRA02721,Telangana,D002,Bhadradri Kothagudem,Bhadrachalam,Nellipaka,Claimant_FRA02721,CFR,4.78,Pending,2023-01-29,
FRA02722,Telangana,D007,Jayashankar Bhupalpally,Chityal,Venkateshwarlapally,Claimant_FRA02722,CFR,5.15,Approved,2023-01-10,2023-02-16
FRA02723,Telangana,D033,Yadadri Bhuvanagiri,Bhongir,Anantharam,Claimant_FRA02723,IFR,3.19,Approved,2021-12-01,2025-06-01
FRA02724,Telangana,D013,Mahabubabad,Bayyaram,Garla,Claimant_FRA02724,IFR,1.44,Approved,2023-06-20,2024-06-16
FRA02725,Telangana,D001,Adilabad,Utnoor,Devapur,Claimant_FRA02725,CFR,4.92,Rejected,2022-08-15,2025-05-15
FRA02726,Telangana,D026,Rangareddy,Shabad,Kesaram,Claimant_FRA02726,CFR,5.01,Rejected,2023-09-22,2025-10-05
FRA02727,Telangana,D011,Khammam,Wyra,Gollapadu,Claimant_FRA02727,CFR,2.53,Approved,2022-05-25,2025-02-26
FRA02728,Telangana,D004,Hyderabad,Charminar,Chandrayangutta,Claimant_FRA02728,IFR,7.95,Approved,2024-01-15,2024-09-07
FRA02729,Telangana,D033,Yadadri Bhuvanagiri,Bhongir,Anantharam,Claimant_FRA02729,IFR,6.14,Pending,2023-12-16,
FRA02730,Telangana,D020,Nalgonda,Devarakonda,Chinthapally,Claimant_FRA02730,IFR,2.66,Pending,2022-11-12,
FRA02731,Telangana,D011,Khammam,Wyra,Gollapadu,Claimant_FRA02731,IFR,1.68,Approved,2025-09-26,2026-03-02
FRA02732,Telangana,D019,Nagarkurnool,Amrabad,Mananur,Claimant_FRA02732,CFR,2.51,Approved,2025-05-24,2026-06-05
FRA02733,Telangana,D013,Mahabubabad,Kuravi,Seerole,Claimant_FRA02733,IFR,1.05,Rejected,2025-08-06,2026-08-12
FRA02734,Telangana,D005,Jagtial,Metpally,Vellulla,Claimant_FRA02734,CFR,2.64,Approved,2025-12-05,2025-12-27
FRA02735,Telangana,D013,Mahabubabad,Kuravi,Seerole,Claimant_FRA02735,IFR,5.48,Approved,2025-09-20,2026-05-01
FRA02736,Telangana,D027,Sangareddy,Narayankhed,Kondapur,Claimant_FRA02736,CFR,5.85,Pending,2026-09-07,
FRA02737,Telangana,D023,Nizamabad,Armoor,Mendora,Claimant_FRA02737,IFR,4.52,Rejected,2025-06-27,2026-08-11
FRA02738,Telangana,D003,Hanumakonda,Atmakur,Chowdapur,Claimant_FRA02738,IFR,7.06,Pending,2022-12-10,
FRA02739,Telangana,D027,Sangareddy,Narayankhed,Kondapur,Claimant_FRA02739,IFR,7.61,Rejected,2023-07-01,2024-06-01
FRA02740,Telangana,D003,Hanumakonda,Dharmanagar,Mustial,Claimant_FRA02740,CFR,7.06,Approved,2023-08-09,2025-03-28
FRA02741,Telangana,D023,Nizamabad,Armoor,Mendora,Claimant_FRA02741,CFR,1.22,Rejected,2023-02-22,2025-04-27
FRA02742,Telangana,D006,Jangaon,Station Ghanpur,Chilpur,Claimant_FRA02742,IFR,3.76,Approved,2025-02-10,2025-11-03
FRA02743,Telangana,D003,Hanumakonda,Dharmanagar,Mustial,Claimant_FRA02743,CFR,6.63,Approved,2025-07-13,2025-07-23
FRA02744,Telangana,D003,Hanumakonda,Atmakur,Chowdapur,Claimant_FRA02744,CFR,0.62,Pending,2022-05-24,
FRA02745,Telangana,D001,Adilabad,Narnoor,Kothapalli,Claimant_FRA02745,IFR,6.18,Approved,2025-04-05,2025-11-16
FRA02746,Telangana,D007,Jayashankar Bhupalpally,Regonda,Kannaram,Claimant_FRA02746,IFR,5.13,Approved,2026-09-08,2026-09-10
FRA02747,Telangana,D033,Yadadri Bhuvanagiri,Bhongir,Anantharam,Claimant_FRA02747,CFR,7.31,Approved,2026-04-12,2026-07-11
FRA02748,Telangana,D005,Jagtial,Korutla,Ailapur,Claimant_FRA02748,CFR,6.46,Approved,2022-09-04,2026-08-10
FRA02749,Telangana,D002,Bhadradri Kothagudem,Kothagudem,Regalla,Claimant_FRA02749,CFR,5.38,Approved,2025-02-22,2025-02-23
FRA02750,Telangana,D011,Khammam,Wyra,Gollapadu,Claimant_FRA02750,IFR,5.8,Approved,2023-07-21,2024-07-06
FRA02751,Telangana,D011,Khammam,Wyra,Gollapadu,Claimant_FRA02751,CFR,7.01,Approved,2022-01-08,2022-11-28
FRA02752,Telangana,D032,Warangal,Narsampet,Madhira,Claimant_FRA02752,CFR,5.75,Pending,2023-11-05,
FRA02753,Telangana,D003,Hanumakonda,Atmakur,Chowdapur,Claimant_FRA02753,CFR,6.27,Pending,2024-11-29,
FRA02754,Telangana,D030,Vikarabad,Tandur,Kotbaspally,Claimant_FRA02754,IFR,3.23,Pending,2021-12-04,
FRA02755,Telangana,D002,Bhadradri Kothagudem,Manuguru,Anantharam,Claimant_FRA02755,CFR,1.28,Pending,2022-06-23,
FRA02756,Telangana,D018,Mulugu,Eturunagaram,Katapur,Claimant_FRA02756,CFR,1.58,Pending,2024-11-25,
FRA02757,Telangana,D027,Sangareddy,Narayankhed,Kondapur,Claimant_FRA02757,IFR,5.3,Pending,2025-02-24,
FRA02758,Telangana,D001,Adilabad,Utnoor,Devapur,Claimant_FRA02758,CFR,2.88,Approved,2023-06-17,2026-08-26
FRA02759,Telangana,D003,Hanumakonda,Dharmanagar,Mustial,Claimant_FRA02759,CFR,4.0,Pending,2023-09-20,
FRA02760,Telangana,D005,Jagtial,Korutla,Ailapur,Claimant_FRA02760,IFR,4.24,Approved,2025-12-20,2026-08-10
FRA02761,Telangana,D004,Hyderabad,Amberpet,Azampura,Claimant_FRA02761,IFR,2.67,Pending,2022-08-15,
FRA02762,Telangana,D002,Bhadradri Kothagudem,Bhadrachalam,Nellipaka,Claimant_FRA02762,IFR,2.95,Approved,2022-03-05,2024-01-21
FRA02763,Telangana,D020,Nalgonda,Devarakonda,Chinthapally,Claimant_FRA02763,IFR,2.12,Pending,2026-06-14,
FRA02764,Telangana,D011,Khammam,Kothagudem,Seetharampuram,Claimant_FRA02764,CFR,1.11,Approved,2023-08-30,2026-07-20
FRA02765,Telangana,D006,Jangaon,Station Ghanpur,Chilpur,Claimant_FRA02765,CFR,5.77,Rejected,2025-01-06,2026-06-19
FRA02766,Telangana,D011,Khammam,Kothagudem,Seetharampuram,Claimant_FRA02766,IFR,2.71,Approved,2025-10-30,2026-05-28
FRA02767,Telangana,D007,Jayashankar Bhupalpally,Regonda,Kannaram,Claimant_FRA02767,IFR,7.28,Approved,2025-01-09,2025-07-28
FRA02768,Telangana,D001,Adilabad,Boath,Ghanpur,Claimant_FRA02768,IFR,2.69,Approved,2025-08-06,2026-05-29
FRA02769,Telangana,D033,Yadadri Bhuvanagiri,Bhongir,Anantharam,Claimant_FRA02769,IFR,1.13,Pending,2024-06-25,
FRA02770,Telangana,D011,Khammam,Wyra,Gollapadu,Claimant_FRA02770,CFR,0.55,Rejected,2024-08-05,2025-04-03
FRA02771,Telangana,D004,Hyderabad,Charminar,Chandrayangutta,Claimant_FRA02771,IFR,4.8,Pending,2023-08-27,
FRA02772,Telangana,D013,Mahabubabad,Bayyaram,Garla,Claimant_FRA02772,IFR,4.31,Rejected,2023-04-24,2024-11-08
FRA02773,Telangana,D030,Vikarabad,Tandur,Kotbaspally,Claimant_FRA02773,IFR,0.98,Pending,2024-01-14,
FRA02774,Telangana,D011,Khammam,Wyra,Gollapadu,Claimant_FRA02774,CFR,7.76,Pending,2023-01-25,
FRA02775,Telangana,D001,Adilabad,Boath,Ghanpur,Claimant_FRA02775,CFR,1.81,Rejected,2025-08-25,2025-08-31
FRA02776,Telangana,D001,Adilabad,Utnoor,Devapur,Claimant_FRA02776,IFR,3.24,Approved,2021-12-30,2025-05-21
FRA02777,Telangana,D011,Khammam,Kothagudem,Seetharampuram,Claimant_FRA02777,IFR,2.94,Approved,2023-05-29,2025-10-02
FRA02778,Telangana,D020,Nalgonda,Devarakonda,Chinthapally,Claimant_FRA02778,IFR,5.74,Rejected,2023-02-24,2024-08-16
FRA02779,Telangana,D005,Jagtial,Metpally,Vellulla,Claimant_FRA02779,IFR,1.11,Approved,2021-10-30,2024-04-02
FRA02780,Telangana,D032,Warangal,Narsampet,Madhira,Claimant_FRA02780,IFR,4.87,Pending,2023-10-21,
FRA02781,Telangana,D004,Hyderabad,Amberpet,Azampura,Claimant_FRA02781,IFR,5.9,Pending,2023-07-28,
FRA02782,Telangana,D001,Adilabad,Narnoor,Kothapalli,Claimant_FRA02782,IFR,4.26,Approved,2025-06-06,2025-07-10
FRA02783,Telangana,D028,Siddipet,Husnabad,Pothireddypet,Claimant_FRA02783,IFR,6.48,Approved,2026-02-23,2026-07-30
FRA02784,Telangana,D004,Hyderabad,Charminar,Chandrayangutta,Claimant_FRA02784,IFR,6.4,Approved,2024-03-15,2024-05-08
FRA02785,Telangana,D023,Nizamabad,Armoor,Mendora,Claimant_FRA02785,CFR,3.21,Approved,2024-08-31,2026-09-16
FRA02786,Telangana,D002,Bhadradri Kothagudem,Bhadrachalam,Nellipaka,Claimant_FRA02786,IFR,3.62,Approved,2022-10-06,2025-04-11
FRA02787,Telangana,D005,Jagtial,Korutla,Ailapur,Claimant_FRA02787,IFR,2.62,Pending,2024-06-16,
FRA02788,Telangana,D018,Mulugu,Venkatapur,Narsapur,Claimant_FRA02788,IFR,1.82,Approved,2025-10-04,2025-12-04
FRA02789,Telangana,D006,Jangaon,Station Ghanpur,Chilpur,Claimant_FRA02789,IFR,7.54,Approved,2026-02-24,2026-02-25
FRA02790,Telangana,D003,Hanumakonda,Dharmanagar,Mustial,Claimant_FRA02790,CFR,2.1,Approved,2022-02-12,2025-07-24
FRA02791,Telangana,D006,Jangaon,Jangaon,Pasumamula,Claimant_FRA02791,CFR,5.74,Pending,2022-11-13,
FRA02792,Telangana,D020,Nalgonda,Devarakonda,Chinthapally,Claimant_FRA02792,CFR,6.3,Approved,2021-10-03,2023-10-07
FRA02793,Telangana,D005,Jagtial,Metpally,Vellulla,Claimant_FRA02793,IFR,1.68,Approved,2022-06-26,2026-08-18
FRA02794,Telangana,D013,Mahabubabad,Kuravi,Seerole,Claimant_FRA02794,CFR,6.45,Pending,2026-04-02,
FRA02795,Telangana,D013,Mahabubabad,Kuravi,Seerole,Claimant_FRA02795,IFR,7.99,Rejected,2022-09-03,2023-01-15
FRA02796,Telangana,D007,Jayashankar Bhupalpally,Chityal,Venkateshwarlapally,Claimant_FRA02796,IFR,1.25,Approved,2024-06-13,2025-09-17
FRA02797,Telangana,D018,Mulugu,Venkatapur,Narsapur,Claimant_FRA02797,IFR,4.94,Rejected,2025-07-02,2025-10-23
FRA02798,Telangana,D026,Rangareddy,Shabad,Kesaram,Claimant_FRA02798,CFR,5.2,Approved,2024-10-23,2025-02-24
FRA02799,Telangana,D002,Bhadradri Kothagudem,Bhadrachalam,Nellipaka,Claimant_FRA02799,CFR,7.33,Pending,2024-05-11,
FRA02800,Telangana,D006,Jangaon,Station Ghanpur,Chilpur,Claimant_FRA02800,IFR,3.18,Approved,2024-07-08,2024-08-22
FRA02801,Telangana,D002,Bhadradri Kothagudem,Kothagudem,Regalla,Claimant_FRA02801,CFR,2.26,Approved,2022-06-10,2022-07-07
FRA02802,Telangana,D006,Jangaon,Jangaon,Pasumamula,Claimant_FRA02802,CFR,2.23,Approved,2024-01-18,2025-02-06
FRA02803,Telangana,D003,Hanumakonda,Dharmanagar,Mustial,Claimant_FRA02803,IFR,0.54,Pending,2022-09-14,
FRA02804,Telangana,D032,Warangal,Narsampet,Madhira,Claimant_FRA02804,IFR,6.8,Pending,2024-10-25,
FRA02805,Telangana,D030,Vikarabad,Tandur,Kotbaspally,Claimant_FRA02805,CFR,5.05,Pending,2023-06-15,
FRA02806,Telangana,D019,Nagarkurnool,Amrabad,Mananur,Claimant_FRA02806,IFR,5.48,Pending,2023-11-25,
FRA02807,Telangana,D001,Adilabad,Utnoor,Devapur,Claimant_FRA02807,CFR,2.28,Approved,2026-07-17,2026-09-10
FRA02808,Telangana,D004,Hyderabad,Amberpet,Azampura,Claimant_FRA02808,IFR,3.17,Pending,2024-12-29,
FRA02809,Telangana,D019,Nagarkurnool,Amrabad,Mananur,Claimant_FRA02809,IFR,2.11,Approved,2024-07-07,2026-01-29
FRA02810,Telangana,D011,Khammam,Kothagudem,Seetharampuram,Claimant_FRA02810,IFR,3.89,Pending,2024-03-11,
FRA02811,Telangana,D004,Hyderabad,Charminar,Chandrayangutta,Claimant_FRA02811,IFR,5.68,Approved,2022-07-05,2022-10-01
FRA02812,Telangana,D018,Mulugu,Venkatapur,Narsapur,Claimant_FRA02812,IFR,4.59,Approved,2022-08-30,2024-12-04
FRA02813,Telangana,D033,Yadadri Bhuvanagiri,Bhongir,Anantharam,Claimant_FRA02813,IFR,6.88,Approved,2024-10-23,2025-01-28
FRA02814,Telangana,D004,Hyderabad,Amberpet,Azampura,Claimant_FRA02814,IFR,2.2,Pending,2024-12-06,
FRA02815,Telangana,D006,Jangaon,Jangaon,Pasumamula,Claimant_FRA02815,CFR,4.93,Approved,2023-01-08,2023-12-26
FRA02816,Telangana,D011,Khammam,Kothagudem,Seetharampuram,Claimant_FRA02816,IFR,0.86,Pending,2024-07-14,
FRA02817,Telangana,D002,Bhadradri Kothagudem,Manuguru,Anantharam,Claimant_FRA02817,IFR,0.69,Approved,2024-04-20,2025-08-04
FRA02818,Telangana,D018,Mulugu,Venkatapur,Narsapur,Claimant_FRA02818,CFR,6.09,Approved,2022-04-24,2023-01-30
FRA02819,Telangana,D019,Nagarkurnool,Amrabad,Mananur,Claimant_FRA02819,CFR,1.63,Approved,2024-11-21,2025-10-08
FRA02820,Telangana,D003,Hanumakonda,Atmakur,Chowdapur,Claimant_FRA02820,CFR,6.43,Approved,2023-03-18,2024-03-02
FRA02821,Telangana,D011,Khammam,Wyra,Gollapadu,Claimant_FRA02821,IFR,0.64,Rejected,2024-12-13,2026-08-24
FRA02822,Telangana,D006,Jangaon,Jangaon,Pasumamula,Claimant_FRA02822,IFR,0.64,Approved,2022-04-15,2026-06-19
FRA02823,Telangana,D007,Jayashankar Bhupalpally,Regonda,Kannaram,Claimant_FRA02823,IFR,1.14,Approved,2022-02-28,2023-02-09
FRA02824,Telangana,D011,Khammam,Wyra,Gollapadu,Claimant_FRA02824,IFR,6.62,Approved,2024-01-16,2025-12-17
FRA02825,Telangana,D027,Sangareddy,Narayankhed,Kondapur,Claimant_FRA02825,IFR,3.65,Pending,2022-11-23,
FRA02826,Telangana,D002,Bhadradri Kothagudem,Manuguru,Anantharam,Claimant_FRA02826,CFR,4.75,Approved,2025-07-28,2026-07-04
FRA02827,Telangana,D027,Sangareddy,Narayankhed,Kondapur,Claimant_FRA02827,CFR,5.58,Approved,2022-10-21,2026-04-07
FRA02828,Telangana,D007,Jayashankar Bhupalpally,Regonda,Kannaram,Claimant_FRA02828,IFR,6.73,Approved,2023-08-14,2025-10-31
FRA02829,Telangana,D028,Siddipet,Husnabad,Pothireddypet,Claimant_FRA02829,IFR,4.45,Approved,2022-09-18,2026-01-24
FRA02830,Telangana,D011,Khammam,Wyra,Gollapadu,Claimant_FRA02830,CFR,0.65,Rejected,2025-01-25,2026-07-14
FRA02831,Telangana,D005,Jagtial,Korutla,Ailapur,Claimant_FRA02831,CFR,1.01,Rejected,2026-08-03,2026-08-25
FRA02832,Telangana,D020,Nalgonda,Devarakonda,Chinthapally,Claimant_FRA02832,IFR,2.83,Approved,2024-10-12,2024-12-22
FRA02833,Telangana,D002,Bhadradri Kothagudem,Kothagudem,Regalla,Claimant_FRA02833,CFR,2.75,Approved,2026-07-11,2026-07-14
FRA02834,Telangana,D013,Mahabubabad,Kuravi,Seerole,Claimant_FRA02834,CFR,6.59,Approved,2024-07-05,2025-04-05
FRA02835,Telangana,D033,Yadadri Bhuvanagiri,Bhongir,Anantharam,Claimant_FRA02835,CFR,1.71,Approved,2026-04-29,2026-09-06
FRA02836,Telangana,D018,Mulugu,Venkatapur,Narsapur,Claimant_FRA02836,CFR,7.74,Approved,2023-02-07,2025-04-10
FRA02837,Telangana,D006,Jangaon,Station Ghanpur,Chilpur,Claimant_FRA02837,IFR,5.9,Pending,2024-07-25,
FRA02838,Telangana,D004,Hyderabad,Charminar,Chandrayangutta,Claimant_FRA02838,CFR,5.97,Approved,2025-01-01,2025-09-29
FRA02839,Telangana,D006,Jangaon,Jangaon,Pasumamula,Claimant_FRA02839,IFR,3.32,Approved,2022-04-08,2025-02-14
FRA02840,Telangana,D006,Jangaon,Jangaon,Pasumamula,Claimant_FRA02840,IFR,2.49,Approved,2022-01-19,2024-03-18
FRA02841,Telangana,D007,Jayashankar Bhupalpally,Chityal,Venkateshwarlapally,Claimant_FRA02841,IFR,2.79,Rejected,2023-08-17,2026-01-01
FRA02842,Telangana,D020,Nalgonda,Devarakonda,Chinthapally,Claimant_FRA02842,CFR,7.69,Approved,2022-01-06,2024-03-12
FRA02843,Telangana,D001,Adilabad,Utnoor,Devapur,Claimant_FRA02843,CFR,5.28,Approved,2024-06-23,2026-05-27
FRA02844,Telangana,D001,Adilabad,Narnoor,Kothapalli,Claimant_FRA02844,CFR,5.88,Pending,2025-07-25,
FRA02845,Telangana,D013,Mahabubabad,Kuravi,Seerole,Claimant_FRA02845,IFR,7.97,Pending,2024-05-06,
FRA02846,Telangana,D027,Sangareddy,Narayankhed,Kondapur,Claimant_FRA02846,IFR,5.54,Approved,2025-07-18,2025-12-11
FRA02847,Telangana,D020,Nalgonda,Devarakonda,Chinthapally,Claimant_FRA02847,CFR,2.77,Rejected,2025-03-10,2025-06-16
FRA02848,Telangana,D001,Adilabad,Narnoor,Kothapalli,Claimant_FRA02848,IFR,2.08,Pending,2025-01-13,
FRA02849,Telangana,D023,Nizamabad,Armoor,Mendora,Claimant_FRA02849,CFR,3.03,Approved,2026-04-08,2026-07-03
FRA02850,Telangana,D027,Sangareddy,Narayankhed,Kondapur,Claimant_FRA02850,CFR,5.04,Pending,2024-10-18,
FRA02851,Telangana,D023,Nizamabad,Armoor,Mendora,Claimant_FRA02851,IFR,2.82,Approved,2021-11-01,2024-07-11
FRA02852,Telangana,D007,Jayashankar Bhupalpally,Regonda,Kannaram,Claimant_FRA02852,CFR,2.01,Pending,2026-06-14,
FRA02853,Telangana,D013,Mahabubabad,Kuravi,Seerole,Claimant_FRA02853,IFR,2.43,Rejected,2022-05-25,2022-10-06
FRA02854,Telangana,D001,Adilabad,Narnoor,Kothapalli,Claimant_FRA02854,IFR,3.63,Approved,2026-04-17,2026-08-21
FRA02855,Telangana,D019,Nagarkurnool,Amrabad,Mananur,Claimant_FRA02855,IFR,5.68,Approved,2022-11-11,2022-12-17
FRA02856,Telangana,D002,Bhadradri Kothagudem,Manuguru,Anantharam,Claimant_FRA02856,CFR,2.86,Pending,2025-04-30,
FRA02857,Telangana,D001,Adilabad,Narnoor,Kothapalli,Claimant_FRA02857,IFR,1.97,Approved,2025-06-20,2025-09-21
FRA02858,Telangana,D003,Hanumakonda,Dharmanagar,Mustial,Claimant_FRA02858,CFR,1.53,Approved,2023-06-29,2024-08-22
FRA02859,Telangana,D033,Yadadri Bhuvanagiri,Bhongir,Anantharam,Claimant_FRA02859,IFR,0.86,Approved,2025-08-15,2026-09-07
FRA02860,Telangana,D032,Warangal,Narsampet,Madhira,Claimant_FRA02860,IFR,1.4,Approved,2023-05-16,2025-08-24
FRA02861,Telangana,D007,Jayashankar Bhupalpally,Chityal,Venkateshwarlapally,Claimant_FRA02861,IFR,5.24,Pending,2024-10-28,
FRA02862,Telangana,D030,Vikarabad,Tandur,Kotbaspally,Claimant_FRA02862,CFR,7.42,Rejected,2024-11-02,2026-05-07
FRA02863,Telangana,D005,Jagtial,Korutla,Ailapur,Claimant_FRA02863,IFR,0.62,Approved,2024-01-07,2024-03-26
FRA02864,Telangana,D013,Mahabubabad,Kuravi,Seerole,Claimant_FRA02864,IFR,2.57,Pending,2023-08-13,
FRA02865,Telangana,D011,Khammam,Wyra,Gollapadu,Claimant_FRA02865,IFR,7.52,Approved,2025-01-20,2025-08-18
FRA02866,Telangana,D002,Bhadradri Kothagudem,Manuguru,Anantharam,Claimant_FRA02866,CFR,2.4,Approved,2022-02-15,2022-03-15
FRA02867,Telangana,D001,Adilabad,Utnoor,Devapur,Claimant_FRA02867,CFR,7.45,Rejected,2026-03-25,2026-04-08
FRA02868,Telangana,D006,Jangaon,Station Ghanpur,Chilpur,Claimant_FRA02868,IFR,7.17,Rejected,2022-07-27,2026-03-14
FRA02869,Telangana,D018,Mulugu,Eturunagaram,Katapur,Claimant_FRA02869,CFR,0.85,Pending,2024-02-10,
FRA02870,Telangana,D018,Mulugu,Eturunagaram,Katapur,Claimant_FRA02870,CFR,5.44,Approved,2024-11-16,2025-03-26
FRA02871,Telangana,D005,Jagtial,Korutla,Ailapur,Claimant_FRA02871,CFR,1.43,Pending,2023-09-24,
FRA02872,Telangana,D002,Bhadradri Kothagudem,Bhadrachalam,Nellipaka,Claimant_FRA02872,IFR,2.93,Rejected,2022-01-03,2025-03-29
FRA02873,Telangana,D011,Khammam,Kothagudem,Seetharampuram,Claimant_FRA02873,IFR,3.73,Approved,2022-10-22,2023-01-04
FRA02874,Telangana,D032,Warangal,Narsampet,Madhira,Claimant_FRA02874,CFR,6.05,Approved,2022-06-18,2022-07-02
FRA02875,Telangana,D018,Mulugu,Eturunagaram,Katapur,Claimant_FRA02875,CFR,0.72,Approved,2025-12-24,2026-02-12
FRA02876,Telangana,D007,Jayashankar Bhupalpally,Chityal,Venkateshwarlapally,Claimant_FRA02876,CFR,6.78,Pending,2024-08-13,
FRA02877,Telangana,D006,Jangaon,Jangaon,Pasumamula,Claimant_FRA02877,IFR,7.5,Pending,2025-11-13,
FRA02878,Telangana,D003,Hanumakonda,Atmakur,Chowdapur,Claimant_FRA02878,IFR,1.08,Pending,2021-10-15,
FRA02879,Telangana,D001,Adilabad,Narnoor,Kothapalli,Claimant_FRA02879,CFR,1.56,Pending,2021-11-21,
FRA02880,Telangana,D011,Khammam,Kothagudem,Seetharampuram,Claimant_FRA02880,IFR,2.29,Approved,2022-06-21,2025-10-09
FRA02881,Telangana,D023,Nizamabad,Armoor,Mendora,Claimant_FRA02881,CFR,7.74,Rejected,2022-01-25,2025-11-15
FRA02882,Telangana,D004,Hyderabad,Charminar,Chandrayangutta,Claimant_FRA02882,IFR,2.02,Approved,2025-05-27,2026-09-09
FRA02883,Telangana,D011,Khammam,Wyra,Gollapadu,Claimant_FRA02883,CFR,1.65,Pending,2025-10-05,
FRA02884,Telangana,D004,Hyderabad,Amberpet,Azampura,Claimant_FRA02884,CFR,2.78,Approved,2022-07-02,2026-05-06
FRA02885,Telangana,D001,Adilabad,Boath,Ghanpur,Claimant_FRA02885,IFR,2.7,Pending,2021-10-06,
FRA02886,Telangana,D027,Sangareddy,Narayankhed,Kondapur,Claimant_FRA02886,IFR,7.19,Approved,2023-10-28,2025-07-10
FRA02887,Telangana,D006,Jangaon,Station Ghanpur,Chilpur,Claimant_FRA02887,CFR,3.83,Approved,2023-10-30,2026-02-04
FRA02888,Telangana,D001,Adilabad,Utnoor,Devapur,Claimant_FRA02888,IFR,2.17,Pending,2024-10-30,
FRA02889,Telangana,D027,Sangareddy,Narayankhed,Kondapur,Claimant_FRA02889,IFR,3.42,Pending,2024-12-29,
FRA02890,Telangana,D020,Nalgonda,Devarakonda,Chinthapally,Claimant_FRA02890,IFR,7.92,Approved,2025-07-13,2026-06-26
FRA02891,Telangana,D006,Jangaon,Station Ghanpur,Chilpur,Claimant_FRA02891,CFR,2.37,Approved,2022-10-29,2025-01-13
FRA02892,Telangana,D001,Adilabad,Boath,Ghanpur,Claimant_FRA02892,CFR,3.56,Approved,2026-07-30,2026-08-03
FRA02893,Telangana,D001,Adilabad,Utnoor,Devapur,Claimant_FRA02893,IFR,2.03,Approved,2023-02-17,2024-12-06
FRA02894,Telangana,D007,Jayashankar Bhupalpally,Chityal,Venkateshwarlapally,Claimant_FRA02894,CFR,2.55,Approved,2025-05-15,2026-07-21
FRA02895,Telangana,D019,Nagarkurnool,Amrabad,Mananur,Claimant_FRA02895,IFR,3.2,Approved,2024-06-19,2026-06-20
FRA02896,Telangana,D027,Sangareddy,Narayankhed,Kondapur,Claimant_FRA02896,CFR,0.92,Approved,2026-01-23,2026-06-29
FRA02897,Telangana,D033,Yadadri Bhuvanagiri,Bhongir,Anantharam,Claimant_FRA02897,CFR,2.04,Pending,2024-04-16,
FRA02898,Telangana,D007,Jayashankar Bhupalpally,Chityal,Venkateshwarlapally,Claimant_FRA02898,IFR,4.21,Approved,2025-03-11,2026-07-16
FRA02899,Telangana,D026,Rangareddy,Shabad,Kesaram,Claimant_FRA02899,CFR,2.02,Approved,2024-08-06,2025-05-30
FRA02900,Telangana,D006,Jangaon,Jangaon,Pasumamula,Claimant_FRA02900,CFR,5.26,Rejected,2023-07-04,2025-07-09
FRA02901,Telangana,D005,Jagtial,Korutla,Ailapur,Claimant_FRA02901,CFR,7.62,Rejected,2026-03-24,2026-04-15
FRA02902,Telangana,D032,Warangal,Narsampet,Madhira,Claimant_FRA02902,IFR,5.46,Approved,2024-06-05,2025-01-22
FRA02903,Telangana,D033,Yadadri Bhuvanagiri,Bhongir,Anantharam,Claimant_FRA02903,CFR,7.97,Approved,2026-05-02,2026-05-24
FRA02904,Telangana,D002,Bhadradri Kothagudem,Kothagudem,Regalla,Claimant_FRA02904,IFR,7.88,Approved,2025-10-01,2025-11-15
FRA02905,Telangana,D004,Hyderabad,Charminar,Chandrayangutta,Claimant_FRA02905,IFR,7.64,Approved,2023-07-10,2023-09-30
FRA02906,Telangana,D023,Nizamabad,Armoor,Mendora,Claimant_FRA02906,IFR,0.63,Approved,2022-01-24,2024-10-26
FRA02907,Telangana,D018,Mulugu,Eturunagaram,Katapur,Claimant_FRA02907,IFR,4.43,Approved,2024-02-17,2025-05-22
FRA02908,Telangana,D001,Adilabad,Utnoor,Devapur,Claimant_FRA02908,CFR,7.06,Approved,2024-02-06,2026-08-19
FRA02909,Telangana,D007,Jayashankar Bhupalpally,Regonda,Kannaram,Claimant_FRA02909,IFR,3.48,Approved,2026-08-25,2026-09-15
FRA02910,Telangana,D026,Rangareddy,Shabad,Kesaram,Claimant_FRA02910,IFR,7.29,Approved,2025-08-13,2025-09-04
FRA02911,Telangana,D002,Bhadradri Kothagudem,Manuguru,Anantharam,Claimant_FRA02911,IFR,1.87,Pending,2024-03-24,
FRA02912,Telangana,D004,Hyderabad,Charminar,Chandrayangutta,Claimant_FRA02912,CFR,6.07,Approved,2024-01-16,2025-05-26
FRA02913,Telangana,D003,Hanumakonda,Atmakur,Chowdapur,Claimant_FRA02913,CFR,3.02,Pending,2023-12-15,
FRA02914,Telangana,D001,Adilabad,Narnoor,Kothapalli,Claimant_FRA02914,CFR,4.91,Approved,2022-03-14,2024-08-30
FRA02915,Telangana,D030,Vikarabad,Tandur,Kotbaspally,Claimant_FRA02915,CFR,4.77,Approved,2023-01-01,2025-09-16
FRA02916,Telangana,D007,Jayashankar Bhupalpally,Chityal,Venkateshwarlapally,Claimant_FRA02916,IFR,0.64,Rejected,2026-03-01,2026-08-19
FRA02917,Telangana,D026,Rangareddy,Shabad,Kesaram,Claimant_FRA02917,CFR,7.81,Approved,2026-09-15,2026-09-16
FRA02918,Telangana,D013,Mahabubabad,Bayyaram,Garla,Claimant_FRA02918,CFR,2.33,Approved,2025-03-05,2026-09-02
FRA02919,Telangana,D001,Adilabad,Utnoor,Devapur,Claimant_FRA02919,CFR,6.36,Rejected,2022-12-20,2026-01-28
FRA02920,Telangana,D001,Adilabad,Utnoor,Devapur,Claimant_FRA02920,IFR,3.9,Approved,2022-08-30,2025-07-06
FRA02921,Telangana,D005,Jagtial,Korutla,Ailapur,Claimant_FRA02921,CFR,2.15,Approved,2025-09-12,2026-06-07
FRA02922,Telangana,D033,Yadadri Bhuvanagiri,Bhongir,Anantharam,Claimant_FRA02922,IFR,5.74,Pending,2022-09-15,
FRA02923,Telangana,D028,Siddipet,Husnabad,Pothireddypet,Claimant_FRA02923,IFR,1.7,Pending,2024-11-30,
FRA02924,Telangana,D001,Adilabad,Boath,Ghanpur,Claimant_FRA02924,CFR,2.05,Approved,2026-02-06,2026-05-16
FRA02925,Telangana,D011,Khammam,Wyra,Gollapadu,Claimant_FRA02925,IFR,5.78,Pending,2023-03-14,
FRA02926,Telangana,D013,Mahabubabad,Kuravi,Seerole,Claimant_FRA02926,IFR,0.62,Approved,2025-07-11,2026-01-22
FRA02927,Telangana,D003,Hanumakonda,Dharmanagar,Mustial,Claimant_FRA02927,IFR,6.84,Approved,2024-05-13,2024-10-15
FRA02928,Telangana,D026,Rangareddy,Shabad,Kesaram,Claimant_FRA02928,CFR,3.11,Pending,2021-12-09,
FRA02929,Telangana,D002,Bhadradri Kothagudem,Kothagudem,Regalla,Claimant_FRA02929,CFR,1.95,Approved,2022-05-17,2022-06-10
FRA02930,Telangana,D001,Adilabad,Narnoor,Kothapalli,Claimant_FRA02930,IFR,3.08,Approved,2025-02-07,2026-08-19
FRA02931,Telangana,D005,Jagtial,Korutla,Ailapur,Claimant_FRA02931,IFR,6.17,Pending,2026-01-23,
FRA02932,Telangana,D013,Mahabubabad,Kuravi,Seerole,Claimant_FRA02932,CFR,3.43,Approved,2026-01-25,2026-03-16
FRA02933,Telangana,D013,Mahabubabad,Kuravi,Seerole,Claimant_FRA02933,CFR,7.55,Approved,2021-12-16,2025-11-12
FRA02934,Telangana,D002,Bhadradri Kothagudem,Manuguru,Anantharam,Claimant_FRA02934,IFR,5.51,Approved,2025-09-06,2026-04-02
FRA02935,Telangana,D019,Nagarkurnool,Amrabad,Mananur,Claimant_FRA02935,IFR,5.66,Rejected,2023-02-08,2026-06-04
FRA02936,Telangana,D011,Khammam,Kothagudem,Seetharampuram,Claimant_FRA02936,CFR,7.27,Rejected,2022-03-29,2024-01-16
FRA02937,Telangana,D032,Warangal,Narsampet,Madhira,Claimant_FRA02937,IFR,4.75,Rejected,2022-03-12,2024-05-15
FRA02938,Telangana,D026,Rangareddy,Shabad,Kesaram,Claimant_FRA02938,CFR,1.45,Approved,2024-10-06,2026-05-28
FRA02939,Telangana,D003,Hanumakonda,Dharmanagar,Mustial,Claimant_FRA02939,CFR,5.98,Pending,2022-10-09,
FRA02940,Telangana,D030,Vikarabad,Tandur,Kotbaspally,Claimant_FRA02940,CFR,2.59,Approved,2026-03-14,2026-04-10
FRA02941,Telangana,D026,Rangareddy,Shabad,Kesaram,Claimant_FRA02941,CFR,1.18,Rejected,2026-02-21,2026-05-12
FRA02942,Telangana,D007,Jayashankar Bhupalpally,Regonda,Kannaram,Claimant_FRA02942,IFR,1.42,Pending,2024-04-04,
FRA02943,Telangana,D027,Sangareddy,Narayankhed,Kondapur,Claimant_FRA02943,CFR,7.2,Approved,2025-03-19,2025-08-03
FRA02944,Telangana,D002,Bhadradri Kothagudem,Kothagudem,Regalla,Claimant_FRA02944,IFR,3.72,Pending,2026-01-02,
FRA02945,Telangana,D032,Warangal,Narsampet,Madhira,Claimant_FRA02945,IFR,4.74,Approved,2026-06-27,2026-07-21
FRA02946,Telangana,D018,Mulugu,Eturunagaram,Katapur,Claimant_FRA02946,IFR,2.55,Approved,2024-09-09,2025-03-07
FRA02947,Telangana,D006,Jangaon,Station Ghanpur,Chilpur,Claimant_FRA02947,CFR,5.47,Pending,2024-01-04,
FRA02948,Telangana,D004,Hyderabad,Charminar,Chandrayangutta,Claimant_FRA02948,IFR,1.09,Approved,2026-01-13,2026-05-23
FRA02949,Telangana,D001,Adilabad,Utnoor,Devapur,Claimant_FRA02949,IFR,2.87,Approved,2025-05-04,2025-06-06
FRA02950,Telangana,D005,Jagtial,Korutla,Ailapur,Claimant_FRA02950,IFR,4.12,Pending,2022-08-27,
FRA02951,Telangana,D013,Mahabubabad,Kuravi,Seerole,Claimant_FRA02951,IFR,1.1,Pending,2023-12-13,
FRA02952,Telangana,D032,Warangal,Narsampet,Madhira,Claimant_FRA02952,CFR,0.56,Approved,2026-09-13,2026-09-17
FRA02953,Telangana,D004,Hyderabad,Charminar,Chandrayangutta,Claimant_FRA02953,IFR,6.38,Approved,2021-12-02,2022-04-23
FRA02954,Telangana,D030,Vikarabad,Tandur,Kotbaspally,Claimant_FRA02954,CFR,2.86,Pending,2023-03-24,
FRA02955,Telangana,D006,Jangaon,Station Ghanpur,Chilpur,Claimant_FRA02955,IFR,3.6,Rejected,2023-05-14,2023-05-16
FRA02956,Telangana,D030,Vikarabad,Tandur,Kotbaspally,Claimant_FRA02956,CFR,0.86,Approved,2024-02-28,2025-12-04
FRA02957,Telangana,D026,Rangareddy,Shabad,Kesaram,Claimant_FRA02957,CFR,1.2,Pending,2024-12-05,
FRA02958,Telangana,D032,Warangal,Narsampet,Madhira,Claimant_FRA02958,IFR,3.26,Rejected,2025-08-22,2026-03-10
FRA02959,Telangana,D002,Bhadradri Kothagudem,Kothagudem,Regalla,Claimant_FRA02959,CFR,2.38,Approved,2023-01-15,2025-12-25
FRA02960,Telangana,D011,Khammam,Wyra,Gollapadu,Claimant_FRA02960,CFR,2.44,Approved,2025-08-10,2026-01-24
FRA02961,Telangana,D006,Jangaon,Jangaon,Pasumamula,Claimant_FRA02961,CFR,3.63,Approved,2025-01-27,2025-03-10
FRA02962,Telangana,D030,Vikarabad,Tandur,Kotbaspally,Claimant_FRA02962,CFR,3.91,Approved,2026-07-27,2026-09-03
FRA02963,Telangana,D011,Khammam,Kothagudem,Seetharampuram,Claimant_FRA02963,CFR,2.29,Rejected,2025-05-14,2026-05-20
FRA02964,Telangana,D013,Mahabubabad,Bayyaram,Garla,Claimant_FRA02964,IFR,5.25,Approved,2025-09-28,2026-03-21
FRA02965,Telangana,D004,Hyderabad,Charminar,Chandrayangutta,Claimant_FRA02965,CFR,5.69,Pending,2022-06-19,
FRA02966,Telangana,D030,Vikarabad,Tandur,Kotbaspally,Claimant_FRA02966,CFR,7.84,Pending,2024-12-14,
FRA02967,Telangana,D001,Adilabad,Narnoor,Kothapalli,Claimant_FRA02967,CFR,4.65,Approved,2023-09-03,2023-10-22
FRA02968,Telangana,D003,Hanumakonda,Atmakur,Chowdapur,Claimant_FRA02968,CFR,6.37,Pending,2025-09-16,
FRA02969,Telangana,D001,Adilabad,Narnoor,Kothapalli,Claimant_FRA02969,CFR,7.53,Approved,2022-04-10,2024-12-04
FRA02970,Telangana,D005,Jagtial,Korutla,Ailapur,Claimant_FRA02970,IFR,6.39,Approved,2024-11-30,2025-10-30
FRA02971,Telangana,D001,Adilabad,Boath,Ghanpur,Claimant_FRA02971,CFR,7.6,Approved,2022-12-26,2024-03-12
FRA02972,Telangana,D018,Mulugu,Venkatapur,Narsapur,Claimant_FRA02972,CFR,2.65,Approved,2026-04-30,2026-05-17
FRA02973,Telangana,D023,Nizamabad,Armoor,Mendora,Claimant_FRA02973,CFR,3.59,Approved,2026-03-23,2026-08-17
FRA02974,Telangana,D001,Adilabad,Narnoor,Kothapalli,Claimant_FRA02974,CFR,4.41,Pending,2022-11-04,
FRA02975,Telangana,D018,Mulugu,Eturunagaram,Katapur,Claimant_FRA02975,CFR,0.65,Approved,2024-12-20,2025-12-07
FRA02976,Telangana,D013,Mahabubabad,Bayyaram,Garla,Claimant_FRA02976,CFR,5.14,Pending,2021-11-28,
FRA02977,Telangana,D027,Sangareddy,Narayankhed,Kondapur,Claimant_FRA02977,IFR,1.96,Approved,2025-01-16,2026-06-10
FRA02978,Telangana,D018,Mulugu,Eturunagaram,Katapur,Claimant_FRA02978,CFR,4.04,Approved,2024-12-25,2025-06-11
FRA02979,Telangana,D005,Jagtial,Metpally,Vellulla,Claimant_FRA02979,CFR,6.97,Approved,2024-10-30,2025-05-19
FRA02980,Telangana,D019,Nagarkurnool,Amrabad,Mananur,Claimant_FRA02980,CFR,1.06,Pending,2022-12-12,
FRA02981,Telangana,D013,Mahabubabad,Kuravi,Seerole,Claimant_FRA02981,CFR,7.32,Approved,2021-12-18,2025-12-19
FRA02982,Telangana,D018,Mulugu,Eturunagaram,Katapur,Claimant_FRA02982,CFR,3.41,Approved,2024-10-09,2026-06-14
FRA02983,Telangana,D026,Rangareddy,Shabad,Kesaram,Claimant_FRA02983,IFR,3.75,Approved,2025-12-15,2026-09-17
FRA02984,Telangana,D005,Jagtial,Korutla,Ailapur,Claimant_FRA02984,CFR,6.29,Rejected,2025-06-18,2026-01-08
FRA02985,Telangana,D003,Hanumakonda,Atmakur,Chowdapur,Claimant_FRA02985,CFR,4.46,Approved,2021-11-16,2022-07-27
FRA02986,Telangana,D003,Hanumakonda,Atmakur,Chowdapur,Claimant_FRA02986,CFR,4.59,Approved,2022-02-06,2024-06-02
FRA02987,Telangana,D013,Mahabubabad,Kuravi,Seerole,Claimant_FRA02987,CFR,1.23,Rejected,2025-08-29,2026-04-11
FRA02988,Telangana,D002,Bhadradri Kothagudem,Kothagudem,Regalla,Claimant_FRA02988,IFR,4.51,Approved,2025-03-28,2026-03-19
FRA02989,Telangana,D013,Mahabubabad,Kuravi,Seerole,Claimant_FRA02989,CFR,3.72,Approved,2022-01-17,2026-02-11
FRA02990,Telangana,D011,Khammam,Kothagudem,Seetharampuram,Claimant_FRA02990,IFR,7.37,Pending,2023-12-13,
FRA02991,Telangana,D013,Mahabubabad,Kuravi,Seerole,Claimant_FRA02991,CFR,4.06,Pending,2026-03-16,
FRA02992,Telangana,D013,Mahabubabad,Kuravi,Seerole,Claimant_FRA02992,CFR,1.93,Rejected,2022-06-04,2024-04-16
FRA02993,Telangana,D003,Hanumakonda,Dharmanagar,Mustial,Claimant_FRA02993,CFR,6.67,Rejected,2021-10-19,2026-05-30
FRA02994,Telangana,D018,Mulugu,Venkatapur,Narsapur,Claimant_FRA02994,IFR,6.69,Approved,2022-06-27,2025-05-19
FRA02995,Telangana,D028,Siddipet,Husnabad,Pothireddypet,Claimant_FRA02995,IFR,2.23,Pending,2022-07-25,
FRA02996,Telangana,D002,Bhadradri Kothagudem,Kothagudem,Regalla,Claimant_FRA02996,IFR,4.24,Pending,2023-02-01,
FRA02997,Telangana,D003,Hanumakonda,Dharmanagar,Mustial,Claimant_FRA02997,IFR,4.5,Approved,2025-06-12,2026-02-24
FRA02998,Telangana,D002,Bhadradri Kothagudem,Manuguru,Anantharam,Claimant_FRA02998,IFR,1.34,Approved,2023-05-18,2025-12-24
FRA02999,Telangana,D032,Warangal,Narsampet,Madhira,Claimant_FRA02999,IFR,4.27,Approved,2025-04-09,2025-10-23
FRA03000,Telangana,D013,Mahabubabad,Bayyaram,Garla,Claimant_FRA03000,CFR,6.56,Pending,2022-03-22,
FRA03001,Telangana,D005,Jagtial,Korutla,Ailapur,Claimant_FRA03001,CFR,7.18,Approved,2022-01-27,2022-07-30
FRA03002,Telangana,D004,Hyderabad,Charminar,Chandrayangutta,Claimant_FRA03002,CFR,3.18,Approved,2022-12-13,2023-11-14
FRA03003,Telangana,D002,Bhadradri Kothagudem,Bhadrachalam,Nellipaka,Claimant_FRA03003,IFR,6.16,Approved,2024-03-02,2024-05-21
FRA03004,Telangana,D007,Jayashankar Bhupalpally,Regonda,Kannaram,Claimant_FRA03004,IFR,7.93,Pending,2025-06-17,
FRA03005,Telangana,D020,Nalgonda,Devarakonda,Chinthapally,Claimant_FRA03005,IFR,2.56,Approved,2025-10-03,2026-03-04
FRA03006,Telangana,D027,Sangareddy,Narayankhed,Kondapur,Claimant_FRA03006,CFR,7.36,Pending,2023-01-25,
FRA03007,Telangana,D006,Jangaon,Station Ghanpur,Chilpur,Claimant_FRA03007,CFR,0.55,Approved,2024-08-09,2026-05-17
FRA03008,Telangana,D002,Bhadradri Kothagudem,Kothagudem,Regalla,Claimant_FRA03008,CFR,3.02,Approved,2022-12-12,2025-06-17
FRA03009,Telangana,D032,Warangal,Narsampet,Madhira,Claimant_FRA03009,CFR,3.6,Pending,2025-10-25,
FRA03010,Telangana,D003,Hanumakonda,Atmakur,Chowdapur,Claimant_FRA03010,IFR,6.29,Approved,2025-02-21,2026-04-30
FRA03011,Telangana,D027,Sangareddy,Narayankhed,Kondapur,Claimant_FRA03011,CFR,5.73,Approved,2026-03-14,2026-05-11
FRA03012,Telangana,D020,Nalgonda,Devarakonda,Chinthapally,Claimant_FRA03012,CFR,1.24,Approved,2025-12-11,2026-07-21
FRA03013,Telangana,D002,Bhadradri Kothagudem,Manuguru,Anantharam,Claimant_FRA03013,IFR,6.25,Approved,2022-06-15,2024-10-10
FRA03014,Telangana,D018,Mulugu,Venkatapur,Narsapur,Claimant_FRA03014,IFR,4.77,Approved,2022-04-13,2026-03-19
FRA03015,Telangana,D001,Adilabad,Boath,Ghanpur,Claimant_FRA03015,IFR,2.25,Pending,2023-09-06,
FRA03016,Telangana,D020,Nalgonda,Devarakonda,Chinthapally,Claimant_FRA03016,IFR,0.9,Approved,2022-06-25,2024-01-11
FRA03017,Telangana,D011,Khammam,Kothagudem,Seetharampuram,Claimant_FRA03017,IFR,0.57,Approved,2025-10-23,2026-06-30
FRA03018,Telangana,D007,Jayashankar Bhupalpally,Regonda,Kannaram,Claimant_FRA03018,IFR,6.18,Rejected,2024-02-29,2026-08-25
FRA03019,Telangana,D023,Nizamabad,Armoor,Mendora,Claimant_FRA03019,CFR,7.47,Approved,2026-05-14,2026-05-27
FRA03020,Telangana,D001,Adilabad,Utnoor,Devapur,Claimant_FRA03020,CFR,1.61,Approved,2023-03-09,2023-12-16
FRA03021,Telangana,D033,Yadadri Bhuvanagiri,Bhongir,Anantharam,Claimant_FRA03021,CFR,5.25,Rejected,2023-05-03,2023-08-16
FRA03022,Telangana,D013,Mahabubabad,Bayyaram,Garla,Claimant_FRA03022,CFR,7.19,Approved,2023-01-22,2023-06-30
FRA03023,Telangana,D002,Bhadradri Kothagudem,Manuguru,Anantharam,Claimant_FRA03023,CFR,5.1,Approved,2024-01-05,2025-04-09
FRA03024,Telangana,D006,Jangaon,Jangaon,Pasumamula,Claimant_FRA03024,IFR,0.81,Approved,2026-09-18,2026-09-18
FRA03025,Telangana,D026,Rangareddy,Shabad,Kesaram,Claimant_FRA03025,IFR,7.94,Pending,2026-07-30,
FRA03026,Telangana,D013,Mahabubabad,Kuravi,Seerole,Claimant_FRA03026,CFR,7.97,Approved,2023-09-13,2024-05-24
FRA03027,Telangana,D028,Siddipet,Husnabad,Pothireddypet,Claimant_FRA03027,IFR,7.69,Rejected,2024-12-14,2025-11-22
FRA03028,Telangana,D007,Jayashankar Bhupalpally,Regonda,Kannaram,Claimant_FRA03028,CFR,3.73,Pending,2024-04-24,
FRA03029,Telangana,D013,Mahabubabad,Bayyaram,Garla,Claimant_FRA03029,IFR,5.05,Approved,2022-12-01,2024-12-12
FRA03030,Telangana,D018,Mulugu,Eturunagaram,Katapur,Claimant_FRA03030,CFR,6.72,Pending,2023-03-13,
FRA03031,Telangana,D005,Jagtial,Metpally,Vellulla,Claimant_FRA03031,IFR,3.77,Approved,2025-05-04,2026-09-07
FRA03032,Telangana,D006,Jangaon,Jangaon,Pasumamula,Claimant_FRA03032,IFR,4.76,Pending,2026-04-04,
FRA03033,Telangana,D033,Yadadri Bhuvanagiri,Bhongir,Anantharam,Claimant_FRA03033,IFR,5.22,Approved,2026-08-23,2026-09-16
FRA03034,Telangana,D013,Mahabubabad,Bayyaram,Garla,Claimant_FRA03034,CFR,3.08,Approved,2025-12-24,2026-05-06
FRA03035,Telangana,D006,Jangaon,Jangaon,Pasumamula,Claimant_FRA03035,CFR,2.69,Pending,2026-04-10,
FRA03036,Telangana,D027,Sangareddy,Narayankhed,Kondapur,Claimant_FRA03036,IFR,2.09,Pending,2022-03-06,
FRA03037,Telangana,D018,Mulugu,Venkatapur,Narsapur,Claimant_FRA03037,IFR,7.76,Pending,2022-02-15,
FRA03038,Telangana,D005,Jagtial,Korutla,Ailapur,Claimant_FRA03038,IFR,7.12,Approved,2022-12-21,2025-05-22
FRA03039,Telangana,D013,Mahabubabad,Bayyaram,Garla,Claimant_FRA03039,CFR,3.97,Approved,2022-03-23,2022-05-02
FRA03040,Telangana,D002,Bhadradri Kothagudem,Kothagudem,Regalla,Claimant_FRA03040,IFR,1.86,Pending,2024-01-17,
FRA03041,Telangana,D033,Yadadri Bhuvanagiri,Bhongir,Anantharam,Claimant_FRA03041,CFR,4.07,Rejected,2023-03-19,2023-05-11
FRA03042,Telangana,D002,Bhadradri Kothagudem,Kothagudem,Regalla,Claimant_FRA03042,CFR,3.85,Approved,2025-02-05,2025-05-01
FRA03043,Telangana,D005,Jagtial,Metpally,Vellulla,Claimant_FRA03043,IFR,0.51,Approved,2026-06-03,2026-07-16
FRA03044,Telangana,D030,Vikarabad,Tandur,Kotbaspally,Claimant_FRA03044,IFR,3.48,Approved,2022-08-31,2025-06-09
FRA03045,Telangana,D002,Bhadradri Kothagudem,Bhadrachalam,Nellipaka,Claimant_FRA03045,IFR,5.95,Approved,2026-05-30,2026-07-22
FRA03046,Telangana,D011,Khammam,Kothagudem,Seetharampuram,Claimant_FRA03046,IFR,5.47,Rejected,2022-09-25,2024-08-28
FRA03047,Telangana,D002,Bhadradri Kothagudem,Kothagudem,Regalla,Claimant_FRA03047,IFR,7.45,Rejected,2022-03-21,2025-03-03
FRA03048,Telangana,D006,Jangaon,Jangaon,Pasumamula,Claimant_FRA03048,IFR,1.62,Rejected,2024-06-04,2025-04-08
FRA03049,Telangana,D020,Nalgonda,Devarakonda,Chinthapally,Claimant_FRA03049,IFR,7.61,Rejected,2023-02-10,2026-04-03
FRA03050,Telangana,D018,Mulugu,Eturunagaram,Katapur,Claimant_FRA03050,CFR,2.85,Approved,2026-06-08,2026-08-28
FRA03051,Telangana,D005,Jagtial,Metpally,Vellulla,Claimant_FRA03051,IFR,6.94,Approved,2024-08-22,2025-10-10
FRA03052,Telangana,D027,Sangareddy,Narayankhed,Kondapur,Claimant_FRA03052,IFR,3.02,Approved,2023-07-14,2024-12-29
FRA03053,Telangana,D018,Mulugu,Eturunagaram,Katapur,Claimant_FRA03053,CFR,5.9,Rejected,2021-11-20,2025-04-09
FRA03054,Telangana,D002,Bhadradri Kothagudem,Kothagudem,Regalla,Claimant_FRA03054,CFR,5.08,Approved,2023-03-25,2025-11-10
FRA03055,Telangana,D027,Sangareddy,Narayankhed,Kondapur,Claimant_FRA03055,IFR,1.32,Approved,2022-01-18,2023-06-14
FRA03056,Telangana,D011,Khammam,Kothagudem,Seetharampuram,Claimant_FRA03056,CFR,1.45,Approved,2025-12-07,2026-04-21
FRA03057,Telangana,D018,Mulugu,Venkatapur,Narsapur,Claimant_FRA03057,IFR,7.67,Approved,2021-09-19,2025-03-13
FRA03058,Telangana,D030,Vikarabad,Tandur,Kotbaspally,Claimant_FRA03058,CFR,3.32,Pending,2023-11-20,
FRA03059,Telangana,D004,Hyderabad,Amberpet,Azampura,Claimant_FRA03059,CFR,3.67,Pending,2022-03-01,
FRA03060,Telangana,D018,Mulugu,Eturunagaram,Katapur,Claimant_FRA03060,IFR,7.33,Approved,2025-07-23,2026-09-01
FRA03061,Telangana,D001,Adilabad,Narnoor,Kothapalli,Claimant_FRA03061,CFR,7.26,Approved,2023-05-22,2026-03-09
FRA03062,Telangana,D001,Adilabad,Narnoor,Kothapalli,Claimant_FRA03062,CFR,3.32,Approved,2025-11-18,2026-08-20
FRA03063,Telangana,D032,Warangal,Narsampet,Madhira,Claimant_FRA03063,CFR,7.27,Pending,2026-09-16,
FRA03064,Telangana,D018,Mulugu,Eturunagaram,Katapur,Claimant_FRA03064,CFR,5.9,Approved,2024-10-11,2025-04-21
FRA03065,Telangana,D004,Hyderabad,Charminar,Chandrayangutta,Claimant_FRA03065,CFR,2.37,Approved,2025-04-08,2026-01-04
FRA03066,Telangana,D002,Bhadradri Kothagudem,Manuguru,Anantharam,Claimant_FRA03066,CFR,7.57,Approved,2025-11-04,2026-05-14
FRA03067,Telangana,D013,Mahabubabad,Bayyaram,Garla,Claimant_FRA03067,IFR,0.86,Rejected,2024-08-23,2025-06-30
FRA03068,Telangana,D033,Yadadri Bhuvanagiri,Bhongir,Anantharam,Claimant_FRA03068,CFR,7.28,Rejected,2026-04-20,2026-05-01
FRA03069,Telangana,D023,Nizamabad,Armoor,Mendora,Claimant_FRA03069,CFR,3.39,Approved,2024-02-09,2024-04-21
FRA03070,Telangana,D006,Jangaon,Station Ghanpur,Chilpur,Claimant_FRA03070,CFR,6.15,Pending,2022-08-29,
FRA03071,Telangana,D026,Rangareddy,Shabad,Kesaram,Claimant_FRA03071,CFR,3.87,Approved,2024-05-09,2025-10-15
FRA03072,Telangana,D001,Adilabad,Boath,Ghanpur,Claimant_FRA03072,IFR,1.55,Approved,2023-09-09,2025-07-31
FRA03073,Telangana,D027,Sangareddy,Narayankhed,Kondapur,Claimant_FRA03073,CFR,3.64,Approved,2025-04-06,2026-01-06
FRA03074,Telangana,D002,Bhadradri Kothagudem,Kothagudem,Regalla,Claimant_FRA03074,IFR,5.57,Pending,2026-03-17,
FRA03075,Telangana,D005,Jagtial,Korutla,Ailapur,Claimant_FRA03075,IFR,7.93,Approved,2021-11-15,2026-07-10
FRA03076,Telangana,D002,Bhadradri Kothagudem,Bhadrachalam,Nellipaka,Claimant_FRA03076,IFR,2.72,Approved,2024-04-15,2024-07-11
FRA03077,Telangana,D003,Hanumakonda,Atmakur,Chowdapur,Claimant_FRA03077,CFR,3.93,Approved,2023-12-30,2024-05-15
FRA03078,Telangana,D001,Adilabad,Narnoor,Kothapalli,Claimant_FRA03078,CFR,1.67,Pending,2024-09-09,
FRA03079,Telangana,D004,Hyderabad,Amberpet,Azampura,Claimant_FRA03079,CFR,0.67,Pending,2022-06-01,
FRA03080,Telangana,D001,Adilabad,Boath,Ghanpur,Claimant_FRA03080,CFR,1.14,Pending,2024-11-29,
FRA03081,Telangana,D002,Bhadradri Kothagudem,Kothagudem,Regalla,Claimant_FRA03081,CFR,7.31,Approved,2026-04-26,2026-08-27
FRA03082,Telangana,D002,Bhadradri Kothagudem,Manuguru,Anantharam,Claimant_FRA03082,CFR,1.78,Rejected,2022-09-10,2025-08-27
FRA03083,Telangana,D007,Jayashankar Bhupalpally,Chityal,Venkateshwarlapally,Claimant_FRA03083,CFR,6.93,Approved,2025-11-24,2025-12-10
FRA03084,Telangana,D020,Nalgonda,Devarakonda,Chinthapally,Claimant_FRA03084,CFR,4.99,Approved,2024-12-24,2025-01-17
FRA03085,Telangana,D023,Nizamabad,Armoor,Mendora,Claimant_FRA03085,CFR,2.9,Approved,2021-09-21,2025-09-01
FRA03086,Telangana,D007,Jayashankar Bhupalpally,Regonda,Kannaram,Claimant_FRA03086,IFR,0.64,Pending,2024-06-17,
FRA03087,Telangana,D026,Rangareddy,Shabad,Kesaram,Claimant_FRA03087,IFR,2.01,Approved,2022-12-19,2024-04-17
FRA03088,Telangana,D004,Hyderabad,Amberpet,Azampura,Claimant_FRA03088,IFR,5.92,Pending,2025-03-16,
FRA03089,Telangana,D004,Hyderabad,Charminar,Chandrayangutta,Claimant_FRA03089,CFR,3.39,Pending,2025-05-17,
FRA03090,Telangana,D005,Jagtial,Korutla,Ailapur,Claimant_FRA03090,IFR,7.18,Approved,2024-07-02,2026-06-04
FRA03091,Telangana,D013,Mahabubabad,Kuravi,Seerole,Claimant_FRA03091,CFR,7.81,Approved,2022-09-03,2024-03-18
FRA03092,Telangana,D003,Hanumakonda,Atmakur,Chowdapur,Claimant_FRA03092,IFR,5.43,Pending,2024-12-28,
FRA03093,Telangana,D011,Khammam,Kothagudem,Seetharampuram,Claimant_FRA03093,CFR,6.97,Pending,2025-01-14,
FRA03094,Telangana,D020,Nalgonda,Devarakonda,Chinthapally,Claimant_FRA03094,IFR,1.02,Approved,2022-05-06,2025-11-05
FRA03095,Telangana,D004,Hyderabad,Amberpet,Azampura,Claimant_FRA03095,CFR,6.79,Approved,2022-12-04,2025-03-04
FRA03096,Telangana,D020,Nalgonda,Devarakonda,Chinthapally,Claimant_FRA03096,CFR,2.04,Approved,2022-02-04,2022-05-25
FRA03097,Telangana,D007,Jayashankar Bhupalpally,Chityal,Venkateshwarlapally,Claimant_FRA03097,IFR,5.49,Rejected,2022-08-19,2026-02-18
FRA03098,Telangana,D013,Mahabubabad,Kuravi,Seerole,Claimant_FRA03098,IFR,4.63,Rejected,2025-12-12,2026-07-12
FRA03099,Telangana,D032,Warangal,Narsampet,Madhira,Claimant_FRA03099,IFR,5.67,Approved,2022-07-17,2025-09-01
FRA03100,Telangana,D033,Yadadri Bhuvanagiri,Bhongir,Anantharam,Claimant_FRA03100,CFR,4.67,Rejected,2026-05-05,2026-08-04
FRA03101,Telangana,D004,Hyderabad,Charminar,Chandrayangutta,Claimant_FRA03101,CFR,5.06,Approved,2024-12-10,2025-04-19
FRA03102,Telangana,D003,Hanumakonda,Dharmanagar,Mustial,Claimant_FRA03102,IFR,1.73,Approved,2023-09-20,2024-12-05
FRA03103,Telangana,D004,Hyderabad,Amberpet,Azampura,Claimant_FRA03103,CFR,7.65,Rejected,2026-05-08,2026-09-09
FRA03104,Telangana,D006,Jangaon,Jangaon,Pasumamula,Claimant_FRA03104,IFR,7.83,Approved,2023-11-11,2026-06-04
FRA03105,Telangana,D003,Hanumakonda,Dharmanagar,Mustial,Claimant_FRA03105,IFR,7.64,Approved,2022-09-20,2022-12-23
FRA03106,Telangana,D002,Bhadradri Kothagudem,Manuguru,Anantharam,Claimant_FRA03106,CFR,1.14,Approved,2026-07-04,2026-07-27
FRA03107,Telangana,D013,Mahabubabad,Kuravi,Seerole,Claimant_FRA03107,IFR,5.27,Pending,2024-07-26,
FRA03108,Telangana,D001,Adilabad,Boath,Ghanpur,Claimant_FRA03108,CFR,7.39,Pending,2024-06-20,
FRA03109,Telangana,D006,Jangaon,Jangaon,Pasumamula,Claimant_FRA03109,CFR,3.51,Approved,2026-07-09,2026-09-17
FRA03110,Telangana,D001,Adilabad,Boath,Ghanpur,Claimant_FRA03110,IFR,3.8,Approved,2024-08-31,2025-10-16
FRA03111,Telangana,D011,Khammam,Wyra,Gollapadu,Claimant_FRA03111,CFR,7.72,Approved,2023-03-11,2025-06-19
FRA03112,Telangana,D002,Bhadradri Kothagudem,Kothagudem,Regalla,Claimant_FRA03112,CFR,3.23,Pending,2022-10-04,
FRA03113,Telangana,D030,Vikarabad,Tandur,Kotbaspally,Claimant_FRA03113,CFR,7.62,Pending,2023-02-20,
FRA03114,Telangana,D013,Mahabubabad,Bayyaram,Garla,Claimant_FRA03114,CFR,2.36,Approved,2022-10-18,2024-05-22
FRA03115,Telangana,D001,Adilabad,Narnoor,Kothapalli,Claimant_FRA03115,IFR,5.78,Pending,2026-07-17,
FRA03116,Telangana,D001,Adilabad,Narnoor,Kothapalli,Claimant_FRA03116,IFR,2.24,Pending,2026-07-31,
FRA03117,Telangana,D003,Hanumakonda,Atmakur,Chowdapur,Claimant_FRA03117,CFR,2.88,Pending,2022-09-16,
FRA03118,Telangana,D001,Adilabad,Boath,Ghanpur,Claimant_FRA03118,IFR,4.75,Pending,2022-11-19,
FRA03119,Telangana,D023,Nizamabad,Armoor,Mendora,Claimant_FRA03119,CFR,4.07,Approved,2022-05-06,2024-09-19
FRA03120,Telangana,D019,Nagarkurnool,Amrabad,Mananur,Claimant_FRA03120,CFR,7.52,Approved,2024-03-05,2026-04-29
FRA03121,Telangana,D002,Bhadradri Kothagudem,Bhadrachalam,Nellipaka,Claimant_FRA03121,CFR,7.34,Approved,2021-12-30,2022-11-29
FRA03122,Telangana,D002,Bhadradri Kothagudem,Manuguru,Anantharam,Claimant_FRA03122,IFR,4.15,Pending,2022-04-25,
FRA03123,Telangana,D033,Yadadri Bhuvanagiri,Bhongir,Anantharam,Claimant_FRA03123,IFR,4.92,Approved,2024-12-11,2025-10-25
FRA03124,Telangana,D003,Hanumakonda,Atmakur,Chowdapur,Claimant_FRA03124,CFR,0.73,Pending,2022-07-05,
FRA03125,Telangana,D005,Jagtial,Metpally,Vellulla,Claimant_FRA03125,IFR,1.19,Rejected,2026-01-16,2026-07-19
FRA03126,Telangana,D028,Siddipet,Husnabad,Pothireddypet,Claimant_FRA03126,IFR,7.98,Approved,2025-09-15,2025-11-28
FRA03127,Telangana,D001,Adilabad,Utnoor,Devapur,Claimant_FRA03127,IFR,7.98,Approved,2026-04-01,2026-05-28
FRA03128,Telangana,D018,Mulugu,Venkatapur,Narsapur,Claimant_FRA03128,IFR,0.98,Approved,2022-02-25,2023-05-26
FRA03129,Telangana,D002,Bhadradri Kothagudem,Manuguru,Anantharam,Claimant_FRA03129,CFR,6.91,Pending,2021-11-06,
FRA03130,Telangana,D002,Bhadradri Kothagudem,Bhadrachalam,Nellipaka,Claimant_FRA03130,CFR,4.83,Approved,2023-08-19,2025-02-12
FRA03131,Telangana,D028,Siddipet,Husnabad,Pothireddypet,Claimant_FRA03131,CFR,6.94,Pending,2023-09-22,
FRA03132,Telangana,D028,Siddipet,Husnabad,Pothireddypet,Claimant_FRA03132,CFR,1.39,Approved,2024-06-27,2025-11-28
FRA03133,Telangana,D006,Jangaon,Jangaon,Pasumamula,Claimant_FRA03133,CFR,7.64,Approved,2021-10-08,2022-11-28
FRA03134,Telangana,D002,Bhadradri Kothagudem,Manuguru,Anantharam,Claimant_FRA03134,IFR,0.82,Pending,2022-07-16,
FRA03135,Telangana,D006,Jangaon,Jangaon,Pasumamula,Claimant_FRA03135,IFR,2.34,Pending,2026-03-22,
FRA03136,Telangana,D002,Bhadradri Kothagudem,Bhadrachalam,Nellipaka,Claimant_FRA03136,IFR,4.58,Approved,2022-11-24,2024-03-23
FRA03137,Telangana,D020,Nalgonda,Devarakonda,Chinthapally,Claimant_FRA03137,CFR,1.23,Approved,2023-02-02,2024-04-21
FRA03138,Telangana,D030,Vikarabad,Tandur,Kotbaspally,Claimant_FRA03138,CFR,5.16,Approved,2022-01-24,2022-11-13
FRA03139,Telangana,D027,Sangareddy,Narayankhed,Kondapur,Claimant_FRA03139,CFR,5.66,Approved,2026-07-20,2026-08-18
FRA03140,Telangana,D001,Adilabad,Utnoor,Devapur,Claimant_FRA03140,IFR,1.62,Pending,2021-10-12,
FRA03141,Telangana,D028,Siddipet,Husnabad,Pothireddypet,Claimant_FRA03141,IFR,3.62,Approved,2024-08-29,2025-07-28
FRA03142,Telangana,D001,Adilabad,Boath,Ghanpur,Claimant_FRA03142,IFR,3.96,Approved,2025-11-04,2026-03-04
FRA03143,Telangana,D005,Jagtial,Metpally,Vellulla,Claimant_FRA03143,CFR,7.21,Pending,2022-11-22,
FRA03144,Telangana,D028,Siddipet,Husnabad,Pothireddypet,Claimant_FRA03144,IFR,3.64,Pending,2022-11-16,
FRA03145,Telangana,D004,Hyderabad,Amberpet,Azampura,Claimant_FRA03145,IFR,7.8,Pending,2025-01-14,
FRA03146,Telangana,D003,Hanumakonda,Atmakur,Chowdapur,Claimant_FRA03146,CFR,1.51,Approved,2023-09-13,2026-07-12
FRA03147,Telangana,D004,Hyderabad,Amberpet,Azampura,Claimant_FRA03147,CFR,5.9,Approved,2026-04-25,2026-08-01
FRA03148,Telangana,D007,Jayashankar Bhupalpally,Regonda,Kannaram,Claimant_FRA03148,CFR,4.21,Pending,2021-12-05,
FRA03149,Telangana,D030,Vikarabad,Tandur,Kotbaspally,Claimant_FRA03149,CFR,2.01,Approved,2025-11-10,2026-01-07
FRA03150,Telangana,D001,Adilabad,Utnoor,Devapur,Claimant_FRA03150,CFR,5.78,Approved,2025-10-08,2026-06-21
FRA03151,Telangana,D023,Nizamabad,Armoor,Mendora,Claimant_FRA03151,CFR,7.12,Approved,2025-09-10,2026-02-06
FRA03152,Telangana,D004,Hyderabad,Amberpet,Azampura,Claimant_FRA03152,CFR,2.55,Approved,2022-12-09,2023-10-06
FRA03153,Telangana,D006,Jangaon,Jangaon,Pasumamula,Claimant_FRA03153,CFR,3.38,Pending,2023-08-30,
FRA03154,Telangana,D019,Nagarkurnool,Amrabad,Mananur,Claimant_FRA03154,IFR,2.75,Rejected,2024-03-03,2025-10-28
FRA03155,Telangana,D007,Jayashankar Bhupalpally,Chityal,Venkateshwarlapally,Claimant_FRA03155,IFR,5.88,Pending,2023-02-14,
FRA03156,Telangana,D006,Jangaon,Station Ghanpur,Chilpur,Claimant_FRA03156,IFR,7.93,Pending,2022-06-19,
FRA03157,Telangana,D007,Jayashankar Bhupalpally,Chityal,Venkateshwarlapally,Claimant_FRA03157,CFR,4.31,Approved,2024-08-08,2026-08-01
FRA03158,Telangana,D003,Hanumakonda,Atmakur,Chowdapur,Claimant_FRA03158,CFR,6.72,Rejected,2024-11-22,2025-12-12
FRA03159,Telangana,D028,Siddipet,Husnabad,Pothireddypet,Claimant_FRA03159,IFR,4.67,Approved,2023-03-29,2023-10-01
FRA03160,Telangana,D013,Mahabubabad,Bayyaram,Garla,Claimant_FRA03160,CFR,5.62,Approved,2024-08-16,2025-04-09
FRA03161,Telangana,D033,Yadadri Bhuvanagiri,Bhongir,Anantharam,Claimant_FRA03161,IFR,2.35,Approved,2021-10-18,2022-05-19
FRA03162,Telangana,D001,Adilabad,Narnoor,Kothapalli,Claimant_FRA03162,CFR,7.63,Pending,2024-02-29,
FRA03163,Telangana,D033,Yadadri Bhuvanagiri,Bhongir,Anantharam,Claimant_FRA03163,CFR,2.04,Approved,2023-12-26,2024-12-22
FRA03164,Telangana,D007,Jayashankar Bhupalpally,Chityal,Venkateshwarlapally,Claimant_FRA03164,IFR,2.53,Pending,2022-03-28,
FRA03165,Telangana,D018,Mulugu,Eturunagaram,Katapur,Claimant_FRA03165,CFR,6.93,Approved,2023-03-02,2026-08-20
FRA03166,Telangana,D007,Jayashankar Bhupalpally,Chityal,Venkateshwarlapally,Claimant_FRA03166,CFR,6.27,Pending,2022-07-18,
FRA03167,Telangana,D003,Hanumakonda,Dharmanagar,Mustial,Claimant_FRA03167,CFR,4.48,Pending,2024-10-29,
FRA03168,Telangana,D003,Hanumakonda,Atmakur,Chowdapur,Claimant_FRA03168,IFR,6.87,Approved,2025-08-25,2026-07-24
FRA03169,Telangana,D006,Jangaon,Jangaon,Pasumamula,Claimant_FRA03169,IFR,5.76,Approved,2023-06-16,2026-04-01
FRA03170,Telangana,D007,Jayashankar Bhupalpally,Regonda,Kannaram,Claimant_FRA03170,IFR,5.73,Approved,2023-06-19,2026-05-04
FRA03171,Telangana,D007,Jayashankar Bhupalpally,Chityal,Venkateshwarlapally,Claimant_FRA03171,CFR,6.28,Approved,2025-10-13,2026-08-17
FRA03172,Telangana,D032,Warangal,Narsampet,Madhira,Claimant_FRA03172,CFR,6.99,Approved,2026-07-24,2026-07-24
FRA03173,Telangana,D005,Jagtial,Metpally,Vellulla,Claimant_FRA03173,IFR,5.97,Approved,2024-03-24,2026-06-12
FRA03174,Telangana,D033,Yadadri Bhuvanagiri,Bhongir,Anantharam,Claimant_FRA03174,CFR,4.62,Approved,2025-06-06,2026-08-09
FRA03175,Telangana,D004,Hyderabad,Amberpet,Azampura,Claimant_FRA03175,CFR,1.69,Pending,2024-03-26,
FRA03176,Telangana,D011,Khammam,Kothagudem,Seetharampuram,Claimant_FRA03176,CFR,7.29,Pending,2024-06-17,
FRA03177,Telangana,D006,Jangaon,Jangaon,Pasumamula,Claimant_FRA03177,IFR,7.3,Pending,2023-10-28,
FRA03178,Telangana,D033,Yadadri Bhuvanagiri,Bhongir,Anantharam,Claimant_FRA03178,IFR,3.67,Rejected,2023-06-13,2025-07-06
FRA03179,Telangana,D001,Adilabad,Utnoor,Devapur,Claimant_FRA03179,CFR,4.25,Pending,2024-04-06,
FRA03180,Telangana,D001,Adilabad,Boath,Ghanpur,Claimant_FRA03180,IFR,4.63,Rejected,2022-07-31,2024-04-11
FRA03181,Telangana,D028,Siddipet,Husnabad,Pothireddypet,Claimant_FRA03181,IFR,3.83,Approved,2023-08-14,2024-10-08
FRA03182,Telangana,D027,Sangareddy,Narayankhed,Kondapur,Claimant_FRA03182,CFR,6.31,Rejected,2025-08-04,2026-03-13
FRA03183,Telangana,D002,Bhadradri Kothagudem,Bhadrachalam,Nellipaka,Claimant_FRA03183,CFR,6.98,Rejected,2024-01-26,2025-08-26
FRA03184,Telangana,D003,Hanumakonda,Dharmanagar,Mustial,Claimant_FRA03184,IFR,3.17,Approved,2024-10-21,2025-09-24
FRA03185,Telangana,D018,Mulugu,Venkatapur,Narsapur,Claimant_FRA03185,IFR,2.88,Approved,2022-05-09,2023-05-19
FRA03186,Telangana,D028,Siddipet,Husnabad,Pothireddypet,Claimant_FRA03186,IFR,6.51,Approved,2024-09-04,2025-12-23
FRA03187,Telangana,D006,Jangaon,Jangaon,Pasumamula,Claimant_FRA03187,CFR,2.1,Approved,2022-03-15,2026-01-13
FRA03188,Telangana,D004,Hyderabad,Charminar,Chandrayangutta,Claimant_FRA03188,IFR,4.69,Approved,2021-09-25,2023-06-12
FRA03189,Telangana,D011,Khammam,Kothagudem,Seetharampuram,Claimant_FRA03189,IFR,3.43,Pending,2022-09-10,
FRA03190,Telangana,D018,Mulugu,Eturunagaram,Katapur,Claimant_FRA03190,CFR,7.71,Approved,2022-08-09,2023-07-22
FRA03191,Telangana,D020,Nalgonda,Devarakonda,Chinthapally,Claimant_FRA03191,CFR,7.11,Pending,2025-07-27,
FRA03192,Telangana,D004,Hyderabad,Charminar,Chandrayangutta,Claimant_FRA03192,IFR,6.13,Rejected,2025-02-27,2026-01-16
FRA03193,Telangana,D013,Mahabubabad,Bayyaram,Garla,Claimant_FRA03193,IFR,1.1,Approved,2024-03-19,2025-09-29
FRA03194,Telangana,D018,Mulugu,Venkatapur,Narsapur,Claimant_FRA03194,IFR,0.86,Approved,2024-02-23,2024-04-21
FRA03195,Telangana,D019,Nagarkurnool,Amrabad,Mananur,Claimant_FRA03195,CFR,5.09,Approved,2026-05-14,2026-06-02
FRA03196,Telangana,D001,Adilabad,Boath,Ghanpur,Claimant_FRA03196,CFR,2.66,Rejected,2021-10-08,2024-07-24
FRA03197,Telangana,D033,Yadadri Bhuvanagiri,Bhongir,Anantharam,Claimant_FRA03197,IFR,2.92,Approved,2022-10-20,2026-09-16
FRA03198,Telangana,D028,Siddipet,Husnabad,Pothireddypet,Claimant_FRA03198,CFR,5.29,Pending,2023-06-19,
FRA03199,Telangana,D011,Khammam,Kothagudem,Seetharampuram,Claimant_FRA03199,IFR,3.12,Approved,2022-07-13,2025-08-22
FRA03200,Telangana,D027,Sangareddy,Narayankhed,Kondapur,Claimant_FRA03200,CFR,6.48,Approved,2023-07-11,2025-03-09
FRA03201,Telangana,D001,Adilabad,Utnoor,Devapur,Claimant_FRA03201,IFR,1.04,Rejected,2024-08-16,2026-04-07
FRA03202,Telangana,D013,Mahabubabad,Bayyaram,Garla,Claimant_FRA03202,IFR,2.92,Approved,2023-12-20,2025-06-15
FRA03203,Telangana,D006,Jangaon,Jangaon,Pasumamula,Claimant_FRA03203,CFR,3.73,Pending,2025-08-25,
FRA03204,Telangana,D001,Adilabad,Boath,Ghanpur,Claimant_FRA03204,IFR,1.71,Pending,2024-08-27,
FRA03205,Telangana,D030,Vikarabad,Tandur,Kotbaspally,Claimant_FRA03205,IFR,6.29,Pending,2025-02-02,
FRA03206,Telangana,D003,Hanumakonda,Atmakur,Chowdapur,Claimant_FRA03206,IFR,7.77,Pending,2023-03-18,
FRA03207,Telangana,D019,Nagarkurnool,Amrabad,Mananur,Claimant_FRA03207,IFR,5.93,Approved,2025-11-03,2026-04-08
FRA03208,Telangana,D033,Yadadri Bhuvanagiri,Bhongir,Anantharam,Claimant_FRA03208,CFR,2.35,Approved,2026-01-26,2026-08-08
FRA03209,Telangana,D003,Hanumakonda,Dharmanagar,Mustial,Claimant_FRA03209,CFR,6.56,Rejected,2025-07-19,2025-11-03
FRA03210,Telangana,D002,Bhadradri Kothagudem,Manuguru,Anantharam,Claimant_FRA03210,IFR,5.36,Approved,2025-07-31,2025-09-23
FRA03211,Telangana,D003,Hanumakonda,Atmakur,Chowdapur,Claimant_FRA03211,IFR,1.77,Rejected,2023-03-20,2026-06-05
FRA03212,Telangana,D020,Nalgonda,Devarakonda,Chinthapally,Claimant_FRA03212,CFR,3.7,Approved,2022-12-16,2025-05-29
FRA03213,Telangana,D013,Mahabubabad,Kuravi,Seerole,Claimant_FRA03213,CFR,7.03,Rejected,2022-05-26,2022-08-07
FRA03214,Telangana,D005,Jagtial,Korutla,Ailapur,Claimant_FRA03214,CFR,1.95,Approved,2023-10-03,2024-04-02
FRA03215,Telangana,D027,Sangareddy,Narayankhed,Kondapur,Claimant_FRA03215,IFR,6.47,Approved,2025-08-07,2026-08-09
FRA03216,Telangana,D011,Khammam,Kothagudem,Seetharampuram,Claimant_FRA03216,IFR,5.14,Rejected,2022-11-29,2026-03-21
FRA03217,Telangana,D007,Jayashankar Bhupalpally,Regonda,Kannaram,Claimant_FRA03217,CFR,2.39,Rejected,2025-05-20,2025-09-03
FRA03218,Telangana,D020,Nalgonda,Devarakonda,Chinthapally,Claimant_FRA03218,CFR,2.53,Pending,2024-08-09,
FRA03219,Telangana,D032,Warangal,Narsampet,Madhira,Claimant_FRA03219,CFR,4.45,Rejected,2022-06-16,2022-10-11
FRA03220,Telangana,D004,Hyderabad,Charminar,Chandrayangutta,Claimant_FRA03220,CFR,2.09,Approved,2025-08-27,2026-01-31
FRA03221,Telangana,D011,Khammam,Wyra,Gollapadu,Claimant_FRA03221,CFR,5.71,Rejected,2024-03-25,2024-07-11
FRA03222,Telangana,D006,Jangaon,Station Ghanpur,Chilpur,Claimant_FRA03222,CFR,4.74,Pending,2022-02-08,
FRA03223,Telangana,D001,Adilabad,Boath,Ghanpur,Claimant_FRA03223,IFR,1.21,Pending,2023-04-03,
FRA03224,Telangana,D002,Bhadradri Kothagudem,Bhadrachalam,Nellipaka,Claimant_FRA03224,CFR,6.17,Approved,2022-04-02,2024-03-23
FRA03225,Telangana,D023,Nizamabad,Armoor,Mendora,Claimant_FRA03225,CFR,1.77,Approved,2026-01-05,2026-01-11
FRA03226,Telangana,D001,Adilabad,Utnoor,Devapur,Claimant_FRA03226,CFR,2.83,Approved,2022-05-21,2026-03-31
FRA03227,Telangana,D023,Nizamabad,Armoor,Mendora,Claimant_FRA03227,IFR,3.05,Pending,2025-07-09,
FRA03228,Telangana,D001,Adilabad,Boath,Ghanpur,Claimant_FRA03228,IFR,3.77,Pending,2025-10-25,
FRA03229,Telangana,D007,Jayashankar Bhupalpally,Chityal,Venkateshwarlapally,Claimant_FRA03229,IFR,6.15,Approved,2024-05-01,2025-06-10
FRA03230,Telangana,D005,Jagtial,Korutla,Ailapur,Claimant_FRA03230,IFR,1.56,Pending,2026-04-03,
FRA03231,Telangana,D005,Jagtial,Korutla,Ailapur,Claimant_FRA03231,CFR,1.98,Pending,2021-11-29,
FRA03232,Telangana,D013,Mahabubabad,Bayyaram,Garla,Claimant_FRA03232,IFR,7.08,Approved,2026-08-17,2026-09-12
FRA03233,Telangana,D018,Mulugu,Eturunagaram,Katapur,Claimant_FRA03233,IFR,4.57,Pending,2025-08-03,
FRA03234,Telangana,D033,Yadadri Bhuvanagiri,Bhongir,Anantharam,Claimant_FRA03234,CFR,4.67,Pending,2023-06-14,
FRA03235,Telangana,D002,Bhadradri Kothagudem,Manuguru,Anantharam,Claimant_FRA03235,CFR,0.73,Approved,2025-03-09,2026-07-17
FRA03236,Telangana,D026,Rangareddy,Shabad,Kesaram,Claimant_FRA03236,IFR,5.71,Approved,2023-04-01,2025-12-22
FRA03237,Telangana,D019,Nagarkurnool,Amrabad,Mananur,Claimant_FRA03237,CFR,7.04,Pending,2026-06-09,
FRA03238,Telangana,D020,Nalgonda,Devarakonda,Chinthapally,Claimant_FRA03238,IFR,0.93,Approved,2023-12-25,2024-11-18
FRA03239,Telangana,D004,Hyderabad,Amberpet,Azampura,Claimant_FRA03239,CFR,7.05,Approved,2022-02-22,2023-02-20
FRA03240,Telangana,D005,Jagtial,Metpally,Vellulla,Claimant_FRA03240,CFR,4.41,Rejected,2024-12-29,2025-04-12
FRA03241,Telangana,D004,Hyderabad,Charminar,Chandrayangutta,Claimant_FRA03241,IFR,5.38,Approved,2024-07-19,2024-07-29
FRA03242,Telangana,D027,Sangareddy,Narayankhed,Kondapur,Claimant_FRA03242,IFR,6.34,Rejected,2024-03-01,2024-05-21
FRA03243,Telangana,D019,Nagarkurnool,Amrabad,Mananur,Claimant_FRA03243,IFR,7.89,Rejected,2024-10-21,2026-02-15
FRA03244,Telangana,D011,Khammam,Kothagudem,Seetharampuram,Claimant_FRA03244,CFR,4.76,Approved,2025-04-04,2026-07-27
FRA03245,Telangana,D013,Mahabubabad,Kuravi,Seerole,Claimant_FRA03245,IFR,5.61,Approved,2024-08-20,2025-02-11
FRA03246,Telangana,D018,Mulugu,Venkatapur,Narsapur,Claimant_FRA03246,CFR,5.44,Pending,2021-11-09,
FRA03247,Telangana,D002,Bhadradri Kothagudem,Kothagudem,Regalla,Claimant_FRA03247,IFR,3.53,Approved,2023-12-27,2025-04-25
FRA03248,Telangana,D006,Jangaon,Jangaon,Pasumamula,Claimant_FRA03248,CFR,1.85,Approved,2023-11-18,2026-07-27
FRA03249,Telangana,D002,Bhadradri Kothagudem,Bhadrachalam,Nellipaka,Claimant_FRA03249,IFR,2.42,Approved,2024-10-23,2025-06-13
FRA03250,Telangana,D007,Jayashankar Bhupalpally,Regonda,Kannaram,Claimant_FRA03250,CFR,3.93,Pending,2023-02-23,
FRA03251,Telangana,D002,Bhadradri Kothagudem,Bhadrachalam,Nellipaka,Claimant_FRA03251,CFR,7.54,Pending,2022-07-15,
FRA03252,Telangana,D001,Adilabad,Narnoor,Kothapalli,Claimant_FRA03252,CFR,3.0,Approved,2025-08-15,2026-06-20
FRA03253,Telangana,D013,Mahabubabad,Kuravi,Seerole,Claimant_FRA03253,IFR,4.39,Approved,2022-03-31,2023-06-05
FRA03254,Telangana,D005,Jagtial,Korutla,Ailapur,Claimant_FRA03254,CFR,4.07,Approved,2025-08-24,2025-12-13
FRA03255,Telangana,D005,Jagtial,Metpally,Vellulla,Claimant_FRA03255,CFR,7.34,Approved,2022-11-01,2026-04-26
FRA03256,Telangana,D023,Nizamabad,Armoor,Mendora,Claimant_FRA03256,CFR,7.01,Rejected,2022-04-02,2026-04-08
FRA03257,Telangana,D003,Hanumakonda,Atmakur,Chowdapur,Claimant_FRA03257,IFR,3.01,Rejected,2024-05-02,2024-10-23
FRA03258,Telangana,D013,Mahabubabad,Bayyaram,Garla,Claimant_FRA03258,CFR,1.78,Pending,2022-03-31,
FRA03259,Telangana,D005,Jagtial,Metpally,Vellulla,Claimant_FRA03259,IFR,7.32,Approved,2025-09-14,2026-01-26
FRA03260,Telangana,D003,Hanumakonda,Dharmanagar,Mustial,Claimant_FRA03260,CFR,5.74,Pending,2024-11-24,
FRA03261,Telangana,D001,Adilabad,Narnoor,Kothapalli,Claimant_FRA03261,IFR,6.45,Approved,2023-05-07,2024-10-28
FRA03262,Telangana,D027,Sangareddy,Narayankhed,Kondapur,Claimant_FRA03262,CFR,5.98,Approved,2024-09-13,2026-03-29
FRA03263,Telangana,D003,Hanumakonda,Dharmanagar,Mustial,Claimant_FRA03263,CFR,2.46,Rejected,2025-02-07,2025-03-06
FRA03264,Telangana,D019,Nagarkurnool,Amrabad,Mananur,Claimant_FRA03264,CFR,4.01,Pending,2024-04-05,
FRA03265,Telangana,D011,Khammam,Wyra,Gollapadu,Claimant_FRA03265,CFR,3.93,Approved,2022-02-08,2024-11-10
FRA03266,Telangana,D001,Adilabad,Narnoor,Kothapalli,Claimant_FRA03266,CFR,6.07,Approved,2022-04-07,2026-04-14
FRA03267,Telangana,D004,Hyderabad,Amberpet,Azampura,Claimant_FRA03267,CFR,1.36,Rejected,2025-12-20,2026-03-11
FRA03268,Telangana,D018,Mulugu,Venkatapur,Narsapur,Claimant_FRA03268,CFR,1.93,Pending,2026-01-27,
FRA03269,Telangana,D003,Hanumakonda,Dharmanagar,Mustial,Claimant_FRA03269,CFR,1.93,Pending,2025-01-10,
FRA03270,Telangana,D013,Mahabubabad,Kuravi,Seerole,Claimant_FRA03270,CFR,2.82,Approved,2023-09-20,2023-12-23
FRA03271,Telangana,D006,Jangaon,Jangaon,Pasumamula,Claimant_FRA03271,IFR,6.57,Approved,2023-02-20,2023-06-23
FRA03272,Telangana,D005,Jagtial,Korutla,Ailapur,Claimant_FRA03272,IFR,2.18,Approved,2024-07-12,2026-09-13
FRA03273,Telangana,D002,Bhadradri Kothagudem,Bhadrachalam,Nellipaka,Claimant_FRA03273,CFR,2.05,Rejected,2024-03-03,2026-08-05
FRA03274,Telangana,D020,Nalgonda,Devarakonda,Chinthapally,Claimant_FRA03274,IFR,4.5,Approved,2024-01-13,2026-03-24
FRA03275,Telangana,D004,Hyderabad,Charminar,Chandrayangutta,Claimant_FRA03275,CFR,3.9,Approved,2025-11-05,2026-02-23
FRA03276,Telangana,D007,Jayashankar Bhupalpally,Chityal,Venkateshwarlapally,Claimant_FRA03276,CFR,1.92,Pending,2024-10-03,
FRA03277,Telangana,D005,Jagtial,Metpally,Vellulla,Claimant_FRA03277,IFR,2.21,Rejected,2022-10-17,2025-05-16
FRA03278,Telangana,D006,Jangaon,Jangaon,Pasumamula,Claimant_FRA03278,IFR,2.01,Pending,2026-07-04,
FRA03279,Telangana,D005,Jagtial,Korutla,Ailapur,Claimant_FRA03279,CFR,1.68,Approved,2026-06-02,2026-08-10
FRA03280,Telangana,D005,Jagtial,Korutla,Ailapur,Claimant_FRA03280,CFR,4.77,Rejected,2026-01-13,2026-06-15
FRA03281,Telangana,D006,Jangaon,Jangaon,Pasumamula,Claimant_FRA03281,CFR,5.33,Approved,2025-02-11,2026-03-20
FRA03282,Telangana,D020,Nalgonda,Devarakonda,Chinthapally,Claimant_FRA03282,CFR,3.79,Pending,2023-07-23,
FRA03283,Telangana,D028,Siddipet,Husnabad,Pothireddypet,Claimant_FRA03283,CFR,6.14,Approved,2022-03-25,2025-08-15
FRA03284,Telangana,D006,Jangaon,Jangaon,Pasumamula,Claimant_FRA03284,IFR,6.21,Approved,2023-09-20,2024-05-05
FRA03285,Telangana,D001,Adilabad,Utnoor,Devapur,Claimant_FRA03285,IFR,5.2,Approved,2023-02-12,2024-10-14
FRA03286,Telangana,D003,Hanumakonda,Atmakur,Chowdapur,Claimant_FRA03286,CFR,1.08,Pending,2021-12-31,
FRA03287,Telangana,D004,Hyderabad,Charminar,Chandrayangutta,Claimant_FRA03287,CFR,0.84,Approved,2025-05-16,2025-11-16
FRA03288,Telangana,D001,Adilabad,Narnoor,Kothapalli,Claimant_FRA03288,CFR,3.55,Pending,2025-12-11,
FRA03289,Telangana,D001,Adilabad,Boath,Ghanpur,Claimant_FRA03289,CFR,7.58,Approved,2025-04-01,2026-05-02
FRA03290,Telangana,D005,Jagtial,Metpally,Vellulla,Claimant_FRA03290,CFR,4.65,Rejected,2025-12-22,2026-02-28
FRA03291,Telangana,D001,Adilabad,Narnoor,Kothapalli,Claimant_FRA03291,CFR,5.27,Pending,2024-07-26,
FRA03292,Telangana,D026,Rangareddy,Shabad,Kesaram,Claimant_FRA03292,CFR,5.21,Pending,2023-10-01,
FRA03293,Telangana,D001,Adilabad,Boath,Ghanpur,Claimant_FRA03293,IFR,4.54,Pending,2024-03-17,
FRA03294,Telangana,D006,Jangaon,Station Ghanpur,Chilpur,Claimant_FRA03294,CFR,7.09,Approved,2023-11-16,2024-07-25
FRA03295,Telangana,D004,Hyderabad,Amberpet,Azampura,Claimant_FRA03295,IFR,0.71,Approved,2026-09-05,2026-09-09
FRA03296,Telangana,D005,Jagtial,Korutla,Ailapur,Claimant_FRA03296,IFR,6.2,Approved,2022-07-18,2022-10-24
FRA03297,Telangana,D005,Jagtial,Metpally,Vellulla,Claimant_FRA03297,CFR,0.95,Approved,2021-11-03,2025-09-11
FRA03298,Telangana,D004,Hyderabad,Amberpet,Azampura,Claimant_FRA03298,CFR,0.91,Approved,2022-10-16,2023-05-07
FRA03299,Telangana,D004,Hyderabad,Amberpet,Azampura,Claimant_FRA03299,CFR,6.87,Approved,2022-02-17,2024-07-20
FRA03300,Telangana,D027,Sangareddy,Narayankhed,Kondapur,Claimant_FRA03300,CFR,7.82,Rejected,2022-06-02,2022-10-20
FRA03301,Telangana,D011,Khammam,Wyra,Gollapadu,Claimant_FRA03301,CFR,6.17,Approved,2024-11-23,2026-02-22
FRA03302,Telangana,D001,Adilabad,Utnoor,Devapur,Claimant_FRA03302,IFR,3.26,Pending,2023-10-01,
FRA03303,Telangana,D002,Bhadradri Kothagudem,Manuguru,Anantharam,Claimant_FRA03303,IFR,7.48,Approved,2024-06-01,2026-09-11
FRA03304,Telangana,D030,Vikarabad,Tandur,Kotbaspally,Claimant_FRA03304,IFR,4.19,Approved,2023-10-27,2024-05-17
FRA03305,Telangana,D013,Mahabubabad,Bayyaram,Garla,Claimant_FRA03305,CFR,0.58,Approved,2026-05-04,2026-07-19
FRA03306,Telangana,D011,Khammam,Wyra,Gollapadu,Claimant_FRA03306,IFR,1.63,Pending,2025-07-20,
FRA03307,Telangana,D005,Jagtial,Metpally,Vellulla,Claimant_FRA03307,CFR,5.99,Pending,2026-08-05,
FRA03308,Telangana,D013,Mahabubabad,Kuravi,Seerole,Claimant_FRA03308,IFR,4.64,Pending,2025-01-23,
FRA03309,Telangana,D004,Hyderabad,Charminar,Chandrayangutta,Claimant_FRA03309,IFR,5.0,Approved,2023-03-28,2024-01-18
FRA03310,Telangana,D028,Siddipet,Husnabad,Pothireddypet,Claimant_FRA03310,IFR,2.74,Approved,2022-01-13,2023-01-19
FRA03311,Telangana,D018,Mulugu,Eturunagaram,Katapur,Claimant_FRA03311,IFR,7.74,Approved,2021-12-10,2021-12-27
FRA03312,Telangana,D023,Nizamabad,Armoor,Mendora,Claimant_FRA03312,CFR,7.27,Pending,2025-05-13,
FRA03313,Telangana,D013,Mahabubabad,Bayyaram,Garla,Claimant_FRA03313,CFR,3.08,Approved,2024-01-17,2025-01-22
FRA03314,Telangana,D001,Adilabad,Boath,Ghanpur,Claimant_FRA03314,IFR,5.18,Approved,2023-02-02,2023-10-21
FRA03315,Telangana,D001,Adilabad,Utnoor,Devapur,Claimant_FRA03315,IFR,5.46,Pending,2026-04-13,
FRA03316,Telangana,D001,Adilabad,Narnoor,Kothapalli,Claimant_FRA03316,IFR,1.87,Approved,2025-11-23,2026-01-25
FRA03317,Telangana,D013,Mahabubabad,Kuravi,Seerole,Claimant_FRA03317,CFR,4.64,Pending,2023-12-02,
FRA03318,Telangana,D018,Mulugu,Eturunagaram,Katapur,Claimant_FRA03318,CFR,1.04,Approved,2026-01-18,2026-03-07
FRA03319,Telangana,D001,Adilabad,Boath,Ghanpur,Claimant_FRA03319,CFR,3.62,Pending,2021-10-24,
FRA03320,Telangana,D002,Bhadradri Kothagudem,Manuguru,Anantharam,Claimant_FRA03320,IFR,3.85,Approved,2022-04-12,2025-02-13
FRA03321,Telangana,D013,Mahabubabad,Kuravi,Seerole,Claimant_FRA03321,IFR,6.86,Pending,2022-01-14,
FRA03322,Telangana,D003,Hanumakonda,Dharmanagar,Mustial,Claimant_FRA03322,CFR,4.02,Approved,2023-01-12,2025-05-10
FRA03323,Telangana,D030,Vikarabad,Tandur,Kotbaspally,Claimant_FRA03323,IFR,1.42,Approved,2022-01-06,2022-08-13
FRA03324,Telangana,D007,Jayashankar Bhupalpally,Regonda,Kannaram,Claimant_FRA03324,IFR,4.95,Pending,2021-09-30,
FRA03325,Telangana,D018,Mulugu,Venkatapur,Narsapur,Claimant_FRA03325,CFR,3.27,Approved,2023-01-21,2025-11-10
FRA03326,Telangana,D032,Warangal,Narsampet,Madhira,Claimant_FRA03326,IFR,5.64,Pending,2022-11-26,
FRA03327,Telangana,D003,Hanumakonda,Atmakur,Chowdapur,Claimant_FRA03327,CFR,1.24,Approved,2024-12-30,2025-03-02
FRA03328,Telangana,D001,Adilabad,Boath,Ghanpur,Claimant_FRA03328,CFR,4.77,Approved,2023-11-11,2025-09-11
FRA03329,Telangana,D019,Nagarkurnool,Amrabad,Mananur,Claimant_FRA03329,CFR,7.24,Approved,2024-11-11,2025-12-22
FRA03330,Telangana,D006,Jangaon,Jangaon,Pasumamula,Claimant_FRA03330,IFR,5.08,Approved,2024-07-20,2024-12-23
FRA03331,Telangana,D028,Siddipet,Husnabad,Pothireddypet,Claimant_FRA03331,CFR,5.65,Approved,2024-02-08,2024-04-13
FRA03332,Telangana,D006,Jangaon,Station Ghanpur,Chilpur,Claimant_FRA03332,IFR,3.16,Approved,2022-11-19,2023-01-23
FRA03333,Telangana,D026,Rangareddy,Shabad,Kesaram,Claimant_FRA03333,CFR,4.52,Pending,2024-11-17,
FRA03334,Telangana,D027,Sangareddy,Narayankhed,Kondapur,Claimant_FRA03334,CFR,4.27,Rejected,2024-08-31,2025-07-31
FRA03335,Telangana,D004,Hyderabad,Amberpet,Azampura,Claimant_FRA03335,IFR,7.44,Approved,2025-10-02,2026-07-27
FRA03336,Telangana,D032,Warangal,Narsampet,Madhira,Claimant_FRA03336,IFR,7.21,Pending,2026-07-07,
FRA03337,Telangana,D027,Sangareddy,Narayankhed,Kondapur,Claimant_FRA03337,IFR,5.82,Approved,2022-03-12,2023-05-03
FRA03338,Telangana,D026,Rangareddy,Shabad,Kesaram,Claimant_FRA03338,CFR,1.45,Approved,2024-06-29,2026-03-10
FRA03339,Telangana,D001,Adilabad,Narnoor,Kothapalli,Claimant_FRA03339,CFR,7.28,Approved,2023-12-15,2024-04-16
FRA03340,Telangana,D001,Adilabad,Utnoor,Devapur,Claimant_FRA03340,CFR,7.12,Pending,2023-06-12,
FRA03341,Telangana,D002,Bhadradri Kothagudem,Manuguru,Anantharam,Claimant_FRA03341,IFR,5.56,Approved,2022-08-14,2026-01-10
FRA03342,Telangana,D019,Nagarkurnool,Amrabad,Mananur,Claimant_FRA03342,CFR,5.48,Approved,2023-05-30,2025-03-10
FRA03343,Telangana,D013,Mahabubabad,Bayyaram,Garla,Claimant_FRA03343,CFR,5.22,Rejected,2023-03-14,2025-05-23
FRA03344,Telangana,D003,Hanumakonda,Dharmanagar,Mustial,Claimant_FRA03344,IFR,7.42,Pending,2023-10-09,
FRA03345,Telangana,D028,Siddipet,Husnabad,Pothireddypet,Claimant_FRA03345,IFR,6.85,Rejected,2023-01-01,2025-05-23
FRA03346,Telangana,D002,Bhadradri Kothagudem,Kothagudem,Regalla,Claimant_FRA03346,IFR,5.85,Approved,2025-11-04,2026-08-14
FRA03347,Telangana,D032,Warangal,Narsampet,Madhira,Claimant_FRA03347,CFR,3.41,Approved,2022-05-03,2024-04-25
FRA03348,Telangana,D013,Mahabubabad,Kuravi,Seerole,Claimant_FRA03348,CFR,0.97,Approved,2022-01-16,2023-05-17
FRA03349,Telangana,D005,Jagtial,Metpally,Vellulla,Claimant_FRA03349,IFR,4.4,Pending,2023-10-08,
FRA03350,Telangana,D006,Jangaon,Station Ghanpur,Chilpur,Claimant_FRA03350,CFR,3.77,Pending,2025-05-07,
FRA03351,Telangana,D032,Warangal,Narsampet,Madhira,Claimant_FRA03351,CFR,3.2,Approved,2025-07-14,2025-09-16
FRA03352,Telangana,D004,Hyderabad,Charminar,Chandrayangutta,Claimant_FRA03352,IFR,0.69,Pending,2024-01-08,
FRA03353,Telangana,D001,Adilabad,Utnoor,Devapur,Claimant_FRA03353,IFR,4.13,Approved,2025-08-20,2026-06-03
FRA03354,Telangana,D007,Jayashankar Bhupalpally,Regonda,Kannaram,Claimant_FRA03354,CFR,6.55,Approved,2026-06-29,2026-08-10
FRA03355,Telangana,D018,Mulugu,Eturunagaram,Katapur,Claimant_FRA03355,CFR,5.69,Pending,2021-12-04,
FRA03356,Telangana,D003,Hanumakonda,Dharmanagar,Mustial,Claimant_FRA03356,CFR,5.57,Approved,2023-12-10,2026-02-13
FRA03357,Telangana,D007,Jayashankar Bhupalpally,Chityal,Venkateshwarlapally,Claimant_FRA03357,IFR,2.8,Pending,2025-03-26,
FRA03358,Telangana,D011,Khammam,Wyra,Gollapadu,Claimant_FRA03358,IFR,2.78,Approved,2022-04-05,2025-08-13
FRA03359,Telangana,D028,Siddipet,Husnabad,Pothireddypet,Claimant_FRA03359,CFR,1.02,Approved,2022-11-26,2023-11-17
FRA03360,Telangana,D033,Yadadri Bhuvanagiri,Bhongir,Anantharam,Claimant_FRA03360,IFR,6.8,Pending,2024-01-07,
FRA03361,Telangana,D028,Siddipet,Husnabad,Pothireddypet,Claimant_FRA03361,IFR,5.13,Approved,2026-04-13,2026-07-14
FRA03362,Telangana,D001,Adilabad,Boath,Ghanpur,Claimant_FRA03362,CFR,2.24,Approved,2024-06-19,2025-05-18
FRA03363,Telangana,D018,Mulugu,Venkatapur,Narsapur,Claimant_FRA03363,CFR,5.54,Pending,2025-11-23,
FRA03364,Telangana,D033,Yadadri Bhuvanagiri,Bhongir,Anantharam,Claimant_FRA03364,CFR,1.69,Pending,2024-09-17,
FRA03365,Telangana,D023,Nizamabad,Armoor,Mendora,Claimant_FRA03365,CFR,3.6,Approved,2024-10-24,2025-04-16
FRA03366,Telangana,D005,Jagtial,Metpally,Vellulla,Claimant_FRA03366,IFR,4.51,Approved,2025-05-11,2026-07-10
FRA03367,Telangana,D020,Nalgonda,Devarakonda,Chinthapally,Claimant_FRA03367,IFR,4.96,Pending,2023-10-16,
FRA03368,Telangana,D003,Hanumakonda,Dharmanagar,Mustial,Claimant_FRA03368,CFR,1.95,Rejected,2021-11-12,2024-05-20
FRA03369,Telangana,D002,Bhadradri Kothagudem,Bhadrachalam,Nellipaka,Claimant_FRA03369,IFR,5.99,Approved,2022-08-19,2026-09-03
FRA03370,Telangana,D028,Siddipet,Husnabad,Pothireddypet,Claimant_FRA03370,IFR,7.06,Approved,2026-07-24,2026-09-09
FRA03371,Telangana,D019,Nagarkurnool,Amrabad,Mananur,Claimant_FRA03371,IFR,1.8,Approved,2023-03-12,2024-03-15
FRA03372,Telangana,D004,Hyderabad,Amberpet,Azampura,Claimant_FRA03372,CFR,2.01,Approved,2026-07-25,2026-08-06
FRA03373,Telangana,D001,Adilabad,Narnoor,Kothapalli,Claimant_FRA03373,CFR,0.64,Rejected,2026-03-01,2026-03-02
FRA03374,Telangana,D007,Jayashankar Bhupalpally,Chityal,Venkateshwarlapally,Claimant_FRA03374,CFR,4.98,Approved,2023-12-31,2025-06-30
FRA03375,Telangana,D026,Rangareddy,Shabad,Kesaram,Claimant_FRA03375,CFR,3.91,Pending,2023-10-31,
FRA03376,Telangana,D005,Jagtial,Metpally,Vellulla,Claimant_FRA03376,CFR,3.03,Pending,2025-09-01,
FRA03377,Telangana,D033,Yadadri Bhuvanagiri,Bhongir,Anantharam,Claimant_FRA03377,IFR,4.45,Approved,2024-08-18,2026-04-08
FRA03378,Telangana,D032,Warangal,Narsampet,Madhira,Claimant_FRA03378,IFR,0.61,Approved,2022-10-14,2025-11-12
FRA03379,Telangana,D005,Jagtial,Metpally,Vellulla,Claimant_FRA03379,IFR,2.38,Pending,2022-07-31,
FRA03380,Telangana,D001,Adilabad,Boath,Ghanpur,Claimant_FRA03380,IFR,6.57,Rejected,2026-06-22,2026-09-05
FRA03381,Telangana,D002,Bhadradri Kothagudem,Manuguru,Anantharam,Claimant_FRA03381,IFR,4.08,Approved,2023-01-02,2024-10-10
FRA03382,Telangana,D011,Khammam,Kothagudem,Seetharampuram,Claimant_FRA03382,IFR,0.54,Pending,2025-07-21,
FRA03383,Telangana,D007,Jayashankar Bhupalpally,Regonda,Kannaram,Claimant_FRA03383,CFR,7.16,Pending,2021-10-01,
FRA03384,Telangana,D006,Jangaon,Jangaon,Pasumamula,Claimant_FRA03384,IFR,2.88,Approved,2022-06-01,2024-07-05
FRA03385,Telangana,D007,Jayashankar Bhupalpally,Chityal,Venkateshwarlapally,Claimant_FRA03385,CFR,1.59,Approved,2024-10-03,2025-07-19
FRA03386,Telangana,D002,Bhadradri Kothagudem,Bhadrachalam,Nellipaka,Claimant_FRA03386,CFR,5.08,Approved,2026-08-05,2026-08-09
FRA03387,Telangana,D011,Khammam,Wyra,Gollapadu,Claimant_FRA03387,IFR,3.45,Rejected,2024-04-18,2025-05-10
FRA03388,Telangana,D018,Mulugu,Eturunagaram,Katapur,Claimant_FRA03388,CFR,2.62,Rejected,2026-02-12,2026-05-04
FRA03389,Telangana,D013,Mahabubabad,Bayyaram,Garla,Claimant_FRA03389,CFR,6.85,Approved,2024-09-26,2025-06-21
FRA03390,Telangana,D001,Adilabad,Narnoor,Kothapalli,Claimant_FRA03390,CFR,2.22,Pending,2024-09-16,
FRA03391,Telangana,D006,Jangaon,Station Ghanpur,Chilpur,Claimant_FRA03391,IFR,6.64,Approved,2026-08-05,2026-08-11
FRA03392,Telangana,D018,Mulugu,Venkatapur,Narsapur,Claimant_FRA03392,CFR,3.25,Approved,2023-01-18,2026-06-04
FRA03393,Telangana,D030,Vikarabad,Tandur,Kotbaspally,Claimant_FRA03393,IFR,1.97,Approved,2026-07-12,2026-07-29
FRA03394,Telangana,D007,Jayashankar Bhupalpally,Regonda,Kannaram,Claimant_FRA03394,CFR,7.65,Rejected,2024-05-04,2026-09-17
FRA03395,Telangana,D006,Jangaon,Jangaon,Pasumamula,Claimant_FRA03395,CFR,6.43,Pending,2026-08-19,
FRA03396,Telangana,D013,Mahabubabad,Bayyaram,Garla,Claimant_FRA03396,CFR,0.76,Approved,2025-02-06,2025-07-27
FRA03397,Telangana,D005,Jagtial,Korutla,Ailapur,Claimant_FRA03397,CFR,3.32,Approved,2021-12-11,2024-05-19
FRA03398,Telangana,D032,Warangal,Narsampet,Madhira,Claimant_FRA03398,CFR,0.59,Approved,2024-03-02,2026-04-09
FRA03399,Telangana,D030,Vikarabad,Tandur,Kotbaspally,Claimant_FRA03399,IFR,5.45,Approved,2022-06-01,2023-04-09
FRA03400,Telangana,D026,Rangareddy,Shabad,Kesaram,Claimant_FRA03400,CFR,2.24,Pending,2026-09-07,
FRA03401,Telangana,D027,Sangareddy,Narayankhed,Kondapur,Claimant_FRA03401,IFR,1.43,Approved,2022-04-03,2025-11-15
FRA03402,Telangana,D026,Rangareddy,Shabad,Kesaram,Claimant_FRA03402,CFR,3.15,Rejected,2025-02-08,2025-03-14
FRA03403,Telangana,D032,Warangal,Narsampet,Madhira,Claimant_FRA03403,IFR,1.01,Approved,2025-09-20,2026-07-16
FRA03404,Telangana,D023,Nizamabad,Armoor,Mendora,Claimant_FRA03404,CFR,6.22,Approved,2025-08-06,2025-10-09
FRA03405,Telangana,D001,Adilabad,Boath,Ghanpur,Claimant_FRA03405,CFR,6.65,Approved,2023-11-05,2025-03-08
FRA03406,Telangana,D020,Nalgonda,Devarakonda,Chinthapally,Claimant_FRA03406,CFR,2.19,Pending,2026-05-04,
FRA03407,Telangana,D005,Jagtial,Korutla,Ailapur,Claimant_FRA03407,CFR,2.61,Approved,2025-01-08,2025-04-06
FRA03408,Telangana,D019,Nagarkurnool,Amrabad,Mananur,Claimant_FRA03408,IFR,7.24,Approved,2026-03-14,2026-09-02
FRA03409,Telangana,D011,Khammam,Wyra,Gollapadu,Claimant_FRA03409,CFR,1.51,Rejected,2026-06-27,2026-07-27
FRA03410,Telangana,D003,Hanumakonda,Atmakur,Chowdapur,Claimant_FRA03410,CFR,2.62,Approved,2024-11-10,2025-10-04
FRA03411,Telangana,D004,Hyderabad,Amberpet,Azampura,Claimant_FRA03411,CFR,5.49,Pending,2021-10-16,
FRA03412,Telangana,D007,Jayashankar Bhupalpally,Regonda,Kannaram,Claimant_FRA03412,CFR,0.9,Rejected,2023-07-21,2024-03-05
FRA03413,Telangana,D019,Nagarkurnool,Amrabad,Mananur,Claimant_FRA03413,CFR,5.07,Pending,2026-01-30,
FRA03414,Telangana,D001,Adilabad,Narnoor,Kothapalli,Claimant_FRA03414,IFR,6.88,Pending,2025-06-13,
FRA03415,Telangana,D003,Hanumakonda,Dharmanagar,Mustial,Claimant_FRA03415,CFR,4.58,Pending,2025-11-03,
FRA03416,Telangana,D018,Mulugu,Eturunagaram,Katapur,Claimant_FRA03416,IFR,1.93,Pending,2022-01-03,
FRA03417,Telangana,D001,Adilabad,Narnoor,Kothapalli,Claimant_FRA03417,IFR,1.53,Approved,2022-03-15,2023-06-11
FRA03418,Telangana,D013,Mahabubabad,Kuravi,Seerole,Claimant_FRA03418,IFR,2.89,Pending,2022-07-25,
FRA03419,Telangana,D026,Rangareddy,Shabad,Kesaram,Claimant_FRA03419,IFR,3.05,Pending,2024-11-05,
FRA03420,Telangana,D001,Adilabad,Utnoor,Devapur,Claimant_FRA03420,CFR,3.29,Approved,2025-07-11,2025-10-11
FRA03421,Telangana,D027,Sangareddy,Narayankhed,Kondapur,Claimant_FRA03421,IFR,6.57,Pending,2025-09-15,
FRA03422,Telangana,D023,Nizamabad,Armoor,Mendora,Claimant_FRA03422,IFR,4.72,Approved,2023-12-31,2025-09-18
FRA03423,Telangana,D013,Mahabubabad,Kuravi,Seerole,Claimant_FRA03423,CFR,5.5,Approved,2025-07-19,2025-12-11
FRA03424,Telangana,D006,Jangaon,Jangaon,Pasumamula,Claimant_FRA03424,IFR,7.14,Approved,2024-10-22,2026-02-05
FRA03425,Telangana,D011,Khammam,Wyra,Gollapadu,Claimant_FRA03425,IFR,6.8,Pending,2023-07-26,
FRA03426,Telangana,D003,Hanumakonda,Atmakur,Chowdapur,Claimant_FRA03426,CFR,3.09,Approved,2025-10-22,2026-02-11
FRA03427,Telangana,D002,Bhadradri Kothagudem,Manuguru,Anantharam,Claimant_FRA03427,IFR,7.32,Approved,2024-08-19,2026-07-23
FRA03428,Telangana,D006,Jangaon,Station Ghanpur,Chilpur,Claimant_FRA03428,IFR,6.2,Approved,2022-12-10,2026-06-27
FRA03429,Telangana,D013,Mahabubabad,Kuravi,Seerole,Claimant_FRA03429,CFR,5.42,Pending,2025-06-17,
FRA03430,Telangana,D005,Jagtial,Metpally,Vellulla,Claimant_FRA03430,IFR,2.91,Pending,2025-05-18,
FRA03431,Telangana,D002,Bhadradri Kothagudem,Manuguru,Anantharam,Claimant_FRA03431,CFR,2.0,Rejected,2024-02-07,2025-08-16
FRA03432,Telangana,D007,Jayashankar Bhupalpally,Regonda,Kannaram,Claimant_FRA03432,IFR,2.61,Pending,2023-09-09,
FRA03433,Telangana,D011,Khammam,Kothagudem,Seetharampuram,Claimant_FRA03433,CFR,6.95,Pending,2025-04-16,
FRA03434,Telangana,D033,Yadadri Bhuvanagiri,Bhongir,Anantharam,Claimant_FRA03434,IFR,1.86,Rejected,2021-10-12,2024-05-16
FRA03435,Telangana,D030,Vikarabad,Tandur,Kotbaspally,Claimant_FRA03435,IFR,4.68,Pending,2023-05-21,
FRA03436,Telangana,D018,Mulugu,Venkatapur,Narsapur,Claimant_FRA03436,IFR,4.79,Approved,2022-10-24,2026-08-13
FRA03437,Telangana,D001,Adilabad,Boath,Ghanpur,Claimant_FRA03437,IFR,1.06,Pending,2024-08-04,
FRA03438,Telangana,D003,Hanumakonda,Dharmanagar,Mustial,Claimant_FRA03438,IFR,6.27,Rejected,2024-01-09,2026-01-12
FRA03439,Telangana,D004,Hyderabad,Amberpet,Azampura,Claimant_FRA03439,IFR,2.54,Pending,2024-08-14,
FRA03440,Telangana,D002,Bhadradri Kothagudem,Bhadrachalam,Nellipaka,Claimant_FRA03440,CFR,5.5,Pending,2022-12-05,
FRA03441,Telangana,D001,Adilabad,Boath,Ghanpur,Claimant_FRA03441,CFR,7.67,Pending,2024-02-03,
FRA03442,Telangana,D019,Nagarkurnool,Amrabad,Mananur,Claimant_FRA03442,IFR,3.92,Approved,2025-01-03,2026-08-30
FRA03443,Telangana,D001,Adilabad,Narnoor,Kothapalli,Claimant_FRA03443,CFR,0.71,Approved,2021-12-02,2023-01-26
FRA03444,Telangana,D028,Siddipet,Husnabad,Pothireddypet,Claimant_FRA03444,IFR,1.11,Approved,2026-03-07,2026-07-31
FRA03445,Telangana,D020,Nalgonda,Devarakonda,Chinthapally,Claimant_FRA03445,IFR,7.66,Approved,2026-01-16,2026-03-28
FRA03446,Telangana,D011,Khammam,Kothagudem,Seetharampuram,Claimant_FRA03446,CFR,4.82,Pending,2021-12-29,
FRA03447,Telangana,D007,Jayashankar Bhupalpally,Chityal,Venkateshwarlapally,Claimant_FRA03447,IFR,2.83,Approved,2021-12-22,2023-08-24
FRA03448,Telangana,D002,Bhadradri Kothagudem,Kothagudem,Regalla,Claimant_FRA03448,CFR,0.57,Approved,2025-05-19,2025-09-17
FRA03449,Telangana,D002,Bhadradri Kothagudem,Kothagudem,Regalla,Claimant_FRA03449,IFR,5.7,Approved,2023-01-26,2023-09-06
FRA03450,Telangana,D028,Siddipet,Husnabad,Pothireddypet,Claimant_FRA03450,CFR,7.07,Pending,2025-09-07,
FRA03451,Telangana,D023,Nizamabad,Armoor,Mendora,Claimant_FRA03451,CFR,4.87,Approved,2024-11-29,2025-02-04
FRA03452,Telangana,D023,Nizamabad,Armoor,Mendora,Claimant_FRA03452,IFR,3.02,Approved,2024-02-23,2025-10-15
FRA03453,Telangana,D030,Vikarabad,Tandur,Kotbaspally,Claimant_FRA03453,CFR,1.37,Pending,2023-08-20,
FRA03454,Telangana,D018,Mulugu,Venkatapur,Narsapur,Claimant_FRA03454,IFR,4.44,Pending,2022-09-24,
FRA03455,Telangana,D011,Khammam,Kothagudem,Seetharampuram,Claimant_FRA03455,CFR,5.13,Rejected,2021-10-06,2021-12-25
FRA03456,Telangana,D028,Siddipet,Husnabad,Pothireddypet,Claimant_FRA03456,CFR,0.51,Rejected,2026-01-12,2026-04-29
FRA03457,Telangana,D020,Nalgonda,Devarakonda,Chinthapally,Claimant_FRA03457,CFR,7.99,Rejected,2025-04-12,2025-12-25
FRA03458,Telangana,D033,Yadadri Bhuvanagiri,Bhongir,Anantharam,Claimant_FRA03458,CFR,1.51,Approved,2023-05-18,2023-05-26
FRA03459,Telangana,D019,Nagarkurnool,Amrabad,Mananur,Claimant_FRA03459,IFR,7.81,Pending,2022-11-05,
FRA03460,Telangana,D013,Mahabubabad,Bayyaram,Garla,Claimant_FRA03460,IFR,3.26,Approved,2025-03-26,2025-11-19
FRA03461,Telangana,D019,Nagarkurnool,Amrabad,Mananur,Claimant_FRA03461,CFR,5.93,Approved,2021-10-17,2024-01-10
FRA03462,Telangana,D006,Jangaon,Jangaon,Pasumamula,Claimant_FRA03462,IFR,3.25,Approved,2023-09-30,2024-06-30
FRA03463,Telangana,D003,Hanumakonda,Atmakur,Chowdapur,Claimant_FRA03463,CFR,2.69,Pending,2023-09-10,
FRA03464,Telangana,D020,Nalgonda,Devarakonda,Chinthapally,Claimant_FRA03464,IFR,1.8,Rejected,2024-09-17,2025-09-12
FRA03465,Telangana,D011,Khammam,Wyra,Gollapadu,Claimant_FRA03465,IFR,2.69,Rejected,2023-06-23,2024-09-11
FRA03466,Telangana,D019,Nagarkurnool,Amrabad,Mananur,Claimant_FRA03466,CFR,1.14,Approved,2022-10-07,2024-03-12
FRA03467,Telangana,D023,Nizamabad,Armoor,Mendora,Claimant_FRA03467,CFR,4.43,Pending,2022-04-03,
FRA03468,Telangana,D013,Mahabubabad,Bayyaram,Garla,Claimant_FRA03468,CFR,1.66,Rejected,2026-02-14,2026-08-27
FRA03469,Telangana,D001,Adilabad,Narnoor,Kothapalli,Claimant_FRA03469,IFR,3.47,Pending,2026-08-30,
FRA03470,Telangana,D003,Hanumakonda,Dharmanagar,Mustial,Claimant_FRA03470,IFR,3.74,Pending,2021-10-25,
FRA03471,Telangana,D007,Jayashankar Bhupalpally,Regonda,Kannaram,Claimant_FRA03471,CFR,5.12,Pending,2022-09-13,
FRA03472,Telangana,D002,Bhadradri Kothagudem,Manuguru,Anantharam,Claimant_FRA03472,CFR,6.21,Pending,2023-12-17,
FRA03473,Telangana,D020,Nalgonda,Devarakonda,Chinthapally,Claimant_FRA03473,CFR,0.79,Pending,2025-06-19,
FRA03474,Telangana,D023,Nizamabad,Armoor,Mendora,Claimant_FRA03474,CFR,4.87,Approved,2025-06-29,2026-09-13
FRA03475,Telangana,D033,Yadadri Bhuvanagiri,Bhongir,Anantharam,Claimant_FRA03475,CFR,7.59,Approved,2024-10-15,2026-02-08
FRA03476,Telangana,D004,Hyderabad,Charminar,Chandrayangutta,Claimant_FRA03476,IFR,2.57,Approved,2026-03-14,2026-04-07
FRA03477,Telangana,D002,Bhadradri Kothagudem,Kothagudem,Regalla,Claimant_FRA03477,CFR,5.54,Approved,2024-07-02,2025-07-10
FRA03478,Telangana,D007,Jayashankar Bhupalpally,Regonda,Kannaram,Claimant_FRA03478,CFR,2.85,Approved,2026-01-19,2026-03-02
FRA03479,Telangana,D018,Mulugu,Venkatapur,Narsapur,Claimant_FRA03479,IFR,0.74,Approved,2022-02-04,2022-08-14
FRA03480,Telangana,D018,Mulugu,Venkatapur,Narsapur,Claimant_FRA03480,CFR,6.39,Approved,2021-11-22,2022-06-17
FRA03481,Telangana,D001,Adilabad,Boath,Ghanpur,Claimant_FRA03481,CFR,7.33,Pending,2026-09-13,
FRA03482,Telangana,D004,Hyderabad,Amberpet,Azampura,Claimant_FRA03482,IFR,1.38,Pending,2025-07-26,
FRA03483,Telangana,D006,Jangaon,Jangaon,Pasumamula,Claimant_FRA03483,CFR,6.48,Approved,2024-08-13,2024-12-05
FRA03484,Telangana,D007,Jayashankar Bhupalpally,Chityal,Venkateshwarlapally,Claimant_FRA03484,CFR,0.63,Approved,2021-10-03,2022-02-07
FRA03485,Telangana,D005,Jagtial,Metpally,Vellulla,Claimant_FRA03485,IFR,7.22,Approved,2024-03-25,2024-05-23
FRA03486,Telangana,D002,Bhadradri Kothagudem,Bhadrachalam,Nellipaka,Claimant_FRA03486,IFR,3.94,Approved,2022-10-22,2024-12-30
FRA03487,Telangana,D007,Jayashankar Bhupalpally,Regonda,Kannaram,Claimant_FRA03487,IFR,4.02,Pending,2022-02-24,
FRA03488,Telangana,D001,Adilabad,Narnoor,Kothapalli,Claimant_FRA03488,IFR,0.54,Approved,2025-05-05,2025-08-31
FRA03489,Telangana,D003,Hanumakonda,Atmakur,Chowdapur,Claimant_FRA03489,CFR,1.72,Pending,2024-07-31,
FRA03490,Telangana,D001,Adilabad,Utnoor,Devapur,Claimant_FRA03490,IFR,6.85,Pending,2025-10-13,
FRA03491,Telangana,D006,Jangaon,Jangaon,Pasumamula,Claimant_FRA03491,IFR,4.4,Approved,2024-09-23,2026-02-01
FRA03492,Telangana,D013,Mahabubabad,Bayyaram,Garla,Claimant_FRA03492,IFR,1.74,Pending,2021-12-17,
FRA03493,Telangana,D002,Bhadradri Kothagudem,Bhadrachalam,Nellipaka,Claimant_FRA03493,CFR,3.36,Approved,2023-03-28,2025-04-19
FRA03494,Telangana,D028,Siddipet,Husnabad,Pothireddypet,Claimant_FRA03494,IFR,1.23,Pending,2023-08-02,
FRA03495,Telangana,D004,Hyderabad,Amberpet,Azampura,Claimant_FRA03495,CFR,3.1,Approved,2022-03-30,2026-06-14
FRA03496,Telangana,D003,Hanumakonda,Atmakur,Chowdapur,Claimant_FRA03496,IFR,6.0,Approved,2021-11-23,2024-01-03
FRA03497,Telangana,D013,Mahabubabad,Kuravi,Seerole,Claimant_FRA03497,IFR,1.55,Approved,2022-02-08,2025-10-11
FRA03498,Telangana,D003,Hanumakonda,Dharmanagar,Mustial,Claimant_FRA03498,CFR,3.59,Approved,2021-11-02,2023-07-03
FRA03499,Telangana,D003,Hanumakonda,Atmakur,Chowdapur,Claimant_FRA03499,CFR,1.56,Pending,2025-08-30,
FRA03500,Telangana,D013,Mahabubabad,Bayyaram,Garla,Claimant_FRA03500,CFR,1.56,Rejected,2023-11-25,2025-02-23
FRA03501,Telangana,D007,Jayashankar Bhupalpally,Chityal,Venkateshwarlapally,Claimant_FRA03501,CFR,5.66,Pending,2024-11-28,
FRA03502,Telangana,D003,Hanumakonda,Dharmanagar,Mustial,Claimant_FRA03502,CFR,6.53,Pending,2023-10-28,
FRA03503,Telangana,D002,Bhadradri Kothagudem,Kothagudem,Regalla,Claimant_FRA03503,CFR,2.91,Pending,2024-08-09,
FRA03504,Telangana,D002,Bhadradri Kothagudem,Bhadrachalam,Nellipaka,Claimant_FRA03504,CFR,1.73,Pending,2021-11-24,
FRA03505,Telangana,D007,Jayashankar Bhupalpally,Chityal,Venkateshwarlapally,Claimant_FRA03505,IFR,6.42,Approved,2021-11-17,2023-08-31
FRA03506,Telangana,D005,Jagtial,Korutla,Ailapur,Claimant_FRA03506,CFR,1.75,Pending,2022-12-26,
FRA03507,Telangana,D033,Yadadri Bhuvanagiri,Bhongir,Anantharam,Claimant_FRA03507,IFR,6.18,Rejected,2024-09-14,2025-03-17
FRA03508,Telangana,D023,Nizamabad,Armoor,Mendora,Claimant_FRA03508,IFR,7.29,Pending,2024-05-31,
FRA03509,Telangana,D007,Jayashankar Bhupalpally,Chityal,Venkateshwarlapally,Claimant_FRA03509,CFR,4.08,Approved,2024-03-22,2026-07-31
FRA03510,Telangana,D013,Mahabubabad,Bayyaram,Garla,Claimant_FRA03510,IFR,1.43,Rejected,2024-07-09,2024-10-30
FRA03511,Telangana,D030,Vikarabad,Tandur,Kotbaspally,Claimant_FRA03511,CFR,1.55,Rejected,2023-11-24,2025-10-31
FRA03512,Telangana,D030,Vikarabad,Tandur,Kotbaspally,Claimant_FRA03512,IFR,4.12,Pending,2024-09-22,
FRA03513,Telangana,D001,Adilabad,Utnoor,Devapur,Claimant_FRA03513,CFR,4.59,Approved,2022-11-29,2023-10-06
FRA03514,Telangana,D002,Bhadradri Kothagudem,Kothagudem,Regalla,Claimant_FRA03514,CFR,2.39,Pending,2024-01-21,
FRA03515,Telangana,D007,Jayashankar Bhupalpally,Regonda,Kannaram,Claimant_FRA03515,IFR,7.42,Approved,2024-10-04,2026-07-20
FRA03516,Telangana,D030,Vikarabad,Tandur,Kotbaspally,Claimant_FRA03516,IFR,1.07,Approved,2022-08-23,2026-07-03
FRA03517,Telangana,D023,Nizamabad,Armoor,Mendora,Claimant_FRA03517,CFR,7.03,Approved,2026-05-28,2026-09-12
FRA03518,Telangana,D001,Adilabad,Utnoor,Devapur,Claimant_FRA03518,CFR,5.63,Approved,2023-04-10,2023-05-09
FRA03519,Telangana,D002,Bhadradri Kothagudem,Kothagudem,Regalla,Claimant_FRA03519,IFR,4.34,Approved,2022-12-07,2025-07-22
FRA03520,Telangana,D030,Vikarabad,Tandur,Kotbaspally,Claimant_FRA03520,CFR,2.19,Approved,2022-12-11,2024-04-23
FRA03521,Telangana,D002,Bhadradri Kothagudem,Kothagudem,Regalla,Claimant_FRA03521,CFR,6.43,Rejected,2025-05-29,2026-05-09
FRA03522,Telangana,D004,Hyderabad,Amberpet,Azampura,Claimant_FRA03522,IFR,5.92,Approved,2022-11-14,2025-06-28
FRA03523,Telangana,D007,Jayashankar Bhupalpally,Chityal,Venkateshwarlapally,Claimant_FRA03523,CFR,5.48,Approved,2021-11-17,2026-09-15
FRA03524,Telangana,D003,Hanumakonda,Dharmanagar,Mustial,Claimant_FRA03524,CFR,3.85,Approved,2022-04-23,2023-05-20
FRA03525,Telangana,D007,Jayashankar Bhupalpally,Chityal,Venkateshwarlapally,Claimant_FRA03525,IFR,6.87,Approved,2026-01-21,2026-04-27
FRA03526,Telangana,D004,Hyderabad,Charminar,Chandrayangutta,Claimant_FRA03526,CFR,6.52,Pending,2024-07-05,
FRA03527,Telangana,D023,Nizamabad,Armoor,Mendora,Claimant_FRA03527,CFR,3.55,Pending,2021-11-10,
FRA03528,Telangana,D007,Jayashankar Bhupalpally,Chityal,Venkateshwarlapally,Claimant_FRA03528,CFR,7.45,Pending,2022-05-23,
FRA03529,Telangana,D007,Jayashankar Bhupalpally,Regonda,Kannaram,Claimant_FRA03529,IFR,2.57,Pending,2023-01-24,
FRA03530,Telangana,D007,Jayashankar Bhupalpally,Regonda,Kannaram,Claimant_FRA03530,CFR,6.95,Pending,2024-03-22,
FRA03531,Telangana,D026,Rangareddy,Shabad,Kesaram,Claimant_FRA03531,CFR,2.16,Approved,2026-06-25,2026-08-24
FRA03532,Telangana,D002,Bhadradri Kothagudem,Kothagudem,Regalla,Claimant_FRA03532,CFR,4.66,Approved,2024-08-02,2026-06-18
FRA03533,Telangana,D003,Hanumakonda,Atmakur,Chowdapur,Claimant_FRA03533,CFR,6.08,Approved,2022-09-20,2024-11-16
FRA03534,Telangana,D019,Nagarkurnool,Amrabad,Mananur,Claimant_FRA03534,CFR,4.05,Approved,2023-02-06,2025-12-26
FRA03535,Telangana,D020,Nalgonda,Devarakonda,Chinthapally,Claimant_FRA03535,IFR,6.96,Rejected,2023-09-16,2025-12-20
FRA03536,Telangana,D005,Jagtial,Metpally,Vellulla,Claimant_FRA03536,CFR,6.53,Pending,2024-12-28,
FRA03537,Telangana,D005,Jagtial,Korutla,Ailapur,Claimant_FRA03537,IFR,1.44,Rejected,2023-10-15,2024-05-20
FRA03538,Telangana,D007,Jayashankar Bhupalpally,Chityal,Venkateshwarlapally,Claimant_FRA03538,IFR,4.85,Pending,2022-02-17,
FRA03539,Telangana,D033,Yadadri Bhuvanagiri,Bhongir,Anantharam,Claimant_FRA03539,CFR,2.82,Pending,2022-10-01,
FRA03540,Telangana,D001,Adilabad,Narnoor,Kothapalli,Claimant_FRA03540,IFR,2.02,Pending,2025-04-09,
FRA03541,Telangana,D007,Jayashankar Bhupalpally,Regonda,Kannaram,Claimant_FRA03541,IFR,5.92,Approved,2026-08-30,2026-09-05
FRA03542,Telangana,D013,Mahabubabad,Bayyaram,Garla,Claimant_FRA03542,IFR,7.8,Rejected,2023-02-02,2023-03-20
FRA03543,Telangana,D005,Jagtial,Korutla,Ailapur,Claimant_FRA03543,IFR,4.89,Pending,2026-06-06,
FRA03544,Telangana,D005,Jagtial,Metpally,Vellulla,Claimant_FRA03544,IFR,3.66,Approved,2024-10-03,2024-10-19
FRA03545,Telangana,D006,Jangaon,Station Ghanpur,Chilpur,Claimant_FRA03545,IFR,5.68,Rejected,2023-09-13,2024-01-05
FRA03546,Telangana,D011,Khammam,Kothagudem,Seetharampuram,Claimant_FRA03546,CFR,5.43,Pending,2025-12-06,
FRA03547,Telangana,D004,Hyderabad,Charminar,Chandrayangutta,Claimant_FRA03547,IFR,4.53,Pending,2026-03-07,
FRA03548,Telangana,D004,Hyderabad,Charminar,Chandrayangutta,Claimant_FRA03548,CFR,1.36,Approved,2022-03-15,2026-02-06
FRA03549,Telangana,D004,Hyderabad,Charminar,Chandrayangutta,Claimant_FRA03549,CFR,6.48,Approved,2023-10-30,2025-01-09
FRA03550,Telangana,D026,Rangareddy,Shabad,Kesaram,Claimant_FRA03550,IFR,6.73,Approved,2026-01-27,2026-06-06
FRA03551,Telangana,D026,Rangareddy,Shabad,Kesaram,Claimant_FRA03551,IFR,0.95,Approved,2023-07-18,2024-02-20
FRA03552,Telangana,D020,Nalgonda,Devarakonda,Chinthapally,Claimant_FRA03552,IFR,5.46,Approved,2024-09-06,2024-12-03
FRA03553,Telangana,D001,Adilabad,Boath,Ghanpur,Claimant_FRA03553,CFR,0.94,Approved,2023-10-18,2025-06-18
FRA03554,Telangana,D001,Adilabad,Narnoor,Kothapalli,Claimant_FRA03554,IFR,4.13,Approved,2025-11-15,2026-09-17
FRA03555,Telangana,D028,Siddipet,Husnabad,Pothireddypet,Claimant_FRA03555,IFR,2.37,Approved,2022-11-25,2026-04-17
FRA03556,Telangana,D013,Mahabubabad,Bayyaram,Garla,Claimant_FRA03556,CFR,1.52,Approved,2022-05-19,2025-04-15
FRA03557,Telangana,D011,Khammam,Wyra,Gollapadu,Claimant_FRA03557,CFR,3.73,Pending,2024-05-27,
FRA03558,Telangana,D020,Nalgonda,Devarakonda,Chinthapally,Claimant_FRA03558,IFR,7.09,Approved,2023-12-19,2024-11-14
FRA03559,Telangana,D002,Bhadradri Kothagudem,Bhadrachalam,Nellipaka,Claimant_FRA03559,CFR,6.99,Pending,2021-12-15,
FRA03560,Telangana,D018,Mulugu,Venkatapur,Narsapur,Claimant_FRA03560,IFR,2.28,Pending,2025-03-26,
FRA03561,Telangana,D005,Jagtial,Metpally,Vellulla,Claimant_FRA03561,CFR,6.33,Approved,2024-09-05,2026-07-18
FRA03562,Telangana,D005,Jagtial,Metpally,Vellulla,Claimant_FRA03562,IFR,5.74,Approved,2024-04-13,2025-04-24
FRA03563,Telangana,D018,Mulugu,Venkatapur,Narsapur,Claimant_FRA03563,IFR,5.56,Approved,2022-05-03,2025-09-17
FRA03564,Telangana,D027,Sangareddy,Narayankhed,Kondapur,Claimant_FRA03564,CFR,2.88,Rejected,2022-05-14,2026-08-23
FRA03565,Telangana,D001,Adilabad,Utnoor,Devapur,Claimant_FRA03565,CFR,1.47,Approved,2026-09-12,2026-09-16
FRA03566,Telangana,D001,Adilabad,Boath,Ghanpur,Claimant_FRA03566,IFR,6.94,Approved,2024-07-11,2025-07-06
FRA03567,Telangana,D011,Khammam,Wyra,Gollapadu,Claimant_FRA03567,IFR,1.11,Pending,2026-07-05,
FRA03568,Telangana,D013,Mahabubabad,Bayyaram,Garla,Claimant_FRA03568,IFR,5.72,Approved,2022-02-02,2023-06-11
FRA03569,Telangana,D005,Jagtial,Metpally,Vellulla,Claimant_FRA03569,CFR,2.93,Rejected,2025-05-13,2025-07-24
FRA03570,Telangana,D004,Hyderabad,Charminar,Chandrayangutta,Claimant_FRA03570,CFR,4.88,Approved,2024-06-09,2026-04-26
FRA03571,Telangana,D019,Nagarkurnool,Amrabad,Mananur,Claimant_FRA03571,CFR,6.41,Pending,2024-06-03,
FRA03572,Telangana,D030,Vikarabad,Tandur,Kotbaspally,Claimant_FRA03572,IFR,3.5,Approved,2026-02-04,2026-03-19
FRA03573,Telangana,D006,Jangaon,Station Ghanpur,Chilpur,Claimant_FRA03573,CFR,7.43,Pending,2023-11-28,
FRA03574,Telangana,D013,Mahabubabad,Bayyaram,Garla,Claimant_FRA03574,IFR,5.78,Approved,2024-08-13,2025-01-16
FRA03575,Telangana,D019,Nagarkurnool,Amrabad,Mananur,Claimant_FRA03575,IFR,1.65,Approved,2023-01-06,2026-02-18
FRA03576,Telangana,D028,Siddipet,Husnabad,Pothireddypet,Claimant_FRA03576,IFR,3.26,Approved,2025-01-03,2026-05-24
FRA03577,Telangana,D002,Bhadradri Kothagudem,Kothagudem,Regalla,Claimant_FRA03577,CFR,1.54,Approved,2023-09-22,2023-10-03
FRA03578,Telangana,D023,Nizamabad,Armoor,Mendora,Claimant_FRA03578,IFR,4.85,Pending,2025-06-06,
FRA03579,Telangana,D020,Nalgonda,Devarakonda,Chinthapally,Claimant_FRA03579,IFR,4.12,Approved,2023-12-10,2025-08-20
FRA03580,Telangana,D013,Mahabubabad,Kuravi,Seerole,Claimant_FRA03580,IFR,4.16,Pending,2024-06-25,
FRA03581,Telangana,D023,Nizamabad,Armoor,Mendora,Claimant_FRA03581,CFR,4.81,Rejected,2025-02-21,2026-08-06
FRA03582,Telangana,D011,Khammam,Wyra,Gollapadu,Claimant_FRA03582,CFR,1.86,Approved,2025-03-13,2025-08-17
FRA03583,Telangana,D006,Jangaon,Jangaon,Pasumamula,Claimant_FRA03583,CFR,6.56,Rejected,2025-06-30,2025-10-01
FRA03584,Telangana,D013,Mahabubabad,Bayyaram,Garla,Claimant_FRA03584,CFR,0.62,Pending,2024-09-27,
FRA03585,Telangana,D001,Adilabad,Narnoor,Kothapalli,Claimant_FRA03585,IFR,3.16,Approved,2024-08-12,2025-11-15
FRA03586,Telangana,D006,Jangaon,Jangaon,Pasumamula,Claimant_FRA03586,CFR,6.84,Approved,2025-08-07,2026-03-16
FRA03587,Telangana,D004,Hyderabad,Charminar,Chandrayangutta,Claimant_FRA03587,CFR,4.08,Pending,2024-12-12,
FRA03588,Telangana,D003,Hanumakonda,Dharmanagar,Mustial,Claimant_FRA03588,CFR,4.75,Rejected,2025-09-19,2026-05-31
FRA03589,Telangana,D013,Mahabubabad,Bayyaram,Garla,Claimant_FRA03589,IFR,1.39,Pending,2025-12-26,
FRA03590,Telangana,D001,Adilabad,Boath,Ghanpur,Claimant_FRA03590,CFR,7.22,Approved,2024-03-31,2025-08-24
FRA03591,Telangana,D003,Hanumakonda,Dharmanagar,Mustial,Claimant_FRA03591,IFR,1.96,Approved,2023-07-13,2024-03-27
FRA03592,Telangana,D032,Warangal,Narsampet,Madhira,Claimant_FRA03592,CFR,1.77,Pending,2025-10-29,
FRA03593,Telangana,D028,Siddipet,Husnabad,Pothireddypet,Claimant_FRA03593,IFR,3.61,Pending,2026-04-24,
FRA03594,Telangana,D006,Jangaon,Station Ghanpur,Chilpur,Claimant_FRA03594,CFR,7.88,Rejected,2024-03-27,2026-09-11
FRA03595,Telangana,D007,Jayashankar Bhupalpally,Regonda,Kannaram,Claimant_FRA03595,IFR,6.58,Pending,2022-03-21,
FRA03596,Telangana,D028,Siddipet,Husnabad,Pothireddypet,Claimant_FRA03596,CFR,4.26,Rejected,2021-10-31,2026-07-02
FRA03597,Telangana,D013,Mahabubabad,Kuravi,Seerole,Claimant_FRA03597,CFR,4.98,Pending,2022-09-15,
FRA03598,Telangana,D001,Adilabad,Utnoor,Devapur,Claimant_FRA03598,CFR,2.09,Approved,2024-05-11,2024-11-27
FRA03599,Telangana,D027,Sangareddy,Narayankhed,Kondapur,Claimant_FRA03599,CFR,6.34,Approved,2023-10-10,2025-10-18
FRA03600,Telangana,D002,Bhadradri Kothagudem,Kothagudem,Regalla,Claimant_FRA03600,CFR,1.64,Rejected,2024-05-26,2026-06-11
FRA03601,Telangana,D005,Jagtial,Metpally,Vellulla,Claimant_FRA03601,CFR,0.68,Approved,2024-01-08,2025-08-05
FRA03602,Telangana,D006,Jangaon,Jangaon,Pasumamula,Claimant_FRA03602,IFR,2.62,Pending,2023-01-27,
FRA03603,Telangana,D018,Mulugu,Venkatapur,Narsapur,Claimant_FRA03603,IFR,2.4,Pending,2024-03-05,
FRA03604,Telangana,D006,Jangaon,Jangaon,Pasumamula,Claimant_FRA03604,IFR,2.34,Rejected,2022-02-05,2026-02-28
FRA03605,Telangana,D030,Vikarabad,Tandur,Kotbaspally,Claimant_FRA03605,IFR,1.13,Approved,2024-11-14,2025-06-13
FRA03606,Telangana,D003,Hanumakonda,Dharmanagar,Mustial,Claimant_FRA03606,CFR,4.68,Pending,2026-09-14,
FRA03607,Telangana,D023,Nizamabad,Armoor,Mendora,Claimant_FRA03607,IFR,5.78,Pending,2022-08-19,
FRA03608,Telangana,D020,Nalgonda,Devarakonda,Chinthapally,Claimant_FRA03608,IFR,4.04,Approved,2024-07-07,2026-01-17
FRA03609,Telangana,D023,Nizamabad,Armoor,Mendora,Claimant_FRA03609,CFR,3.22,Pending,2026-02-09,
FRA03610,Telangana,D019,Nagarkurnool,Amrabad,Mananur,Claimant_FRA03610,CFR,5.73,Rejected,2023-01-17,2026-02-07
FRA03611,Telangana,D013,Mahabubabad,Bayyaram,Garla,Claimant_FRA03611,CFR,3.43,Pending,2023-01-02,
FRA03612,Telangana,D011,Khammam,Wyra,Gollapadu,Claimant_FRA03612,CFR,6.46,Approved,2024-01-29,2024-12-09
FRA03613,Telangana,D006,Jangaon,Jangaon,Pasumamula,Claimant_FRA03613,IFR,1.3,Approved,2024-06-03,2024-11-02
FRA03614,Telangana,D011,Khammam,Wyra,Gollapadu,Claimant_FRA03614,CFR,4.6,Rejected,2021-12-29,2025-11-23
FRA03615,Telangana,D004,Hyderabad,Amberpet,Azampura,Claimant_FRA03615,CFR,5.02,Approved,2024-08-09,2026-06-12
FRA03616,Telangana,D011,Khammam,Kothagudem,Seetharampuram,Claimant_FRA03616,IFR,5.63,Pending,2022-05-30,
FRA03617,Telangana,D004,Hyderabad,Charminar,Chandrayangutta,Claimant_FRA03617,CFR,6.62,Approved,2024-02-14,2026-09-01
FRA03618,Telangana,D007,Jayashankar Bhupalpally,Regonda,Kannaram,Claimant_FRA03618,CFR,7.51,Pending,2025-01-28,
FRA03619,Telangana,D001,Adilabad,Narnoor,Kothapalli,Claimant_FRA03619,IFR,4.27,Approved,2025-01-14,2025-01-16
FRA03620,Telangana,D033,Yadadri Bhuvanagiri,Bhongir,Anantharam,Claimant_FRA03620,CFR,5.99,Rejected,2026-06-28,2026-07-30
FRA03621,Telangana,D032,Warangal,Narsampet,Madhira,Claimant_FRA03621,IFR,5.77,Approved,2022-05-24,2026-09-04
FRA03622,Telangana,D004,Hyderabad,Charminar,Chandrayangutta,Claimant_FRA03622,IFR,6.71,Approved,2025-03-27,2025-05-26
FRA03623,Telangana,D002,Bhadradri Kothagudem,Kothagudem,Regalla,Claimant_FRA03623,CFR,1.18,Approved,2026-06-03,2026-08-31
FRA03624,Telangana,D020,Nalgonda,Devarakonda,Chinthapally,Claimant_FRA03624,CFR,1.03,Pending,2026-01-01,
FRA03625,Telangana,D007,Jayashankar Bhupalpally,Chityal,Venkateshwarlapally,Claimant_FRA03625,CFR,3.21,Approved,2026-01-18,2026-01-22
FRA03626,Telangana,D002,Bhadradri Kothagudem,Kothagudem,Regalla,Claimant_FRA03626,IFR,1.23,Pending,2025-03-01,
FRA03627,Telangana,D006,Jangaon,Station Ghanpur,Chilpur,Claimant_FRA03627,IFR,0.62,Approved,2023-05-08,2026-02-19
FRA03628,Telangana,D028,Siddipet,Husnabad,Pothireddypet,Claimant_FRA03628,IFR,7.98,Pending,2024-12-26,
FRA03629,Telangana,D004,Hyderabad,Amberpet,Azampura,Claimant_FRA03629,IFR,4.09,Approved,2023-11-10,2026-02-08
FRA03630,Telangana,D033,Yadadri Bhuvanagiri,Bhongir,Anantharam,Claimant_FRA03630,IFR,3.83,Rejected,2021-11-09,2022-11-03
FRA03631,Telangana,D002,Bhadradri Kothagudem,Bhadrachalam,Nellipaka,Claimant_FRA03631,CFR,6.03,Approved,2024-05-21,2025-02-07
FRA03632,Telangana,D005,Jagtial,Metpally,Vellulla,Claimant_FRA03632,IFR,7.96,Rejected,2022-05-22,2025-12-08
FRA03633,Telangana,D013,Mahabubabad,Bayyaram,Garla,Claimant_FRA03633,CFR,2.71,Pending,2021-10-26,
FRA03634,Telangana,D007,Jayashankar Bhupalpally,Regonda,Kannaram,Claimant_FRA03634,CFR,2.55,Approved,2022-12-08,2024-11-05
FRA03635,Telangana,D002,Bhadradri Kothagudem,Bhadrachalam,Nellipaka,Claimant_FRA03635,CFR,7.99,Pending,2022-02-05,
FRA03636,Telangana,D033,Yadadri Bhuvanagiri,Bhongir,Anantharam,Claimant_FRA03636,IFR,4.06,Rejected,2023-09-18,2025-01-01
FRA03637,Telangana,D005,Jagtial,Korutla,Ailapur,Claimant_FRA03637,CFR,3.71,Approved,2025-03-24,2025-11-26
FRA03638,Telangana,D013,Mahabubabad,Bayyaram,Garla,Claimant_FRA03638,CFR,1.14,Approved,2023-07-10,2025-05-20
FRA03639,Telangana,D011,Khammam,Wyra,Gollapadu,Claimant_FRA03639,CFR,6.76,Approved,2022-10-23,2023-04-08
FRA03640,Telangana,D033,Yadadri Bhuvanagiri,Bhongir,Anantharam,Claimant_FRA03640,IFR,7.48,Rejected,2023-02-05,2024-08-03
FRA03641,Telangana,D005,Jagtial,Metpally,Vellulla,Claimant_FRA03641,IFR,4.97,Approved,2022-11-25,2024-11-23
FRA03642,Telangana,D026,Rangareddy,Shabad,Kesaram,Claimant_FRA03642,CFR,6.71,Approved,2023-07-07,2024-05-14
FRA03643,Telangana,D020,Nalgonda,Devarakonda,Chinthapally,Claimant_FRA03643,CFR,3.53,Approved,2024-07-18,2024-10-05
FRA03644,Telangana,D002,Bhadradri Kothagudem,Bhadrachalam,Nellipaka,Claimant_FRA03644,IFR,1.51,Approved,2024-03-01,2024-06-21
FRA03645,Telangana,D019,Nagarkurnool,Amrabad,Mananur,Claimant_FRA03645,IFR,7.51,Rejected,2021-12-06,2023-01-20
FRA03646,Telangana,D004,Hyderabad,Charminar,Chandrayangutta,Claimant_FRA03646,IFR,5.56,Rejected,2023-01-18,2023-05-31
FRA03647,Telangana,D002,Bhadradri Kothagudem,Bhadrachalam,Nellipaka,Claimant_FRA03647,CFR,3.49,Rejected,2023-01-23,2026-03-05
FRA03648,Telangana,D018,Mulugu,Venkatapur,Narsapur,Claimant_FRA03648,IFR,6.4,Approved,2026-08-27,2026-09-16
FRA03649,Telangana,D018,Mulugu,Venkatapur,Narsapur,Claimant_FRA03649,CFR,6.5,Approved,2022-11-21,2023-02-13
FRA03650,Telangana,D007,Jayashankar Bhupalpally,Chityal,Venkateshwarlapally,Claimant_FRA03650,IFR,6.56,Approved,2021-12-07,2022-11-20
FRA03651,Telangana,D005,Jagtial,Metpally,Vellulla,Claimant_FRA03651,CFR,4.47,Pending,2024-10-21,
FRA03652,Telangana,D002,Bhadradri Kothagudem,Kothagudem,Regalla,Claimant_FRA03652,CFR,3.99,Pending,2024-01-04,
FRA03653,Telangana,D003,Hanumakonda,Dharmanagar,Mustial,Claimant_FRA03653,IFR,5.13,Approved,2024-12-03,2026-06-28
FRA03654,Telangana,D027,Sangareddy,Narayankhed,Kondapur,Claimant_FRA03654,IFR,2.75,Rejected,2025-06-16,2026-09-18
FRA03655,Telangana,D018,Mulugu,Venkatapur,Narsapur,Claimant_FRA03655,IFR,1.46,Pending,2025-12-16,
FRA03656,Telangana,D023,Nizamabad,Armoor,Mendora,Claimant_FRA03656,IFR,2.01,Rejected,2024-12-01,2025-03-17
FRA03657,Telangana,D002,Bhadradri Kothagudem,Kothagudem,Regalla,Claimant_FRA03657,CFR,3.56,Pending,2025-12-04,
FRA03658,Telangana,D019,Nagarkurnool,Amrabad,Mananur,Claimant_FRA03658,CFR,7.51,Pending,2022-07-21,
FRA03659,Telangana,D020,Nalgonda,Devarakonda,Chinthapally,Claimant_FRA03659,IFR,2.35,Rejected,2022-06-24,2026-04-01
FRA03660,Telangana,D004,Hyderabad,Amberpet,Azampura,Claimant_FRA03660,IFR,4.83,Approved,2024-10-02,2025-03-14
FRA03661,Telangana,D004,Hyderabad,Amberpet,Azampura,Claimant_FRA03661,IFR,4.28,Pending,2022-10-29,
FRA03662,Telangana,D003,Hanumakonda,Atmakur,Chowdapur,Claimant_FRA03662,IFR,4.23,Rejected,2026-05-14,2026-07-30
FRA03663,Telangana,D011,Khammam,Kothagudem,Seetharampuram,Claimant_FRA03663,CFR,1.27,Approved,2026-08-30,2026-08-31
FRA03664,Telangana,D027,Sangareddy,Narayankhed,Kondapur,Claimant_FRA03664,CFR,3.62,Approved,2025-04-10,2026-02-23
FRA03665,Telangana,D002,Bhadradri Kothagudem,Manuguru,Anantharam,Claimant_FRA03665,IFR,3.83,Pending,2021-11-22,
FRA03666,Telangana,D026,Rangareddy,Shabad,Kesaram,Claimant_FRA03666,CFR,3.16,Pending,2021-10-08,
FRA03667,Telangana,D020,Nalgonda,Devarakonda,Chinthapally,Claimant_FRA03667,CFR,3.67,Approved,2025-10-11,2025-12-27
FRA03668,Telangana,D005,Jagtial,Korutla,Ailapur,Claimant_FRA03668,CFR,3.24,Approved,2024-06-12,2026-02-10
FRA03669,Telangana,D027,Sangareddy,Narayankhed,Kondapur,Claimant_FRA03669,IFR,0.87,Approved,2026-03-13,2026-08-18
FRA03670,Telangana,D023,Nizamabad,Armoor,Mendora,Claimant_FRA03670,CFR,2.92,Pending,2024-12-30,
FRA03671,Telangana,D003,Hanumakonda,Atmakur,Chowdapur,Claimant_FRA03671,IFR,5.84,Approved,2023-03-23,2024-03-27
FRA03672,Telangana,D002,Bhadradri Kothagudem,Bhadrachalam,Nellipaka,Claimant_FRA03672,IFR,3.87,Approved,2026-07-19,2026-08-26
FRA03673,Telangana,D028,Siddipet,Husnabad,Pothireddypet,Claimant_FRA03673,CFR,2.0,Pending,2025-12-24,
FRA03674,Telangana,D018,Mulugu,Venkatapur,Narsapur,Claimant_FRA03674,IFR,3.93,Approved,2025-03-24,2026-02-19
FRA03675,Telangana,D004,Hyderabad,Charminar,Chandrayangutta,Claimant_FRA03675,IFR,2.33,Pending,2023-02-13,
FRA03676,Telangana,D002,Bhadradri Kothagudem,Bhadrachalam,Nellipaka,Claimant_FRA03676,IFR,4.17,Rejected,2022-01-06,2026-01-03
FRA03677,Telangana,D011,Khammam,Wyra,Gollapadu,Claimant_FRA03677,IFR,2.32,Pending,2024-08-30,
FRA03678,Telangana,D030,Vikarabad,Tandur,Kotbaspally,Claimant_FRA03678,CFR,7.96,Approved,2022-09-30,2024-12-08
FRA03679,Telangana,D018,Mulugu,Venkatapur,Narsapur,Claimant_FRA03679,CFR,4.88,Pending,2025-02-22,
FRA03680,Telangana,D026,Rangareddy,Shabad,Kesaram,Claimant_FRA03680,CFR,5.57,Approved,2023-11-29,2024-04-26
FRA03681,Telangana,D001,Adilabad,Boath,Ghanpur,Claimant_FRA03681,IFR,6.27,Pending,2024-02-13,
FRA03682,Telangana,D032,Warangal,Narsampet,Madhira,Claimant_FRA03682,IFR,5.7,Approved,2024-11-14,2025-06-06
FRA03683,Telangana,D023,Nizamabad,Armoor,Mendora,Claimant_FRA03683,CFR,2.07,Approved,2025-06-12,2026-01-12
FRA03684,Telangana,D002,Bhadradri Kothagudem,Manuguru,Anantharam,Claimant_FRA03684,CFR,2.45,Approved,2025-11-09,2025-11-30
FRA03685,Telangana,D030,Vikarabad,Tandur,Kotbaspally,Claimant_FRA03685,IFR,3.12,Approved,2024-02-07,2025-12-02
FRA03686,Telangana,D001,Adilabad,Boath,Ghanpur,Claimant_FRA03686,CFR,7.62,Pending,2026-06-08,
FRA03687,Telangana,D011,Khammam,Kothagudem,Seetharampuram,Claimant_FRA03687,CFR,1.08,Approved,2024-06-06,2026-01-26
FRA03688,Telangana,D019,Nagarkurnool,Amrabad,Mananur,Claimant_FRA03688,IFR,6.75,Approved,2023-09-10,2024-04-03
FRA03689,Telangana,D026,Rangareddy,Shabad,Kesaram,Claimant_FRA03689,IFR,2.1,Approved,2026-04-21,2026-09-10
FRA03690,Telangana,D004,Hyderabad,Amberpet,Azampura,Claimant_FRA03690,IFR,0.69,Approved,2022-03-08,2023-07-08
FRA03691,Telangana,D011,Khammam,Wyra,Gollapadu,Claimant_FRA03691,IFR,6.54,Rejected,2025-11-09,2025-11-30
FRA03692,Telangana,D005,Jagtial,Metpally,Vellulla,Claimant_FRA03692,IFR,7.63,Pending,2024-06-13,
FRA03693,Telangana,D013,Mahabubabad,Kuravi,Seerole,Claimant_FRA03693,CFR,4.34,Approved,2022-10-18,2024-03-03
FRA03694,Telangana,D018,Mulugu,Venkatapur,Narsapur,Claimant_FRA03694,CFR,1.22,Pending,2023-06-11,
FRA03695,Telangana,D030,Vikarabad,Tandur,Kotbaspally,Claimant_FRA03695,CFR,7.61,Pending,2025-03-03,
FRA03696,Telangana,D003,Hanumakonda,Atmakur,Chowdapur,Claimant_FRA03696,CFR,1.91,Rejected,2022-06-11,2026-04-12
FRA03697,Telangana,D006,Jangaon,Station Ghanpur,Chilpur,Claimant_FRA03697,CFR,4.09,Pending,2025-03-31,
FRA03698,Telangana,D001,Adilabad,Utnoor,Devapur,Claimant_FRA03698,CFR,3.32,Approved,2023-01-29,2023-11-19
FRA03699,Telangana,D023,Nizamabad,Armoor,Mendora,Claimant_FRA03699,IFR,6.49,Approved,2024-10-08,2025-09-05
FRA03700,Telangana,D001,Adilabad,Utnoor,Devapur,Claimant_FRA03700,IFR,3.34,Approved,2025-02-28,2026-04-08
FRA03701,Telangana,D005,Jagtial,Metpally,Vellulla,Claimant_FRA03701,IFR,3.82,Pending,2023-12-17,
FRA03702,Telangana,D001,Adilabad,Narnoor,Kothapalli,Claimant_FRA03702,IFR,5.31,Approved,2024-10-08,2026-05-23
FRA03703,Telangana,D018,Mulugu,Venkatapur,Narsapur,Claimant_FRA03703,IFR,7.09,Approved,2024-10-23,2026-01-29
FRA03704,Telangana,D011,Khammam,Wyra,Gollapadu,Claimant_FRA03704,CFR,7.45,Pending,2023-07-07,
FRA03705,Telangana,D028,Siddipet,Husnabad,Pothireddypet,Claimant_FRA03705,CFR,4.36,Approved,2025-01-12,2025-10-29
FRA03706,Telangana,D020,Nalgonda,Devarakonda,Chinthapally,Claimant_FRA03706,IFR,3.79,Pending,2024-01-20,
FRA03707,Telangana,D001,Adilabad,Narnoor,Kothapalli,Claimant_FRA03707,IFR,3.8,Approved,2024-09-18,2024-10-02
FRA03708,Telangana,D027,Sangareddy,Narayankhed,Kondapur,Claimant_FRA03708,IFR,5.17,Approved,2023-08-17,2026-08-06
FRA03709,Telangana,D003,Hanumakonda,Dharmanagar,Mustial,Claimant_FRA03709,IFR,5.12,Approved,2023-12-12,2024-05-28
FRA03710,Telangana,D005,Jagtial,Metpally,Vellulla,Claimant_FRA03710,CFR,7.28,Approved,2025-03-16,2026-01-14
FRA03711,Telangana,D030,Vikarabad,Tandur,Kotbaspally,Claimant_FRA03711,CFR,4.1,Approved,2023-05-24,2023-12-05
FRA03712,Telangana,D013,Mahabubabad,Kuravi,Seerole,Claimant_FRA03712,IFR,7.92,Approved,2021-10-01,2021-12-29
FRA03713,Telangana,D018,Mulugu,Eturunagaram,Katapur,Claimant_FRA03713,CFR,6.38,Approved,2023-08-15,2026-01-25
FRA03714,Telangana,D028,Siddipet,Husnabad,Pothireddypet,Claimant_FRA03714,CFR,1.63,Pending,2021-09-26,
FRA03715,Telangana,D013,Mahabubabad,Kuravi,Seerole,Claimant_FRA03715,CFR,2.94,Pending,2023-09-28,
FRA03716,Telangana,D018,Mulugu,Eturunagaram,Katapur,Claimant_FRA03716,IFR,1.86,Approved,2024-12-28,2025-02-22
FRA03717,Telangana,D013,Mahabubabad,Bayyaram,Garla,Claimant_FRA03717,IFR,5.8,Approved,2026-05-14,2026-08-07
FRA03718,Telangana,D005,Jagtial,Metpally,Vellulla,Claimant_FRA03718,CFR,6.39,Rejected,2025-12-12,2025-12-14
FRA03719,Telangana,D030,Vikarabad,Tandur,Kotbaspally,Claimant_FRA03719,IFR,7.05,Pending,2023-08-17,
FRA03720,Telangana,D001,Adilabad,Narnoor,Kothapalli,Claimant_FRA03720,IFR,4.76,Approved,2026-04-28,2026-09-16
FRA03721,Telangana,D002,Bhadradri Kothagudem,Bhadrachalam,Nellipaka,Claimant_FRA03721,IFR,7.28,Approved,2025-07-12,2026-06-19
FRA03722,Telangana,D030,Vikarabad,Tandur,Kotbaspally,Claimant_FRA03722,IFR,3.68,Approved,2022-03-27,2026-04-24
FRA03723,Telangana,D030,Vikarabad,Tandur,Kotbaspally,Claimant_FRA03723,IFR,5.11,Approved,2022-11-26,2024-11-27
FRA03724,Telangana,D032,Warangal,Narsampet,Madhira,Claimant_FRA03724,CFR,0.71,Pending,2025-09-22,
FRA03725,Telangana,D003,Hanumakonda,Atmakur,Chowdapur,Claimant_FRA03725,CFR,5.83,Rejected,2023-10-28,2025-07-29
FRA03726,Telangana,D018,Mulugu,Eturunagaram,Katapur,Claimant_FRA03726,IFR,5.22,Approved,2026-03-10,2026-06-30
FRA03727,Telangana,D003,Hanumakonda,Dharmanagar,Mustial,Claimant_FRA03727,IFR,1.92,Pending,2025-03-17,
FRA03728,Telangana,D013,Mahabubabad,Kuravi,Seerole,Claimant_FRA03728,IFR,4.17,Approved,2022-09-04,2023-02-20
FRA03729,Telangana,D007,Jayashankar Bhupalpally,Regonda,Kannaram,Claimant_FRA03729,CFR,6.45,Approved,2026-06-01,2026-06-27
FRA03730,Telangana,D018,Mulugu,Venkatapur,Narsapur,Claimant_FRA03730,CFR,6.43,Rejected,2023-02-01,2023-04-02
FRA03731,Telangana,D001,Adilabad,Boath,Ghanpur,Claimant_FRA03731,IFR,7.96,Rejected,2023-02-27,2023-10-01
FRA03732,Telangana,D018,Mulugu,Venkatapur,Narsapur,Claimant_FRA03732,IFR,6.66,Rejected,2023-11-30,2023-12-18
FRA03733,Telangana,D007,Jayashankar Bhupalpally,Chityal,Venkateshwarlapally,Claimant_FRA03733,CFR,2.99,Pending,2022-04-23,
FRA03734,Telangana,D001,Adilabad,Narnoor,Kothapalli,Claimant_FRA03734,CFR,5.9,Approved,2024-07-05,2025-08-20
FRA03735,Telangana,D006,Jangaon,Station Ghanpur,Chilpur,Claimant_FRA03735,CFR,6.27,Rejected,2021-12-25,2025-03-13
FRA03736,Telangana,D023,Nizamabad,Armoor,Mendora,Claimant_FRA03736,CFR,4.71,Approved,2024-11-21,2026-06-23
FRA03737,Telangana,D018,Mulugu,Eturunagaram,Katapur,Claimant_FRA03737,IFR,3.92,Pending,2026-09-16,
FRA03738,Telangana,D006,Jangaon,Station Ghanpur,Chilpur,Claimant_FRA03738,IFR,1.8,Approved,2026-09-17,2026-09-18
FRA03739,Telangana,D030,Vikarabad,Tandur,Kotbaspally,Claimant_FRA03739,CFR,6.81,Pending,2021-12-24,
FRA03740,Telangana,D005,Jagtial,Korutla,Ailapur,Claimant_FRA03740,CFR,7.71,Approved,2022-10-14,2024-03-04
FRA03741,Telangana,D028,Siddipet,Husnabad,Pothireddypet,Claimant_FRA03741,CFR,4.07,Approved,2025-06-20,2025-10-22
FRA03742,Telangana,D007,Jayashankar Bhupalpally,Chityal,Venkateshwarlapally,Claimant_FRA03742,CFR,7.52,Approved,2025-04-08,2026-04-27
FRA03743,Telangana,D019,Nagarkurnool,Amrabad,Mananur,Claimant_FRA03743,CFR,1.61,Pending,2024-01-02,
FRA03744,Telangana,D002,Bhadradri Kothagudem,Kothagudem,Regalla,Claimant_FRA03744,CFR,2.15,Approved,2023-01-16,2024-12-28
FRA03745,Telangana,D003,Hanumakonda,Dharmanagar,Mustial,Claimant_FRA03745,CFR,2.73,Pending,2024-03-31,
FRA03746,Telangana,D007,Jayashankar Bhupalpally,Regonda,Kannaram,Claimant_FRA03746,IFR,3.57,Approved,2023-04-09,2023-10-08
FRA03747,Telangana,D004,Hyderabad,Amberpet,Azampura,Claimant_FRA03747,IFR,5.07,Approved,2022-10-30,2025-07-15
FRA03748,Telangana,D006,Jangaon,Station Ghanpur,Chilpur,Claimant_FRA03748,IFR,1.92,Approved,2025-02-20,2026-05-16
FRA03749,Telangana,D013,Mahabubabad,Bayyaram,Garla,Claimant_FRA03749,CFR,2.62,Approved,2024-06-20,2025-10-24
FRA03750,Telangana,D030,Vikarabad,Tandur,Kotbaspally,Claimant_FRA03750,CFR,1.41,Pending,2021-11-03,
FRA03751,Telangana,D028,Siddipet,Husnabad,Pothireddypet,Claimant_FRA03751,CFR,3.69,Approved,2024-11-09,2025-08-04
FRA03752,Telangana,D027,Sangareddy,Narayankhed,Kondapur,Claimant_FRA03752,IFR,0.59,Approved,2026-03-05,2026-08-01
FRA03753,Telangana,D020,Nalgonda,Devarakonda,Chinthapally,Claimant_FRA03753,IFR,3.8,Approved,2024-04-18,2025-05-02
FRA03754,Telangana,D026,Rangareddy,Shabad,Kesaram,Claimant_FRA03754,CFR,6.77,Approved,2025-03-10,2025-04-29
FRA03755,Telangana,D011,Khammam,Wyra,Gollapadu,Claimant_FRA03755,IFR,0.99,Approved,2026-05-17,2026-07-02
FRA03756,Telangana,D004,Hyderabad,Charminar,Chandrayangutta,Claimant_FRA03756,CFR,1.88,Approved,2025-11-27,2026-09-17
FRA03757,Telangana,D003,Hanumakonda,Atmakur,Chowdapur,Claimant_FRA03757,CFR,2.35,Approved,2023-11-12,2024-02-23
FRA03758,Telangana,D003,Hanumakonda,Dharmanagar,Mustial,Claimant_FRA03758,CFR,2.01,Pending,2023-12-08,
FRA03759,Telangana,D005,Jagtial,Korutla,Ailapur,Claimant_FRA03759,CFR,6.77,Approved,2024-01-28,2024-10-18
FRA03760,Telangana,D011,Khammam,Kothagudem,Seetharampuram,Claimant_FRA03760,IFR,6.66,Approved,2022-09-01,2024-12-10
FRA03761,Telangana,D007,Jayashankar Bhupalpally,Chityal,Venkateshwarlapally,Claimant_FRA03761,IFR,3.45,Approved,2025-02-05,2025-12-06
FRA03762,Telangana,D027,Sangareddy,Narayankhed,Kondapur,Claimant_FRA03762,IFR,2.74,Approved,2025-09-04,2026-06-16
FRA03763,Telangana,D013,Mahabubabad,Bayyaram,Garla,Claimant_FRA03763,IFR,0.73,Approved,2026-01-15,2026-03-29
FRA03764,Telangana,D007,Jayashankar Bhupalpally,Regonda,Kannaram,Claimant_FRA03764,IFR,7.2,Pending,2023-07-30,
FRA03765,Telangana,D005,Jagtial,Metpally,Vellulla,Claimant_FRA03765,IFR,1.11,Approved,2025-06-14,2025-10-09
FRA03766,Telangana,D027,Sangareddy,Narayankhed,Kondapur,Claimant_FRA03766,IFR,6.67,Approved,2024-03-02,2025-06-02
FRA03767,Telangana,D027,Sangareddy,Narayankhed,Kondapur,Claimant_FRA03767,IFR,5.38,Approved,2025-11-10,2026-04-14
FRA03768,Telangana,D013,Mahabubabad,Bayyaram,Garla,Claimant_FRA03768,CFR,1.96,Approved,2023-07-07,2026-02-26
FRA03769,Telangana,D011,Khammam,Kothagudem,Seetharampuram,Claimant_FRA03769,CFR,1.61,Approved,2024-01-14,2025-07-27
FRA03770,Telangana,D002,Bhadradri Kothagudem,Kothagudem,Regalla,Claimant_FRA03770,IFR,7.29,Rejected,2024-07-13,2025-07-27
FRA03771,Telangana,D018,Mulugu,Venkatapur,Narsapur,Claimant_FRA03771,CFR,6.0,Approved,2022-07-09,2024-10-06
FRA03772,Telangana,D005,Jagtial,Metpally,Vellulla,Claimant_FRA03772,CFR,2.39,Approved,2021-12-20,2024-01-04
FRA03773,Telangana,D011,Khammam,Wyra,Gollapadu,Claimant_FRA03773,CFR,5.98,Pending,2024-03-25,
FRA03774,Telangana,D004,Hyderabad,Charminar,Chandrayangutta,Claimant_FRA03774,CFR,5.24,Rejected,2022-10-25,2024-11-04
FRA03775,Telangana,D018,Mulugu,Eturunagaram,Katapur,Claimant_FRA03775,IFR,5.43,Approved,2023-08-20,2024-03-10
FRA03776,Telangana,D003,Hanumakonda,Atmakur,Chowdapur,Claimant_FRA03776,IFR,5.74,Rejected,2022-06-03,2025-02-06
FRA03777,Telangana,D013,Mahabubabad,Bayyaram,Garla,Claimant_FRA03777,IFR,6.65,Approved,2021-11-02,2024-09-11
FRA03778,Telangana,D001,Adilabad,Narnoor,Kothapalli,Claimant_FRA03778,IFR,3.85,Approved,2023-02-22,2024-11-18
FRA03779,Telangana,D020,Nalgonda,Devarakonda,Chinthapally,Claimant_FRA03779,CFR,6.14,Pending,2024-12-19,
FRA03780,Telangana,D026,Rangareddy,Shabad,Kesaram,Claimant_FRA03780,CFR,4.68,Approved,2024-05-29,2025-10-28
FRA03781,Telangana,D018,Mulugu,Eturunagaram,Katapur,Claimant_FRA03781,IFR,7.59,Approved,2022-09-07,2023-01-10
FRA03782,Telangana,D023,Nizamabad,Armoor,Mendora,Claimant_FRA03782,IFR,7.73,Approved,2021-11-28,2026-07-09
FRA03783,Telangana,D026,Rangareddy,Shabad,Kesaram,Claimant_FRA03783,CFR,6.79,Approved,2022-08-13,2024-09-23
FRA03784,Telangana,D003,Hanumakonda,Atmakur,Chowdapur,Claimant_FRA03784,CFR,5.17,Rejected,2025-06-09,2025-08-01
FRA03785,Telangana,D018,Mulugu,Venkatapur,Narsapur,Claimant_FRA03785,IFR,7.2,Approved,2023-06-18,2023-11-12
FRA03786,Telangana,D001,Adilabad,Boath,Ghanpur,Claimant_FRA03786,IFR,3.49,Approved,2024-07-27,2024-12-22
FRA03787,Telangana,D033,Yadadri Bhuvanagiri,Bhongir,Anantharam,Claimant_FRA03787,IFR,4.8,Approved,2026-02-04,2026-08-30
FRA03788,Telangana,D030,Vikarabad,Tandur,Kotbaspally,Claimant_FRA03788,CFR,1.49,Approved,2022-03-13,2025-04-27
FRA03789,Telangana,D007,Jayashankar Bhupalpally,Chityal,Venkateshwarlapally,Claimant_FRA03789,CFR,2.87,Approved,2022-07-16,2025-07-07
FRA03790,Telangana,D013,Mahabubabad,Kuravi,Seerole,Claimant_FRA03790,CFR,3.31,Pending,2024-06-17,
FRA03791,Telangana,D003,Hanumakonda,Atmakur,Chowdapur,Claimant_FRA03791,CFR,5.5,Approved,2026-08-28,2026-09-12
FRA03792,Telangana,D023,Nizamabad,Armoor,Mendora,Claimant_FRA03792,IFR,2.0,Pending,2024-11-07,
FRA03793,Telangana,D002,Bhadradri Kothagudem,Kothagudem,Regalla,Claimant_FRA03793,IFR,1.62,Rejected,2022-01-18,2025-03-09
FRA03794,Telangana,D002,Bhadradri Kothagudem,Manuguru,Anantharam,Claimant_FRA03794,IFR,3.79,Rejected,2026-06-15,2026-07-10
FRA03795,Telangana,D030,Vikarabad,Tandur,Kotbaspally,Claimant_FRA03795,CFR,1.76,Pending,2025-07-29,
FRA03796,Telangana,D002,Bhadradri Kothagudem,Bhadrachalam,Nellipaka,Claimant_FRA03796,CFR,6.49,Rejected,2025-10-08,2025-12-04
FRA03797,Telangana,D006,Jangaon,Jangaon,Pasumamula,Claimant_FRA03797,IFR,3.85,Rejected,2022-11-13,2024-01-04
FRA03798,Telangana,D028,Siddipet,Husnabad,Pothireddypet,Claimant_FRA03798,IFR,6.99,Approved,2024-07-30,2026-06-02
FRA03799,Telangana,D018,Mulugu,Venkatapur,Narsapur,Claimant_FRA03799,IFR,6.58,Approved,2023-08-04,2024-05-18
FRA03800,Telangana,D013,Mahabubabad,Kuravi,Seerole,Claimant_FRA03800,CFR,1.53,Pending,2021-11-07,
FRA03801,Telangana,D006,Jangaon,Jangaon,Pasumamula,Claimant_FRA03801,CFR,3.07,Pending,2022-10-21,
FRA03802,Telangana,D003,Hanumakonda,Atmakur,Chowdapur,Claimant_FRA03802,CFR,7.28,Approved,2022-05-05,2026-08-21
FRA03803,Telangana,D018,Mulugu,Venkatapur,Narsapur,Claimant_FRA03803,IFR,7.78,Pending,2025-09-07,
FRA03804,Telangana,D003,Hanumakonda,Atmakur,Chowdapur,Claimant_FRA03804,IFR,4.93,Approved,2022-07-23,2026-01-13
FRA03805,Telangana,D002,Bhadradri Kothagudem,Kothagudem,Regalla,Claimant_FRA03805,CFR,5.3,Approved,2025-02-20,2025-09-09
FRA03806,Telangana,D002,Bhadradri Kothagudem,Kothagudem,Regalla,Claimant_FRA03806,IFR,7.68,Approved,2025-01-25,2025-10-04
FRA03807,Telangana,D005,Jagtial,Metpally,Vellulla,Claimant_FRA03807,CFR,0.84,Approved,2025-01-10,2026-04-27
FRA03808,Telangana,D033,Yadadri Bhuvanagiri,Bhongir,Anantharam,Claimant_FRA03808,IFR,2.25,Approved,2024-02-21,2024-11-18
FRA03809,Telangana,D020,Nalgonda,Devarakonda,Chinthapally,Claimant_FRA03809,IFR,1.46,Approved,2025-06-09,2026-07-17
FRA03810,Telangana,D018,Mulugu,Eturunagaram,Katapur,Claimant_FRA03810,CFR,7.82,Approved,2022-03-03,2024-09-09
FRA03811,Telangana,D032,Warangal,Narsampet,Madhira,Claimant_FRA03811,IFR,1.65,Approved,2023-08-11,2025-10-02
FRA03812,Telangana,D028,Siddipet,Husnabad,Pothireddypet,Claimant_FRA03812,CFR,4.06,Approved,2025-11-30,2026-06-19
FRA03813,Telangana,D007,Jayashankar Bhupalpally,Chityal,Venkateshwarlapally,Claimant_FRA03813,IFR,7.6,Approved,2023-05-06,2024-02-01
FRA03814,Telangana,D032,Warangal,Narsampet,Madhira,Claimant_FRA03814,CFR,6.84,Approved,2025-12-24,2026-04-21
FRA03815,Telangana,D032,Warangal,Narsampet,Madhira,Claimant_FRA03815,IFR,6.61,Approved,2023-08-12,2026-02-12
FRA03816,Telangana,D001,Adilabad,Narnoor,Kothapalli,Claimant_FRA03816,IFR,0.77,Approved,2023-09-12,2024-08-17
FRA03817,Telangana,D019,Nagarkurnool,Amrabad,Mananur,Claimant_FRA03817,IFR,5.17,Approved,2022-06-21,2026-05-14
FRA03818,Telangana,D007,Jayashankar Bhupalpally,Chityal,Venkateshwarlapally,Claimant_FRA03818,CFR,3.51,Approved,2024-09-24,2025-04-16
FRA03819,Telangana,D001,Adilabad,Utnoor,Devapur,Claimant_FRA03819,CFR,1.87,Pending,2026-02-21,
FRA03820,Telangana,D019,Nagarkurnool,Amrabad,Mananur,Claimant_FRA03820,CFR,6.52,Approved,2026-02-10,2026-03-03
FRA03821,Telangana,D001,Adilabad,Boath,Ghanpur,Claimant_FRA03821,IFR,5.21,Rejected,2022-09-22,2025-12-16
FRA03822,Telangana,D007,Jayashankar Bhupalpally,Chityal,Venkateshwarlapally,Claimant_FRA03822,CFR,3.79,Approved,2025-05-20,2026-08-15
FRA03823,Telangana,D020,Nalgonda,Devarakonda,Chinthapally,Claimant_FRA03823,CFR,2.63,Pending,2024-11-24,
FRA03824,Telangana,D020,Nalgonda,Devarakonda,Chinthapally,Claimant_FRA03824,IFR,0.6,Approved,2024-08-30,2025-04-22
FRA03825,Telangana,D018,Mulugu,Eturunagaram,Katapur,Claimant_FRA03825,CFR,5.64,Approved,2023-01-12,2025-12-08
FRA03826,Telangana,D005,Jagtial,Korutla,Ailapur,Claimant_FRA03826,IFR,7.12,Pending,2024-07-14,
FRA03827,Telangana,D018,Mulugu,Eturunagaram,Katapur,Claimant_FRA03827,CFR,3.28,Pending,2024-01-20,
FRA03828,Telangana,D004,Hyderabad,Charminar,Chandrayangutta,Claimant_FRA03828,CFR,5.02,Approved,2024-03-02,2025-02-01
FRA03829,Telangana,D007,Jayashankar Bhupalpally,Regonda,Kannaram,Claimant_FRA03829,CFR,3.97,Approved,2023-05-08,2023-11-28
FRA03830,Telangana,D007,Jayashankar Bhupalpally,Chityal,Venkateshwarlapally,Claimant_FRA03830,IFR,4.23,Approved,2024-08-28,2025-06-30
FRA03831,Telangana,D002,Bhadradri Kothagudem,Manuguru,Anantharam,Claimant_FRA03831,IFR,6.59,Rejected,2021-10-13,2025-05-05
FRA03832,Telangana,D006,Jangaon,Jangaon,Pasumamula,Claimant_FRA03832,CFR,3.78,Approved,2023-05-25,2025-02-13
FRA03833,Telangana,D030,Vikarabad,Tandur,Kotbaspally,Claimant_FRA03833,IFR,1.43,Pending,2024-05-30,
FRA03834,Telangana,D018,Mulugu,Venkatapur,Narsapur,Claimant_FRA03834,IFR,5.86,Approved,2026-08-31,2026-09-16
FRA03835,Telangana,D006,Jangaon,Station Ghanpur,Chilpur,Claimant_FRA03835,IFR,3.17,Approved,2025-01-03,2026-03-29
FRA03836,Telangana,D006,Jangaon,Jangaon,Pasumamula,Claimant_FRA03836,IFR,4.04,Approved,2023-11-12,2024-03-23
FRA03837,Telangana,D003,Hanumakonda,Atmakur,Chowdapur,Claimant_FRA03837,CFR,5.77,Pending,2022-06-21,
FRA03838,Telangana,D002,Bhadradri Kothagudem,Kothagudem,Regalla,Claimant_FRA03838,IFR,2.39,Pending,2022-01-30,
FRA03839,Telangana,D001,Adilabad,Utnoor,Devapur,Claimant_FRA03839,IFR,3.02,Rejected,2026-03-13,2026-07-05
FRA03840,Telangana,D011,Khammam,Kothagudem,Seetharampuram,Claimant_FRA03840,CFR,5.47,Rejected,2023-04-14,2024-05-14
FRA03841,Telangana,D002,Bhadradri Kothagudem,Manuguru,Anantharam,Claimant_FRA03841,IFR,2.08,Rejected,2025-03-05,2025-05-19
FRA03842,Telangana,D018,Mulugu,Eturunagaram,Katapur,Claimant_FRA03842,IFR,7.16,Pending,2025-07-02,
FRA03843,Telangana,D001,Adilabad,Narnoor,Kothapalli,Claimant_FRA03843,CFR,5.26,Approved,2023-11-27,2025-03-10
FRA03844,Telangana,D023,Nizamabad,Armoor,Mendora,Claimant_FRA03844,IFR,7.92,Approved,2022-10-06,2024-03-22
FRA03845,Telangana,D007,Jayashankar Bhupalpally,Regonda,Kannaram,Claimant_FRA03845,IFR,2.04,Approved,2022-06-03,2025-08-20
FRA03846,Telangana,D006,Jangaon,Jangaon,Pasumamula,Claimant_FRA03846,IFR,5.3,Pending,2024-03-14,
FRA03847,Telangana,D007,Jayashankar Bhupalpally,Regonda,Kannaram,Claimant_FRA03847,CFR,1.05,Approved,2023-11-24,2025-06-20
FRA03848,Telangana,D023,Nizamabad,Armoor,Mendora,Claimant_FRA03848,CFR,2.16,Rejected,2025-03-30,2025-06-13
FRA03849,Telangana,D006,Jangaon,Jangaon,Pasumamula,Claimant_FRA03849,CFR,4.6,Approved,2023-02-24,2023-09-14
FRA03850,Telangana,D026,Rangareddy,Shabad,Kesaram,Claimant_FRA03850,CFR,3.4,Approved,2021-10-14,2025-04-10
FRA03851,Telangana,D013,Mahabubabad,Kuravi,Seerole,Claimant_FRA03851,IFR,2.5,Approved,2026-08-03,2026-09-17
FRA03852,Telangana,D001,Adilabad,Utnoor,Devapur,Claimant_FRA03852,CFR,1.68,Approved,2023-02-11,2024-01-22
FRA03853,Telangana,D013,Mahabubabad,Kuravi,Seerole,Claimant_FRA03853,IFR,5.0,Approved,2026-07-05,2026-09-17
FRA03854,Telangana,D006,Jangaon,Station Ghanpur,Chilpur,Claimant_FRA03854,IFR,1.07,Pending,2026-06-02,
FRA03855,Telangana,D001,Adilabad,Narnoor,Kothapalli,Claimant_FRA03855,CFR,5.73,Approved,2026-05-12,2026-07-31
FRA03856,Telangana,D001,Adilabad,Boath,Ghanpur,Claimant_FRA03856,CFR,0.88,Pending,2022-01-03,
FRA03857,Telangana,D019,Nagarkurnool,Amrabad,Mananur,Claimant_FRA03857,IFR,2.4,Pending,2023-01-05,
FRA03858,Telangana,D019,Nagarkurnool,Amrabad,Mananur,Claimant_FRA03858,IFR,6.53,Approved,2025-05-27,2025-11-08
FRA03859,Telangana,D023,Nizamabad,Armoor,Mendora,Claimant_FRA03859,IFR,3.31,Approved,2026-03-15,2026-03-31
FRA03860,Telangana,D005,Jagtial,Korutla,Ailapur,Claimant_FRA03860,CFR,2.54,Approved,2022-08-18,2025-05-07
FRA03861,Telangana,D001,Adilabad,Narnoor,Kothapalli,Claimant_FRA03861,IFR,7.24,Pending,2022-01-20,
FRA03862,Telangana,D005,Jagtial,Metpally,Vellulla,Claimant_FRA03862,IFR,4.35,Approved,2024-02-02,2025-12-28
FRA03863,Telangana,D007,Jayashankar Bhupalpally,Chityal,Venkateshwarlapally,Claimant_FRA03863,IFR,6.58,Approved,2025-09-24,2026-07-06
FRA03864,Telangana,D030,Vikarabad,Tandur,Kotbaspally,Claimant_FRA03864,IFR,2.59,Rejected,2022-05-28,2023-04-06
FRA03865,Telangana,D002,Bhadradri Kothagudem,Bhadrachalam,Nellipaka,Claimant_FRA03865,IFR,1.51,Approved,2024-05-16,2024-08-04
FRA03866,Telangana,D011,Khammam,Kothagudem,Seetharampuram,Claimant_FRA03866,IFR,2.07,Pending,2026-01-20,
FRA03867,Telangana,D006,Jangaon,Station Ghanpur,Chilpur,Claimant_FRA03867,IFR,5.43,Approved,2022-09-01,2026-06-18
FRA03868,Telangana,D027,Sangareddy,Narayankhed,Kondapur,Claimant_FRA03868,CFR,6.2,Approved,2023-06-02,2024-11-20
FRA03869,Telangana,D013,Mahabubabad,Kuravi,Seerole,Claimant_FRA03869,IFR,3.68,Approved,2025-12-03,2026-07-18
FRA03870,Telangana,D019,Nagarkurnool,Amrabad,Mananur,Claimant_FRA03870,CFR,3.4,Pending,2025-07-15,
FRA03871,Telangana,D002,Bhadradri Kothagudem,Kothagudem,Regalla,Claimant_FRA03871,IFR,5.63,Approved,2026-01-22,2026-07-03
FRA03872,Telangana,D026,Rangareddy,Shabad,Kesaram,Claimant_FRA03872,IFR,3.47,Approved,2023-10-18,2023-10-19
FRA03873,Telangana,D018,Mulugu,Eturunagaram,Katapur,Claimant_FRA03873,IFR,5.87,Approved,2022-05-02,2023-05-26
FRA03874,Telangana,D030,Vikarabad,Tandur,Kotbaspally,Claimant_FRA03874,IFR,2.02,Approved,2024-01-07,2025-09-11
FRA03875,Telangana,D004,Hyderabad,Charminar,Chandrayangutta,Claimant_FRA03875,IFR,1.93,Pending,2025-08-09,
FRA03876,Telangana,D001,Adilabad,Utnoor,Devapur,Claimant_FRA03876,IFR,2.8,Approved,2025-09-10,2025-09-20
FRA03877,Telangana,D028,Siddipet,Husnabad,Pothireddypet,Claimant_FRA03877,IFR,6.23,Pending,2022-10-04,
FRA03878,Telangana,D002,Bhadradri Kothagudem,Kothagudem,Regalla,Claimant_FRA03878,IFR,5.12,Pending,2022-09-11,
FRA03879,Telangana,D002,Bhadradri Kothagudem,Kothagudem,Regalla,Claimant_FRA03879,IFR,4.54,Approved,2025-11-23,2026-03-01
FRA03880,Telangana,D001,Adilabad,Narnoor,Kothapalli,Claimant_FRA03880,IFR,1.79,Pending,2023-01-20,
FRA03881,Telangana,D013,Mahabubabad,Bayyaram,Garla,Claimant_FRA03881,CFR,6.51,Pending,2025-01-21,
FRA03882,Telangana,D001,Adilabad,Utnoor,Devapur,Claimant_FRA03882,IFR,4.65,Pending,2024-04-14,
FRA03883,Telangana,D026,Rangareddy,Shabad,Kesaram,Claimant_FRA03883,CFR,3.37,Rejected,2023-07-18,2026-02-03
FRA03884,Telangana,D006,Jangaon,Station Ghanpur,Chilpur,Claimant_FRA03884,IFR,2.86,Approved,2024-11-05,2025-11-18
FRA03885,Telangana,D032,Warangal,Narsampet,Madhira,Claimant_FRA03885,IFR,1.55,Approved,2023-05-31,2024-05-03
FRA03886,Telangana,D006,Jangaon,Station Ghanpur,Chilpur,Claimant_FRA03886,IFR,2.67,Approved,2025-03-21,2025-07-24
FRA03887,Telangana,D013,Mahabubabad,Bayyaram,Garla,Claimant_FRA03887,CFR,5.05,Approved,2023-06-01,2026-01-31
FRA03888,Telangana,D001,Adilabad,Narnoor,Kothapalli,Claimant_FRA03888,IFR,7.24,Approved,2022-07-14,2026-01-09
FRA03889,Telangana,D002,Bhadradri Kothagudem,Bhadrachalam,Nellipaka,Claimant_FRA03889,IFR,1.82,Pending,2025-06-13,
FRA03890,Telangana,D023,Nizamabad,Armoor,Mendora,Claimant_FRA03890,CFR,3.21,Pending,2022-03-12,
FRA03891,Telangana,D013,Mahabubabad,Bayyaram,Garla,Claimant_FRA03891,CFR,6.0,Approved,2023-11-09,2025-06-13
FRA03892,Telangana,D003,Hanumakonda,Atmakur,Chowdapur,Claimant_FRA03892,IFR,6.55,Approved,2024-10-30,2025-02-22
FRA03893,Telangana,D019,Nagarkurnool,Amrabad,Mananur,Claimant_FRA03893,CFR,2.16,Rejected,2022-06-22,2024-11-15
FRA03894,Telangana,D026,Rangareddy,Shabad,Kesaram,Claimant_FRA03894,IFR,7.4,Pending,2024-12-14,
FRA03895,Telangana,D018,Mulugu,Venkatapur,Narsapur,Claimant_FRA03895,IFR,2.11,Approved,2026-07-28,2026-08-29
FRA03896,Telangana,D018,Mulugu,Venkatapur,Narsapur,Claimant_FRA03896,IFR,3.18,Pending,2022-03-20,
FRA03897,Telangana,D001,Adilabad,Utnoor,Devapur,Claimant_FRA03897,CFR,4.09,Pending,2026-05-26,
FRA03898,Telangana,D019,Nagarkurnool,Amrabad,Mananur,Claimant_FRA03898,IFR,1.58,Approved,2022-08-20,2022-12-03
FRA03899,Telangana,D027,Sangareddy,Narayankhed,Kondapur,Claimant_FRA03899,CFR,1.7,Rejected,2026-06-12,2026-08-16
FRA03900,Telangana,D001,Adilabad,Narnoor,Kothapalli,Claimant_FRA03900,CFR,2.94,Approved,2023-03-05,2024-01-02
FRA03901,Telangana,D007,Jayashankar Bhupalpally,Chityal,Venkateshwarlapally,Claimant_FRA03901,IFR,2.12,Pending,2025-06-03,
FRA03902,Telangana,D001,Adilabad,Boath,Ghanpur,Claimant_FRA03902,CFR,7.62,Approved,2023-11-22,2024-12-07
FRA03903,Telangana,D030,Vikarabad,Tandur,Kotbaspally,Claimant_FRA03903,IFR,0.7,Approved,2026-01-09,2026-05-15
FRA03904,Telangana,D011,Khammam,Kothagudem,Seetharampuram,Claimant_FRA03904,IFR,7.99,Approved,2024-08-04,2025-11-05
FRA03905,Telangana,D030,Vikarabad,Tandur,Kotbaspally,Claimant_FRA03905,IFR,6.26,Approved,2025-12-03,2026-01-19
FRA03906,Telangana,D011,Khammam,Wyra,Gollapadu,Claimant_FRA03906,CFR,1.7,Pending,2023-05-30,
FRA03907,Telangana,D007,Jayashankar Bhupalpally,Regonda,Kannaram,Claimant_FRA03907,IFR,3.04,Approved,2025-06-20,2025-08-10
FRA03908,Telangana,D020,Nalgonda,Devarakonda,Chinthapally,Claimant_FRA03908,CFR,0.91,Approved,2025-05-29,2026-05-12
FRA03909,Telangana,D006,Jangaon,Station Ghanpur,Chilpur,Claimant_FRA03909,IFR,4.32,Approved,2025-12-21,2025-12-26
FRA03910,Telangana,D032,Warangal,Narsampet,Madhira,Claimant_FRA03910,IFR,6.41,Pending,2026-04-19,
FRA03911,Telangana,D006,Jangaon,Station Ghanpur,Chilpur,Claimant_FRA03911,IFR,3.07,Rejected,2022-04-21,2025-03-05
FRA03912,Telangana,D032,Warangal,Narsampet,Madhira,Claimant_FRA03912,CFR,1.09,Pending,2022-12-09,
FRA03913,Telangana,D032,Warangal,Narsampet,Madhira,Claimant_FRA03913,CFR,4.21,Approved,2022-10-27,2024-04-15
FRA03914,Telangana,D011,Khammam,Wyra,Gollapadu,Claimant_FRA03914,CFR,4.42,Pending,2024-10-27,
FRA03915,Telangana,D001,Adilabad,Boath,Ghanpur,Claimant_FRA03915,IFR,6.4,Approved,2022-06-01,2024-09-17
FRA03916,Telangana,D007,Jayashankar Bhupalpally,Chityal,Venkateshwarlapally,Claimant_FRA03916,CFR,6.61,Pending,2024-02-08,
FRA03917,Telangana,D003,Hanumakonda,Dharmanagar,Mustial,Claimant_FRA03917,CFR,3.89,Pending,2026-09-12,
FRA03918,Telangana,D032,Warangal,Narsampet,Madhira,Claimant_FRA03918,IFR,2.42,Pending,2024-08-12,
FRA03919,Telangana,D026,Rangareddy,Shabad,Kesaram,Claimant_FRA03919,CFR,3.44,Approved,2023-07-09,2023-08-31
FRA03920,Telangana,D028,Siddipet,Husnabad,Pothireddypet,Claimant_FRA03920,IFR,4.62,Approved,2022-04-24,2026-06-24
FRA03921,Telangana,D018,Mulugu,Venkatapur,Narsapur,Claimant_FRA03921,IFR,5.02,Pending,2023-11-27,
FRA03922,Telangana,D013,Mahabubabad,Kuravi,Seerole,Claimant_FRA03922,IFR,6.45,Pending,2023-10-19,
FRA03923,Telangana,D023,Nizamabad,Armoor,Mendora,Claimant_FRA03923,CFR,2.87,Approved,2022-11-24,2023-02-05
FRA03924,Telangana,D005,Jagtial,Metpally,Vellulla,Claimant_FRA03924,IFR,7.83,Approved,2024-05-28,2026-04-14
FRA03925,Telangana,D013,Mahabubabad,Kuravi,Seerole,Claimant_FRA03925,IFR,5.96,Approved,2023-09-22,2025-05-28
FRA03926,Telangana,D011,Khammam,Wyra,Gollapadu,Claimant_FRA03926,CFR,5.61,Approved,2022-09-03,2026-04-01
FRA03927,Telangana,D007,Jayashankar Bhupalpally,Regonda,Kannaram,Claimant_FRA03927,IFR,5.96,Approved,2024-09-18,2026-04-10
FRA03928,Telangana,D005,Jagtial,Metpally,Vellulla,Claimant_FRA03928,IFR,5.95,Rejected,2023-04-19,2026-06-08
FRA03929,Telangana,D011,Khammam,Wyra,Gollapadu,Claimant_FRA03929,IFR,6.6,Approved,2026-06-22,2026-08-19
FRA03930,Telangana,D001,Adilabad,Utnoor,Devapur,Claimant_FRA03930,IFR,2.88,Approved,2025-04-03,2026-01-25
FRA03931,Telangana,D033,Yadadri Bhuvanagiri,Bhongir,Anantharam,Claimant_FRA03931,IFR,2.07,Approved,2024-02-10,2025-10-26
FRA03932,Telangana,D013,Mahabubabad,Bayyaram,Garla,Claimant_FRA03932,CFR,4.37,Approved,2026-01-31,2026-08-01
FRA03933,Telangana,D007,Jayashankar Bhupalpally,Chityal,Venkateshwarlapally,Claimant_FRA03933,IFR,3.17,Approved,2021-12-27,2025-08-31
FRA03934,Telangana,D020,Nalgonda,Devarakonda,Chinthapally,Claimant_FRA03934,IFR,2.2,Pending,2025-12-11,
FRA03935,Telangana,D003,Hanumakonda,Atmakur,Chowdapur,Claimant_FRA03935,CFR,4.35,Approved,2026-04-01,2026-06-24
FRA03936,Telangana,D019,Nagarkurnool,Amrabad,Mananur,Claimant_FRA03936,CFR,6.52,Rejected,2021-12-09,2022-12-21
FRA03937,Telangana,D002,Bhadradri Kothagudem,Kothagudem,Regalla,Claimant_FRA03937,IFR,5.3,Approved,2023-04-12,2024-04-24
FRA03938,Telangana,D020,Nalgonda,Devarakonda,Chinthapally,Claimant_FRA03938,CFR,2.81,Approved,2025-01-26,2025-02-27
FRA03939,Telangana,D011,Khammam,Kothagudem,Seetharampuram,Claimant_FRA03939,CFR,3.83,Approved,2023-09-30,2023-11-05
FRA03940,Telangana,D013,Mahabubabad,Kuravi,Seerole,Claimant_FRA03940,IFR,6.26,Approved,2023-07-31,2025-07-28
FRA03941,Telangana,D013,Mahabubabad,Kuravi,Seerole,Claimant_FRA03941,CFR,6.57,Approved,2024-05-27,2025-08-06
FRA03942,Telangana,D002,Bhadradri Kothagudem,Kothagudem,Regalla,Claimant_FRA03942,CFR,6.07,Pending,2023-07-08,
FRA03943,Telangana,D004,Hyderabad,Charminar,Chandrayangutta,Claimant_FRA03943,CFR,0.87,Approved,2022-10-02,2022-10-11
FRA03944,Telangana,D004,Hyderabad,Charminar,Chandrayangutta,Claimant_FRA03944,CFR,6.12,Approved,2024-06-29,2024-08-17
FRA03945,Telangana,D004,Hyderabad,Amberpet,Azampura,Claimant_FRA03945,IFR,7.3,Pending,2023-09-06,
FRA03946,Telangana,D018,Mulugu,Venkatapur,Narsapur,Claimant_FRA03946,CFR,1.81,Pending,2022-01-01,
FRA03947,Telangana,D023,Nizamabad,Armoor,Mendora,Claimant_FRA03947,IFR,1.96,Pending,2022-03-23,
FRA03948,Telangana,D013,Mahabubabad,Kuravi,Seerole,Claimant_FRA03948,IFR,7.95,Approved,2022-06-01,2026-09-03
FRA03949,Telangana,D011,Khammam,Kothagudem,Seetharampuram,Claimant_FRA03949,CFR,6.52,Approved,2023-12-31,2024-01-13
FRA03950,Telangana,D033,Yadadri Bhuvanagiri,Bhongir,Anantharam,Claimant_FRA03950,CFR,2.87,Approved,2025-01-16,2025-05-29
FRA03951,Telangana,D026,Rangareddy,Shabad,Kesaram,Claimant_FRA03951,CFR,0.86,Approved,2025-11-13,2025-11-16
FRA03952,Telangana,D004,Hyderabad,Charminar,Chandrayangutta,Claimant_FRA03952,IFR,4.46,Pending,2023-05-14,
FRA03953,Telangana,D013,Mahabubabad,Bayyaram,Garla,Claimant_FRA03953,IFR,0.74,Approved,2026-07-07,2026-08-14
FRA03954,Telangana,D018,Mulugu,Venkatapur,Narsapur,Claimant_FRA03954,IFR,7.49,Approved,2026-05-07,2026-05-29
FRA03955,Telangana,D018,Mulugu,Eturunagaram,Katapur,Claimant_FRA03955,CFR,6.96,Approved,2022-08-23,2025-04-25
FRA03956,Telangana,D020,Nalgonda,Devarakonda,Chinthapally,Claimant_FRA03956,CFR,2.24,Rejected,2025-02-19,2026-05-11
FRA03957,Telangana,D011,Khammam,Kothagudem,Seetharampuram,Claimant_FRA03957,CFR,7.52,Approved,2025-07-11,2026-01-25
FRA03958,Telangana,D003,Hanumakonda,Atmakur,Chowdapur,Claimant_FRA03958,CFR,5.89,Pending,2026-07-20,
FRA03959,Telangana,D023,Nizamabad,Armoor,Mendora,Claimant_FRA03959,IFR,2.69,Approved,2025-11-25,2026-03-11
FRA03960,Telangana,D005,Jagtial,Metpally,Vellulla,Claimant_FRA03960,IFR,7.52,Rejected,2024-12-31,2025-12-23
FRA03961,Telangana,D018,Mulugu,Eturunagaram,Katapur,Claimant_FRA03961,IFR,5.88,Approved,2023-10-09,2025-07-15
FRA03962,Telangana,D005,Jagtial,Korutla,Ailapur,Claimant_FRA03962,IFR,6.2,Approved,2024-01-28,2024-08-24
FRA03963,Telangana,D032,Warangal,Narsampet,Madhira,Claimant_FRA03963,CFR,2.77,Rejected,2023-08-15,2024-06-20
FRA03964,Telangana,D005,Jagtial,Korutla,Ailapur,Claimant_FRA03964,CFR,5.32,Approved,2024-05-14,2025-07-27
FRA03965,Telangana,D002,Bhadradri Kothagudem,Kothagudem,Regalla,Claimant_FRA03965,CFR,2.46,Pending,2024-08-08,
FRA03966,Telangana,D002,Bhadradri Kothagudem,Bhadrachalam,Nellipaka,Claimant_FRA03966,CFR,6.55,Pending,2024-03-15,
FRA03967,Telangana,D030,Vikarabad,Tandur,Kotbaspally,Claimant_FRA03967,CFR,4.34,Rejected,2024-03-10,2024-07-17
FRA03968,Telangana,D001,Adilabad,Narnoor,Kothapalli,Claimant_FRA03968,IFR,4.51,Approved,2022-12-10,2026-08-20
FRA03969,Telangana,D026,Rangareddy,Shabad,Kesaram,Claimant_FRA03969,IFR,4.98,Rejected,2022-07-14,2025-07-04
FRA03970,Telangana,D004,Hyderabad,Charminar,Chandrayangutta,Claimant_FRA03970,CFR,6.14,Pending,2024-09-03,
FRA03971,Telangana,D004,Hyderabad,Charminar,Chandrayangutta,Claimant_FRA03971,IFR,6.21,Pending,2024-07-17,
FRA03972,Telangana,D011,Khammam,Kothagudem,Seetharampuram,Claimant_FRA03972,IFR,2.73,Approved,2022-12-31,2025-01-30
FRA03973,Telangana,D030,Vikarabad,Tandur,Kotbaspally,Claimant_FRA03973,CFR,3.1,Rejected,2025-11-18,2026-05-23
FRA03974,Telangana,D007,Jayashankar Bhupalpally,Regonda,Kannaram,Claimant_FRA03974,IFR,6.67,Approved,2024-08-10,2026-01-01
FRA03975,Telangana,D026,Rangareddy,Shabad,Kesaram,Claimant_FRA03975,IFR,5.23,Approved,2025-11-13,2026-08-25
FRA03976,Telangana,D020,Nalgonda,Devarakonda,Chinthapally,Claimant_FRA03976,IFR,6.83,Pending,2022-05-26,
FRA03977,Telangana,D007,Jayashankar Bhupalpally,Regonda,Kannaram,Claimant_FRA03977,CFR,7.43,Approved,2022-12-28,2025-07-25
FRA03978,Telangana,D033,Yadadri Bhuvanagiri,Bhongir,Anantharam,Claimant_FRA03978,IFR,6.3,Approved,2025-08-29,2026-08-03
FRA03979,Telangana,D027,Sangareddy,Narayankhed,Kondapur,Claimant_FRA03979,IFR,5.02,Rejected,2026-02-10,2026-06-25
FRA03980,Telangana,D001,Adilabad,Boath,Ghanpur,Claimant_FRA03980,IFR,7.04,Pending,2025-02-03,
FRA03981,Telangana,D019,Nagarkurnool,Amrabad,Mananur,Claimant_FRA03981,CFR,7.2,Pending,2024-10-20,
FRA03982,Telangana,D001,Adilabad,Boath,Ghanpur,Claimant_FRA03982,CFR,2.56,Pending,2025-12-04,
FRA03983,Telangana,D011,Khammam,Wyra,Gollapadu,Claimant_FRA03983,CFR,0.88,Pending,2023-04-21,
FRA03984,Telangana,D013,Mahabubabad,Bayyaram,Garla,Claimant_FRA03984,IFR,1.67,Approved,2022-01-04,2025-04-16
FRA03985,Telangana,D023,Nizamabad,Armoor,Mendora,Claimant_FRA03985,CFR,5.1,Pending,2024-09-06,
FRA03986,Telangana,D011,Khammam,Kothagudem,Seetharampuram,Claimant_FRA03986,CFR,5.09,Pending,2023-07-21,
FRA03987,Telangana,D002,Bhadradri Kothagudem,Manuguru,Anantharam,Claimant_FRA03987,CFR,7.45,Pending,2024-03-08,
FRA03988,Telangana,D003,Hanumakonda,Atmakur,Chowdapur,Claimant_FRA03988,IFR,3.8,Rejected,2022-12-15,2026-05-30
FRA03989,Telangana,D004,Hyderabad,Charminar,Chandrayangutta,Claimant_FRA03989,CFR,5.06,Approved,2025-04-15,2025-12-11
FRA03990,Telangana,D019,Nagarkurnool,Amrabad,Mananur,Claimant_FRA03990,IFR,2.35,Pending,2024-10-14,
FRA03991,Telangana,D001,Adilabad,Boath,Ghanpur,Claimant_FRA03991,CFR,2.13,Approved,2023-05-07,2025-11-14
FRA03992,Telangana,D004,Hyderabad,Charminar,Chandrayangutta,Claimant_FRA03992,CFR,0.94,Pending,2022-09-30,
FRA03993,Telangana,D011,Khammam,Kothagudem,Seetharampuram,Claimant_FRA03993,IFR,5.65,Approved,2026-07-16,2026-07-18
FRA03994,Telangana,D013,Mahabubabad,Kuravi,Seerole,Claimant_FRA03994,IFR,1.69,Pending,2024-02-13,
FRA03995,Telangana,D033,Yadadri Bhuvanagiri,Bhongir,Anantharam,Claimant_FRA03995,IFR,3.14,Approved,2024-01-29,2024-03-30
FRA03996,Telangana,D027,Sangareddy,Narayankhed,Kondapur,Claimant_FRA03996,IFR,2.22,Approved,2026-08-23,2026-09-08
FRA03997,Telangana,D011,Khammam,Wyra,Gollapadu,Claimant_FRA03997,IFR,1.91,Approved,2026-07-06,2026-08-22
FRA03998,Telangana,D032,Warangal,Narsampet,Madhira,Claimant_FRA03998,IFR,0.77,Pending,2023-11-10,
FRA03999,Telangana,D019,Nagarkurnool,Amrabad,Mananur,Claimant_FRA03999,IFR,5.25,Approved,2023-11-19,2025-09-19
FRA04000,Telangana,D027,Sangareddy,Narayankhed,Kondapur,Claimant_FRA04000,CFR,2.04,Approved,2023-06-15,2024-04-21
FRA04001,Telangana,D026,Rangareddy,Shabad,Kesaram,Claimant_FRA04001,IFR,6.76,Rejected,2024-05-02,2025-05-21
FRA04002,Telangana,D018,Mulugu,Eturunagaram,Katapur,Claimant_FRA04002,IFR,7.76,Approved,2023-06-25,2025-07-09
FRA04003,Telangana,D002,Bhadradri Kothagudem,Manuguru,Anantharam,Claimant_FRA04003,IFR,4.43,Approved,2024-08-05,2025-12-13
FRA04004,Telangana,D033,Yadadri Bhuvanagiri,Bhongir,Anantharam,Claimant_FRA04004,CFR,7.07,Approved,2026-01-26,2026-08-31
FRA04005,Telangana,D005,Jagtial,Korutla,Ailapur,Claimant_FRA04005,IFR,7.39,Pending,2024-05-07,
FRA04006,Telangana,D001,Adilabad,Utnoor,Devapur,Claimant_FRA04006,CFR,0.78,Approved,2023-06-15,2025-03-01
FRA04007,Telangana,D032,Warangal,Narsampet,Madhira,Claimant_FRA04007,IFR,5.45,Approved,2025-11-27,2026-08-22
FRA04008,Telangana,D005,Jagtial,Korutla,Ailapur,Claimant_FRA04008,CFR,4.14,Pending,2022-12-04,
FRA04009,Telangana,D004,Hyderabad,Charminar,Chandrayangutta,Claimant_FRA04009,IFR,1.24,Pending,2023-04-01,
FRA04010,Telangana,D020,Nalgonda,Devarakonda,Chinthapally,Claimant_FRA04010,IFR,6.45,Approved,2022-11-16,2025-04-01
FRA04011,Telangana,D006,Jangaon,Jangaon,Pasumamula,Claimant_FRA04011,IFR,0.59,Approved,2025-01-01,2026-05-25
FRA04012,Telangana,D020,Nalgonda,Devarakonda,Chinthapally,Claimant_FRA04012,CFR,0.89,Rejected,2024-07-08,2024-12-12
FRA04013,Telangana,D033,Yadadri Bhuvanagiri,Bhongir,Anantharam,Claimant_FRA04013,CFR,0.53,Pending,2024-12-04,
FRA04014,Telangana,D027,Sangareddy,Narayankhed,Kondapur,Claimant_FRA04014,CFR,1.2,Approved,2025-11-15,2026-05-18
FRA04015,Telangana,D002,Bhadradri Kothagudem,Bhadrachalam,Nellipaka,Claimant_FRA04015,CFR,7.46,Rejected,2023-10-11,2024-09-05
FRA04016,Telangana,D004,Hyderabad,Amberpet,Azampura,Claimant_FRA04016,IFR,0.51,Rejected,2026-07-29,2026-09-11
FRA04017,Telangana,D004,Hyderabad,Amberpet,Azampura,Claimant_FRA04017,CFR,1.71,Approved,2022-09-13,2024-02-02
FRA04018,Telangana,D007,Jayashankar Bhupalpally,Chityal,Venkateshwarlapally,Claimant_FRA04018,IFR,4.85,Rejected,2024-10-16,2026-07-09
FRA04019,Telangana,D006,Jangaon,Jangaon,Pasumamula,Claimant_FRA04019,CFR,2.23,Pending,2022-03-20,
FRA04020,Telangana,D028,Siddipet,Husnabad,Pothireddypet,Claimant_FRA04020,IFR,5.23,Approved,2025-09-10,2026-07-14
FRA04021,Telangana,D011,Khammam,Wyra,Gollapadu,Claimant_FRA04021,CFR,7.59,Pending,2021-12-02,
FRA04022,Telangana,D003,Hanumakonda,Atmakur,Chowdapur,Claimant_FRA04022,IFR,4.28,Approved,2025-03-15,2026-02-03
FRA04023,Telangana,D030,Vikarabad,Tandur,Kotbaspally,Claimant_FRA04023,IFR,2.76,Rejected,2026-04-06,2026-06-10
FRA04024,Telangana,D002,Bhadradri Kothagudem,Manuguru,Anantharam,Claimant_FRA04024,CFR,5.79,Rejected,2025-08-18,2026-01-11
FRA04025,Telangana,D013,Mahabubabad,Bayyaram,Garla,Claimant_FRA04025,IFR,6.85,Approved,2026-09-17,2026-09-17
FRA04026,Telangana,D006,Jangaon,Station Ghanpur,Chilpur,Claimant_FRA04026,CFR,5.64,Approved,2026-08-17,2026-09-17
FRA04027,Telangana,D002,Bhadradri Kothagudem,Bhadrachalam,Nellipaka,Claimant_FRA04027,IFR,1.83,Approved,2022-03-28,2024-05-05
FRA04028,Telangana,D005,Jagtial,Metpally,Vellulla,Claimant_FRA04028,CFR,1.0,Approved,2025-12-26,2026-09-10
FRA04029,Telangana,D006,Jangaon,Station Ghanpur,Chilpur,Claimant_FRA04029,CFR,3.63,Rejected,2022-03-13,2026-07-30
FRA04030,Telangana,D007,Jayashankar Bhupalpally,Chityal,Venkateshwarlapally,Claimant_FRA04030,CFR,6.48,Pending,2021-09-26,
FRA04031,Telangana,D026,Rangareddy,Shabad,Kesaram,Claimant_FRA04031,IFR,5.3,Pending,2023-04-02,
FRA04032,Telangana,D004,Hyderabad,Charminar,Chandrayangutta,Claimant_FRA04032,CFR,4.9,Pending,2025-05-14,
FRA04033,Telangana,D027,Sangareddy,Narayankhed,Kondapur,Claimant_FRA04033,IFR,3.73,Approved,2026-05-01,2026-05-10
FRA04034,Telangana,D001,Adilabad,Utnoor,Devapur,Claimant_FRA04034,CFR,2.77,Rejected,2024-02-16,2026-03-02
FRA04035,Telangana,D001,Adilabad,Narnoor,Kothapalli,Claimant_FRA04035,IFR,4.58,Pending,2026-07-29,
FRA04036,Telangana,D027,Sangareddy,Narayankhed,Kondapur,Claimant_FRA04036,CFR,5.88,Pending,2024-12-13,
FRA04037,Telangana,D007,Jayashankar Bhupalpally,Chityal,Venkateshwarlapally,Claimant_FRA04037,IFR,2.99,Rejected,2022-09-27,2023-11-07
FRA04038,Telangana,D001,Adilabad,Boath,Ghanpur,Claimant_FRA04038,IFR,6.46,Approved,2023-10-11,2024-09-09
FRA04039,Telangana,D023,Nizamabad,Armoor,Mendora,Claimant_FRA04039,IFR,0.8,Approved,2025-04-09,2025-09-10
FRA04040,Telangana,D018,Mulugu,Eturunagaram,Katapur,Claimant_FRA04040,CFR,4.28,Approved,2025-06-20,2025-09-22
FRA04041,Telangana,D002,Bhadradri Kothagudem,Kothagudem,Regalla,Claimant_FRA04041,CFR,6.67,Rejected,2021-11-09,2023-12-07
FRA04042,Telangana,D018,Mulugu,Eturunagaram,Katapur,Claimant_FRA04042,CFR,6.57,Pending,2021-10-15,
FRA04043,Telangana,D020,Nalgonda,Devarakonda,Chinthapally,Claimant_FRA04043,IFR,2.75,Approved,2024-06-02,2025-11-29
FRA04044,Telangana,D002,Bhadradri Kothagudem,Bhadrachalam,Nellipaka,Claimant_FRA04044,IFR,5.85,Pending,2023-06-04,
FRA04045,Telangana,D006,Jangaon,Station Ghanpur,Chilpur,Claimant_FRA04045,IFR,1.48,Approved,2023-05-31,2023-09-26
FRA04046,Telangana,D028,Siddipet,Husnabad,Pothireddypet,Claimant_FRA04046,IFR,4.71,Approved,2023-07-10,2025-10-07
FRA04047,Telangana,D002,Bhadradri Kothagudem,Kothagudem,Regalla,Claimant_FRA04047,CFR,3.96,Rejected,2023-03-05,2024-09-14
FRA04048,Telangana,D026,Rangareddy,Shabad,Kesaram,Claimant_FRA04048,CFR,6.39,Approved,2024-10-14,2025-01-17
FRA04049,Telangana,D005,Jagtial,Korutla,Ailapur,Claimant_FRA04049,CFR,7.4,Pending,2022-12-10,
FRA04050,Telangana,D026,Rangareddy,Shabad,Kesaram,Claimant_FRA04050,IFR,1.87,Pending,2024-10-31,
FRA04051,Telangana,D005,Jagtial,Metpally,Vellulla,Claimant_FRA04051,CFR,6.32,Approved,2026-01-23,2026-08-05
FRA04052,Telangana,D002,Bhadradri Kothagudem,Bhadrachalam,Nellipaka,Claimant_FRA04052,CFR,2.21,Rejected,2024-09-28,2025-11-01
FRA04053,Telangana,D027,Sangareddy,Narayankhed,Kondapur,Claimant_FRA04053,IFR,5.8,Pending,2022-04-02,
FRA04054,Telangana,D028,Siddipet,Husnabad,Pothireddypet,Claimant_FRA04054,CFR,2.34,Rejected,2026-04-06,2026-09-05
FRA04055,Telangana,D005,Jagtial,Korutla,Ailapur,Claimant_FRA04055,CFR,3.87,Pending,2024-03-29,
FRA04056,Telangana,D032,Warangal,Narsampet,Madhira,Claimant_FRA04056,CFR,4.18,Pending,2023-10-19,
FRA04057,Telangana,D019,Nagarkurnool,Amrabad,Mananur,Claimant_FRA04057,IFR,6.56,Approved,2022-11-09,2023-02-16
FRA04058,Telangana,D026,Rangareddy,Shabad,Kesaram,Claimant_FRA04058,CFR,4.36,Approved,2025-08-07,2026-04-24
FRA04059,Telangana,D007,Jayashankar Bhupalpally,Regonda,Kannaram,Claimant_FRA04059,IFR,7.89,Approved,2024-08-24,2025-11-06
FRA04060,Telangana,D002,Bhadradri Kothagudem,Kothagudem,Regalla,Claimant_FRA04060,IFR,7.35,Pending,2023-08-18,
FRA04061,Telangana,D011,Khammam,Kothagudem,Seetharampuram,Claimant_FRA04061,IFR,2.57,Pending,2023-10-05,
FRA04062,Telangana,D002,Bhadradri Kothagudem,Manuguru,Anantharam,Claimant_FRA04062,IFR,3.49,Rejected,2023-07-20,2024-08-02
FRA04063,Telangana,D003,Hanumakonda,Dharmanagar,Mustial,Claimant_FRA04063,CFR,7.22,Pending,2021-11-11,
FRA04064,Telangana,D001,Adilabad,Utnoor,Devapur,Claimant_FRA04064,IFR,5.23,Approved,2025-05-15,2025-08-20
FRA04065,Telangana,D018,Mulugu,Venkatapur,Narsapur,Claimant_FRA04065,IFR,2.82,Pending,2025-03-21,
FRA04066,Telangana,D027,Sangareddy,Narayankhed,Kondapur,Claimant_FRA04066,CFR,6.03,Approved,2026-01-20,2026-08-26
FRA04067,Telangana,D001,Adilabad,Utnoor,Devapur,Claimant_FRA04067,CFR,2.37,Pending,2022-04-11,
FRA04068,Telangana,D020,Nalgonda,Devarakonda,Chinthapally,Claimant_FRA04068,IFR,4.33,Approved,2026-02-18,2026-07-03
FRA04069,Telangana,D018,Mulugu,Venkatapur,Narsapur,Claimant_FRA04069,IFR,7.46,Approved,2023-08-20,2024-05-30
FRA04070,Telangana,D006,Jangaon,Station Ghanpur,Chilpur,Claimant_FRA04070,IFR,2.57,Approved,2025-03-02,2026-08-15
FRA04071,Telangana,D003,Hanumakonda,Atmakur,Chowdapur,Claimant_FRA04071,CFR,7.28,Approved,2024-02-26,2025-07-08
FRA04072,Telangana,D018,Mulugu,Venkatapur,Narsapur,Claimant_FRA04072,CFR,3.1,Pending,2024-11-18,
FRA04073,Telangana,D006,Jangaon,Station Ghanpur,Chilpur,Claimant_FRA04073,CFR,2.98,Pending,2023-12-28,
FRA04074,Telangana,D002,Bhadradri Kothagudem,Kothagudem,Regalla,Claimant_FRA04074,IFR,7.15,Pending,2024-03-15,
FRA04075,Telangana,D018,Mulugu,Eturunagaram,Katapur,Claimant_FRA04075,IFR,1.56,Pending,2022-05-07,
FRA04076,Telangana,D006,Jangaon,Station Ghanpur,Chilpur,Claimant_FRA04076,IFR,1.17,Pending,2025-10-01,
FRA04077,Telangana,D011,Khammam,Wyra,Gollapadu,Claimant_FRA04077,CFR,2.5,Approved,2024-06-28,2025-02-20
FRA04078,Telangana,D001,Adilabad,Boath,Ghanpur,Claimant_FRA04078,IFR,1.86,Approved,2021-09-19,2022-08-15
FRA04079,Telangana,D002,Bhadradri Kothagudem,Kothagudem,Regalla,Claimant_FRA04079,CFR,2.56,Pending,2024-12-22,
FRA04080,Telangana,D006,Jangaon,Jangaon,Pasumamula,Claimant_FRA04080,IFR,3.03,Approved,2024-11-25,2025-04-03
FRA04081,Telangana,D019,Nagarkurnool,Amrabad,Mananur,Claimant_FRA04081,CFR,1.32,Approved,2022-07-14,2026-05-19
FRA04082,Telangana,D004,Hyderabad,Charminar,Chandrayangutta,Claimant_FRA04082,CFR,7.83,Approved,2022-02-26,2025-06-23
FRA04083,Telangana,D002,Bhadradri Kothagudem,Kothagudem,Regalla,Claimant_FRA04083,IFR,2.88,Pending,2025-11-04,
FRA04084,Telangana,D001,Adilabad,Boath,Ghanpur,Claimant_FRA04084,IFR,4.02,Pending,2024-05-03,
FRA04085,Telangana,D005,Jagtial,Metpally,Vellulla,Claimant_FRA04085,IFR,6.73,Rejected,2023-01-16,2024-04-09
FRA04086,Telangana,D005,Jagtial,Korutla,Ailapur,Claimant_FRA04086,IFR,2.3,Rejected,2023-08-22,2024-03-11
FRA04087,Telangana,D032,Warangal,Narsampet,Madhira,Claimant_FRA04087,CFR,2.08,Approved,2026-02-08,2026-07-19
FRA04088,Telangana,D001,Adilabad,Utnoor,Devapur,Claimant_FRA04088,IFR,6.45,Rejected,2022-12-21,2025-08-25
FRA04089,Telangana,D032,Warangal,Narsampet,Madhira,Claimant_FRA04089,CFR,5.66,Approved,2026-04-22,2026-09-05
FRA04090,Telangana,D020,Nalgonda,Devarakonda,Chinthapally,Claimant_FRA04090,CFR,0.59,Rejected,2023-01-28,2025-03-16
FRA04091,Telangana,D007,Jayashankar Bhupalpally,Chityal,Venkateshwarlapally,Claimant_FRA04091,CFR,7.22,Approved,2025-12-08,2025-12-24
FRA04092,Telangana,D001,Adilabad,Utnoor,Devapur,Claimant_FRA04092,CFR,6.58,Approved,2023-05-22,2023-11-17
FRA04093,Telangana,D003,Hanumakonda,Dharmanagar,Mustial,Claimant_FRA04093,IFR,5.47,Pending,2022-12-13,
FRA04094,Telangana,D032,Warangal,Narsampet,Madhira,Claimant_FRA04094,CFR,5.59,Approved,2026-06-07,2026-08-16
FRA04095,Telangana,D011,Khammam,Kothagudem,Seetharampuram,Claimant_FRA04095,CFR,4.31,Pending,2021-10-20,
FRA04096,Telangana,D002,Bhadradri Kothagudem,Manuguru,Anantharam,Claimant_FRA04096,IFR,4.87,Pending,2022-03-12,
FRA04097,Telangana,D028,Siddipet,Husnabad,Pothireddypet,Claimant_FRA04097,CFR,3.19,Approved,2024-02-03,2025-12-16
FRA04098,Telangana,D001,Adilabad,Utnoor,Devapur,Claimant_FRA04098,IFR,2.23,Pending,2022-10-04,
FRA04099,Telangana,D006,Jangaon,Jangaon,Pasumamula,Claimant_FRA04099,CFR,1.41,Pending,2022-12-11,
FRA04100,Telangana,D011,Khammam,Kothagudem,Seetharampuram,Claimant_FRA04100,CFR,1.73,Rejected,2023-05-11,2023-06-22
FRA04101,Telangana,D005,Jagtial,Metpally,Vellulla,Claimant_FRA04101,IFR,3.19,Approved,2024-08-13,2024-11-23
FRA04102,Telangana,D002,Bhadradri Kothagudem,Manuguru,Anantharam,Claimant_FRA04102,IFR,3.66,Pending,2022-07-19,
FRA04103,Telangana,D033,Yadadri Bhuvanagiri,Bhongir,Anantharam,Claimant_FRA04103,IFR,6.25,Approved,2024-08-09,2026-08-31
FRA04104,Telangana,D011,Khammam,Wyra,Gollapadu,Claimant_FRA04104,IFR,6.62,Pending,2023-09-27,
FRA04105,Telangana,D032,Warangal,Narsampet,Madhira,Claimant_FRA04105,IFR,6.89,Approved,2026-04-01,2026-07-20
FRA04106,Telangana,D013,Mahabubabad,Bayyaram,Garla,Claimant_FRA04106,CFR,7.25,Pending,2022-06-18,
FRA04107,Telangana,D026,Rangareddy,Shabad,Kesaram,Claimant_FRA04107,IFR,1.79,Rejected,2026-04-20,2026-08-15
FRA04108,Telangana,D003,Hanumakonda,Atmakur,Chowdapur,Claimant_FRA04108,IFR,6.32,Approved,2021-10-15,2024-10-29
FRA04109,Telangana,D006,Jangaon,Station Ghanpur,Chilpur,Claimant_FRA04109,CFR,7.18,Approved,2024-06-12,2026-05-31
FRA04110,Telangana,D006,Jangaon,Station Ghanpur,Chilpur,Claimant_FRA04110,IFR,0.87,Approved,2026-03-13,2026-07-24
FRA04111,Telangana,D030,Vikarabad,Tandur,Kotbaspally,Claimant_FRA04111,CFR,6.23,Pending,2025-02-07,
FRA04112,Telangana,D018,Mulugu,Venkatapur,Narsapur,Claimant_FRA04112,IFR,4.54,Pending,2022-04-08,
FRA04113,Telangana,D007,Jayashankar Bhupalpally,Chityal,Venkateshwarlapally,Claimant_FRA04113,CFR,3.35,Approved,2022-07-15,2026-01-11
FRA04114,Telangana,D007,Jayashankar Bhupalpally,Regonda,Kannaram,Claimant_FRA04114,IFR,0.78,Approved,2022-07-12,2026-04-16
FRA04115,Telangana,D026,Rangareddy,Shabad,Kesaram,Claimant_FRA04115,CFR,7.89,Approved,2023-04-10,2025-08-22
FRA04116,Telangana,D027,Sangareddy,Narayankhed,Kondapur,Claimant_FRA04116,IFR,7.27,Pending,2022-05-28,
FRA04117,Telangana,D005,Jagtial,Metpally,Vellulla,Claimant_FRA04117,CFR,2.85,Pending,2024-10-04,
FRA04118,Telangana,D033,Yadadri Bhuvanagiri,Bhongir,Anantharam,Claimant_FRA04118,IFR,5.86,Pending,2025-10-05,
FRA04119,Telangana,D007,Jayashankar Bhupalpally,Chityal,Venkateshwarlapally,Claimant_FRA04119,CFR,2.02,Approved,2022-05-23,2022-10-27
FRA04120,Telangana,D033,Yadadri Bhuvanagiri,Bhongir,Anantharam,Claimant_FRA04120,CFR,7.46,Approved,2022-12-14,2023-05-21
FRA04121,Telangana,D004,Hyderabad,Amberpet,Azampura,Claimant_FRA04121,IFR,2.97,Approved,2026-01-13,2026-07-13
FRA04122,Telangana,D020,Nalgonda,Devarakonda,Chinthapally,Claimant_FRA04122,IFR,6.26,Approved,2021-11-14,2022-03-21
FRA04123,Telangana,D004,Hyderabad,Amberpet,Azampura,Claimant_FRA04123,IFR,1.61,Approved,2022-03-30,2026-09-12
FRA04124,Telangana,D023,Nizamabad,Armoor,Mendora,Claimant_FRA04124,CFR,4.25,Approved,2021-11-16,2025-05-10
FRA04125,Telangana,D002,Bhadradri Kothagudem,Bhadrachalam,Nellipaka,Claimant_FRA04125,IFR,1.66,Pending,2023-08-19,
FRA04126,Telangana,D003,Hanumakonda,Dharmanagar,Mustial,Claimant_FRA04126,IFR,5.11,Approved,2025-01-18,2025-10-24
FRA04127,Telangana,D026,Rangareddy,Shabad,Kesaram,Claimant_FRA04127,CFR,5.64,Approved,2023-06-26,2024-10-09
FRA04128,Telangana,D003,Hanumakonda,Dharmanagar,Mustial,Claimant_FRA04128,IFR,3.31,Approved,2025-11-19,2026-07-03
FRA04129,Telangana,D001,Adilabad,Utnoor,Devapur,Claimant_FRA04129,IFR,6.15,Pending,2022-04-25,
FRA04130,Telangana,D027,Sangareddy,Narayankhed,Kondapur,Claimant_FRA04130,IFR,3.03,Approved,2024-12-18,2025-10-17
FRA04131,Telangana,D004,Hyderabad,Charminar,Chandrayangutta,Claimant_FRA04131,IFR,7.93,Approved,2022-01-11,2024-12-30
FRA04132,Telangana,D002,Bhadradri Kothagudem,Kothagudem,Regalla,Claimant_FRA04132,CFR,4.9,Approved,2026-05-08,2026-05-16
FRA04133,Telangana,D006,Jangaon,Jangaon,Pasumamula,Claimant_FRA04133,IFR,4.99,Pending,2024-01-05,
FRA04134,Telangana,D005,Jagtial,Korutla,Ailapur,Claimant_FRA04134,IFR,2.05,Rejected,2025-05-06,2026-01-27
FRA04135,Telangana,D005,Jagtial,Korutla,Ailapur,Claimant_FRA04135,IFR,4.02,Approved,2023-11-14,2026-02-05
FRA04136,Telangana,D023,Nizamabad,Armoor,Mendora,Claimant_FRA04136,IFR,7.1,Approved,2022-11-12,2024-03-08
FRA04137,Telangana,D011,Khammam,Kothagudem,Seetharampuram,Claimant_FRA04137,CFR,1.05,Pending,2022-04-23,
FRA04138,Telangana,D032,Warangal,Narsampet,Madhira,Claimant_FRA04138,IFR,5.91,Approved,2023-03-21,2025-03-07
FRA04139,Telangana,D007,Jayashankar Bhupalpally,Chityal,Venkateshwarlapally,Claimant_FRA04139,IFR,7.23,Pending,2024-08-07,
FRA04140,Telangana,D020,Nalgonda,Devarakonda,Chinthapally,Claimant_FRA04140,IFR,5.78,Pending,2021-10-07,
FRA04141,Telangana,D018,Mulugu,Venkatapur,Narsapur,Claimant_FRA04141,IFR,7.53,Approved,2024-01-09,2024-07-10
FRA04142,Telangana,D003,Hanumakonda,Dharmanagar,Mustial,Claimant_FRA04142,IFR,3.56,Approved,2023-10-09,2025-09-28
FRA04143,Telangana,D006,Jangaon,Jangaon,Pasumamula,Claimant_FRA04143,CFR,1.47,Rejected,2025-02-18,2025-03-19
FRA04144,Telangana,D027,Sangareddy,Narayankhed,Kondapur,Claimant_FRA04144,IFR,1.08,Approved,2023-12-26,2024-05-05
FRA04145,Telangana,D030,Vikarabad,Tandur,Kotbaspally,Claimant_FRA04145,IFR,5.82,Approved,2025-09-04,2025-11-05
FRA04146,Telangana,D007,Jayashankar Bhupalpally,Regonda,Kannaram,Claimant_FRA04146,IFR,5.65,Rejected,2022-01-05,2023-07-20
FRA04147,Telangana,D019,Nagarkurnool,Amrabad,Mananur,Claimant_FRA04147,CFR,2.89,Pending,2022-09-01,
FRA04148,Telangana,D002,Bhadradri Kothagudem,Kothagudem,Regalla,Claimant_FRA04148,CFR,6.95,Approved,2022-09-17,2025-07-22
FRA04149,Telangana,D005,Jagtial,Korutla,Ailapur,Claimant_FRA04149,CFR,5.23,Pending,2025-04-26,
FRA04150,Telangana,D030,Vikarabad,Tandur,Kotbaspally,Claimant_FRA04150,CFR,5.76,Pending,2023-01-10,
FRA04151,Telangana,D002,Bhadradri Kothagudem,Manuguru,Anantharam,Claimant_FRA04151,IFR,6.29,Pending,2022-04-30,
FRA04152,Telangana,D003,Hanumakonda,Dharmanagar,Mustial,Claimant_FRA04152,IFR,0.94,Approved,2026-04-20,2026-08-17
FRA04153,Telangana,D001,Adilabad,Utnoor,Devapur,Claimant_FRA04153,IFR,2.48,Approved,2026-03-12,2026-07-13
FRA04154,Telangana,D007,Jayashankar Bhupalpally,Regonda,Kannaram,Claimant_FRA04154,IFR,4.21,Rejected,2023-09-03,2023-11-23
FRA04155,Telangana,D006,Jangaon,Jangaon,Pasumamula,Claimant_FRA04155,IFR,2.4,Pending,2025-09-02,
FRA04156,Telangana,D001,Adilabad,Utnoor,Devapur,Claimant_FRA04156,CFR,6.98,Approved,2025-07-17,2025-10-01
FRA04157,Telangana,D007,Jayashankar Bhupalpally,Regonda,Kannaram,Claimant_FRA04157,CFR,0.74,Approved,2022-08-09,2023-11-10
FRA04158,Telangana,D018,Mulugu,Eturunagaram,Katapur,Claimant_FRA04158,CFR,5.46,Approved,2022-06-24,2025-02-07
FRA04159,Telangana,D002,Bhadradri Kothagudem,Kothagudem,Regalla,Claimant_FRA04159,IFR,6.03,Approved,2024-04-13,2026-09-11
FRA04160,Telangana,D013,Mahabubabad,Bayyaram,Garla,Claimant_FRA04160,IFR,0.79,Rejected,2026-04-17,2026-05-16
FRA04161,Telangana,D032,Warangal,Narsampet,Madhira,Claimant_FRA04161,CFR,4.93,Rejected,2022-06-30,2024-08-07
FRA04162,Telangana,D007,Jayashankar Bhupalpally,Chityal,Venkateshwarlapally,Claimant_FRA04162,IFR,5.71,Approved,2023-03-31,2023-08-28
FRA04163,Telangana,D013,Mahabubabad,Bayyaram,Garla,Claimant_FRA04163,IFR,6.08,Pending,2022-07-10,
FRA04164,Telangana,D020,Nalgonda,Devarakonda,Chinthapally,Claimant_FRA04164,CFR,5.18,Rejected,2023-08-03,2023-11-19
FRA04165,Telangana,D033,Yadadri Bhuvanagiri,Bhongir,Anantharam,Claimant_FRA04165,IFR,3.03,Pending,2022-12-27,
FRA04166,Telangana,D020,Nalgonda,Devarakonda,Chinthapally,Claimant_FRA04166,IFR,5.08,Approved,2025-04-05,2025-07-08
FRA04167,Telangana,D001,Adilabad,Boath,Ghanpur,Claimant_FRA04167,IFR,2.09,Approved,2022-02-20,2024-03-13
FRA04168,Telangana,D004,Hyderabad,Amberpet,Azampura,Claimant_FRA04168,CFR,7.53,Approved,2025-10-02,2026-04-26
FRA04169,Telangana,D005,Jagtial,Metpally,Vellulla,Claimant_FRA04169,IFR,3.95,Approved,2025-07-06,2025-10-13
FRA04170,Telangana,D027,Sangareddy,Narayankhed,Kondapur,Claimant_FRA04170,IFR,7.81,Approved,2022-05-18,2024-02-12
FRA04171,Telangana,D011,Khammam,Kothagudem,Seetharampuram,Claimant_FRA04171,CFR,2.79,Approved,2025-07-07,2026-06-01
FRA04172,Telangana,D027,Sangareddy,Narayankhed,Kondapur,Claimant_FRA04172,IFR,1.37,Approved,2022-02-26,2022-08-25
FRA04173,Telangana,D007,Jayashankar Bhupalpally,Chityal,Venkateshwarlapally,Claimant_FRA04173,CFR,0.78,Pending,2023-07-30,
FRA04174,Telangana,D006,Jangaon,Jangaon,Pasumamula,Claimant_FRA04174,IFR,2.85,Rejected,2026-07-27,2026-09-13
FRA04175,Telangana,D003,Hanumakonda,Atmakur,Chowdapur,Claimant_FRA04175,IFR,3.63,Approved,2023-03-18,2023-09-22
FRA04176,Telangana,D004,Hyderabad,Charminar,Chandrayangutta,Claimant_FRA04176,IFR,1.68,Approved,2026-02-25,2026-09-14
FRA04177,Telangana,D007,Jayashankar Bhupalpally,Regonda,Kannaram,Claimant_FRA04177,IFR,2.26,Approved,2026-04-06,2026-09-07
FRA04178,Telangana,D002,Bhadradri Kothagudem,Bhadrachalam,Nellipaka,Claimant_FRA04178,IFR,2.78,Pending,2023-03-05,
FRA04179,Telangana,D004,Hyderabad,Charminar,Chandrayangutta,Claimant_FRA04179,IFR,5.5,Approved,2026-06-16,2026-08-14
FRA04180,Telangana,D020,Nalgonda,Devarakonda,Chinthapally,Claimant_FRA04180,CFR,7.02,Pending,2025-05-29,
FRA04181,Telangana,D007,Jayashankar Bhupalpally,Chityal,Venkateshwarlapally,Claimant_FRA04181,CFR,6.22,Approved,2022-12-21,2024-07-18
FRA04182,Telangana,D011,Khammam,Wyra,Gollapadu,Claimant_FRA04182,CFR,5.19,Pending,2026-05-21,
FRA04183,Telangana,D003,Hanumakonda,Atmakur,Chowdapur,Claimant_FRA04183,CFR,0.8,Pending,2025-10-12,
FRA04184,Telangana,D001,Adilabad,Narnoor,Kothapalli,Claimant_FRA04184,IFR,1.84,Rejected,2024-12-06,2026-03-28
FRA04185,Telangana,D002,Bhadradri Kothagudem,Bhadrachalam,Nellipaka,Claimant_FRA04185,IFR,1.42,Approved,2023-10-20,2026-02-17
FRA04186,Telangana,D004,Hyderabad,Amberpet,Azampura,Claimant_FRA04186,CFR,3.66,Approved,2023-08-03,2025-11-19
FRA04187,Telangana,D004,Hyderabad,Charminar,Chandrayangutta,Claimant_FRA04187,CFR,6.72,Approved,2025-04-16,2025-07-04
FRA04188,Telangana,D033,Yadadri Bhuvanagiri,Bhongir,Anantharam,Claimant_FRA04188,IFR,7.13,Approved,2022-12-02,2025-04-05
FRA04189,Telangana,D003,Hanumakonda,Dharmanagar,Mustial,Claimant_FRA04189,IFR,4.51,Pending,2025-06-20,
FRA04190,Telangana,D018,Mulugu,Venkatapur,Narsapur,Claimant_FRA04190,IFR,6.4,Approved,2026-04-28,2026-05-28
FRA04191,Telangana,D013,Mahabubabad,Bayyaram,Garla,Claimant_FRA04191,CFR,5.71,Approved,2024-06-02,2026-09-09
FRA04192,Telangana,D004,Hyderabad,Amberpet,Azampura,Claimant_FRA04192,CFR,6.45,Pending,2024-02-07,
FRA04193,Telangana,D013,Mahabubabad,Kuravi,Seerole,Claimant_FRA04193,IFR,0.73,Pending,2023-11-25,
FRA04194,Telangana,D001,Adilabad,Boath,Ghanpur,Claimant_FRA04194,CFR,6.17,Pending,2023-07-12,
FRA04195,Telangana,D019,Nagarkurnool,Amrabad,Mananur,Claimant_FRA04195,IFR,6.85,Approved,2023-08-20,2025-12-31
FRA04196,Telangana,D004,Hyderabad,Amberpet,Azampura,Claimant_FRA04196,CFR,6.82,Pending,2026-09-15,
FRA04197,Telangana,D027,Sangareddy,Narayankhed,Kondapur,Claimant_FRA04197,CFR,5.08,Approved,2023-11-17,2025-01-07
FRA04198,Telangana,D003,Hanumakonda,Atmakur,Chowdapur,Claimant_FRA04198,CFR,5.45,Approved,2022-10-07,2025-04-12
FRA04199,Telangana,D003,Hanumakonda,Dharmanagar,Mustial,Claimant_FRA04199,IFR,2.29,Approved,2024-09-10,2026-02-02
FRA04200,Telangana,D032,Warangal,Narsampet,Madhira,Claimant_FRA04200,IFR,4.47,Rejected,2023-06-04,2024-04-01
FRA04201,Telangana,D032,Warangal,Narsampet,Madhira,Claimant_FRA04201,CFR,3.74,Pending,2024-06-04,
FRA04202,Telangana,D030,Vikarabad,Tandur,Kotbaspally,Claimant_FRA04202,IFR,1.56,Pending,2021-10-29,
FRA04203,Telangana,D027,Sangareddy,Narayankhed,Kondapur,Claimant_FRA04203,IFR,4.11,Pending,2022-06-29,
FRA04204,Telangana,D023,Nizamabad,Armoor,Mendora,Claimant_FRA04204,IFR,4.16,Approved,2022-12-23,2025-06-09
FRA04205,Telangana,D013,Mahabubabad,Bayyaram,Garla,Claimant_FRA04205,IFR,1.04,Approved,2024-06-10,2025-06-12
FRA04206,Telangana,D005,Jagtial,Korutla,Ailapur,Claimant_FRA04206,CFR,7.05,Pending,2026-08-27,
FRA04207,Telangana,D002,Bhadradri Kothagudem,Kothagudem,Regalla,Claimant_FRA04207,CFR,5.78,Pending,2022-03-06,
FRA04208,Telangana,D005,Jagtial,Metpally,Vellulla,Claimant_FRA04208,IFR,3.26,Rejected,2022-11-07,2026-06-26
FRA04209,Telangana,D005,Jagtial,Metpally,Vellulla,Claimant_FRA04209,CFR,1.56,Pending,2025-01-03,
FRA04210,Telangana,D011,Khammam,Kothagudem,Seetharampuram,Claimant_FRA04210,IFR,5.12,Approved,2023-04-02,2024-07-12
FRA04211,Telangana,D023,Nizamabad,Armoor,Mendora,Claimant_FRA04211,IFR,7.78,Approved,2025-06-13,2026-02-08
FRA04212,Telangana,D011,Khammam,Wyra,Gollapadu,Claimant_FRA04212,IFR,1.04,Rejected,2021-10-04,2023-06-21
FRA04213,Telangana,D027,Sangareddy,Narayankhed,Kondapur,Claimant_FRA04213,IFR,3.97,Pending,2023-08-22,
FRA04214,Telangana,D028,Siddipet,Husnabad,Pothireddypet,Claimant_FRA04214,CFR,0.6,Approved,2025-12-25,2026-02-28
FRA04215,Telangana,D006,Jangaon,Jangaon,Pasumamula,Claimant_FRA04215,IFR,6.31,Pending,2023-08-02,
FRA04216,Telangana,D033,Yadadri Bhuvanagiri,Bhongir,Anantharam,Claimant_FRA04216,IFR,4.0,Pending,2026-05-22,
FRA04217,Telangana,D026,Rangareddy,Shabad,Kesaram,Claimant_FRA04217,IFR,1.91,Approved,2023-04-02,2023-08-09
FRA04218,Telangana,D019,Nagarkurnool,Amrabad,Mananur,Claimant_FRA04218,CFR,3.83,Pending,2023-11-22,
FRA04219,Telangana,D006,Jangaon,Jangaon,Pasumamula,Claimant_FRA04219,CFR,3.12,Rejected,2024-07-26,2026-09-08
FRA04220,Telangana,D006,Jangaon,Jangaon,Pasumamula,Claimant_FRA04220,CFR,3.72,Approved,2025-01-10,2025-12-05
FRA04221,Telangana,D002,Bhadradri Kothagudem,Manuguru,Anantharam,Claimant_FRA04221,IFR,6.46,Approved,2025-11-02,2026-06-12
FRA04222,Telangana,D001,Adilabad,Utnoor,Devapur,Claimant_FRA04222,IFR,7.08,Approved,2022-08-02,2024-11-03
FRA04223,Telangana,D006,Jangaon,Station Ghanpur,Chilpur,Claimant_FRA04223,IFR,2.75,Pending,2026-01-28,
FRA04224,Telangana,D007,Jayashankar Bhupalpally,Regonda,Kannaram,Claimant_FRA04224,IFR,6.13,Approved,2023-03-10,2026-09-04
FRA04225,Telangana,D030,Vikarabad,Tandur,Kotbaspally,Claimant_FRA04225,CFR,2.39,Approved,2025-01-12,2025-12-18
FRA04226,Telangana,D004,Hyderabad,Charminar,Chandrayangutta,Claimant_FRA04226,IFR,1.44,Approved,2023-03-18,2025-05-04
FRA04227,Telangana,D018,Mulugu,Venkatapur,Narsapur,Claimant_FRA04227,CFR,3.43,Approved,2025-09-05,2025-12-24
FRA04228,Telangana,D001,Adilabad,Narnoor,Kothapalli,Claimant_FRA04228,CFR,4.4,Rejected,2022-02-09,2023-05-18
FRA04229,Telangana,D002,Bhadradri Kothagudem,Manuguru,Anantharam,Claimant_FRA04229,IFR,4.42,Rejected,2023-12-22,2024-02-07
FRA04230,Telangana,D001,Adilabad,Utnoor,Devapur,Claimant_FRA04230,CFR,7.52,Approved,2023-10-11,2025-06-06
FRA04231,Telangana,D019,Nagarkurnool,Amrabad,Mananur,Claimant_FRA04231,IFR,7.72,Pending,2021-10-01,
FRA04232,Telangana,D005,Jagtial,Korutla,Ailapur,Claimant_FRA04232,CFR,3.84,Approved,2023-03-09,2025-10-02
FRA04233,Telangana,D018,Mulugu,Eturunagaram,Katapur,Claimant_FRA04233,IFR,2.21,Approved,2025-03-19,2026-06-19
FRA04234,Telangana,D011,Khammam,Kothagudem,Seetharampuram,Claimant_FRA04234,IFR,1.36,Approved,2024-03-16,2026-01-25
FRA04235,Telangana,D007,Jayashankar Bhupalpally,Chityal,Venkateshwarlapally,Claimant_FRA04235,IFR,1.71,Approved,2022-05-28,2026-03-03
FRA04236,Telangana,D006,Jangaon,Jangaon,Pasumamula,Claimant_FRA04236,CFR,6.2,Approved,2024-12-16,2025-07-08
FRA04237,Telangana,D007,Jayashankar Bhupalpally,Regonda,Kannaram,Claimant_FRA04237,IFR,2.31,Approved,2023-01-21,2023-11-11
FRA04238,Telangana,D032,Warangal,Narsampet,Madhira,Claimant_FRA04238,CFR,6.54,Approved,2025-01-01,2025-12-01
FRA04239,Telangana,D026,Rangareddy,Shabad,Kesaram,Claimant_FRA04239,CFR,4.09,Approved,2024-07-03,2025-04-27
FRA04240,Telangana,D028,Siddipet,Husnabad,Pothireddypet,Claimant_FRA04240,CFR,4.65,Approved,2025-08-19,2026-02-16
FRA04241,Telangana,D011,Khammam,Wyra,Gollapadu,Claimant_FRA04241,CFR,4.13,Approved,2025-05-16,2025-07-04
FRA04242,Telangana,D013,Mahabubabad,Bayyaram,Garla,Claimant_FRA04242,IFR,3.1,Approved,2026-04-10,2026-07-13
FRA04243,Telangana,D032,Warangal,Narsampet,Madhira,Claimant_FRA04243,CFR,5.3,Approved,2022-12-04,2024-06-25
FRA04244,Telangana,D002,Bhadradri Kothagudem,Manuguru,Anantharam,Claimant_FRA04244,CFR,7.87,Pending,2021-12-11,
FRA04245,Telangana,D002,Bhadradri Kothagudem,Bhadrachalam,Nellipaka,Claimant_FRA04245,CFR,1.77,Approved,2025-02-27,2026-06-17
FRA04246,Telangana,D006,Jangaon,Jangaon,Pasumamula,Claimant_FRA04246,CFR,2.39,Pending,2024-05-02,
FRA04247,Telangana,D011,Khammam,Wyra,Gollapadu,Claimant_FRA04247,IFR,0.73,Approved,2024-01-10,2025-08-10
FRA04248,Telangana,D033,Yadadri Bhuvanagiri,Bhongir,Anantharam,Claimant_FRA04248,IFR,3.08,Approved,2022-02-23,2026-01-08
FRA04249,Telangana,D005,Jagtial,Korutla,Ailapur,Claimant_FRA04249,CFR,1.45,Approved,2023-12-09,2024-04-19
FRA04250,Telangana,D005,Jagtial,Korutla,Ailapur,Claimant_FRA04250,CFR,2.81,Approved,2025-04-15,2026-02-04
FRA04251,Telangana,D007,Jayashankar Bhupalpally,Chityal,Venkateshwarlapally,Claimant_FRA04251,CFR,1.48,Rejected,2024-11-24,2025-03-18
FRA04252,Telangana,D026,Rangareddy,Shabad,Kesaram,Claimant_FRA04252,IFR,0.7,Pending,2023-06-05,
FRA04253,Telangana,D011,Khammam,Kothagudem,Seetharampuram,Claimant_FRA04253,CFR,3.3,Rejected,2024-03-08,2025-03-01
FRA04254,Telangana,D013,Mahabubabad,Bayyaram,Garla,Claimant_FRA04254,CFR,3.29,Approved,2023-10-15,2024-03-14
FRA04255,Telangana,D032,Warangal,Narsampet,Madhira,Claimant_FRA04255,CFR,7.18,Pending,2025-02-02,
FRA04256,Telangana,D033,Yadadri Bhuvanagiri,Bhongir,Anantharam,Claimant_FRA04256,IFR,5.66,Approved,2021-09-19,2021-10-27
FRA04257,Telangana,D006,Jangaon,Station Ghanpur,Chilpur,Claimant_FRA04257,CFR,7.56,Approved,2026-03-19,2026-07-06
FRA04258,Telangana,D002,Bhadradri Kothagudem,Kothagudem,Regalla,Claimant_FRA04258,CFR,1.84,Approved,2024-12-04,2025-01-07
FRA04259,Telangana,D004,Hyderabad,Amberpet,Azampura,Claimant_FRA04259,IFR,7.75,Pending,2023-03-31,
FRA04260,Telangana,D006,Jangaon,Station Ghanpur,Chilpur,Claimant_FRA04260,IFR,5.57,Approved,2022-02-15,2024-12-22
FRA04261,Telangana,D004,Hyderabad,Amberpet,Azampura,Claimant_FRA04261,IFR,7.5,Pending,2023-08-10,
FRA04262,Telangana,D006,Jangaon,Station Ghanpur,Chilpur,Claimant_FRA04262,IFR,6.66,Approved,2024-06-24,2026-06-19
FRA04263,Telangana,D002,Bhadradri Kothagudem,Bhadrachalam,Nellipaka,Claimant_FRA04263,CFR,7.52,Approved,2022-02-14,2023-01-20
FRA04264,Telangana,D002,Bhadradri Kothagudem,Kothagudem,Regalla,Claimant_FRA04264,IFR,7.26,Approved,2024-01-28,2024-05-21
FRA04265,Telangana,D028,Siddipet,Husnabad,Pothireddypet,Claimant_FRA04265,CFR,6.02,Approved,2025-07-16,2026-08-29
FRA04266,Telangana,D030,Vikarabad,Tandur,Kotbaspally,Claimant_FRA04266,IFR,5.44,Pending,2023-01-07,
FRA04267,Telangana,D013,Mahabubabad,Kuravi,Seerole,Claimant_FRA04267,IFR,7.42,Pending,2023-02-26,
FRA04268,Telangana,D001,Adilabad,Boath,Ghanpur,Claimant_FRA04268,IFR,5.93,Approved,2022-06-17,2022-12-24
FRA04269,Telangana,D006,Jangaon,Station Ghanpur,Chilpur,Claimant_FRA04269,IFR,0.95,Rejected,2022-12-02,2024-09-29
FRA04270,Telangana,D023,Nizamabad,Armoor,Mendora,Claimant_FRA04270,IFR,3.58,Pending,2024-09-06,
FRA04271,Telangana,D018,Mulugu,Eturunagaram,Katapur,Claimant_FRA04271,CFR,3.12,Approved,2025-10-31,2026-03-03
FRA04272,Telangana,D026,Rangareddy,Shabad,Kesaram,Claimant_FRA04272,IFR,6.61,Pending,2024-04-13,
FRA04273,Telangana,D004,Hyderabad,Charminar,Chandrayangutta,Claimant_FRA04273,IFR,4.28,Approved,2026-08-21,2026-08-30
FRA04274,Telangana,D019,Nagarkurnool,Amrabad,Mananur,Claimant_FRA04274,IFR,1.65,Approved,2025-05-31,2025-08-24
FRA04275,Telangana,D001,Adilabad,Boath,Ghanpur,Claimant_FRA04275,IFR,3.31,Approved,2025-12-12,2026-04-19
FRA04276,Telangana,D006,Jangaon,Station Ghanpur,Chilpur,Claimant_FRA04276,CFR,2.14,Rejected,2022-07-01,2024-04-06
FRA04277,Telangana,D004,Hyderabad,Charminar,Chandrayangutta,Claimant_FRA04277,IFR,5.23,Approved,2026-08-06,2026-08-17
FRA04278,Telangana,D002,Bhadradri Kothagudem,Manuguru,Anantharam,Claimant_FRA04278,IFR,4.21,Approved,2023-04-19,2024-02-18
FRA04279,Telangana,D018,Mulugu,Venkatapur,Narsapur,Claimant_FRA04279,IFR,4.73,Approved,2023-01-28,2023-09-02
FRA04280,Telangana,D002,Bhadradri Kothagudem,Manuguru,Anantharam,Claimant_FRA04280,CFR,0.92,Pending,2022-02-02,
FRA04281,Telangana,D003,Hanumakonda,Dharmanagar,Mustial,Claimant_FRA04281,IFR,1.85,Approved,2024-10-31,2026-08-10
FRA04282,Telangana,D006,Jangaon,Jangaon,Pasumamula,Claimant_FRA04282,CFR,4.33,Approved,2026-08-18,2026-09-18
FRA04283,Telangana,D026,Rangareddy,Shabad,Kesaram,Claimant_FRA04283,CFR,1.37,Pending,2023-12-15,
FRA04284,Telangana,D018,Mulugu,Venkatapur,Narsapur,Claimant_FRA04284,CFR,5.73,Approved,2022-07-23,2026-08-05
FRA04285,Telangana,D033,Yadadri Bhuvanagiri,Bhongir,Anantharam,Claimant_FRA04285,CFR,3.6,Approved,2022-02-25,2022-08-02
FRA04286,Telangana,D011,Khammam,Wyra,Gollapadu,Claimant_FRA04286,CFR,6.02,Pending,2024-11-04,
FRA04287,Telangana,D007,Jayashankar Bhupalpally,Regonda,Kannaram,Claimant_FRA04287,IFR,4.77,Approved,2022-10-05,2025-04-09
FRA04288,Telangana,D003,Hanumakonda,Dharmanagar,Mustial,Claimant_FRA04288,IFR,1.97,Approved,2021-10-19,2022-02-28
FRA04289,Telangana,D018,Mulugu,Venkatapur,Narsapur,Claimant_FRA04289,IFR,4.37,Approved,2023-01-25,2023-07-16
FRA04290,Telangana,D002,Bhadradri Kothagudem,Kothagudem,Regalla,Claimant_FRA04290,CFR,5.2,Approved,2024-05-17,2024-06-12
FRA04291,Telangana,D004,Hyderabad,Amberpet,Azampura,Claimant_FRA04291,CFR,7.91,Approved,2025-09-08,2026-06-12
FRA04292,Telangana,D007,Jayashankar Bhupalpally,Regonda,Kannaram,Claimant_FRA04292,IFR,5.47,Approved,2023-11-19,2025-01-29
FRA04293,Telangana,D019,Nagarkurnool,Amrabad,Mananur,Claimant_FRA04293,CFR,3.89,Rejected,2021-11-24,2022-06-18
FRA04294,Telangana,D026,Rangareddy,Shabad,Kesaram,Claimant_FRA04294,CFR,2.1,Approved,2024-08-09,2025-02-04
FRA04295,Telangana,D033,Yadadri Bhuvanagiri,Bhongir,Anantharam,Claimant_FRA04295,IFR,2.66,Approved,2025-06-27,2026-01-23
FRA04296,Telangana,D004,Hyderabad,Charminar,Chandrayangutta,Claimant_FRA04296,IFR,7.72,Pending,2025-10-04,
FRA04297,Telangana,D030,Vikarabad,Tandur,Kotbaspally,Claimant_FRA04297,IFR,6.63,Approved,2024-11-06,2025-08-22
FRA04298,Telangana,D018,Mulugu,Eturunagaram,Katapur,Claimant_FRA04298,CFR,3.43,Pending,2023-03-19,
FRA04299,Telangana,D002,Bhadradri Kothagudem,Manuguru,Anantharam,Claimant_FRA04299,CFR,4.51,Approved,2025-12-26,2026-05-04
FRA04300,Telangana,D002,Bhadradri Kothagudem,Kothagudem,Regalla,Claimant_FRA04300,CFR,7.43,Approved,2023-08-14,2023-09-06
FRA04301,Telangana,D001,Adilabad,Boath,Ghanpur,Claimant_FRA04301,CFR,7.65,Approved,2023-04-16,2024-02-13
FRA04302,Telangana,D013,Mahabubabad,Kuravi,Seerole,Claimant_FRA04302,IFR,5.97,Approved,2021-12-28,2023-06-22
FRA04303,Telangana,D013,Mahabubabad,Kuravi,Seerole,Claimant_FRA04303,IFR,4.82,Approved,2024-05-01,2024-12-30
FRA04304,Telangana,D032,Warangal,Narsampet,Madhira,Claimant_FRA04304,IFR,0.55,Approved,2023-07-16,2023-10-28
FRA04305,Telangana,D018,Mulugu,Eturunagaram,Katapur,Claimant_FRA04305,CFR,6.85,Rejected,2024-08-12,2025-03-06
FRA04306,Telangana,D019,Nagarkurnool,Amrabad,Mananur,Claimant_FRA04306,IFR,4.36,Rejected,2024-05-21,2024-10-24
FRA04307,Telangana,D002,Bhadradri Kothagudem,Bhadrachalam,Nellipaka,Claimant_FRA04307,CFR,7.26,Approved,2024-12-12,2025-04-01
FRA04308,Telangana,D004,Hyderabad,Charminar,Chandrayangutta,Claimant_FRA04308,CFR,4.12,Rejected,2022-09-25,2024-06-03
FRA04309,Telangana,D007,Jayashankar Bhupalpally,Chityal,Venkateshwarlapally,Claimant_FRA04309,IFR,4.82,Approved,2024-10-07,2026-07-18
FRA04310,Telangana,D006,Jangaon,Station Ghanpur,Chilpur,Claimant_FRA04310,IFR,6.97,Approved,2025-02-25,2026-06-15
FRA04311,Telangana,D005,Jagtial,Metpally,Vellulla,Claimant_FRA04311,IFR,4.52,Approved,2022-07-19,2022-10-06
FRA04312,Telangana,D004,Hyderabad,Amberpet,Azampura,Claimant_FRA04312,CFR,1.32,Rejected,2026-07-23,2026-09-05
FRA04313,Telangana,D011,Khammam,Wyra,Gollapadu,Claimant_FRA04313,CFR,1.27,Rejected,2021-12-23,2025-07-13
FRA04314,Telangana,D011,Khammam,Kothagudem,Seetharampuram,Claimant_FRA04314,CFR,1.27,Pending,2022-03-15,
FRA04315,Telangana,D004,Hyderabad,Charminar,Chandrayangutta,Claimant_FRA04315,IFR,6.72,Rejected,2024-04-10,2024-12-01
FRA04316,Telangana,D005,Jagtial,Metpally,Vellulla,Claimant_FRA04316,IFR,4.59,Approved,2022-09-22,2024-01-16
FRA04317,Telangana,D030,Vikarabad,Tandur,Kotbaspally,Claimant_FRA04317,IFR,3.32,Approved,2024-08-05,2026-01-29
FRA04318,Telangana,D006,Jangaon,Station Ghanpur,Chilpur,Claimant_FRA04318,CFR,7.6,Pending,2025-04-20,
FRA04319,Telangana,D003,Hanumakonda,Atmakur,Chowdapur,Claimant_FRA04319,IFR,2.24,Approved,2026-04-16,2026-05-12
FRA04320,Telangana,D002,Bhadradri Kothagudem,Kothagudem,Regalla,Claimant_FRA04320,IFR,4.05,Pending,2024-01-10,
FRA04321,Telangana,D002,Bhadradri Kothagudem,Kothagudem,Regalla,Claimant_FRA04321,IFR,7.19,Pending,2024-10-27,
FRA04322,Telangana,D004,Hyderabad,Amberpet,Azampura,Claimant_FRA04322,CFR,3.65,Approved,2023-02-21,2024-11-13
FRA04323,Telangana,D028,Siddipet,Husnabad,Pothireddypet,Claimant_FRA04323,IFR,5.02,Approved,2025-12-25,2026-08-01
FRA04324,Telangana,D005,Jagtial,Metpally,Vellulla,Claimant_FRA04324,CFR,1.57,Pending,2024-01-24,
FRA04325,Telangana,D002,Bhadradri Kothagudem,Kothagudem,Regalla,Claimant_FRA04325,CFR,5.46,Approved,2026-08-25,2026-09-13
FRA04326,Telangana,D001,Adilabad,Boath,Ghanpur,Claimant_FRA04326,CFR,6.35,Approved,2026-02-11,2026-02-27
FRA04327,Telangana,D005,Jagtial,Metpally,Vellulla,Claimant_FRA04327,IFR,6.57,Approved,2023-05-29,2024-12-25
FRA04328,Telangana,D003,Hanumakonda,Dharmanagar,Mustial,Claimant_FRA04328,IFR,3.63,Pending,2026-07-15,
FRA04329,Telangana,D004,Hyderabad,Amberpet,Azampura,Claimant_FRA04329,IFR,5.88,Rejected,2022-05-27,2024-06-21
FRA04330,Telangana,D001,Adilabad,Utnoor,Devapur,Claimant_FRA04330,CFR,6.06,Approved,2023-11-15,2025-10-30
FRA04331,Telangana,D013,Mahabubabad,Bayyaram,Garla,Claimant_FRA04331,CFR,6.99,Approved,2024-08-11,2024-11-25
FRA04332,Telangana,D018,Mulugu,Eturunagaram,Katapur,Claimant_FRA04332,IFR,4.9,Approved,2023-04-20,2024-11-08
FRA04333,Telangana,D004,Hyderabad,Amberpet,Azampura,Claimant_FRA04333,CFR,3.23,Pending,2021-12-08,
FRA04334,Telangana,D006,Jangaon,Station Ghanpur,Chilpur,Claimant_FRA04334,IFR,3.82,Approved,2024-08-05,2025-05-16
FRA04335,Telangana,D007,Jayashankar Bhupalpally,Regonda,Kannaram,Claimant_FRA04335,IFR,6.02,Approved,2026-09-13,2026-09-16
FRA04336,Telangana,D002,Bhadradri Kothagudem,Manuguru,Anantharam,Claimant_FRA04336,IFR,5.3,Rejected,2025-01-11,2025-04-07
FRA04337,Telangana,D028,Siddipet,Husnabad,Pothireddypet,Claimant_FRA04337,CFR,2.48,Rejected,2026-09-12,2026-09-17
FRA04338,Telangana,D005,Jagtial,Metpally,Vellulla,Claimant_FRA04338,CFR,4.38,Rejected,2025-10-30,2025-12-24
FRA04339,Telangana,D033,Yadadri Bhuvanagiri,Bhongir,Anantharam,Claimant_FRA04339,IFR,4.27,Pending,2023-12-27,
FRA04340,Telangana,D011,Khammam,Wyra,Gollapadu,Claimant_FRA04340,IFR,6.09,Rejected,2023-10-01,2025-09-19
FRA04341,Telangana,D003,Hanumakonda,Atmakur,Chowdapur,Claimant_FRA04341,IFR,4.4,Approved,2022-01-17,2025-09-16
FRA04342,Telangana,D033,Yadadri Bhuvanagiri,Bhongir,Anantharam,Claimant_FRA04342,IFR,2.38,Pending,2025-05-12,
FRA04343,Telangana,D018,Mulugu,Eturunagaram,Katapur,Claimant_FRA04343,CFR,0.6,Approved,2026-09-12,2026-09-18
FRA04344,Telangana,D001,Adilabad,Boath,Ghanpur,Claimant_FRA04344,CFR,6.1,Pending,2021-11-16,
FRA04345,Telangana,D001,Adilabad,Narnoor,Kothapalli,Claimant_FRA04345,CFR,3.48,Rejected,2026-02-08,2026-03-19
FRA04346,Telangana,D002,Bhadradri Kothagudem,Manuguru,Anantharam,Claimant_FRA04346,CFR,7.16,Approved,2023-05-08,2023-12-08
FRA04347,Telangana,D013,Mahabubabad,Kuravi,Seerole,Claimant_FRA04347,IFR,1.39,Pending,2023-10-14,
FRA04348,Telangana,D002,Bhadradri Kothagudem,Manuguru,Anantharam,Claimant_FRA04348,IFR,6.21,Pending,2023-04-22,
FRA04349,Telangana,D007,Jayashankar Bhupalpally,Regonda,Kannaram,Claimant_FRA04349,IFR,5.41,Pending,2023-10-22,
FRA04350,Telangana,D018,Mulugu,Venkatapur,Narsapur,Claimant_FRA04350,CFR,7.71,Approved,2025-08-19,2025-09-27
FRA04351,Telangana,D005,Jagtial,Korutla,Ailapur,Claimant_FRA04351,IFR,5.82,Approved,2023-10-21,2025-11-06
FRA04352,Telangana,D026,Rangareddy,Shabad,Kesaram,Claimant_FRA04352,IFR,6.95,Pending,2022-12-17,
FRA04353,Telangana,D020,Nalgonda,Devarakonda,Chinthapally,Claimant_FRA04353,CFR,5.58,Rejected,2025-09-17,2026-01-21
FRA04354,Telangana,D013,Mahabubabad,Bayyaram,Garla,Claimant_FRA04354,CFR,6.68,Rejected,2026-05-28,2026-09-09
FRA04355,Telangana,D026,Rangareddy,Shabad,Kesaram,Claimant_FRA04355,IFR,0.59,Pending,2024-04-12,
FRA04356,Telangana,D005,Jagtial,Metpally,Vellulla,Claimant_FRA04356,IFR,3.04,Approved,2025-09-03,2026-09-17
FRA04357,Telangana,D030,Vikarabad,Tandur,Kotbaspally,Claimant_FRA04357,IFR,2.4,Pending,2025-04-19,
FRA04358,Telangana,D013,Mahabubabad,Bayyaram,Garla,Claimant_FRA04358,CFR,2.36,Approved,2022-08-08,2023-03-26
FRA04359,Telangana,D011,Khammam,Kothagudem,Seetharampuram,Claimant_FRA04359,IFR,6.59,Pending,2022-05-16,
FRA04360,Telangana,D005,Jagtial,Korutla,Ailapur,Claimant_FRA04360,CFR,1.9,Approved,2025-06-27,2026-08-27
FRA04361,Telangana,D005,Jagtial,Metpally,Vellulla,Claimant_FRA04361,CFR,6.51,Approved,2026-01-24,2026-02-28
FRA04362,Telangana,D002,Bhadradri Kothagudem,Kothagudem,Regalla,Claimant_FRA04362,IFR,6.03,Approved,2023-08-01,2025-05-05
FRA04363,Telangana,D020,Nalgonda,Devarakonda,Chinthapally,Claimant_FRA04363,IFR,6.02,Approved,2023-07-01,2024-01-19
FRA04364,Telangana,D018,Mulugu,Venkatapur,Narsapur,Claimant_FRA04364,CFR,1.24,Rejected,2025-04-19,2025-07-22
FRA04365,Telangana,D001,Adilabad,Boath,Ghanpur,Claimant_FRA04365,IFR,3.73,Pending,2022-01-08,
FRA04366,Telangana,D002,Bhadradri Kothagudem,Manuguru,Anantharam,Claimant_FRA04366,IFR,7.31,Approved,2023-10-03,2023-11-08
FRA04367,Telangana,D002,Bhadradri Kothagudem,Manuguru,Anantharam,Claimant_FRA04367,IFR,0.72,Pending,2022-03-16,
FRA04368,Telangana,D019,Nagarkurnool,Amrabad,Mananur,Claimant_FRA04368,IFR,5.13,Approved,2025-09-05,2026-07-14
FRA04369,Telangana,D003,Hanumakonda,Atmakur,Chowdapur,Claimant_FRA04369,IFR,6.16,Approved,2026-06-10,2026-09-14
FRA04370,Telangana,D003,Hanumakonda,Dharmanagar,Mustial,Claimant_FRA04370,CFR,3.23,Rejected,2021-11-22,2024-08-30
FRA04371,Telangana,D007,Jayashankar Bhupalpally,Regonda,Kannaram,Claimant_FRA04371,CFR,6.77,Approved,2023-07-11,2025-05-14
FRA04372,Telangana,D011,Khammam,Wyra,Gollapadu,Claimant_FRA04372,IFR,2.47,Pending,2023-05-28,
FRA04373,Telangana,D001,Adilabad,Boath,Ghanpur,Claimant_FRA04373,IFR,3.52,Pending,2024-01-21,
FRA04374,Telangana,D011,Khammam,Wyra,Gollapadu,Claimant_FRA04374,CFR,5.6,Approved,2026-01-23,2026-01-23
FRA04375,Telangana,D007,Jayashankar Bhupalpally,Chityal,Venkateshwarlapally,Claimant_FRA04375,IFR,6.18,Pending,2024-09-05,
FRA04376,Telangana,D011,Khammam,Wyra,Gollapadu,Claimant_FRA04376,IFR,2.63,Approved,2025-05-27,2025-07-02
FRA04377,Telangana,D027,Sangareddy,Narayankhed,Kondapur,Claimant_FRA04377,IFR,7.78,Approved,2022-11-21,2026-06-03
FRA04378,Telangana,D005,Jagtial,Korutla,Ailapur,Claimant_FRA04378,IFR,4.21,Pending,2022-12-04,
FRA04379,Telangana,D007,Jayashankar Bhupalpally,Chityal,Venkateshwarlapally,Claimant_FRA04379,IFR,3.02,Rejected,2025-04-21,2025-08-11
FRA04380,Telangana,D001,Adilabad,Boath,Ghanpur,Claimant_FRA04380,IFR,6.41,Approved,2022-11-27,2026-02-20
FRA04381,Telangana,D013,Mahabubabad,Kuravi,Seerole,Claimant_FRA04381,CFR,6.29,Rejected,2024-02-24,2025-07-08
FRA04382,Telangana,D019,Nagarkurnool,Amrabad,Mananur,Claimant_FRA04382,IFR,3.91,Approved,2025-12-07,2026-03-12
FRA04383,Telangana,D011,Khammam,Wyra,Gollapadu,Claimant_FRA04383,CFR,6.17,Pending,2024-10-02,
FRA04384,Telangana,D001,Adilabad,Utnoor,Devapur,Claimant_FRA04384,CFR,7.42,Pending,2024-02-10,
FRA04385,Telangana,D005,Jagtial,Metpally,Vellulla,Claimant_FRA04385,CFR,0.66,Approved,2023-04-11,2023-12-14
FRA04386,Telangana,D004,Hyderabad,Amberpet,Azampura,Claimant_FRA04386,IFR,5.48,Approved,2023-02-04,2026-06-08
FRA04387,Telangana,D023,Nizamabad,Armoor,Mendora,Claimant_FRA04387,CFR,3.98,Pending,2025-10-19,
FRA04388,Telangana,D006,Jangaon,Jangaon,Pasumamula,Claimant_FRA04388,IFR,4.14,Approved,2025-07-08,2025-11-30
FRA04389,Telangana,D019,Nagarkurnool,Amrabad,Mananur,Claimant_FRA04389,IFR,2.42,Approved,2021-12-09,2022-10-18
FRA04390,Telangana,D003,Hanumakonda,Dharmanagar,Mustial,Claimant_FRA04390,CFR,2.98,Approved,2024-12-23,2025-07-23
FRA04391,Telangana,D013,Mahabubabad,Kuravi,Seerole,Claimant_FRA04391,CFR,5.73,Approved,2022-12-14,2024-08-10
FRA04392,Telangana,D003,Hanumakonda,Atmakur,Chowdapur,Claimant_FRA04392,IFR,3.89,Approved,2023-11-10,2024-09-10
FRA04393,Telangana,D001,Adilabad,Narnoor,Kothapalli,Claimant_FRA04393,CFR,1.11,Approved,2025-03-25,2026-06-22
FRA04394,Telangana,D026,Rangareddy,Shabad,Kesaram,Claimant_FRA04394,CFR,0.75,Pending,2023-06-23,
FRA04395,Telangana,D032,Warangal,Narsampet,Madhira,Claimant_FRA04395,IFR,3.7,Rejected,2024-05-15,2025-12-08
FRA04396,Telangana,D004,Hyderabad,Amberpet,Azampura,Claimant_FRA04396,CFR,7.12,Pending,2023-03-14,
FRA04397,Telangana,D007,Jayashankar Bhupalpally,Regonda,Kannaram,Claimant_FRA04397,IFR,0.93,Approved,2025-08-21,2025-10-16
FRA04398,Telangana,D004,Hyderabad,Amberpet,Azampura,Claimant_FRA04398,IFR,4.72,Approved,2022-06-29,2026-01-31
FRA04399,Telangana,D005,Jagtial,Korutla,Ailapur,Claimant_FRA04399,CFR,4.37,Approved,2024-03-29,2026-04-01
FRA04400,Telangana,D002,Bhadradri Kothagudem,Kothagudem,Regalla,Claimant_FRA04400,CFR,2.38,Approved,2022-06-18,2024-12-31
FRA04401,Telangana,D013,Mahabubabad,Kuravi,Seerole,Claimant_FRA04401,IFR,1.15,Rejected,2023-04-30,2023-07-28
FRA04402,Telangana,D005,Jagtial,Metpally,Vellulla,Claimant_FRA04402,IFR,4.68,Approved,2026-03-14,2026-08-25
FRA04403,Telangana,D003,Hanumakonda,Dharmanagar,Mustial,Claimant_FRA04403,CFR,7.24,Pending,2023-04-05,
FRA04404,Telangana,D011,Khammam,Wyra,Gollapadu,Claimant_FRA04404,CFR,5.57,Approved,2026-03-13,2026-08-08
FRA04405,Telangana,D004,Hyderabad,Amberpet,Azampura,Claimant_FRA04405,CFR,6.65,Pending,2022-12-14,
FRA04406,Telangana,D030,Vikarabad,Tandur,Kotbaspally,Claimant_FRA04406,CFR,0.87,Approved,2022-04-17,2026-01-13
FRA04407,Telangana,D002,Bhadradri Kothagudem,Bhadrachalam,Nellipaka,Claimant_FRA04407,IFR,1.61,Approved,2024-05-04,2024-05-20
FRA04408,Telangana,D026,Rangareddy,Shabad,Kesaram,Claimant_FRA04408,CFR,5.89,Pending,2024-05-05,
FRA04409,Telangana,D006,Jangaon,Station Ghanpur,Chilpur,Claimant_FRA04409,CFR,1.16,Pending,2025-09-24,
FRA04410,Telangana,D006,Jangaon,Jangaon,Pasumamula,Claimant_FRA04410,IFR,6.66,Pending,2026-07-09,
FRA04411,Telangana,D020,Nalgonda,Devarakonda,Chinthapally,Claimant_FRA04411,IFR,4.35,Pending,2022-09-05,
FRA04412,Telangana,D011,Khammam,Wyra,Gollapadu,Claimant_FRA04412,IFR,2.31,Approved,2024-02-09,2025-05-06
FRA04413,Telangana,D032,Warangal,Narsampet,Madhira,Claimant_FRA04413,CFR,2.57,Approved,2024-01-05,2026-09-08
FRA04414,Telangana,D005,Jagtial,Metpally,Vellulla,Claimant_FRA04414,CFR,4.69,Pending,2025-02-10,
FRA04415,Telangana,D002,Bhadradri Kothagudem,Manuguru,Anantharam,Claimant_FRA04415,IFR,4.2,Pending,2023-07-01,
FRA04416,Telangana,D013,Mahabubabad,Bayyaram,Garla,Claimant_FRA04416,CFR,0.73,Approved,2024-08-26,2025-10-15
FRA04417,Telangana,D033,Yadadri Bhuvanagiri,Bhongir,Anantharam,Claimant_FRA04417,CFR,2.02,Rejected,2023-03-31,2026-03-14
FRA04418,Telangana,D026,Rangareddy,Shabad,Kesaram,Claimant_FRA04418,IFR,4.23,Pending,2022-03-02,
FRA04419,Telangana,D004,Hyderabad,Charminar,Chandrayangutta,Claimant_FRA04419,CFR,7.88,Approved,2023-03-22,2025-08-30
FRA04420,Telangana,D018,Mulugu,Eturunagaram,Katapur,Claimant_FRA04420,CFR,3.29,Approved,2023-03-29,2026-02-16
FRA04421,Telangana,D030,Vikarabad,Tandur,Kotbaspally,Claimant_FRA04421,CFR,6.97,Pending,2023-10-21,
FRA04422,Telangana,D003,Hanumakonda,Atmakur,Chowdapur,Claimant_FRA04422,CFR,1.59,Approved,2025-11-16,2026-06-03
FRA04423,Telangana,D027,Sangareddy,Narayankhed,Kondapur,Claimant_FRA04423,IFR,7.3,Approved,2026-01-16,2026-01-27
FRA04424,Telangana,D002,Bhadradri Kothagudem,Kothagudem,Regalla,Claimant_FRA04424,CFR,4.01,Approved,2022-02-16,2022-04-23
FRA04425,Telangana,D002,Bhadradri Kothagudem,Bhadrachalam,Nellipaka,Claimant_FRA04425,CFR,4.37,Approved,2022-04-11,2025-10-17
FRA04426,Telangana,D033,Yadadri Bhuvanagiri,Bhongir,Anantharam,Claimant_FRA04426,IFR,4.65,Approved,2021-10-30,2026-01-25
FRA04427,Telangana,D003,Hanumakonda,Atmakur,Chowdapur,Claimant_FRA04427,CFR,2.39,Approved,2024-02-20,2025-07-30
FRA04428,Telangana,D018,Mulugu,Venkatapur,Narsapur,Claimant_FRA04428,IFR,4.51,Pending,2022-03-08,
FRA04429,Telangana,D028,Siddipet,Husnabad,Pothireddypet,Claimant_FRA04429,IFR,5.25,Approved,2026-08-08,2026-09-04
FRA04430,Telangana,D002,Bhadradri Kothagudem,Manuguru,Anantharam,Claimant_FRA04430,IFR,0.89,Rejected,2021-11-11,2022-02-26
FRA04431,Telangana,D032,Warangal,Narsampet,Madhira,Claimant_FRA04431,IFR,1.74,Approved,2024-07-20,2026-07-09
FRA04432,Telangana,D030,Vikarabad,Tandur,Kotbaspally,Claimant_FRA04432,CFR,4.94,Rejected,2026-07-12,2026-09-06
FRA04433,Telangana,D004,Hyderabad,Amberpet,Azampura,Claimant_FRA04433,IFR,6.41,Approved,2023-08-04,2024-05-25
FRA04434,Telangana,D028,Siddipet,Husnabad,Pothireddypet,Claimant_FRA04434,CFR,5.14,Approved,2022-01-09,2022-02-23
FRA04435,Telangana,D003,Hanumakonda,Atmakur,Chowdapur,Claimant_FRA04435,IFR,2.25,Approved,2026-07-24,2026-08-22
FRA04436,Telangana,D007,Jayashankar Bhupalpally,Chityal,Venkateshwarlapally,Claimant_FRA04436,IFR,4.18,Pending,2024-12-26,
FRA04437,Telangana,D027,Sangareddy,Narayankhed,Kondapur,Claimant_FRA04437,CFR,6.78,Approved,2025-12-10,2026-06-20
FRA04438,Telangana,D005,Jagtial,Korutla,Ailapur,Claimant_FRA04438,IFR,2.87,Approved,2021-10-18,2022-03-09
FRA04439,Telangana,D003,Hanumakonda,Atmakur,Chowdapur,Claimant_FRA04439,IFR,3.51,Approved,2025-12-17,2026-05-24
FRA04440,Telangana,D001,Adilabad,Utnoor,Devapur,Claimant_FRA04440,IFR,4.32,Approved,2026-04-09,2026-04-13
FRA04441,Telangana,D001,Adilabad,Narnoor,Kothapalli,Claimant_FRA04441,IFR,1.05,Pending,2023-03-15,
FRA04442,Telangana,D001,Adilabad,Narnoor,Kothapalli,Claimant_FRA04442,CFR,6.78,Approved,2024-08-15,2024-11-24
FRA04443,Telangana,D026,Rangareddy,Shabad,Kesaram,Claimant_FRA04443,IFR,5.49,Pending,2023-01-24,
FRA04444,Telangana,D026,Rangareddy,Shabad,Kesaram,Claimant_FRA04444,IFR,3.01,Approved,2024-10-22,2025-03-31
FRA04445,Telangana,D027,Sangareddy,Narayankhed,Kondapur,Claimant_FRA04445,IFR,6.46,Approved,2025-06-03,2026-08-16
FRA04446,Telangana,D011,Khammam,Wyra,Gollapadu,Claimant_FRA04446,CFR,1.17,Approved,2026-08-02,2026-09-12
FRA04447,Telangana,D004,Hyderabad,Amberpet,Azampura,Claimant_FRA04447,IFR,3.21,Approved,2024-09-08,2026-03-07
FRA04448,Telangana,D011,Khammam,Wyra,Gollapadu,Claimant_FRA04448,CFR,0.52,Approved,2026-09-01,2026-09-04
FRA04449,Telangana,D019,Nagarkurnool,Amrabad,Mananur,Claimant_FRA04449,IFR,4.42,Approved,2023-11-01,2026-05-30
FRA04450,Telangana,D011,Khammam,Wyra,Gollapadu,Claimant_FRA04450,IFR,4.73,Pending,2023-04-16,
FRA04451,Telangana,D030,Vikarabad,Tandur,Kotbaspally,Claimant_FRA04451,CFR,5.97,Approved,2025-07-21,2025-12-08
FRA04452,Telangana,D011,Khammam,Kothagudem,Seetharampuram,Claimant_FRA04452,CFR,6.88,Approved,2025-04-13,2026-07-31
FRA04453,Telangana,D001,Adilabad,Boath,Ghanpur,Claimant_FRA04453,IFR,4.65,Approved,2025-11-08,2026-07-12
FRA04454,Telangana,D030,Vikarabad,Tandur,Kotbaspally,Claimant_FRA04454,IFR,3.05,Approved,2026-04-25,2026-07-11
FRA04455,Telangana,D020,Nalgonda,Devarakonda,Chinthapally,Claimant_FRA04455,IFR,6.43,Pending,2023-01-04,
FRA04456,Telangana,D011,Khammam,Kothagudem,Seetharampuram,Claimant_FRA04456,IFR,6.16,Approved,2023-12-28,2025-11-01
FRA04457,Telangana,D002,Bhadradri Kothagudem,Manuguru,Anantharam,Claimant_FRA04457,IFR,1.23,Approved,2024-05-15,2025-02-12
FRA04458,Telangana,D006,Jangaon,Jangaon,Pasumamula,Claimant_FRA04458,CFR,5.79,Pending,2024-09-08,
FRA04459,Telangana,D018,Mulugu,Eturunagaram,Katapur,Claimant_FRA04459,CFR,1.41,Pending,2023-01-15,
FRA04460,Telangana,D026,Rangareddy,Shabad,Kesaram,Claimant_FRA04460,CFR,3.65,Rejected,2023-08-23,2023-09-29
FRA04461,Telangana,D013,Mahabubabad,Bayyaram,Garla,Claimant_FRA04461,CFR,2.66,Pending,2025-04-13,
FRA04462,Telangana,D027,Sangareddy,Narayankhed,Kondapur,Claimant_FRA04462,CFR,5.96,Rejected,2022-04-05,2024-04-19
FRA04463,Telangana,D002,Bhadradri Kothagudem,Manuguru,Anantharam,Claimant_FRA04463,CFR,3.22,Rejected,2023-11-11,2026-05-29
FRA04464,Telangana,D007,Jayashankar Bhupalpally,Chityal,Venkateshwarlapally,Claimant_FRA04464,CFR,0.66,Rejected,2023-02-14,2024-05-15
FRA04465,Telangana,D003,Hanumakonda,Dharmanagar,Mustial,Claimant_FRA04465,IFR,2.17,Pending,2021-11-08,
FRA04466,Telangana,D028,Siddipet,Husnabad,Pothireddypet,Claimant_FRA04466,CFR,3.21,Pending,2022-08-25,
FRA04467,Telangana,D002,Bhadradri Kothagudem,Manuguru,Anantharam,Claimant_FRA04467,IFR,5.09,Approved,2023-03-04,2024-09-12
FRA04468,Telangana,D005,Jagtial,Metpally,Vellulla,Claimant_FRA04468,IFR,3.59,Pending,2025-08-12,
FRA04469,Telangana,D020,Nalgonda,Devarakonda,Chinthapally,Claimant_FRA04469,CFR,1.62,Approved,2026-08-03,2026-09-03
FRA04470,Telangana,D002,Bhadradri Kothagudem,Manuguru,Anantharam,Claimant_FRA04470,CFR,7.85,Pending,2023-11-10,
FRA04471,Telangana,D028,Siddipet,Husnabad,Pothireddypet,Claimant_FRA04471,IFR,6.72,Approved,2025-12-03,2026-06-08
FRA04472,Telangana,D007,Jayashankar Bhupalpally,Chityal,Venkateshwarlapally,Claimant_FRA04472,CFR,5.06,Pending,2023-03-12,
FRA04473,Telangana,D005,Jagtial,Korutla,Ailapur,Claimant_FRA04473,IFR,6.48,Approved,2021-11-29,2025-09-01
FRA04474,Telangana,D001,Adilabad,Utnoor,Devapur,Claimant_FRA04474,IFR,1.76,Approved,2025-09-03,2025-10-28
FRA04475,Telangana,D004,Hyderabad,Amberpet,Azampura,Claimant_FRA04475,CFR,2.49,Approved,2024-08-23,2026-04-28
FRA04476,Telangana,D005,Jagtial,Metpally,Vellulla,Claimant_FRA04476,CFR,6.55,Approved,2022-06-15,2023-06-16
FRA04477,Telangana,D002,Bhadradri Kothagudem,Kothagudem,Regalla,Claimant_FRA04477,IFR,1.52,Approved,2021-12-22,2025-08-04
FRA04478,Telangana,D018,Mulugu,Eturunagaram,Katapur,Claimant_FRA04478,IFR,2.24,Pending,2025-05-09,
FRA04479,Telangana,D003,Hanumakonda,Dharmanagar,Mustial,Claimant_FRA04479,CFR,4.4,Approved,2023-01-09,2023-09-08
FRA04480,Telangana,D011,Khammam,Wyra,Gollapadu,Claimant_FRA04480,IFR,5.19,Pending,2021-12-14,
FRA04481,Telangana,D027,Sangareddy,Narayankhed,Kondapur,Claimant_FRA04481,IFR,1.04,Approved,2026-01-05,2026-03-08
FRA04482,Telangana,D002,Bhadradri Kothagudem,Manuguru,Anantharam,Claimant_FRA04482,IFR,5.95,Rejected,2021-12-23,2026-09-12
FRA04483,Telangana,D003,Hanumakonda,Atmakur,Chowdapur,Claimant_FRA04483,IFR,1.76,Pending,2026-08-02,
FRA04484,Telangana,D007,Jayashankar Bhupalpally,Regonda,Kannaram,Claimant_FRA04484,CFR,6.64,Approved,2024-09-23,2025-03-21
FRA04485,Telangana,D005,Jagtial,Korutla,Ailapur,Claimant_FRA04485,CFR,2.4,Approved,2021-10-27,2022-03-29
FRA04486,Telangana,D007,Jayashankar Bhupalpally,Regonda,Kannaram,Claimant_FRA04486,CFR,3.34,Approved,2021-12-07,2024-05-10
FRA04487,Telangana,D004,Hyderabad,Amberpet,Azampura,Claimant_FRA04487,CFR,7.6,Pending,2021-09-23,
FRA04488,Telangana,D018,Mulugu,Eturunagaram,Katapur,Claimant_FRA04488,CFR,5.87,Approved,2022-07-04,2023-01-14
FRA04489,Telangana,D013,Mahabubabad,Kuravi,Seerole,Claimant_FRA04489,CFR,7.69,Pending,2025-11-23,
FRA04490,Telangana,D003,Hanumakonda,Atmakur,Chowdapur,Claimant_FRA04490,CFR,0.98,Rejected,2024-04-14,2025-12-11
FRA04491,Telangana,D004,Hyderabad,Charminar,Chandrayangutta,Claimant_FRA04491,IFR,6.12,Approved,2026-06-01,2026-08-28
FRA04492,Telangana,D026,Rangareddy,Shabad,Kesaram,Claimant_FRA04492,IFR,1.33,Approved,2025-06-10,2026-02-09
FRA04493,Telangana,D018,Mulugu,Eturunagaram,Katapur,Claimant_FRA04493,IFR,2.0,Approved,2022-06-14,2022-08-11
FRA04494,Telangana,D007,Jayashankar Bhupalpally,Regonda,Kannaram,Claimant_FRA04494,CFR,3.58,Approved,2025-11-28,2026-04-25
FRA04495,Telangana,D027,Sangareddy,Narayankhed,Kondapur,Claimant_FRA04495,IFR,2.51,Approved,2024-09-02,2025-09-24
FRA04496,Telangana,D018,Mulugu,Venkatapur,Narsapur,Claimant_FRA04496,IFR,6.66,Pending,2026-07-27,
FRA04497,Telangana,D005,Jagtial,Korutla,Ailapur,Claimant_FRA04497,IFR,7.77,Rejected,2024-01-21,2025-04-18
FRA04498,Telangana,D003,Hanumakonda,Atmakur,Chowdapur,Claimant_FRA04498,IFR,0.71,Rejected,2025-11-13,2026-07-07
FRA04499,Telangana,D004,Hyderabad,Charminar,Chandrayangutta,Claimant_FRA04499,IFR,0.55,Rejected,2023-06-11,2024-01-01
FRA04500,Telangana,D020,Nalgonda,Devarakonda,Chinthapally,Claimant_FRA04500,IFR,6.02,Pending,2025-10-01,
FRA04501,Telangana,D003,Hanumakonda,Dharmanagar,Mustial,Claimant_FRA04501,IFR,6.63,Rejected,2023-11-03,2023-12-20
FRA04502,Telangana,D011,Khammam,Wyra,Gollapadu,Claimant_FRA04502,CFR,6.37,Approved,2022-11-05,2024-10-16
FRA04503,Telangana,D004,Hyderabad,Charminar,Chandrayangutta,Claimant_FRA04503,IFR,2.69,Approved,2024-06-05,2025-10-13
FRA04504,Telangana,D033,Yadadri Bhuvanagiri,Bhongir,Anantharam,Claimant_FRA04504,CFR,3.95,Pending,2026-08-24,
FRA04505,Telangana,D006,Jangaon,Station Ghanpur,Chilpur,Claimant_FRA04505,CFR,6.16,Approved,2025-03-11,2026-01-31
FRA04506,Telangana,D005,Jagtial,Korutla,Ailapur,Claimant_FRA04506,CFR,7.63,Approved,2024-10-31,2026-02-25
FRA04507,Telangana,D004,Hyderabad,Amberpet,Azampura,Claimant_FRA04507,IFR,2.8,Rejected,2022-03-30,2022-08-02
FRA04508,Telangana,D003,Hanumakonda,Dharmanagar,Mustial,Claimant_FRA04508,CFR,3.97,Approved,2025-08-06,2026-05-18
FRA04509,Telangana,D004,Hyderabad,Charminar,Chandrayangutta,Claimant_FRA04509,IFR,0.86,Approved,2023-07-11,2024-05-11
FRA04510,Telangana,D033,Yadadri Bhuvanagiri,Bhongir,Anantharam,Claimant_FRA04510,CFR,2.76,Approved,2025-05-24,2025-11-17
FRA04511,Telangana,D001,Adilabad,Narnoor,Kothapalli,Claimant_FRA04511,IFR,0.76,Approved,2022-10-14,2023-01-29
FRA04512,Telangana,D018,Mulugu,Eturunagaram,Katapur,Claimant_FRA04512,CFR,1.82,Approved,2024-12-01,2026-01-10
FRA04513,Telangana,D005,Jagtial,Korutla,Ailapur,Claimant_FRA04513,CFR,7.72,Approved,2023-06-15,2026-06-18
FRA04514,Telangana,D005,Jagtial,Korutla,Ailapur,Claimant_FRA04514,CFR,1.05,Pending,2023-01-30,
FRA04515,Telangana,D007,Jayashankar Bhupalpally,Regonda,Kannaram,Claimant_FRA04515,CFR,0.65,Approved,2025-10-09,2026-09-15
FRA04516,Telangana,D019,Nagarkurnool,Amrabad,Mananur,Claimant_FRA04516,IFR,7.14,Pending,2022-04-26,
FRA04517,Telangana,D013,Mahabubabad,Bayyaram,Garla,Claimant_FRA04517,CFR,1.68,Approved,2026-05-18,2026-09-03
FRA04518,Telangana,D033,Yadadri Bhuvanagiri,Bhongir,Anantharam,Claimant_FRA04518,CFR,4.62,Rejected,2021-10-27,2025-03-10
FRA04519,Telangana,D004,Hyderabad,Amberpet,Azampura,Claimant_FRA04519,CFR,6.59,Pending,2022-01-11,
FRA04520,Telangana,D003,Hanumakonda,Dharmanagar,Mustial,Claimant_FRA04520,IFR,6.01,Rejected,2025-02-23,2025-11-13
FRA04521,Telangana,D033,Yadadri Bhuvanagiri,Bhongir,Anantharam,Claimant_FRA04521,CFR,4.77,Approved,2021-12-09,2024-09-05
FRA04522,Telangana,D002,Bhadradri Kothagudem,Kothagudem,Regalla,Claimant_FRA04522,CFR,1.87,Approved,2024-05-24,2025-07-27
FRA04523,Telangana,D003,Hanumakonda,Atmakur,Chowdapur,Claimant_FRA04523,IFR,5.11,Approved,2023-04-13,2023-06-28
FRA04524,Telangana,D003,Hanumakonda,Dharmanagar,Mustial,Claimant_FRA04524,CFR,6.76,Approved,2025-01-28,2026-05-15
FRA04525,Telangana,D004,Hyderabad,Amberpet,Azampura,Claimant_FRA04525,CFR,0.83,Approved,2022-11-21,2026-05-10
FRA04526,Telangana,D020,Nalgonda,Devarakonda,Chinthapally,Claimant_FRA04526,CFR,7.41,Rejected,2022-06-21,2023-05-19
FRA04527,Telangana,D002,Bhadradri Kothagudem,Bhadrachalam,Nellipaka,Claimant_FRA04527,IFR,0.96,Pending,2022-05-29,
FRA04528,Telangana,D011,Khammam,Wyra,Gollapadu,Claimant_FRA04528,IFR,6.73,Pending,2026-07-14,
FRA04529,Telangana,D019,Nagarkurnool,Amrabad,Mananur,Claimant_FRA04529,IFR,2.74,Pending,2023-12-27,
FRA04530,Telangana,D011,Khammam,Kothagudem,Seetharampuram,Claimant_FRA04530,IFR,2.3,Approved,2024-03-22,2024-04-05
FRA04531,Telangana,D004,Hyderabad,Amberpet,Azampura,Claimant_FRA04531,IFR,4.76,Approved,2024-04-13,2024-11-13
FRA04532,Telangana,D028,Siddipet,Husnabad,Pothireddypet,Claimant_FRA04532,IFR,5.03,Pending,2026-05-13,
FRA04533,Telangana,D018,Mulugu,Venkatapur,Narsapur,Claimant_FRA04533,IFR,4.08,Approved,2022-04-25,2026-07-04
FRA04534,Telangana,D032,Warangal,Narsampet,Madhira,Claimant_FRA04534,CFR,3.69,Pending,2024-10-12,
FRA04535,Telangana,D007,Jayashankar Bhupalpally,Chityal,Venkateshwarlapally,Claimant_FRA04535,CFR,1.68,Approved,2023-07-09,2025-01-30
FRA04536,Telangana,D004,Hyderabad,Charminar,Chandrayangutta,Claimant_FRA04536,CFR,1.1,Approved,2022-06-11,2025-02-15
FRA04537,Telangana,D030,Vikarabad,Tandur,Kotbaspally,Claimant_FRA04537,IFR,6.85,Pending,2024-11-18,
FRA04538,Telangana,D003,Hanumakonda,Dharmanagar,Mustial,Claimant_FRA04538,CFR,7.14,Pending,2025-03-25,
FRA04539,Telangana,D001,Adilabad,Utnoor,Devapur,Claimant_FRA04539,IFR,2.65,Approved,2023-10-08,2024-11-24
FRA04540,Telangana,D001,Adilabad,Boath,Ghanpur,Claimant_FRA04540,IFR,7.77,Approved,2026-01-06,2026-05-17
FRA04541,Telangana,D019,Nagarkurnool,Amrabad,Mananur,Claimant_FRA04541,CFR,2.89,Approved,2025-01-22,2025-10-06
FRA04542,Telangana,D007,Jayashankar Bhupalpally,Chityal,Venkateshwarlapally,Claimant_FRA04542,CFR,7.63,Approved,2023-05-17,2026-03-11
FRA04543,Telangana,D001,Adilabad,Utnoor,Devapur,Claimant_FRA04543,CFR,1.11,Approved,2023-08-29,2026-09-17
FRA04544,Telangana,D011,Khammam,Kothagudem,Seetharampuram,Claimant_FRA04544,IFR,0.67,Rejected,2026-05-06,2026-09-14
FRA04545,Telangana,D001,Adilabad,Utnoor,Devapur,Claimant_FRA04545,IFR,5.27,Pending,2024-08-06,
FRA04546,Telangana,D028,Siddipet,Husnabad,Pothireddypet,Claimant_FRA04546,CFR,4.96,Pending,2025-12-14,
FRA04547,Telangana,D023,Nizamabad,Armoor,Mendora,Claimant_FRA04547,CFR,0.89,Approved,2023-11-29,2025-12-04
FRA04548,Telangana,D003,Hanumakonda,Dharmanagar,Mustial,Claimant_FRA04548,CFR,4.63,Pending,2022-06-23,
FRA04549,Telangana,D028,Siddipet,Husnabad,Pothireddypet,Claimant_FRA04549,CFR,3.83,Approved,2022-12-26,2023-02-06
FRA04550,Telangana,D006,Jangaon,Jangaon,Pasumamula,Claimant_FRA04550,IFR,2.91,Rejected,2024-01-18,2026-07-20
FRA04551,Telangana,D013,Mahabubabad,Kuravi,Seerole,Claimant_FRA04551,CFR,3.51,Approved,2025-07-05,2025-08-28
FRA04552,Telangana,D001,Adilabad,Narnoor,Kothapalli,Claimant_FRA04552,IFR,5.68,Approved,2023-01-23,2025-04-18
FRA04553,Telangana,D033,Yadadri Bhuvanagiri,Bhongir,Anantharam,Claimant_FRA04553,IFR,6.68,Approved,2021-10-05,2024-07-21
FRA04554,Telangana,D011,Khammam,Wyra,Gollapadu,Claimant_FRA04554,IFR,4.14,Approved,2021-10-21,2025-03-14
FRA04555,Telangana,D018,Mulugu,Eturunagaram,Katapur,Claimant_FRA04555,CFR,6.74,Rejected,2026-06-02,2026-06-19
FRA04556,Telangana,D028,Siddipet,Husnabad,Pothireddypet,Claimant_FRA04556,IFR,7.39,Pending,2025-01-05,
FRA04557,Telangana,D001,Adilabad,Utnoor,Devapur,Claimant_FRA04557,CFR,5.43,Approved,2026-03-30,2026-09-03
FRA04558,Telangana,D001,Adilabad,Boath,Ghanpur,Claimant_FRA04558,IFR,5.25,Approved,2025-08-11,2026-02-02
FRA04559,Telangana,D002,Bhadradri Kothagudem,Manuguru,Anantharam,Claimant_FRA04559,CFR,1.59,Approved,2025-05-31,2026-08-21
FRA04560,Telangana,D030,Vikarabad,Tandur,Kotbaspally,Claimant_FRA04560,CFR,1.09,Approved,2025-09-18,2026-08-01
FRA04561,Telangana,D004,Hyderabad,Charminar,Chandrayangutta,Claimant_FRA04561,CFR,7.76,Rejected,2022-02-04,2024-03-10
FRA04562,Telangana,D011,Khammam,Kothagudem,Seetharampuram,Claimant_FRA04562,CFR,5.9,Approved,2023-08-24,2024-07-01
FRA04563,Telangana,D030,Vikarabad,Tandur,Kotbaspally,Claimant_FRA04563,IFR,7.46,Rejected,2022-11-06,2025-03-13
FRA04564,Telangana,D006,Jangaon,Jangaon,Pasumamula,Claimant_FRA04564,CFR,2.85,Approved,2023-08-13,2025-12-23
FRA04565,Telangana,D003,Hanumakonda,Dharmanagar,Mustial,Claimant_FRA04565,CFR,7.76,Pending,2024-01-29,
FRA04566,Telangana,D003,Hanumakonda,Dharmanagar,Mustial,Claimant_FRA04566,IFR,3.89,Approved,2022-03-11,2024-02-02
FRA04567,Telangana,D019,Nagarkurnool,Amrabad,Mananur,Claimant_FRA04567,IFR,7.37,Approved,2024-01-12,2025-09-29
FRA04568,Telangana,D018,Mulugu,Eturunagaram,Katapur,Claimant_FRA04568,CFR,2.87,Approved,2022-04-01,2026-07-10
FRA04569,Telangana,D023,Nizamabad,Armoor,Mendora,Claimant_FRA04569,CFR,5.22,Rejected,2024-12-20,2026-03-16
FRA04570,Telangana,D004,Hyderabad,Amberpet,Azampura,Claimant_FRA04570,CFR,2.27,Rejected,2022-10-10,2026-09-14
FRA04571,Telangana,D004,Hyderabad,Charminar,Chandrayangutta,Claimant_FRA04571,IFR,1.95,Pending,2023-11-08,
FRA04572,Telangana,D002,Bhadradri Kothagudem,Kothagudem,Regalla,Claimant_FRA04572,CFR,0.56,Approved,2025-10-21,2026-08-30
FRA04573,Telangana,D001,Adilabad,Boath,Ghanpur,Claimant_FRA04573,IFR,2.65,Rejected,2022-10-01,2025-06-03
FRA04574,Telangana,D001,Adilabad,Boath,Ghanpur,Claimant_FRA04574,IFR,4.64,Pending,2026-04-23,
FRA04575,Telangana,D002,Bhadradri Kothagudem,Kothagudem,Regalla,Claimant_FRA04575,IFR,0.56,Approved,2023-06-13,2026-05-06
FRA04576,Telangana,D006,Jangaon,Jangaon,Pasumamula,Claimant_FRA04576,IFR,3.45,Approved,2022-11-25,2023-11-18
FRA04577,Telangana,D028,Siddipet,Husnabad,Pothireddypet,Claimant_FRA04577,IFR,4.58,Pending,2021-11-25,
FRA04578,Telangana,D020,Nalgonda,Devarakonda,Chinthapally,Claimant_FRA04578,IFR,2.04,Approved,2024-07-30,2026-08-20
FRA04579,Telangana,D001,Adilabad,Narnoor,Kothapalli,Claimant_FRA04579,IFR,0.68,Rejected,2025-07-30,2025-12-02
FRA04580,Telangana,D027,Sangareddy,Narayankhed,Kondapur,Claimant_FRA04580,IFR,1.11,Approved,2022-05-28,2025-07-15
FRA04581,Telangana,D028,Siddipet,Husnabad,Pothireddypet,Claimant_FRA04581,CFR,6.15,Approved,2024-12-22,2026-04-24
FRA04582,Telangana,D023,Nizamabad,Armoor,Mendora,Claimant_FRA04582,CFR,2.53,Approved,2025-06-08,2025-11-20
FRA04583,Telangana,D002,Bhadradri Kothagudem,Manuguru,Anantharam,Claimant_FRA04583,IFR,5.24,Pending,2026-07-20,
FRA04584,Telangana,D002,Bhadradri Kothagudem,Kothagudem,Regalla,Claimant_FRA04584,CFR,5.39,Approved,2025-11-22,2026-09-12
FRA04585,Telangana,D007,Jayashankar Bhupalpally,Chityal,Venkateshwarlapally,Claimant_FRA04585,CFR,3.41,Approved,2023-12-13,2025-02-21
FRA04586,Telangana,D005,Jagtial,Korutla,Ailapur,Claimant_FRA04586,CFR,0.86,Approved,2025-02-14,2025-07-10
FRA04587,Telangana,D011,Khammam,Wyra,Gollapadu,Claimant_FRA04587,CFR,6.14,Approved,2024-07-12,2025-01-31
FRA04588,Telangana,D026,Rangareddy,Shabad,Kesaram,Claimant_FRA04588,IFR,5.01,Approved,2025-03-18,2025-04-22
FRA04589,Telangana,D004,Hyderabad,Charminar,Chandrayangutta,Claimant_FRA04589,CFR,1.6,Approved,2023-04-22,2024-07-05
FRA04590,Telangana,D013,Mahabubabad,Bayyaram,Garla,Claimant_FRA04590,IFR,5.45,Approved,2023-10-23,2025-01-28
FRA04591,Telangana,D013,Mahabubabad,Kuravi,Seerole,Claimant_FRA04591,CFR,4.72,Approved,2025-12-24,2026-01-07
FRA04592,Telangana,D005,Jagtial,Korutla,Ailapur,Claimant_FRA04592,CFR,4.34,Pending,2022-03-27,
FRA04593,Telangana,D002,Bhadradri Kothagudem,Bhadrachalam,Nellipaka,Claimant_FRA04593,IFR,0.57,Rejected,2025-01-30,2026-04-05
FRA04594,Telangana,D002,Bhadradri Kothagudem,Manuguru,Anantharam,Claimant_FRA04594,IFR,1.23,Approved,2024-01-05,2026-03-20
FRA04595,Telangana,D005,Jagtial,Metpally,Vellulla,Claimant_FRA04595,IFR,3.71,Pending,2025-06-04,
FRA04596,Telangana,D020,Nalgonda,Devarakonda,Chinthapally,Claimant_FRA04596,CFR,4.7,Approved,2022-02-24,2025-01-01
FRA04597,Telangana,D027,Sangareddy,Narayankhed,Kondapur,Claimant_FRA04597,IFR,1.23,Pending,2022-02-28,
FRA04598,Telangana,D004,Hyderabad,Amberpet,Azampura,Claimant_FRA04598,IFR,7.88,Pending,2023-03-06,
FRA04599,Telangana,D018,Mulugu,Eturunagaram,Katapur,Claimant_FRA04599,CFR,7.71,Approved,2024-01-13,2025-07-01
FRA04600,Telangana,D004,Hyderabad,Amberpet,Azampura,Claimant_FRA04600,CFR,5.29,Pending,2022-04-30,
FRA04601,Telangana,D001,Adilabad,Boath,Ghanpur,Claimant_FRA04601,IFR,7.43,Approved,2026-09-14,2026-09-18
FRA04602,Telangana,D003,Hanumakonda,Dharmanagar,Mustial,Claimant_FRA04602,CFR,5.54,Rejected,2022-01-17,2023-08-14
FRA04603,Telangana,D027,Sangareddy,Narayankhed,Kondapur,Claimant_FRA04603,CFR,3.34,Rejected,2022-08-06,2024-07-27
FRA04604,Telangana,D011,Khammam,Kothagudem,Seetharampuram,Claimant_FRA04604,CFR,7.59,Approved,2022-03-29,2022-11-12
FRA04605,Telangana,D018,Mulugu,Eturunagaram,Katapur,Claimant_FRA04605,CFR,5.86,Approved,2026-08-09,2026-08-15
FRA04606,Telangana,D002,Bhadradri Kothagudem,Bhadrachalam,Nellipaka,Claimant_FRA04606,CFR,0.78,Pending,2023-05-10,
FRA04607,Telangana,D032,Warangal,Narsampet,Madhira,Claimant_FRA04607,CFR,2.35,Approved,2022-05-24,2022-08-20
FRA04608,Telangana,D003,Hanumakonda,Atmakur,Chowdapur,Claimant_FRA04608,CFR,7.59,Approved,2021-12-13,2023-04-22
FRA04609,Telangana,D030,Vikarabad,Tandur,Kotbaspally,Claimant_FRA04609,CFR,7.88,Pending,2024-01-27,
FRA04610,Telangana,D003,Hanumakonda,Atmakur,Chowdapur,Claimant_FRA04610,IFR,4.56,Rejected,2023-04-14,2025-08-19
FRA04611,Telangana,D007,Jayashankar Bhupalpally,Regonda,Kannaram,Claimant_FRA04611,CFR,6.29,Approved,2023-07-11,2024-10-18
FRA04612,Telangana,D003,Hanumakonda,Dharmanagar,Mustial,Claimant_FRA04612,IFR,2.99,Approved,2023-08-30,2023-12-16
FRA04613,Telangana,D002,Bhadradri Kothagudem,Kothagudem,Regalla,Claimant_FRA04613,CFR,6.38,Pending,2026-05-18,
FRA04614,Telangana,D001,Adilabad,Utnoor,Devapur,Claimant_FRA04614,CFR,1.23,Approved,2025-10-26,2026-09-07
FRA04615,Telangana,D019,Nagarkurnool,Amrabad,Mananur,Claimant_FRA04615,CFR,4.86,Approved,2025-06-22,2026-04-18
FRA04616,Telangana,D023,Nizamabad,Armoor,Mendora,Claimant_FRA04616,CFR,5.44,Approved,2026-01-29,2026-04-13
FRA04617,Telangana,D002,Bhadradri Kothagudem,Kothagudem,Regalla,Claimant_FRA04617,CFR,1.15,Pending,2024-09-27,
FRA04618,Telangana,D003,Hanumakonda,Atmakur,Chowdapur,Claimant_FRA04618,CFR,4.41,Approved,2023-09-30,2026-02-22
FRA04619,Telangana,D002,Bhadradri Kothagudem,Kothagudem,Regalla,Claimant_FRA04619,CFR,7.29,Rejected,2024-12-05,2026-04-03
FRA04620,Telangana,D007,Jayashankar Bhupalpally,Chityal,Venkateshwarlapally,Claimant_FRA04620,IFR,5.3,Approved,2026-08-25,2026-09-04
FRA04621,Telangana,D007,Jayashankar Bhupalpally,Chityal,Venkateshwarlapally,Claimant_FRA04621,CFR,3.91,Approved,2024-11-19,2025-06-08
FRA04622,Telangana,D006,Jangaon,Station Ghanpur,Chilpur,Claimant_FRA04622,CFR,1.94,Approved,2024-05-22,2026-08-17
FRA04623,Telangana,D013,Mahabubabad,Kuravi,Seerole,Claimant_FRA04623,IFR,5.52,Approved,2024-11-07,2025-12-28
FRA04624,Telangana,D002,Bhadradri Kothagudem,Kothagudem,Regalla,Claimant_FRA04624,CFR,7.23,Pending,2026-02-17,
FRA04625,Telangana,D001,Adilabad,Narnoor,Kothapalli,Claimant_FRA04625,CFR,3.86,Pending,2026-06-10,
FRA04626,Telangana,D001,Adilabad,Boath,Ghanpur,Claimant_FRA04626,IFR,1.86,Rejected,2025-03-31,2026-03-29
FRA04627,Telangana,D004,Hyderabad,Amberpet,Azampura,Claimant_FRA04627,IFR,3.01,Approved,2025-06-16,2025-12-06
FRA04628,Telangana,D004,Hyderabad,Charminar,Chandrayangutta,Claimant_FRA04628,IFR,6.6,Approved,2023-12-03,2026-05-26
FRA04629,Telangana,D007,Jayashankar Bhupalpally,Chityal,Venkateshwarlapally,Claimant_FRA04629,IFR,3.63,Approved,2021-10-14,2025-08-19
FRA04630,Telangana,D011,Khammam,Kothagudem,Seetharampuram,Claimant_FRA04630,IFR,5.66,Pending,2024-03-23,
FRA04631,Telangana,D028,Siddipet,Husnabad,Pothireddypet,Claimant_FRA04631,IFR,3.12,Pending,2021-09-23,
FRA04632,Telangana,D002,Bhadradri Kothagudem,Bhadrachalam,Nellipaka,Claimant_FRA04632,IFR,5.77,Rejected,2025-02-19,2025-10-10
FRA04633,Telangana,D001,Adilabad,Boath,Ghanpur,Claimant_FRA04633,CFR,4.69,Approved,2022-09-25,2025-03-15
FRA04634,Telangana,D003,Hanumakonda,Dharmanagar,Mustial,Claimant_FRA04634,IFR,3.2,Approved,2025-10-17,2026-08-24
FRA04635,Telangana,D003,Hanumakonda,Atmakur,Chowdapur,Claimant_FRA04635,IFR,1.32,Pending,2022-01-30,
FRA04636,Telangana,D006,Jangaon,Station Ghanpur,Chilpur,Claimant_FRA04636,CFR,2.86,Pending,2022-06-08,
FRA04637,Telangana,D030,Vikarabad,Tandur,Kotbaspally,Claimant_FRA04637,IFR,1.7,Approved,2025-05-30,2025-10-24
FRA04638,Telangana,D013,Mahabubabad,Kuravi,Seerole,Claimant_FRA04638,IFR,1.43,Pending,2024-10-22,
FRA04639,Telangana,D007,Jayashankar Bhupalpally,Chityal,Venkateshwarlapally,Claimant_FRA04639,IFR,5.99,Approved,2026-03-03,2026-04-10
FRA04640,Telangana,D018,Mulugu,Venkatapur,Narsapur,Claimant_FRA04640,IFR,4.72,Approved,2023-05-14,2023-05-18
FRA04641,Telangana,D018,Mulugu,Venkatapur,Narsapur,Claimant_FRA04641,CFR,6.17,Approved,2024-12-20,2025-09-28
FRA04642,Telangana,D002,Bhadradri Kothagudem,Bhadrachalam,Nellipaka,Claimant_FRA04642,IFR,1.28,Approved,2025-12-17,2026-03-02
FRA04643,Telangana,D030,Vikarabad,Tandur,Kotbaspally,Claimant_FRA04643,CFR,6.03,Pending,2025-04-13,
FRA04644,Telangana,D013,Mahabubabad,Bayyaram,Garla,Claimant_FRA04644,IFR,6.91,Approved,2022-07-06,2024-05-11
FRA04645,Telangana,D005,Jagtial,Korutla,Ailapur,Claimant_FRA04645,CFR,7.84,Pending,2024-09-09,
FRA04646,Telangana,D028,Siddipet,Husnabad,Pothireddypet,Claimant_FRA04646,CFR,3.88,Approved,2024-10-08,2025-05-30
FRA04647,Telangana,D002,Bhadradri Kothagudem,Bhadrachalam,Nellipaka,Claimant_FRA04647,IFR,3.78,Approved,2022-02-02,2025-03-21
FRA04648,Telangana,D032,Warangal,Narsampet,Madhira,Claimant_FRA04648,CFR,5.9,Approved,2024-07-26,2025-05-22
FRA04649,Telangana,D007,Jayashankar Bhupalpally,Regonda,Kannaram,Claimant_FRA04649,CFR,0.79,Pending,2023-07-11,
FRA04650,Telangana,D003,Hanumakonda,Atmakur,Chowdapur,Claimant_FRA04650,CFR,0.93,Pending,2026-03-01,
FRA04651,Telangana,D002,Bhadradri Kothagudem,Manuguru,Anantharam,Claimant_FRA04651,IFR,5.62,Approved,2025-11-19,2025-12-07
FRA04652,Telangana,D011,Khammam,Wyra,Gollapadu,Claimant_FRA04652,IFR,2.92,Pending,2025-10-03,
FRA04653,Telangana,D028,Siddipet,Husnabad,Pothireddypet,Claimant_FRA04653,IFR,4.06,Approved,2021-10-13,2021-12-31
FRA04654,Telangana,D033,Yadadri Bhuvanagiri,Bhongir,Anantharam,Claimant_FRA04654,CFR,2.19,Rejected,2024-10-30,2025-01-12
FRA04655,Telangana,D006,Jangaon,Station Ghanpur,Chilpur,Claimant_FRA04655,CFR,4.43,Rejected,2026-04-06,2026-04-25
FRA04656,Telangana,D001,Adilabad,Boath,Ghanpur,Claimant_FRA04656,IFR,2.75,Approved,2024-05-16,2026-06-10
FRA04657,Telangana,D007,Jayashankar Bhupalpally,Chityal,Venkateshwarlapally,Claimant_FRA04657,CFR,7.08,Rejected,2024-05-11,2026-09-10
FRA04658,Telangana,D002,Bhadradri Kothagudem,Kothagudem,Regalla,Claimant_FRA04658,IFR,1.0,Pending,2023-03-27,
FRA04659,Telangana,D018,Mulugu,Eturunagaram,Katapur,Claimant_FRA04659,IFR,5.7,Approved,2023-10-29,2026-02-03
FRA04660,Telangana,D006,Jangaon,Station Ghanpur,Chilpur,Claimant_FRA04660,IFR,6.34,Approved,2026-07-21,2026-08-01
FRA04661,Telangana,D003,Hanumakonda,Atmakur,Chowdapur,Claimant_FRA04661,CFR,7.07,Approved,2022-10-23,2025-07-01
FRA04662,Telangana,D006,Jangaon,Jangaon,Pasumamula,Claimant_FRA04662,IFR,2.13,Approved,2023-08-08,2024-06-06
FRA04663,Telangana,D007,Jayashankar Bhupalpally,Chityal,Venkateshwarlapally,Claimant_FRA04663,IFR,7.34,Approved,2022-12-10,2026-05-30
FRA04664,Telangana,D006,Jangaon,Station Ghanpur,Chilpur,Claimant_FRA04664,IFR,1.34,Approved,2021-12-18,2025-10-10
FRA04665,Telangana,D001,Adilabad,Boath,Ghanpur,Claimant_FRA04665,CFR,1.55,Approved,2022-10-26,2026-07-10
FRA04666,Telangana,D023,Nizamabad,Armoor,Mendora,Claimant_FRA04666,IFR,4.05,Approved,2024-04-17,2025-05-08
FRA04667,Telangana,D013,Mahabubabad,Kuravi,Seerole,Claimant_FRA04667,CFR,6.91,Approved,2024-05-02,2026-07-25
FRA04668,Telangana,D013,Mahabubabad,Bayyaram,Garla,Claimant_FRA04668,CFR,0.86,Approved,2022-01-06,2024-05-12
FRA04669,Telangana,D032,Warangal,Narsampet,Madhira,Claimant_FRA04669,CFR,2.1,Rejected,2025-03-03,2025-08-21
FRA04670,Telangana,D018,Mulugu,Venkatapur,Narsapur,Claimant_FRA04670,CFR,3.91,Approved,2024-06-19,2024-07-03
FRA04671,Telangana,D032,Warangal,Narsampet,Madhira,Claimant_FRA04671,CFR,1.98,Rejected,2024-09-10,2026-07-01
FRA04672,Telangana,D006,Jangaon,Station Ghanpur,Chilpur,Claimant_FRA04672,IFR,6.13,Pending,2025-04-05,
FRA04673,Telangana,D019,Nagarkurnool,Amrabad,Mananur,Claimant_FRA04673,CFR,7.41,Approved,2025-12-22,2026-09-01
FRA04674,Telangana,D011,Khammam,Kothagudem,Seetharampuram,Claimant_FRA04674,IFR,7.73,Rejected,2026-05-07,2026-05-18
FRA04675,Telangana,D018,Mulugu,Eturunagaram,Katapur,Claimant_FRA04675,CFR,7.2,Approved,2026-05-08,2026-07-16
FRA04676,Telangana,D028,Siddipet,Husnabad,Pothireddypet,Claimant_FRA04676,CFR,2.66,Approved,2023-04-21,2025-01-06
FRA04677,Telangana,D001,Adilabad,Narnoor,Kothapalli,Claimant_FRA04677,CFR,5.43,Pending,2026-07-07,
FRA04678,Telangana,D007,Jayashankar Bhupalpally,Regonda,Kannaram,Claimant_FRA04678,IFR,4.81,Pending,2026-01-26,
FRA04679,Telangana,D003,Hanumakonda,Dharmanagar,Mustial,Claimant_FRA04679,CFR,4.18,Approved,2026-08-17,2026-08-28
FRA04680,Telangana,D018,Mulugu,Eturunagaram,Katapur,Claimant_FRA04680,CFR,3.95,Approved,2025-09-10,2026-02-05
FRA04681,Telangana,D027,Sangareddy,Narayankhed,Kondapur,Claimant_FRA04681,IFR,0.98,Approved,2023-11-08,2025-12-28
FRA04682,Telangana,D007,Jayashankar Bhupalpally,Chityal,Venkateshwarlapally,Claimant_FRA04682,IFR,2.29,Rejected,2025-02-04,2026-09-02
FRA04683,Telangana,D002,Bhadradri Kothagudem,Bhadrachalam,Nellipaka,Claimant_FRA04683,CFR,0.78,Pending,2025-03-12,
FRA04684,Telangana,D020,Nalgonda,Devarakonda,Chinthapally,Claimant_FRA04684,CFR,3.88,Pending,2023-04-21,
FRA04685,Telangana,D003,Hanumakonda,Dharmanagar,Mustial,Claimant_FRA04685,CFR,6.49,Approved,2021-12-24,2022-02-12
FRA04686,Telangana,D011,Khammam,Kothagudem,Seetharampuram,Claimant_FRA04686,IFR,1.2,Approved,2025-10-15,2026-02-16
FRA04687,Telangana,D026,Rangareddy,Shabad,Kesaram,Claimant_FRA04687,CFR,5.54,Approved,2022-03-13,2023-05-22
FRA04688,Telangana,D006,Jangaon,Jangaon,Pasumamula,Claimant_FRA04688,IFR,1.33,Approved,2025-10-09,2025-11-24
FRA04689,Telangana,D005,Jagtial,Korutla,Ailapur,Claimant_FRA04689,IFR,0.53,Approved,2023-04-27,2025-05-23
FRA04690,Telangana,D006,Jangaon,Station Ghanpur,Chilpur,Claimant_FRA04690,CFR,1.89,Approved,2022-09-01,2025-05-13
FRA04691,Telangana,D030,Vikarabad,Tandur,Kotbaspally,Claimant_FRA04691,CFR,2.15,Approved,2024-07-13,2026-06-20
FRA04692,Telangana,D018,Mulugu,Venkatapur,Narsapur,Claimant_FRA04692,CFR,3.88,Pending,2021-10-17,
FRA04693,Telangana,D033,Yadadri Bhuvanagiri,Bhongir,Anantharam,Claimant_FRA04693,CFR,6.51,Approved,2022-09-25,2026-06-24
FRA04694,Telangana,D004,Hyderabad,Charminar,Chandrayangutta,Claimant_FRA04694,CFR,6.93,Rejected,2026-07-21,2026-08-30
FRA04695,Telangana,D011,Khammam,Wyra,Gollapadu,Claimant_FRA04695,IFR,7.43,Approved,2024-04-17,2024-07-01
FRA04696,Telangana,D033,Yadadri Bhuvanagiri,Bhongir,Anantharam,Claimant_FRA04696,IFR,0.65,Approved,2023-04-03,2023-10-25
FRA04697,Telangana,D002,Bhadradri Kothagudem,Bhadrachalam,Nellipaka,Claimant_FRA04697,IFR,3.59,Pending,2025-10-21,
FRA04698,Telangana,D018,Mulugu,Eturunagaram,Katapur,Claimant_FRA04698,IFR,1.42,Pending,2023-03-27,
FRA04699,Telangana,D004,Hyderabad,Amberpet,Azampura,Claimant_FRA04699,CFR,7.0,Pending,2026-02-02,
FRA04700,Telangana,D005,Jagtial,Korutla,Ailapur,Claimant_FRA04700,CFR,3.39,Approved,2023-08-14,2024-03-31
FRA04701,Telangana,D002,Bhadradri Kothagudem,Bhadrachalam,Nellipaka,Claimant_FRA04701,CFR,4.22,Approved,2024-12-31,2025-09-23
FRA04702,Telangana,D003,Hanumakonda,Dharmanagar,Mustial,Claimant_FRA04702,IFR,2.26,Pending,2026-01-15,
FRA04703,Telangana,D003,Hanumakonda,Dharmanagar,Mustial,Claimant_FRA04703,CFR,5.74,Approved,2022-10-23,2023-08-13
FRA04704,Telangana,D019,Nagarkurnool,Amrabad,Mananur,Claimant_FRA04704,CFR,2.09,Approved,2023-05-04,2026-02-19
FRA04705,Telangana,D003,Hanumakonda,Dharmanagar,Mustial,Claimant_FRA04705,IFR,3.44,Approved,2023-05-09,2024-06-12
FRA04706,Telangana,D013,Mahabubabad,Bayyaram,Garla,Claimant_FRA04706,CFR,5.85,Pending,2024-03-25,
FRA04707,Telangana,D020,Nalgonda,Devarakonda,Chinthapally,Claimant_FRA04707,IFR,1.47,Pending,2025-08-16,
FRA04708,Telangana,D004,Hyderabad,Amberpet,Azampura,Claimant_FRA04708,CFR,3.48,Approved,2022-06-16,2024-06-04
FRA04709,Telangana,D033,Yadadri Bhuvanagiri,Bhongir,Anantharam,Claimant_FRA04709,IFR,5.1,Rejected,2022-11-28,2026-04-01
FRA04710,Telangana,D005,Jagtial,Korutla,Ailapur,Claimant_FRA04710,CFR,2.33,Approved,2025-09-11,2025-09-30
FRA04711,Telangana,D001,Adilabad,Boath,Ghanpur,Claimant_FRA04711,CFR,2.95,Approved,2023-08-21,2024-10-25
FRA04712,Telangana,D006,Jangaon,Jangaon,Pasumamula,Claimant_FRA04712,IFR,3.26,Approved,2023-05-26,2025-12-04
FRA04713,Telangana,D019,Nagarkurnool,Amrabad,Mananur,Claimant_FRA04713,IFR,4.37,Approved,2024-01-25,2026-07-20
FRA04714,Telangana,D004,Hyderabad,Charminar,Chandrayangutta,Claimant_FRA04714,IFR,4.73,Pending,2022-04-16,
FRA04715,Telangana,D033,Yadadri Bhuvanagiri,Bhongir,Anantharam,Claimant_FRA04715,CFR,7.88,Pending,2026-04-12,
FRA04716,Telangana,D002,Bhadradri Kothagudem,Bhadrachalam,Nellipaka,Claimant_FRA04716,CFR,6.61,Approved,2023-10-18,2024-10-16
FRA04717,Telangana,D004,Hyderabad,Charminar,Chandrayangutta,Claimant_FRA04717,CFR,3.71,Approved,2026-07-02,2026-08-15
FRA04718,Telangana,D030,Vikarabad,Tandur,Kotbaspally,Claimant_FRA04718,CFR,7.75,Approved,2025-06-07,2025-11-15
FRA04719,Telangana,D003,Hanumakonda,Dharmanagar,Mustial,Claimant_FRA04719,IFR,6.79,Approved,2025-03-15,2026-08-09
FRA04720,Telangana,D032,Warangal,Narsampet,Madhira,Claimant_FRA04720,CFR,0.72,Approved,2023-11-30,2026-05-26
FRA04721,Telangana,D013,Mahabubabad,Bayyaram,Garla,Claimant_FRA04721,IFR,1.88,Pending,2026-08-13,
FRA04722,Telangana,D007,Jayashankar Bhupalpally,Regonda,Kannaram,Claimant_FRA04722,IFR,7.95,Approved,2023-08-24,2024-04-28
FRA04723,Telangana,D030,Vikarabad,Tandur,Kotbaspally,Claimant_FRA04723,IFR,6.07,Pending,2025-12-13,
FRA04724,Telangana,D027,Sangareddy,Narayankhed,Kondapur,Claimant_FRA04724,IFR,6.08,Approved,2023-07-27,2024-06-01
FRA04725,Telangana,D018,Mulugu,Venkatapur,Narsapur,Claimant_FRA04725,CFR,3.33,Rejected,2026-02-19,2026-03-11
FRA04726,Telangana,D020,Nalgonda,Devarakonda,Chinthapally,Claimant_FRA04726,CFR,6.61,Approved,2022-05-26,2026-07-09
FRA04727,Telangana,D004,Hyderabad,Charminar,Chandrayangutta,Claimant_FRA04727,IFR,1.82,Approved,2025-07-09,2025-08-29
FRA04728,Telangana,D003,Hanumakonda,Atmakur,Chowdapur,Claimant_FRA04728,CFR,2.31,Pending,2024-09-03,
FRA04729,Telangana,D033,Yadadri Bhuvanagiri,Bhongir,Anantharam,Claimant_FRA04729,IFR,6.89,Rejected,2026-03-25,2026-07-28
FRA04730,Telangana,D028,Siddipet,Husnabad,Pothireddypet,Claimant_FRA04730,IFR,3.91,Approved,2024-06-13,2025-05-02
FRA04731,Telangana,D033,Yadadri Bhuvanagiri,Bhongir,Anantharam,Claimant_FRA04731,IFR,2.98,Approved,2024-10-18,2026-07-06
FRA04732,Telangana,D006,Jangaon,Station Ghanpur,Chilpur,Claimant_FRA04732,CFR,7.85,Approved,2026-08-18,2026-09-05
FRA04733,Telangana,D013,Mahabubabad,Bayyaram,Garla,Claimant_FRA04733,CFR,7.05,Pending,2026-04-17,
FRA04734,Telangana,D007,Jayashankar Bhupalpally,Regonda,Kannaram,Claimant_FRA04734,CFR,2.36,Approved,2023-12-30,2024-03-17
FRA04735,Telangana,D032,Warangal,Narsampet,Madhira,Claimant_FRA04735,IFR,5.32,Rejected,2022-11-29,2024-09-29
FRA04736,Telangana,D003,Hanumakonda,Atmakur,Chowdapur,Claimant_FRA04736,CFR,3.96,Approved,2024-02-15,2024-07-21
FRA04737,Telangana,D030,Vikarabad,Tandur,Kotbaspally,Claimant_FRA04737,CFR,6.67,Rejected,2023-09-02,2024-11-21
FRA04738,Telangana,D032,Warangal,Narsampet,Madhira,Claimant_FRA04738,CFR,0.97,Pending,2026-05-30,
FRA04739,Telangana,D011,Khammam,Kothagudem,Seetharampuram,Claimant_FRA04739,IFR,1.05,Approved,2021-10-10,2025-10-14
FRA04740,Telangana,D004,Hyderabad,Charminar,Chandrayangutta,Claimant_FRA04740,IFR,4.91,Pending,2025-12-14,
FRA04741,Telangana,D003,Hanumakonda,Atmakur,Chowdapur,Claimant_FRA04741,CFR,2.19,Rejected,2021-10-06,2025-04-29
FRA04742,Telangana,D028,Siddipet,Husnabad,Pothireddypet,Claimant_FRA04742,CFR,4.33,Pending,2024-11-23,
FRA04743,Telangana,D018,Mulugu,Venkatapur,Narsapur,Claimant_FRA04743,CFR,0.51,Approved,2024-11-12,2026-02-08
FRA04744,Telangana,D028,Siddipet,Husnabad,Pothireddypet,Claimant_FRA04744,CFR,4.74,Pending,2025-08-25,
FRA04745,Telangana,D018,Mulugu,Eturunagaram,Katapur,Claimant_FRA04745,IFR,1.9,Approved,2021-09-23,2025-07-18
FRA04746,Telangana,D002,Bhadradri Kothagudem,Manuguru,Anantharam,Claimant_FRA04746,IFR,4.64,Pending,2021-11-23,
FRA04747,Telangana,D002,Bhadradri Kothagudem,Manuguru,Anantharam,Claimant_FRA04747,IFR,4.43,Pending,2022-08-26,
FRA04748,Telangana,D005,Jagtial,Korutla,Ailapur,Claimant_FRA04748,IFR,6.04,Rejected,2024-05-15,2024-11-23
FRA04749,Telangana,D001,Adilabad,Boath,Ghanpur,Claimant_FRA04749,IFR,3.24,Approved,2026-04-09,2026-09-18
FRA04750,Telangana,D003,Hanumakonda,Atmakur,Chowdapur,Claimant_FRA04750,IFR,1.89,Approved,2026-08-08,2026-08-20
FRA04751,Telangana,D011,Khammam,Kothagudem,Seetharampuram,Claimant_FRA04751,CFR,2.43,Approved,2025-11-03,2026-02-18
FRA04752,Telangana,D027,Sangareddy,Narayankhed,Kondapur,Claimant_FRA04752,IFR,2.13,Approved,2025-01-10,2025-10-26
FRA04753,Telangana,D018,Mulugu,Eturunagaram,Katapur,Claimant_FRA04753,CFR,4.24,Pending,2024-11-08,
FRA04754,Telangana,D023,Nizamabad,Armoor,Mendora,Claimant_FRA04754,CFR,4.89,Pending,2023-08-30,
FRA04755,Telangana,D002,Bhadradri Kothagudem,Manuguru,Anantharam,Claimant_FRA04755,IFR,6.44,Pending,2022-02-22,
FRA04756,Telangana,D018,Mulugu,Venkatapur,Narsapur,Claimant_FRA04756,IFR,5.03,Rejected,2026-05-23,2026-07-26
FRA04757,Telangana,D018,Mulugu,Eturunagaram,Katapur,Claimant_FRA04757,IFR,2.05,Rejected,2026-06-12,2026-07-20
FRA04758,Telangana,D007,Jayashankar Bhupalpally,Regonda,Kannaram,Claimant_FRA04758,CFR,4.78,Rejected,2025-08-03,2026-08-03
FRA04759,Telangana,D001,Adilabad,Boath,Ghanpur,Claimant_FRA04759,IFR,5.58,Pending,2022-07-14,
FRA04760,Telangana,D002,Bhadradri Kothagudem,Manuguru,Anantharam,Claimant_FRA04760,IFR,1.13,Approved,2022-01-01,2024-05-14
FRA04761,Telangana,D001,Adilabad,Narnoor,Kothapalli,Claimant_FRA04761,CFR,5.51,Approved,2023-07-15,2024-05-25
FRA04762,Telangana,D002,Bhadradri Kothagudem,Kothagudem,Regalla,Claimant_FRA04762,CFR,6.79,Rejected,2026-03-13,2026-05-16
FRA04763,Telangana,D033,Yadadri Bhuvanagiri,Bhongir,Anantharam,Claimant_FRA04763,IFR,3.81,Approved,2023-10-09,2024-07-01
FRA04764,Telangana,D018,Mulugu,Eturunagaram,Katapur,Claimant_FRA04764,IFR,4.14,Pending,2024-11-09,
FRA04765,Telangana,D002,Bhadradri Kothagudem,Bhadrachalam,Nellipaka,Claimant_FRA04765,IFR,3.67,Approved,2022-07-12,2024-03-11
FRA04766,Telangana,D002,Bhadradri Kothagudem,Bhadrachalam,Nellipaka,Claimant_FRA04766,CFR,5.1,Approved,2025-12-14,2026-03-18
FRA04767,Telangana,D013,Mahabubabad,Bayyaram,Garla,Claimant_FRA04767,IFR,7.45,Approved,2025-08-28,2026-02-23
FRA04768,Telangana,D028,Siddipet,Husnabad,Pothireddypet,Claimant_FRA04768,CFR,2.61,Approved,2022-02-05,2024-07-25
FRA04769,Telangana,D004,Hyderabad,Charminar,Chandrayangutta,Claimant_FRA04769,IFR,1.72,Rejected,2022-08-09,2023-12-19
FRA04770,Telangana,D026,Rangareddy,Shabad,Kesaram,Claimant_FRA04770,IFR,6.58,Approved,2023-03-25,2024-09-01
FRA04771,Telangana,D002,Bhadradri Kothagudem,Kothagudem,Regalla,Claimant_FRA04771,IFR,4.1,Approved,2026-01-25,2026-07-27
FRA04772,Telangana,D013,Mahabubabad,Kuravi,Seerole,Claimant_FRA04772,CFR,5.46,Approved,2022-12-10,2026-01-05
FRA04773,Telangana,D013,Mahabubabad,Kuravi,Seerole,Claimant_FRA04773,IFR,6.0,Approved,2022-04-13,2022-04-17
FRA04774,Telangana,D006,Jangaon,Station Ghanpur,Chilpur,Claimant_FRA04774,CFR,6.02,Approved,2022-07-31,2024-03-17
FRA04775,Telangana,D003,Hanumakonda,Dharmanagar,Mustial,Claimant_FRA04775,CFR,2.4,Pending,2025-12-19,
FRA04776,Telangana,D013,Mahabubabad,Kuravi,Seerole,Claimant_FRA04776,CFR,6.18,Approved,2023-04-21,2025-11-19
FRA04777,Telangana,D030,Vikarabad,Tandur,Kotbaspally,Claimant_FRA04777,IFR,0.68,Approved,2021-10-02,2025-03-16
FRA04778,Telangana,D023,Nizamabad,Armoor,Mendora,Claimant_FRA04778,CFR,6.36,Approved,2022-03-06,2024-06-08
FRA04779,Telangana,D002,Bhadradri Kothagudem,Manuguru,Anantharam,Claimant_FRA04779,CFR,6.98,Approved,2024-05-25,2026-09-03
FRA04780,Telangana,D004,Hyderabad,Charminar,Chandrayangutta,Claimant_FRA04780,IFR,3.63,Pending,2025-09-13,
FRA04781,Telangana,D001,Adilabad,Narnoor,Kothapalli,Claimant_FRA04781,IFR,7.3,Rejected,2022-06-19,2024-08-16
FRA04782,Telangana,D002,Bhadradri Kothagudem,Kothagudem,Regalla,Claimant_FRA04782,IFR,4.74,Approved,2023-10-13,2025-04-02
FRA04783,Telangana,D002,Bhadradri Kothagudem,Manuguru,Anantharam,Claimant_FRA04783,IFR,2.91,Pending,2024-09-20,
FRA04784,Telangana,D018,Mulugu,Eturunagaram,Katapur,Claimant_FRA04784,IFR,6.09,Approved,2024-05-09,2024-10-21
FRA04785,Telangana,D028,Siddipet,Husnabad,Pothireddypet,Claimant_FRA04785,IFR,7.84,Approved,2026-05-19,2026-06-22
FRA04786,Telangana,D013,Mahabubabad,Bayyaram,Garla,Claimant_FRA04786,CFR,6.29,Approved,2021-12-25,2023-03-06
FRA04787,Telangana,D002,Bhadradri Kothagudem,Kothagudem,Regalla,Claimant_FRA04787,IFR,4.68,Approved,2025-05-16,2026-06-04
FRA04788,Telangana,D005,Jagtial,Metpally,Vellulla,Claimant_FRA04788,CFR,3.47,Approved,2025-07-21,2025-07-27
FRA04789,Telangana,D003,Hanumakonda,Atmakur,Chowdapur,Claimant_FRA04789,IFR,3.3,Pending,2025-11-24,
FRA04790,Telangana,D006,Jangaon,Station Ghanpur,Chilpur,Claimant_FRA04790,CFR,6.96,Pending,2024-08-20,
FRA04791,Telangana,D018,Mulugu,Eturunagaram,Katapur,Claimant_FRA04791,CFR,0.63,Pending,2024-12-14,
FRA04792,Telangana,D011,Khammam,Wyra,Gollapadu,Claimant_FRA04792,IFR,0.8,Approved,2023-02-22,2026-04-17
FRA04793,Telangana,D018,Mulugu,Eturunagaram,Katapur,Claimant_FRA04793,CFR,6.55,Pending,2023-03-30,
FRA04794,Telangana,D005,Jagtial,Korutla,Ailapur,Claimant_FRA04794,IFR,5.22,Approved,2023-04-21,2023-06-06
FRA04795,Telangana,D005,Jagtial,Metpally,Vellulla,Claimant_FRA04795,IFR,4.35,Approved,2026-06-20,2026-08-24
FRA04796,Telangana,D003,Hanumakonda,Dharmanagar,Mustial,Claimant_FRA04796,CFR,5.25,Rejected,2026-05-10,2026-06-29
FRA04797,Telangana,D007,Jayashankar Bhupalpally,Chityal,Venkateshwarlapally,Claimant_FRA04797,IFR,5.0,Rejected,2023-03-07,2024-07-06
FRA04798,Telangana,D003,Hanumakonda,Dharmanagar,Mustial,Claimant_FRA04798,CFR,6.58,Approved,2025-03-12,2025-09-06
FRA04799,Telangana,D004,Hyderabad,Amberpet,Azampura,Claimant_FRA04799,IFR,1.88,Approved,2025-01-11,2025-10-18
FRA04800,Telangana,D019,Nagarkurnool,Amrabad,Mananur,Claimant_FRA04800,CFR,3.07,Rejected,2023-10-22,2024-10-17
FRA04801,Telangana,D004,Hyderabad,Amberpet,Azampura,Claimant_FRA04801,IFR,0.98,Pending,2023-07-23,
FRA04802,Telangana,D013,Mahabubabad,Kuravi,Seerole,Claimant_FRA04802,IFR,6.58,Pending,2022-09-24,
FRA04803,Telangana,D001,Adilabad,Narnoor,Kothapalli,Claimant_FRA04803,CFR,3.91,Pending,2025-08-24,
FRA04804,Telangana,D011,Khammam,Wyra,Gollapadu,Claimant_FRA04804,CFR,4.75,Rejected,2024-11-13,2026-02-02
FRA04805,Telangana,D027,Sangareddy,Narayankhed,Kondapur,Claimant_FRA04805,CFR,7.79,Approved,2022-11-24,2026-04-15
FRA04806,Telangana,D002,Bhadradri Kothagudem,Kothagudem,Regalla,Claimant_FRA04806,IFR,6.42,Pending,2022-02-02,
FRA04807,Telangana,D019,Nagarkurnool,Amrabad,Mananur,Claimant_FRA04807,CFR,1.42,Pending,2025-05-20,
FRA04808,Telangana,D030,Vikarabad,Tandur,Kotbaspally,Claimant_FRA04808,IFR,1.16,Pending,2023-11-25,
FRA04809,Telangana,D018,Mulugu,Eturunagaram,Katapur,Claimant_FRA04809,IFR,5.12,Approved,2023-11-04,2025-01-28
FRA04810,Telangana,D019,Nagarkurnool,Amrabad,Mananur,Claimant_FRA04810,CFR,1.02,Approved,2025-07-21,2026-02-04
FRA04811,Telangana,D033,Yadadri Bhuvanagiri,Bhongir,Anantharam,Claimant_FRA04811,CFR,7.19,Rejected,2024-05-29,2025-09-24
FRA04812,Telangana,D032,Warangal,Narsampet,Madhira,Claimant_FRA04812,CFR,0.94,Pending,2024-07-02,
FRA04813,Telangana,D007,Jayashankar Bhupalpally,Chityal,Venkateshwarlapally,Claimant_FRA04813,CFR,2.85,Approved,2021-11-16,2024-02-07
FRA04814,Telangana,D011,Khammam,Wyra,Gollapadu,Claimant_FRA04814,IFR,1.43,Pending,2023-10-05,
FRA04815,Telangana,D004,Hyderabad,Amberpet,Azampura,Claimant_FRA04815,CFR,6.97,Pending,2021-11-07,
FRA04816,Telangana,D023,Nizamabad,Armoor,Mendora,Claimant_FRA04816,CFR,1.46,Approved,2025-10-15,2025-12-12
FRA04817,Telangana,D030,Vikarabad,Tandur,Kotbaspally,Claimant_FRA04817,IFR,7.99,Approved,2026-02-05,2026-06-12
FRA04818,Telangana,D006,Jangaon,Jangaon,Pasumamula,Claimant_FRA04818,CFR,1.94,Rejected,2025-05-10,2026-05-14
FRA04819,Telangana,D001,Adilabad,Utnoor,Devapur,Claimant_FRA04819,IFR,2.01,Approved,2021-10-16,2026-08-14
FRA04820,Telangana,D023,Nizamabad,Armoor,Mendora,Claimant_FRA04820,IFR,7.11,Approved,2021-10-01,2022-12-12
FRA04821,Telangana,D007,Jayashankar Bhupalpally,Regonda,Kannaram,Claimant_FRA04821,CFR,3.59,Approved,2023-03-21,2025-03-12
FRA04822,Telangana,D032,Warangal,Narsampet,Madhira,Claimant_FRA04822,IFR,2.1,Approved,2025-12-09,2026-03-27
FRA04823,Telangana,D002,Bhadradri Kothagudem,Kothagudem,Regalla,Claimant_FRA04823,CFR,7.67,Pending,2022-12-11,
FRA04824,Telangana,D002,Bhadradri Kothagudem,Bhadrachalam,Nellipaka,Claimant_FRA04824,CFR,4.95,Rejected,2024-04-20,2025-08-14
FRA04825,Telangana,D007,Jayashankar Bhupalpally,Chityal,Venkateshwarlapally,Claimant_FRA04825,CFR,0.71,Rejected,2024-07-04,2025-06-13
FRA04826,Telangana,D030,Vikarabad,Tandur,Kotbaspally,Claimant_FRA04826,IFR,7.83,Approved,2021-11-05,2026-05-20
FRA04827,Telangana,D011,Khammam,Wyra,Gollapadu,Claimant_FRA04827,CFR,7.63,Rejected,2026-07-13,2026-08-05
FRA04828,Telangana,D020,Nalgonda,Devarakonda,Chinthapally,Claimant_FRA04828,CFR,4.29,Pending,2023-02-18,
FRA04829,Telangana,D011,Khammam,Wyra,Gollapadu,Claimant_FRA04829,CFR,0.69,Approved,2023-12-07,2025-05-30
FRA04830,Telangana,D003,Hanumakonda,Dharmanagar,Mustial,Claimant_FRA04830,IFR,7.98,Pending,2024-05-30,
FRA04831,Telangana,D020,Nalgonda,Devarakonda,Chinthapally,Claimant_FRA04831,CFR,3.79,Pending,2023-09-08,
FRA04832,Telangana,D006,Jangaon,Jangaon,Pasumamula,Claimant_FRA04832,IFR,5.85,Approved,2024-03-09,2025-07-13
FRA04833,Telangana,D003,Hanumakonda,Dharmanagar,Mustial,Claimant_FRA04833,CFR,4.81,Pending,2023-08-21,
FRA04834,Telangana,D001,Adilabad,Utnoor,Devapur,Claimant_FRA04834,CFR,5.57,Approved,2024-03-20,2024-10-02
FRA04835,Telangana,D028,Siddipet,Husnabad,Pothireddypet,Claimant_FRA04835,IFR,2.81,Approved,2022-10-26,2026-04-03
FRA04836,Telangana,D004,Hyderabad,Charminar,Chandrayangutta,Claimant_FRA04836,IFR,3.57,Approved,2022-12-26,2023-04-05
FRA04837,Telangana,D004,Hyderabad,Amberpet,Azampura,Claimant_FRA04837,IFR,0.84,Approved,2023-10-30,2025-12-25
FRA04838,Telangana,D011,Khammam,Kothagudem,Seetharampuram,Claimant_FRA04838,CFR,3.01,Pending,2024-12-05,
FRA04839,Telangana,D013,Mahabubabad,Bayyaram,Garla,Claimant_FRA04839,IFR,4.83,Approved,2024-10-23,2025-07-08
FRA04840,Telangana,D011,Khammam,Wyra,Gollapadu,Claimant_FRA04840,CFR,5.69,Approved,2023-04-10,2024-12-29
FRA04841,Telangana,D027,Sangareddy,Narayankhed,Kondapur,Claimant_FRA04841,CFR,7.97,Approved,2025-03-02,2025-04-23
FRA04842,Telangana,D001,Adilabad,Utnoor,Devapur,Claimant_FRA04842,IFR,3.67,Approved,2023-05-30,2024-06-04
FRA04843,Telangana,D019,Nagarkurnool,Amrabad,Mananur,Claimant_FRA04843,IFR,5.16,Approved,2026-03-27,2026-08-16
FRA04844,Telangana,D013,Mahabubabad,Kuravi,Seerole,Claimant_FRA04844,CFR,6.55,Approved,2022-01-12,2023-10-26
FRA04845,Telangana,D013,Mahabubabad,Bayyaram,Garla,Claimant_FRA04845,CFR,1.67,Pending,2023-06-23,
FRA04846,Telangana,D018,Mulugu,Eturunagaram,Katapur,Claimant_FRA04846,IFR,1.12,Approved,2022-03-10,2022-08-12
FRA04847,Telangana,D027,Sangareddy,Narayankhed,Kondapur,Claimant_FRA04847,IFR,2.56,Approved,2024-03-12,2026-01-16
FRA04848,Telangana,D028,Siddipet,Husnabad,Pothireddypet,Claimant_FRA04848,CFR,1.99,Pending,2021-11-10,
FRA04849,Telangana,D001,Adilabad,Boath,Ghanpur,Claimant_FRA04849,IFR,3.2,Rejected,2026-07-29,2026-09-02
FRA04850,Telangana,D001,Adilabad,Utnoor,Devapur,Claimant_FRA04850,CFR,6.96,Approved,2025-12-06,2026-05-18
FRA04851,Telangana,D013,Mahabubabad,Kuravi,Seerole,Claimant_FRA04851,IFR,2.41,Approved,2022-04-07,2026-02-15
FRA04852,Telangana,D018,Mulugu,Venkatapur,Narsapur,Claimant_FRA04852,IFR,3.7,Approved,2023-05-07,2023-12-04
FRA04853,Telangana,D028,Siddipet,Husnabad,Pothireddypet,Claimant_FRA04853,IFR,6.98,Approved,2024-11-02,2026-05-20
FRA04854,Telangana,D030,Vikarabad,Tandur,Kotbaspally,Claimant_FRA04854,CFR,1.44,Approved,2022-08-22,2026-05-16
FRA04855,Telangana,D013,Mahabubabad,Bayyaram,Garla,Claimant_FRA04855,CFR,6.75,Approved,2026-04-29,2026-06-19
FRA04856,Telangana,D020,Nalgonda,Devarakonda,Chinthapally,Claimant_FRA04856,IFR,7.08,Rejected,2026-03-08,2026-06-09
FRA04857,Telangana,D001,Adilabad,Utnoor,Devapur,Claimant_FRA04857,CFR,2.95,Pending,2023-01-17,
FRA04858,Telangana,D033,Yadadri Bhuvanagiri,Bhongir,Anantharam,Claimant_FRA04858,IFR,4.36,Pending,2024-10-16,
FRA04859,Telangana,D033,Yadadri Bhuvanagiri,Bhongir,Anantharam,Claimant_FRA04859,CFR,3.57,Pending,2022-03-22,
FRA04860,Telangana,D007,Jayashankar Bhupalpally,Regonda,Kannaram,Claimant_FRA04860,IFR,5.31,Pending,2025-01-04,
FRA04861,Telangana,D011,Khammam,Wyra,Gollapadu,Claimant_FRA04861,IFR,3.72,Approved,2024-07-23,2025-11-16
FRA04862,Telangana,D020,Nalgonda,Devarakonda,Chinthapally,Claimant_FRA04862,CFR,2.99,Pending,2026-02-23,
FRA04863,Telangana,D011,Khammam,Wyra,Gollapadu,Claimant_FRA04863,CFR,3.99,Approved,2023-10-05,2024-02-09
FRA04864,Telangana,D006,Jangaon,Station Ghanpur,Chilpur,Claimant_FRA04864,CFR,1.31,Pending,2024-10-06,
FRA04865,Telangana,D004,Hyderabad,Amberpet,Azampura,Claimant_FRA04865,CFR,5.33,Approved,2026-04-05,2026-04-26
FRA04866,Telangana,D033,Yadadri Bhuvanagiri,Bhongir,Anantharam,Claimant_FRA04866,CFR,5.99,Pending,2022-07-17,
FRA04867,Telangana,D007,Jayashankar Bhupalpally,Chityal,Venkateshwarlapally,Claimant_FRA04867,CFR,2.1,Approved,2022-11-10,2025-12-08
FRA04868,Telangana,D006,Jangaon,Station Ghanpur,Chilpur,Claimant_FRA04868,CFR,5.79,Pending,2023-02-10,
FRA04869,Telangana,D030,Vikarabad,Tandur,Kotbaspally,Claimant_FRA04869,CFR,4.02,Approved,2024-05-05,2024-07-12
FRA04870,Telangana,D011,Khammam,Wyra,Gollapadu,Claimant_FRA04870,CFR,0.64,Approved,2024-12-16,2025-10-18
FRA04871,Telangana,D003,Hanumakonda,Atmakur,Chowdapur,Claimant_FRA04871,CFR,4.64,Approved,2024-05-29,2025-11-20
FRA04872,Telangana,D028,Siddipet,Husnabad,Pothireddypet,Claimant_FRA04872,IFR,3.73,Rejected,2026-07-23,2026-09-13
FRA04873,Telangana,D020,Nalgonda,Devarakonda,Chinthapally,Claimant_FRA04873,CFR,7.93,Approved,2024-07-02,2024-12-18
FRA04874,Telangana,D007,Jayashankar Bhupalpally,Regonda,Kannaram,Claimant_FRA04874,IFR,5.02,Pending,2025-03-17,
FRA04875,Telangana,D011,Khammam,Kothagudem,Seetharampuram,Claimant_FRA04875,CFR,3.11,Pending,2023-12-05,
FRA04876,Telangana,D033,Yadadri Bhuvanagiri,Bhongir,Anantharam,Claimant_FRA04876,CFR,7.77,Approved,2022-04-06,2024-02-18
FRA04877,Telangana,D001,Adilabad,Boath,Ghanpur,Claimant_FRA04877,CFR,0.88,Approved,2023-05-16,2026-02-12
FRA04878,Telangana,D003,Hanumakonda,Atmakur,Chowdapur,Claimant_FRA04878,CFR,1.05,Approved,2022-08-20,2026-07-19
FRA04879,Telangana,D033,Yadadri Bhuvanagiri,Bhongir,Anantharam,Claimant_FRA04879,IFR,1.55,Approved,2023-10-03,2026-02-08
FRA04880,Telangana,D011,Khammam,Wyra,Gollapadu,Claimant_FRA04880,CFR,5.69,Pending,2023-10-04,
FRA04881,Telangana,D004,Hyderabad,Amberpet,Azampura,Claimant_FRA04881,IFR,5.13,Approved,2023-10-13,2026-03-04
FRA04882,Telangana,D005,Jagtial,Korutla,Ailapur,Claimant_FRA04882,IFR,1.28,Approved,2022-12-10,2024-01-07
FRA04883,Telangana,D026,Rangareddy,Shabad,Kesaram,Claimant_FRA04883,IFR,1.51,Pending,2022-07-14,
FRA04884,Telangana,D004,Hyderabad,Charminar,Chandrayangutta,Claimant_FRA04884,CFR,2.59,Pending,2022-09-02,
FRA04885,Telangana,D001,Adilabad,Narnoor,Kothapalli,Claimant_FRA04885,IFR,7.68,Approved,2024-07-31,2024-09-21
FRA04886,Telangana,D005,Jagtial,Korutla,Ailapur,Claimant_FRA04886,IFR,7.34,Pending,2024-05-21,
FRA04887,Telangana,D026,Rangareddy,Shabad,Kesaram,Claimant_FRA04887,IFR,6.02,Pending,2023-10-12,
FRA04888,Telangana,D004,Hyderabad,Amberpet,Azampura,Claimant_FRA04888,CFR,7.81,Approved,2022-06-27,2024-02-19
FRA04889,Telangana,D033,Yadadri Bhuvanagiri,Bhongir,Anantharam,Claimant_FRA04889,IFR,0.93,Approved,2026-02-11,2026-06-29
FRA04890,Telangana,D013,Mahabubabad,Kuravi,Seerole,Claimant_FRA04890,CFR,3.14,Pending,2023-09-26,
FRA04891,Telangana,D018,Mulugu,Eturunagaram,Katapur,Claimant_FRA04891,IFR,5.68,Pending,2022-05-01,
FRA04892,Telangana,D011,Khammam,Wyra,Gollapadu,Claimant_FRA04892,IFR,3.29,Approved,2022-09-22,2025-08-13
FRA04893,Telangana,D013,Mahabubabad,Kuravi,Seerole,Claimant_FRA04893,IFR,4.37,Approved,2022-08-18,2025-11-02
FRA04894,Telangana,D011,Khammam,Kothagudem,Seetharampuram,Claimant_FRA04894,IFR,1.73,Approved,2025-06-17,2026-06-16
FRA04895,Telangana,D028,Siddipet,Husnabad,Pothireddypet,Claimant_FRA04895,IFR,6.66,Approved,2026-05-25,2026-06-29
FRA04896,Telangana,D001,Adilabad,Narnoor,Kothapalli,Claimant_FRA04896,CFR,4.26,Approved,2024-02-26,2024-03-22
FRA04897,Telangana,D023,Nizamabad,Armoor,Mendora,Claimant_FRA04897,CFR,3.79,Approved,2022-09-25,2026-08-14
FRA04898,Telangana,D001,Adilabad,Utnoor,Devapur,Claimant_FRA04898,IFR,4.54,Approved,2025-04-04,2026-05-22
FRA04899,Telangana,D019,Nagarkurnool,Amrabad,Mananur,Claimant_FRA04899,CFR,5.27,Rejected,2023-04-05,2025-02-14
FRA04900,Telangana,D019,Nagarkurnool,Amrabad,Mananur,Claimant_FRA04900,IFR,7.75,Pending,2025-01-19,
FRA04901,Telangana,D001,Adilabad,Narnoor,Kothapalli,Claimant_FRA04901,CFR,7.14,Pending,2026-08-08,
FRA04902,Telangana,D003,Hanumakonda,Dharmanagar,Mustial,Claimant_FRA04902,CFR,2.11,Rejected,2022-04-15,2024-08-18
FRA04903,Telangana,D019,Nagarkurnool,Amrabad,Mananur,Claimant_FRA04903,IFR,1.28,Approved,2023-07-10,2026-08-02
FRA04904,Telangana,D018,Mulugu,Eturunagaram,Katapur,Claimant_FRA04904,IFR,4.97,Approved,2025-01-26,2025-09-09
FRA04905,Telangana,D004,Hyderabad,Amberpet,Azampura,Claimant_FRA04905,IFR,6.91,Approved,2022-02-02,2026-06-27
FRA04906,Telangana,D019,Nagarkurnool,Amrabad,Mananur,Claimant_FRA04906,IFR,4.15,Approved,2023-12-28,2024-06-20
FRA04907,Telangana,D027,Sangareddy,Narayankhed,Kondapur,Claimant_FRA04907,CFR,7.49,Approved,2021-09-24,2026-05-05
FRA04908,Telangana,D004,Hyderabad,Amberpet,Azampura,Claimant_FRA04908,IFR,3.02,Rejected,2023-03-29,2026-07-03
FRA04909,Telangana,D006,Jangaon,Jangaon,Pasumamula,Claimant_FRA04909,CFR,3.54,Approved,2023-11-15,2024-11-02
FRA04910,Telangana,D020,Nalgonda,Devarakonda,Chinthapally,Claimant_FRA04910,CFR,5.63,Approved,2022-05-31,2024-01-05
FRA04911,Telangana,D004,Hyderabad,Charminar,Chandrayangutta,Claimant_FRA04911,IFR,6.4,Approved,2022-06-15,2025-02-05
FRA04912,Telangana,D007,Jayashankar Bhupalpally,Regonda,Kannaram,Claimant_FRA04912,CFR,6.24,Approved,2023-06-19,2025-07-27
FRA04913,Telangana,D011,Khammam,Wyra,Gollapadu,Claimant_FRA04913,CFR,4.36,Approved,2026-04-20,2026-08-28
FRA04914,Telangana,D002,Bhadradri Kothagudem,Kothagudem,Regalla,Claimant_FRA04914,CFR,4.67,Approved,2026-05-17,2026-07-22
FRA04915,Telangana,D001,Adilabad,Utnoor,Devapur,Claimant_FRA04915,CFR,5.32,Approved,2024-05-16,2024-12-16
FRA04916,Telangana,D003,Hanumakonda,Dharmanagar,Mustial,Claimant_FRA04916,CFR,4.35,Approved,2022-02-03,2025-12-29
FRA04917,Telangana,D005,Jagtial,Metpally,Vellulla,Claimant_FRA04917,CFR,7.98,Rejected,2023-01-16,2024-09-18
FRA04918,Telangana,D001,Adilabad,Boath,Ghanpur,Claimant_FRA04918,CFR,0.95,Rejected,2023-12-15,2026-01-01
FRA04919,Telangana,D030,Vikarabad,Tandur,Kotbaspally,Claimant_FRA04919,CFR,0.79,Approved,2025-06-28,2025-12-03
FRA04920,Telangana,D002,Bhadradri Kothagudem,Bhadrachalam,Nellipaka,Claimant_FRA04920,IFR,5.07,Approved,2025-11-02,2026-03-23
FRA04921,Telangana,D030,Vikarabad,Tandur,Kotbaspally,Claimant_FRA04921,IFR,4.05,Approved,2021-11-20,2023-10-05
FRA04922,Telangana,D007,Jayashankar Bhupalpally,Chityal,Venkateshwarlapally,Claimant_FRA04922,CFR,7.07,Approved,2023-04-01,2024-09-12
FRA04923,Telangana,D001,Adilabad,Narnoor,Kothapalli,Claimant_FRA04923,IFR,2.82,Pending,2024-10-31,
FRA04924,Telangana,D006,Jangaon,Station Ghanpur,Chilpur,Claimant_FRA04924,CFR,3.14,Pending,2023-10-11,
FRA04925,Telangana,D002,Bhadradri Kothagudem,Manuguru,Anantharam,Claimant_FRA04925,CFR,7.49,Approved,2025-01-20,2026-08-26
FRA04926,Telangana,D001,Adilabad,Narnoor,Kothapalli,Claimant_FRA04926,IFR,5.55,Approved,2022-05-15,2026-05-12
FRA04927,Telangana,D004,Hyderabad,Charminar,Chandrayangutta,Claimant_FRA04927,CFR,5.51,Rejected,2026-08-07,2026-08-30
FRA04928,Telangana,D013,Mahabubabad,Kuravi,Seerole,Claimant_FRA04928,IFR,1.26,Rejected,2025-08-29,2025-11-09
FRA04929,Telangana,D003,Hanumakonda,Dharmanagar,Mustial,Claimant_FRA04929,CFR,3.51,Approved,2024-01-07,2026-06-08
FRA04930,Telangana,D004,Hyderabad,Amberpet,Azampura,Claimant_FRA04930,CFR,4.39,Pending,2026-09-04,
FRA04931,Telangana,D013,Mahabubabad,Bayyaram,Garla,Claimant_FRA04931,IFR,7.46,Pending,2026-07-17,
FRA04932,Telangana,D011,Khammam,Kothagudem,Seetharampuram,Claimant_FRA04932,CFR,3.98,Approved,2024-06-28,2026-01-17
FRA04933,Telangana,D003,Hanumakonda,Dharmanagar,Mustial,Claimant_FRA04933,CFR,7.89,Pending,2022-07-05,
FRA04934,Telangana,D002,Bhadradri Kothagudem,Manuguru,Anantharam,Claimant_FRA04934,CFR,4.81,Pending,2024-02-08,
FRA04935,Telangana,D011,Khammam,Kothagudem,Seetharampuram,Claimant_FRA04935,CFR,4.41,Approved,2026-07-08,2026-08-05
FRA04936,Telangana,D013,Mahabubabad,Bayyaram,Garla,Claimant_FRA04936,IFR,5.34,Rejected,2023-07-22,2023-10-31
FRA04937,Telangana,D004,Hyderabad,Charminar,Chandrayangutta,Claimant_FRA04937,IFR,1.46,Approved,2023-05-24,2026-03-05
FRA04938,Telangana,D030,Vikarabad,Tandur,Kotbaspally,Claimant_FRA04938,IFR,7.0,Approved,2023-11-04,2025-04-23
FRA04939,Telangana,D001,Adilabad,Narnoor,Kothapalli,Claimant_FRA04939,CFR,4.45,Approved,2022-12-02,2023-03-09
FRA04940,Telangana,D032,Warangal,Narsampet,Madhira,Claimant_FRA04940,IFR,3.18,Rejected,2026-03-13,2026-05-25
FRA04941,Telangana,D001,Adilabad,Narnoor,Kothapalli,Claimant_FRA04941,IFR,5.1,Approved,2026-08-12,2026-09-17
FRA04942,Telangana,D027,Sangareddy,Narayankhed,Kondapur,Claimant_FRA04942,IFR,5.18,Pending,2023-06-25,
FRA04943,Telangana,D019,Nagarkurnool,Amrabad,Mananur,Claimant_FRA04943,CFR,6.66,Pending,2024-02-06,
FRA04944,Telangana,D004,Hyderabad,Charminar,Chandrayangutta,Claimant_FRA04944,CFR,0.5,Rejected,2022-07-02,2025-10-30
FRA04945,Telangana,D001,Adilabad,Narnoor,Kothapalli,Claimant_FRA04945,IFR,7.73,Pending,2022-08-26,
FRA04946,Telangana,D003,Hanumakonda,Atmakur,Chowdapur,Claimant_FRA04946,IFR,4.98,Approved,2023-01-09,2025-10-16
FRA04947,Telangana,D005,Jagtial,Metpally,Vellulla,Claimant_FRA04947,IFR,1.1,Approved,2026-08-09,2026-08-11
FRA04948,Telangana,D003,Hanumakonda,Atmakur,Chowdapur,Claimant_FRA04948,CFR,7.54,Pending,2023-08-29,
FRA04949,Telangana,D005,Jagtial,Metpally,Vellulla,Claimant_FRA04949,IFR,2.14,Rejected,2021-10-04,2023-03-12
FRA04950,Telangana,D013,Mahabubabad,Kuravi,Seerole,Claimant_FRA04950,CFR,6.33,Approved,2024-04-27,2025-09-09
FRA04951,Telangana,D006,Jangaon,Jangaon,Pasumamula,Claimant_FRA04951,CFR,2.58,Approved,2026-06-16,2026-06-26
FRA04952,Telangana,D002,Bhadradri Kothagudem,Bhadrachalam,Nellipaka,Claimant_FRA04952,IFR,6.16,Approved,2024-02-11,2024-05-03
FRA04953,Telangana,D020,Nalgonda,Devarakonda,Chinthapally,Claimant_FRA04953,CFR,3.1,Approved,2021-11-23,2026-06-07
FRA04954,Telangana,D032,Warangal,Narsampet,Madhira,Claimant_FRA04954,CFR,2.0,Approved,2023-08-12,2026-01-17
FRA04955,Telangana,D028,Siddipet,Husnabad,Pothireddypet,Claimant_FRA04955,IFR,1.17,Approved,2025-01-12,2026-07-11
FRA04956,Telangana,D002,Bhadradri Kothagudem,Bhadrachalam,Nellipaka,Claimant_FRA04956,IFR,1.19,Approved,2025-12-24,2026-03-06
FRA04957,Telangana,D019,Nagarkurnool,Amrabad,Mananur,Claimant_FRA04957,IFR,1.22,Pending,2025-11-23,
FRA04958,Telangana,D023,Nizamabad,Armoor,Mendora,Claimant_FRA04958,IFR,5.2,Approved,2022-11-15,2025-09-05
FRA04959,Telangana,D028,Siddipet,Husnabad,Pothireddypet,Claimant_FRA04959,IFR,1.97,Rejected,2024-01-19,2024-09-12
FRA04960,Telangana,D018,Mulugu,Venkatapur,Narsapur,Claimant_FRA04960,CFR,3.41,Pending,2024-09-08,
FRA04961,Telangana,D001,Adilabad,Utnoor,Devapur,Claimant_FRA04961,IFR,5.14,Approved,2024-09-24,2025-07-04
FRA04962,Telangana,D018,Mulugu,Eturunagaram,Katapur,Claimant_FRA04962,CFR,6.35,Approved,2026-08-31,2026-09-11
FRA04963,Telangana,D032,Warangal,Narsampet,Madhira,Claimant_FRA04963,IFR,1.8,Pending,2024-06-09,
FRA04964,Telangana,D003,Hanumakonda,Dharmanagar,Mustial,Claimant_FRA04964,CFR,5.81,Approved,2023-01-27,2026-06-26
FRA04965,Telangana,D018,Mulugu,Eturunagaram,Katapur,Claimant_FRA04965,CFR,6.9,Pending,2025-04-28,
FRA04966,Telangana,D001,Adilabad,Narnoor,Kothapalli,Claimant_FRA04966,IFR,3.48,Pending,2023-11-18,
FRA04967,Telangana,D011,Khammam,Kothagudem,Seetharampuram,Claimant_FRA04967,CFR,6.49,Approved,2022-09-18,2023-02-24
FRA04968,Telangana,D020,Nalgonda,Devarakonda,Chinthapally,Claimant_FRA04968,CFR,7.08,Rejected,2021-10-04,2022-09-22
FRA04969,Telangana,D013,Mahabubabad,Bayyaram,Garla,Claimant_FRA04969,IFR,4.7,Approved,2025-05-04,2026-04-03
FRA04970,Telangana,D023,Nizamabad,Armoor,Mendora,Claimant_FRA04970,CFR,7.99,Approved,2024-07-21,2026-02-11
FRA04971,Telangana,D011,Khammam,Wyra,Gollapadu,Claimant_FRA04971,CFR,4.14,Approved,2022-04-07,2022-05-23
FRA04972,Telangana,D002,Bhadradri Kothagudem,Bhadrachalam,Nellipaka,Claimant_FRA04972,CFR,6.04,Approved,2024-10-21,2026-08-16
FRA04973,Telangana,D005,Jagtial,Metpally,Vellulla,Claimant_FRA04973,CFR,1.16,Rejected,2022-02-27,2023-03-28
FRA04974,Telangana,D002,Bhadradri Kothagudem,Kothagudem,Regalla,Claimant_FRA04974,CFR,2.91,Approved,2021-09-27,2023-09-06
FRA04975,Telangana,D032,Warangal,Narsampet,Madhira,Claimant_FRA04975,CFR,7.13,Approved,2022-06-07,2026-03-31
FRA04976,Telangana,D028,Siddipet,Husnabad,Pothireddypet,Claimant_FRA04976,IFR,2.14,Rejected,2025-03-28,2026-09-11
FRA04977,Telangana,D001,Adilabad,Utnoor,Devapur,Claimant_FRA04977,IFR,2.41,Approved,2022-06-18,2022-12-09
FRA04978,Telangana,D001,Adilabad,Utnoor,Devapur,Claimant_FRA04978,IFR,4.53,Rejected,2023-07-15,2026-03-02
FRA04979,Telangana,D002,Bhadradri Kothagudem,Manuguru,Anantharam,Claimant_FRA04979,CFR,6.05,Approved,2023-12-01,2026-08-14
FRA04980,Telangana,D001,Adilabad,Narnoor,Kothapalli,Claimant_FRA04980,IFR,1.46,Approved,2025-09-12,2026-08-25
FRA04981,Telangana,D033,Yadadri Bhuvanagiri,Bhongir,Anantharam,Claimant_FRA04981,IFR,2.97,Pending,2026-05-27,
FRA04982,Telangana,D011,Khammam,Wyra,Gollapadu,Claimant_FRA04982,CFR,7.72,Pending,2022-05-12,
FRA04983,Telangana,D013,Mahabubabad,Bayyaram,Garla,Claimant_FRA04983,IFR,1.4,Approved,2022-09-10,2026-08-12
FRA04984,Telangana,D019,Nagarkurnool,Amrabad,Mananur,Claimant_FRA04984,CFR,1.41,Approved,2023-08-01,2024-11-03
FRA04985,Telangana,D032,Warangal,Narsampet,Madhira,Claimant_FRA04985,IFR,2.79,Approved,2025-06-17,2026-08-23
FRA04986,Telangana,D013,Mahabubabad,Bayyaram,Garla,Claimant_FRA04986,CFR,0.8,Rejected,2025-11-26,2026-03-18
FRA04987,Telangana,D027,Sangareddy,Narayankhed,Kondapur,Claimant_FRA04987,IFR,5.66,Approved,2025-03-23,2026-06-01
FRA04988,Telangana,D032,Warangal,Narsampet,Madhira,Claimant_FRA04988,IFR,7.42,Pending,2026-03-12,
FRA04989,Telangana,D002,Bhadradri Kothagudem,Manuguru,Anantharam,Claimant_FRA04989,IFR,6.61,Approved,2022-01-25,2023-05-27
FRA04990,Telangana,D004,Hyderabad,Charminar,Chandrayangutta,Claimant_FRA04990,IFR,7.8,Rejected,2026-07-13,2026-08-10
FRA04991,Telangana,D005,Jagtial,Metpally,Vellulla,Claimant_FRA04991,IFR,7.97,Rejected,2026-03-31,2026-05-03
FRA04992,Telangana,D030,Vikarabad,Tandur,Kotbaspally,Claimant_FRA04992,CFR,6.41,Rejected,2025-06-19,2026-05-29
FRA04993,Telangana,D002,Bhadradri Kothagudem,Bhadrachalam,Nellipaka,Claimant_FRA04993,CFR,1.7,Pending,2022-12-13,
FRA04994,Telangana,D032,Warangal,Narsampet,Madhira,Claimant_FRA04994,IFR,2.66,Approved,2025-02-13,2025-10-31
FRA04995,Telangana,D004,Hyderabad,Amberpet,Azampura,Claimant_FRA04995,IFR,1.48,Pending,2022-05-01,
FRA04996,Telangana,D002,Bhadradri Kothagudem,Manuguru,Anantharam,Claimant_FRA04996,CFR,2.61,Approved,2023-08-05,2024-04-14
FRA04997,Telangana,D030,Vikarabad,Tandur,Kotbaspally,Claimant_FRA04997,IFR,6.33,Approved,2025-12-16,2026-04-27
FRA04998,Telangana,D030,Vikarabad,Tandur,Kotbaspally,Claimant_FRA04998,IFR,3.92,Approved,2022-02-13,2023-08-12
FRA04999,Telangana,D001,Adilabad,Utnoor,Devapur,Claimant_FRA04999,IFR,2.93,Approved,2023-03-31,2025-07-10
FRA05000,Telangana,D018,Mulugu,Venkatapur,Narsapur,Claimant_FRA05000,CFR,5.93,Pending,2023-02-15,
