claim_id,state,district_id,district,mandal,village,claimant_name,claim_type,land_area_acres,status,submission_date,decision_date,processing_days,pending_days,claim_age_days
FRA00001,Telangana,D028,Siddipet,Husnabad,Pothireddypet,Claimant_FRA00001,IFR,1.55,Approved,2026-03-16,2026-06-29,105,0,187
FRA00002,Telangana,D005,Jagtial,Korutla,Ailapur,Claimant_FRA00002,CFR,0.76,Approved,2025-04-22,2025-09-20,151,0,515
FRA00003,Telangana,D001,Adilabad,Narnoor,Kothapalli,Claimant_FRA00003,IFR,2.61,Pending,2026-01-16,,,246,246
FRA00004,Telangana,D033,Yadadri Bhuvanagiri,Bhongir,Anantharam,Claimant_FRA00004,IFR,3.28,Pending,2024-11-24,,,664,664
FRA00005,Telangana,D027,Sangareddy,Narayankhed,Kondapur,Claimant_FRA00005,IFR,2.37,Approved,2024-08-23,2025-01-26,156,0,757
FRA00006,Telangana,D019,Nagarkurnool,Amrabad,Mananur,Claimant_FRA00006,IFR,2.79,Approved,2022-01-23,2024-10-29,1010,0,1700
FRA00007,Telangana,D018,Mulugu,Venkatapur,Narsapur,Claimant_FRA00007,IFR,2.59,Pending,2022-10-31,,,1419,1419
FRA00008,Telangana,D030,Vikarabad,Tandur,Kotbaspally,Claimant_FRA00008,CFR,6.57,Approved,2023-01-27,2025-05-03,827,0,1331
FRA00009,Telangana,D007,Jayashankar Bhupalpally,Chityal,Venkateshwarlapally,Claimant_FRA00009,CFR,3.04,Pending,2023-07-30,,,1147,1147
FRA00010,Telangana,D019,Nagarkurnool,Amrabad,Mananur,Claimant_FRA00010,IFR,7.96,Pending,2022-06-21,,,1551,1551
FRA00011,Telangana,D019,Nagarkurnool,Amrabad,Mananur,Claimant_FRA00011,IFR,4.83,Pending,2026-05-06,,,136,136
FRA00012,Telangana,D011,Khammam,Wyra,Gollapadu,Claimant_FRA00012,CFR,3.46,Approved,2025-09-18,2026-02-18,153,0,366
FRA00013,Telangana,D027,Sangareddy,Narayankhed,Kondapur,Claimant_FRA00013,IFR,5.21,Rejected,2022-04-09,2025-12-16,1347,0,1624
FRA00014,Telangana,D004,Hyderabad,Amberpet,Azampura,Claimant_FRA00014,CFR,6.82,Approved,2024-04-11,2024-06-12,62,0,891
FRA00015,Telangana,D020,Nalgonda,Devarakonda,Chinthapally,Claimant_FRA00015,CFR,5.43,Approved,2024-02-23,2025-06-25,488,0,939
FRA00016,Telangana,D004,Hyderabad,Amberpet,Azampura,Claimant_FRA00016,CFR,7.62,Pending,2022-12-03,,,1386,1386
FRA00017,Telangana,D007,Jayashankar Bhupalpally,Chityal,Venkateshwarlapally,Claimant_FRA00017,IFR,7.71,Pending,2023-11-07,,,1047,1047
FRA00018,Telangana,D018,Mulugu,Venkatapur,Narsapur,Claimant_FRA00018,IFR,6.13,Rejected,2025-11-27,2026-01-29,63,0,296
FRA00019,Telangana,D001,Adilabad,Boath,Ghanpur,Claimant_FRA00019,CFR,7.68,Approved,2024-04-09,2025-09-05,514,0,893
FRA00020,Telangana,D023,Nizamabad,Armoor,Mendora,Claimant_FRA00020,CFR,6.78,Pending,2025-11-26,,,297,297
FRA00021,Telangana,D018,Mulugu,Eturunagaram,Katapur,Claimant_FRA00021,CFR,3.33,Pending,2025-10-26,,,328,328
FRA00022,Telangana,D007,Jayashankar Bhupalpally,Regonda,Kannaram,Claimant_FRA00022,IFR,4.67,Approved,2021-12-22,2023-05-24,518,0,1732
FRA00023,Telangana,D003,Hanumakonda,Dharmanagar,Mustial,Claimant_FRA00023,IFR,1.3,Pending,2024-10-26,,,693,693
FRA00024,Telangana,D023,Nizamabad,Armoor,Mendora,Claimant_FRA00024,IFR,4.64,Rejected,2022-07-20,2023-09-28,435,0,1522
FRA00025,Telangana,D013,Mahabubabad,Bayyaram,Garla,Claimant_FRA00025,IFR,5.95,Approved,2026-05-23,2026-06-07,15,0,119
FRA00026,Telangana,D002,Bhadradri Kothagudem,Manuguru,Anantharam,Claimant_FRA00026,CFR,7.76,Pending,2023-11-02,,,1052,1052
FRA00027,Telangana,D004,Hyderabad,Amberpet,Azampura,Claimant_FRA00027,CFR,7.33,Approved,2025-03-12,2025-06-01,81,0,556
FRA00028,Telangana,D007,Jayashankar Bhupalpally,Chityal,Venkateshwarlapally,Claimant_FRA00028,CFR,7.06,Approved,2022-07-31,2026-07-22,1452,0,1511
FRA00029,Telangana,D006,Jangaon,Station Ghanpur,Chilpur,Claimant_FRA00029,CFR,2.58,Pending,2026-07-11,,,70,70
FRA00030,Telangana,D011,Khammam,Wyra,Gollapadu,Claimant_FRA00030,IFR,2.92,Pending,2022-07-23,,,1519,1519
FRA00031,Telangana,D020,Nalgonda,Devarakonda,Chinthapally,Claimant_FRA00031,IFR,3.17,Approved,2024-08-20,2025-09-28,404,0,760
FRA00032,Telangana,D027,Sangareddy,Narayankhed,Kondapur,Claimant_FRA00032,IFR,2.43,Approved,2021-11-23,2023-05-26,549,0,1761
FRA00033,Telangana,D033,Yadadri Bhuvanagiri,Bhongir,Anantharam,Claimant_FRA00033,CFR,1.51,Approved,2025-07-07,2025-10-20,105,0,439
FRA00034,Telangana,D013,Mahabubabad,Kuravi,Seerole,Claimant_FRA00034,IFR,7.45,Pending,2023-10-02,,,1083,1083
FRA00035,Telangana,D011,Khammam,Kothagudem,Seetharampuram,Claimant_FRA00035,IFR,3.79,Approved,2022-04-27,2026-05-10,1474,0,1606
FRA00036,Telangana,D006,Jangaon,Station Ghanpur,Chilpur,Claimant_FRA00036,IFR,2.84,Pending,2022-10-17,,,1433,1433
FRA00037,Telangana,D005,Jagtial,Korutla,Ailapur,Claimant_FRA00037,CFR,4.99,Approved,2021-11-29,2024-03-28,850,0,1755
FRA00038,Telangana,D003,Hanumakonda,Atmakur,Chowdapur,Claimant_FRA00038,IFR,1.02,Rejected,2025-04-02,2026-08-15,500,0,535
FRA00039,Telangana,D023,Nizamabad,Armoor,Mendora,Claimant_FRA00039,CFR,7.4,Approved,2026-02-23,2026-03-20,25,0,208
FRA00040,Telangana,D007,Jayashankar Bhupalpally,Regonda,Kannaram,Claimant_FRA00040,CFR,1.14,Approved,2024-05-10,2026-04-15,705,0,862
FRA00041,Telangana,D004,Hyderabad,Charminar,Chandrayangutta,Claimant_FRA00041,CFR,7.6,Approved,2024-12-30,2026-08-25,603,0,628
FRA00042,Telangana,D007,Jayashankar Bhupalpally,Regonda,Kannaram,Claimant_FRA00042,IFR,2.04,Approved,2023-02-02,2026-05-10,1193,0,1325
FRA00043,Telangana,D004,Hyderabad,Amberpet,Azampura,Claimant_FRA00043,CFR,6.3,Pending,2025-03-23,,,545,545
FRA00044,Telangana,D005,Jagtial,Korutla,Ailapur,Claimant_FRA00044,CFR,1.79,Rejected,2026-05-02,2026-07-26,85,0,140
FRA00045,Telangana,D007,Jayashankar Bhupalpally,Regonda,Kannaram,Claimant_FRA00045,CFR,4.8,Approved,2023-07-08,2025-05-25,687,0,1169
FRA00046,Telangana,D004,Hyderabad,Charminar,Chandrayangutta,Claimant_FRA00046,IFR,0.73,Approved,2021-11-09,2022-03-30,141,0,1775
FRA00047,Telangana,D007,Jayashankar Bhupalpally,Regonda,Kannaram,Claimant_FRA00047,IFR,0.54,Pending,2024-12-20,,,638,638
FRA00048,Telangana,D006,Jangaon,Station Ghanpur,Chilpur,Claimant_FRA00048,IFR,0.8,Approved,2024-04-11,2026-08-03,844,0,891
FRA00049,Telangana,D002,Bhadradri Kothagudem,Manuguru,Anantharam,Claimant_FRA00049,IFR,2.23,Pending,2024-11-01,,,687,687
FRA00050,Telangana,D006,Jangaon,Jangaon,Pasumamula,Claimant_FRA00050,CFR,3.38,Pending,2025-03-04,,,564,564
FRA00051,Telangana,D019,Nagarkurnool,Amrabad,Mananur,Claimant_FRA00051,CFR,3.71,Approved,2025-07-31,2025-10-09,70,0,415
FRA00052,Telangana,D004,Hyderabad,Charminar,Chandrayangutta,Claimant_FRA00052,CFR,2.15,Approved,2022-06-26,2024-07-29,764,0,1546
FRA00053,Telangana,D011,Khammam,Wyra,Gollapadu,Claimant_FRA00053,IFR,1.19,Pending,2022-11-21,,,1398,1398
FRA00054,Telangana,D018,Mulugu,Eturunagaram,Katapur,Claimant_FRA00054,IFR,6.88,Pending,2025-09-01,,,383,383
FRA00055,Telangana,D011,Khammam,Kothagudem,Seetharampuram,Claimant_FRA00055,CFR,7.71,Pending,2024-11-23,,,665,665
FRA00056,Telangana,D002,Bhadradri Kothagudem,Kothagudem,Regalla,Claimant_FRA00056,CFR,6.21,Approved,2026-02-11,2026-09-03,204,0,220
FRA00057,Telangana,D032,Warangal,Narsampet,Madhira,Claimant_FRA00057,CFR,4.96,Approved,2025-06-25,2026-05-02,311,0,451
FRA00058,Telangana,D013,Mahabubabad,Bayyaram,Garla,Claimant_FRA00058,IFR,7.72,Rejected,2022-03-26,2023-01-05,285,0,1638
FRA00059,Telangana,D006,Jangaon,Jangaon,Pasumamula,Claimant_FRA00059,CFR,6.28,Rejected,2024-04-15,2025-07-11,452,0,887
FRA00060,Telangana,D001,Adilabad,Utnoor,Devapur,Claimant_FRA00060,IFR,3.91,Approved,2025-12-14,2026-03-25,101,0,279
FRA00061,Telangana,D026,Rangareddy,Shabad,Kesaram,Claimant_FRA00061,IFR,7.12,Rejected,2025-11-05,2026-06-09,216,0,318
FRA00062,Telangana,D030,Vikarabad,Tandur,Kotbaspally,Claimant_FRA00062,CFR,6.51,Pending,2025-08-17,,,398,398
FRA00063,Telangana,D023,Nizamabad,Armoor,Mendora,Claimant_FRA00063,IFR,3.75,Approved,2024-11-07,2026-04-15,524,0,681
FRA00064,Telangana,D013,Mahabubabad,Bayyaram,Garla,Claimant_FRA00064,IFR,4.35,Approved,2024-11-29,2026-06-20,568,0,659
FRA00065,Telangana,D011,Khammam,Wyra,Gollapadu,Claimant_FRA00065,IFR,1.86,Pending,2022-04-08,,,1625,1625
FRA00066,Telangana,D030,Vikarabad,Tandur,Kotbaspally,Claimant_FRA00066,CFR,2.98,Approved,2022-11-03,2025-10-15,1077,0,1416
FRA00067,Telangana,D011,Khammam,Kothagudem,Seetharampuram,Claimant_FRA00067,CFR,1.42,Rejected,2022-08-07,2023-02-27,204,0,1504
FRA00068,Telangana,D023,Nizamabad,Armoor,Mendora,Claimant_FRA00068,CFR,4.49,Approved,2024-03-30,2025-10-27,576,0,903
FRA00069,Telangana,D011,Khammam,Kothagudem,Seetharampuram,Claimant_FRA00069,IFR,6.47,Rejected,2022-10-28,2026-09-02,1405,0,1422
FRA00070,Telangana,D011,Khammam,Kothagudem,Seetharampuram,Claimant_FRA00070,IFR,7.26,Approved,2023-05-03,2025-05-30,758,0,1235
FRA00071,Telangana,D027,Sangareddy,Narayankhed,Kondapur,Claimant_FRA00071,CFR,5.51,Pending,2023-02-27,,,1300,1300
FRA00072,Telangana,D028,Siddipet,Husnabad,Pothireddypet,Claimant_FRA00072,IFR,0.56,Approved,2025-12-25,2026-03-30,95,0,268
FRA00073,Telangana,D005,Jagtial,Metpally,Vellulla,Claimant_FRA00073,CFR,4.42,Rejected,2023-04-10,2024-12-08,608,0,1258
FRA00074,Telangana,D007,Jayashankar Bhupalpally,Regonda,Kannaram,Claimant_FRA00074,IFR,5.08,Approved,2021-10-04,2023-09-17,713,0,1811
FRA00075,Telangana,D027,Sangareddy,Narayankhed,Kondapur,Claimant_FRA00075,CFR,2.13,Rejected,2024-11-19,2025-10-04,319,0,669
FRA00076,Telangana,D013,Mahabubabad,Bayyaram,Garla,Claimant_FRA00076,IFR,4.84,Pending,2025-02-16,,,580,580
FRA00077,Telangana,D011,Khammam,Wyra,Gollapadu,Claimant_FRA00077,CFR,1.93,Rejected,2024-01-11,2026-07-25,926,0,982
FRA00078,Telangana,D011,Khammam,Wyra,Gollapadu,Claimant_FRA00078,CFR,1.4,Approved,2026-02-22,2026-07-27,155,0,209
FRA00079,Telangana,D004,Hyderabad,Amberpet,Azampura,Claimant_FRA00079,CFR,3.1,Approved,2023-02-06,2024-03-22,410,0,1321
FRA00080,Telangana,D006,Jangaon,Jangaon,Pasumamula,Claimant_FRA00080,IFR,6.64,Approved,2025-10-12,2026-05-19,219,0,342
FRA00081,Telangana,D018,Mulugu,Venkatapur,Narsapur,Claimant_FRA00081,IFR,4.3,Pending,2024-03-11,,,922,922
FRA00082,Telangana,D032,Warangal,Narsampet,Madhira,Claimant_FRA00082,IFR,1.26,Pending,2025-09-17,,,367,367
FRA00083,Telangana,D030,Vikarabad,Tandur,Kotbaspally,Claimant_FRA00083,IFR,1.5,Approved,2021-11-24,2026-02-03,1532,0,1760
FRA00084,Telangana,D005,Jagtial,Metpally,Vellulla,Claimant_FRA00084,IFR,2.33,Approved,2021-11-20,2024-12-20,1126,0,1764
FRA00085,Telangana,D006,Jangaon,Jangaon,Pasumamula,Claimant_FRA00085,IFR,5.28,Rejected,2022-07-25,2025-04-27,1007,0,1517
FRA00086,Telangana,D002,Bhadradri Kothagudem,Kothagudem,Regalla,Claimant_FRA00086,IFR,5.46,Approved,2026-09-11,2026-09-12,1,0,8
FRA00087,Telangana,D033,Yadadri Bhuvanagiri,Bhongir,Anantharam,Claimant_FRA00087,CFR,7.22,Pending,2023-06-17,,,1190,1190
FRA00088,Telangana,D002,Bhadradri Kothagudem,Manuguru,Anantharam,Claimant_FRA00088,IFR,0.6,Approved,2026-03-21,2026-08-01,133,0,182
FRA00089,Telangana,D032,Warangal,Narsampet,Madhira,Claimant_FRA00089,CFR,5.64,Approved,2022-04-06,2025-12-29,1363,0,1627
FRA00090,Telangana,D011,Khammam,Kothagudem,Seetharampuram,Claimant_FRA00090,CFR,7.1,Pending,2022-02-16,,,1676,1676
FRA00091,Telangana,D011,Khammam,Wyra,Gollapadu,Claimant_FRA00091,IFR,3.39,Approved,2024-04-27,2026-07-25,819,0,875
FRA00092,Telangana,D011,Khammam,Kothagudem,Seetharampuram,Claimant_FRA00092,CFR,2.19,Approved,2024-03-21,2024-04-11,21,0,912
FRA00093,Telangana,D003,Hanumakonda,Dharmanagar,Mustial,Claimant_FRA00093,CFR,7.99,Approved,2023-07-08,2025-01-06,548,0,1169
FRA00094,Telangana,D019,Nagarkurnool,Amrabad,Mananur,Claimant_FRA00094,IFR,2.55,Pending,2023-09-17,,,1098,1098
FRA00095,Telangana,D018,Mulugu,Venkatapur,Narsapur,Claimant_FRA00095,IFR,1.49,Approved,2022-05-24,2025-01-11,963,0,1579
FRA00096,Telangana,D002,Bhadradri Kothagudem,Manuguru,Anantharam,Claimant_FRA00096,CFR,4.49,Pending,2023-06-28,,,1179,1179
FRA00097,Telangana,D003,Hanumakonda,Dharmanagar,Mustial,Claimant_FRA00097,IFR,5.06,Approved,2023-10-07,2026-02-06,853,0,1078
FRA00098,Telangana,D003,Hanumakonda,Dharmanagar,Mustial,Claimant_FRA00098,IFR,2.12,Approved,2026-04-09,2026-09-13,157,0,163
FRA00099,Telangana,D027,Sangareddy,Narayankhed,Kondapur,Claimant_FRA00099,IFR,7.6,Approved,2025-09-21,2026-06-23,275,0,363
FRA00100,Telangana,D006,Jangaon,Jangaon,Pasumamula,Claimant_FRA00100,CFR,2.57,Approved,2025-02-27,2025-05-09,71,0,569
FRA00101,Telangana,D013,Mahabubabad,Kuravi,Seerole,Claimant_FRA00101,IFR,3.8,Approved,2023-09-22,2026-02-25,887,0,1093
FRA00102,Telangana,D020,Nalgonda,Devarakonda,Chinthapally,Claimant_FRA00102,IFR,1.1,Approved,2025-06-08,2025-07-12,34,0,468
FRA00103,Telangana,D006,Jangaon,Station Ghanpur,Chilpur,Claimant_FRA00103,IFR,7.29,Rejected,2026-07-02,2026-08-26,55,0,79
FRA00104,Telangana,D033,Yadadri Bhuvanagiri,Bhongir,Anantharam,Claimant_FRA00104,IFR,1.05,Approved,2025-05-10,2026-08-14,461,0,497
FRA00105,Telangana,D013,Mahabubabad,Kuravi,Seerole,Claimant_FRA00105,CFR,3.35,Approved,2023-11-29,2026-09-13,1019,0,1025
FRA00106,Telangana,D020,Nalgonda,Devarakonda,Chinthapally,Claimant_FRA00106,CFR,4.56,Rejected,2022-04-18,2023-10-30,560,0,1615
FRA00107,Telangana,D004,Hyderabad,Charminar,Chandrayangutta,Claimant_FRA00107,IFR,4.87,Approved,2022-02-26,2022-09-01,187,0,1666
FRA00108,Telangana,D020,Nalgonda,Devarakonda,Chinthapally,Claimant_FRA00108,CFR,5.05,Approved,2025-10-04,2026-02-06,125,0,350
FRA00109,Telangana,D028,Siddipet,Husnabad,Pothireddypet,Claimant_FRA00109,CFR,4.04,Approved,2022-07-28,2026-05-10,1382,0,1514
FRA00110,Telangana,D005,Jagtial,Metpally,Vellulla,Claimant_FRA00110,CFR,3.79,Approved,2022-07-13,2026-07-17,1465,0,1529
FRA00111,Telangana,D011,Khammam,Wyra,Gollapadu,Claimant_FRA00111,CFR,2.73,Approved,2025-08-02,2025-10-31,90,0,413
FRA00112,Telangana,D005,Jagtial,Korutla,Ailapur,Claimant_FRA00112,IFR,6.12,Pending,2021-12-27,,,1727,1727
FRA00113,Telangana,D013,Mahabubabad,Bayyaram,Garla,Claimant_FRA00113,IFR,1.13,Pending,2024-08-01,,,779,779
FRA00114,Telangana,D006,Jangaon,Jangaon,Pasumamula,Claimant_FRA00114,IFR,5.01,Approved,2025-10-23,2025-11-15,23,0,331
FRA00115,Telangana,D006,Jangaon,Station Ghanpur,Chilpur,Claimant_FRA00115,CFR,1.29,Approved,2025-09-19,2026-04-25,218,0,365
FRA00116,Telangana,D004,Hyderabad,Amberpet,Azampura,Claimant_FRA00116,IFR,1.16,Approved,2022-05-16,2025-04-23,1073,0,1587
FRA00117,Telangana,D026,Rangareddy,Shabad,Kesaram,Claimant_FRA00117,IFR,5.58,Rejected,2025-02-10,2025-02-25,15,0,586
FRA00118,Telangana,D006,Jangaon,Jangaon,Pasumamula,Claimant_FRA00118,IFR,4.57,Pending,2023-09-06,,,1109,1109
FRA00119,Telangana,D007,Jayashankar Bhupalpally,Regonda,Kannaram,Claimant_FRA00119,IFR,2.77,Approved,2022-06-06,2026-04-03,1397,0,1566
FRA00120,Telangana,D001,Adilabad,Boath,Ghanpur,Claimant_FRA00120,IFR,7.13,Pending,2024-08-31,,,749,749
FRA00121,Telangana,D032,Warangal,Narsampet,Madhira,Claimant_FRA00121,IFR,0.61,Pending,2023-09-24,,,1091,1091
FRA00122,Telangana,D005,Jagtial,Metpally,Vellulla,Claimant_FRA00122,CFR,1.04,Pending,2023-07-24,,,1153,1153
FRA00123,Telangana,D002,Bhadradri Kothagudem,Bhadrachalam,Nellipaka,Claimant_FRA00123,CFR,4.07,Rejected,2025-02-05,2025-08-20,196,0,591
FRA00124,Telangana,D005,Jagtial,Metpally,Vellulla,Claimant_FRA00124,IFR,5.9,Pending,2025-02-15,,,581,581
FRA00125,Telangana,D006,Jangaon,Station Ghanpur,Chilpur,Claimant_FRA00125,CFR,1.47,Approved,2024-01-24,2025-09-10,595,0,969
FRA00126,Telangana,D018,Mulugu,Eturunagaram,Katapur,Claimant_FRA00126,CFR,1.87,Approved,2025-02-06,2026-06-15,494,0,590
FRA00127,Telangana,D030,Vikarabad,Tandur,Kotbaspally,Claimant_FRA00127,CFR,1.9,Approved,2026-04-25,2026-09-13,141,0,147
FRA00128,Telangana,D033,Yadadri Bhuvanagiri,Bhongir,Anantharam,Claimant_FRA00128,IFR,4.84,Approved,2023-10-31,2024-11-30,396,0,1054
FRA00129,Telangana,D013,Mahabubabad,Kuravi,Seerole,Claimant_FRA00129,IFR,4.48,Approved,2026-05-26,2026-07-28,63,0,116
FRA00130,Telangana,D026,Rangareddy,Shabad,Kesaram,Claimant_FRA00130,IFR,3.11,Approved,2022-10-26,2025-01-29,826,0,1424
FRA00131,Telangana,D011,Khammam,Wyra,Gollapadu,Claimant_FRA00131,IFR,4.05,Rejected,2023-11-19,2024-03-03,105,0,1035
FRA00132,Telangana,D023,Nizamabad,Armoor,Mendora,Claimant_FRA00132,IFR,4.45,Rejected,2023-06-07,2026-06-13,1102,0,1200
FRA00133,Telangana,D004,Hyderabad,Charminar,Chandrayangutta,Claimant_FRA00133,CFR,4.25,Approved,2021-10-27,2025-06-04,1316,0,1788
FRA00134,Telangana,D023,Nizamabad,Armoor,Mendora,Claimant_FRA00134,CFR,4.42,Pending,2025-08-30,,,385,385
FRA00135,Telangana,D004,Hyderabad,Amberpet,Azampura,Claimant_FRA00135,CFR,3.94,Pending,2025-10-20,,,334,334
FRA00136,Telangana,D033,Yadadri Bhuvanagiri,Bhongir,Anantharam,Claimant_FRA00136,IFR,4.11,Pending,2024-06-28,,,813,813
FRA00137,Telangana,D002,Bhadradri Kothagudem,Kothagudem,Regalla,Claimant_FRA00137,CFR,7.27,Rejected,2023-05-19,2024-03-11,297,0,1219
FRA00138,Telangana,D003,Hanumakonda,Atmakur,Chowdapur,Claimant_FRA00138,IFR,7.28,Rejected,2025-02-27,2025-12-22,298,0,569
FRA00139,Telangana,D001,Adilabad,Boath,Ghanpur,Claimant_FRA00139,IFR,5.95,Approved,2021-11-22,2024-06-14,935,0,1762
FRA00140,Telangana,D001,Adilabad,Utnoor,Devapur,Claimant_FRA00140,IFR,7.75,Pending,2021-12-30,,,1724,1724
FRA00141,Telangana,D013,Mahabubabad,Bayyaram,Garla,Claimant_FRA00141,IFR,6.35,Approved,2025-06-13,2025-10-17,126,0,463
FRA00142,Telangana,D027,Sangareddy,Narayankhed,Kondapur,Claimant_FRA00142,IFR,5.97,Pending,2026-06-26,,,85,85
FRA00143,Telangana,D002,Bhadradri Kothagudem,Manuguru,Anantharam,Claimant_FRA00143,IFR,1.43,Pending,2023-05-22,,,1216,1216
FRA00144,Telangana,D011,Khammam,Wyra,Gollapadu,Claimant_FRA00144,CFR,6.62,Approved,2025-02-17,2025-12-22,308,0,579
FRA00145,Telangana,D026,Rangareddy,Shabad,Kesaram,Claimant_FRA00145,CFR,1.01,Rejected,2021-10-28,2023-09-23,695,0,1787
FRA00146,Telangana,D033,Yadadri Bhuvanagiri,Bhongir,Anantharam,Claimant_FRA00146,IFR,4.39,Approved,2025-10-29,2026-05-18,201,0,325
FRA00147,Telangana,D002,Bhadradri Kothagudem,Bhadrachalam,Nellipaka,Claimant_FRA00147,CFR,1.01,Pending,2025-09-04,,,380,380
FRA00148,Telangana,D006,Jangaon,Station Ghanpur,Chilpur,Claimant_FRA00148,IFR,2.1,Approved,2025-11-15,2026-04-20,156,0,308
FRA00149,Telangana,D011,Khammam,Wyra,Gollapadu,Claimant_FRA00149,IFR,2.95,Pending,2025-03-19,,,549,549
FRA00150,Telangana,D005,Jagtial,Metpally,Vellulla,Claimant_FRA00150,CFR,3.69,Approved,2025-05-23,2026-03-22,303,0,484
FRA00151,Telangana,D004,Hyderabad,Amberpet,Azampura,Claimant_FRA00151,CFR,4.54,Pending,2021-10-15,,,1800,1800
FRA00152,Telangana,D030,Vikarabad,Tandur,Kotbaspally,Claimant_FRA00152,CFR,7.45,Pending,2022-06-11,,,1561,1561
FRA00153,Telangana,D018,Mulugu,Venkatapur,Narsapur,Claimant_FRA00153,IFR,4.65,Approved,2025-05-24,2025-06-02,9,0,483
FRA00154,Telangana,D007,Jayashankar Bhupalpally,Chityal,Venkateshwarlapally,Claimant_FRA00154,IFR,7.13,Approved,2021-10-30,2022-09-12,317,0,1785
FRA00155,Telangana,D028,Siddipet,Husnabad,Pothireddypet,Claimant_FRA00155,CFR,1.74,Pending,2025-03-12,,,556,556
FRA00156,Telangana,D002,Bhadradri Kothagudem,Manuguru,Anantharam,Claimant_FRA00156,IFR,3.59,Approved,2023-02-14,2024-12-07,662,0,1313
FRA00157,Telangana,D004,Hyderabad,Amberpet,Azampura,Claimant_FRA00157,IFR,4.31,Approved,2025-06-20,2025-08-26,67,0,456
FRA00158,Telangana,D002,Bhadradri Kothagudem,Bhadrachalam,Nellipaka,Claimant_FRA00158,IFR,3.41,Rejected,2026-02-18,2026-06-12,114,0,213
FRA00159,Telangana,D001,Adilabad,Utnoor,Devapur,Claimant_FRA00159,IFR,3.98,Pending,2024-05-16,,,856,856
FRA00160,Telangana,D018,Mulugu,Venkatapur,Narsapur,Claimant_FRA00160,IFR,5.47,Approved,2025-08-24,2025-12-26,124,0,391
FRA00161,Telangana,D027,Sangareddy,Narayankhed,Kondapur,Claimant_FRA00161,CFR,4.68,Rejected,2025-04-04,2026-01-27,298,0,533
FRA00162,Telangana,D004,Hyderabad,Amberpet,Azampura,Claimant_FRA00162,IFR,1.91,Rejected,2023-04-25,2023-09-09,137,0,1243
FRA00163,Telangana,D002,Bhadradri Kothagudem,Bhadrachalam,Nellipaka,Claimant_FRA00163,IFR,4.83,Rejected,2023-07-10,2024-11-15,494,0,1167
FRA00164,Telangana,D023,Nizamabad,Armoor,Mendora,Claimant_FRA00164,IFR,4.34,Rejected,2026-06-30,2026-08-11,42,0,81
FRA00165,Telangana,D006,Jangaon,Jangaon,Pasumamula,Claimant_FRA00165,IFR,3.96,Approved,2026-01-12,2026-06-26,165,0,250
FRA00166,Telangana,D013,Mahabubabad,Kuravi,Seerole,Claimant_FRA00166,CFR,7.62,Pending,2022-09-04,,,1476,1476
FRA00167,Telangana,D003,Hanumakonda,Atmakur,Chowdapur,Claimant_FRA00167,CFR,2.23,Pending,2023-12-09,,,1015,1015
FRA00168,Telangana,D002,Bhadradri Kothagudem,Kothagudem,Regalla,Claimant_FRA00168,IFR,2.8,Approved,2023-03-20,2026-08-28,1257,0,1279
FRA00169,Telangana,D013,Mahabubabad,Kuravi,Seerole,Claimant_FRA00169,IFR,3.24,Approved,2022-08-28,2023-12-22,481,0,1483
FRA00170,Telangana,D020,Nalgonda,Devarakonda,Chinthapally,Claimant_FRA00170,IFR,3.64,Rejected,2022-11-16,2025-09-27,1046,0,1403
FRA00171,Telangana,D032,Warangal,Narsampet,Madhira,Claimant_FRA00171,IFR,3.21,Approved,2023-04-13,2025-04-04,722,0,1255
FRA00172,Telangana,D005,Jagtial,Korutla,Ailapur,Claimant_FRA00172,CFR,2.14,Approved,2025-07-12,2026-03-08,239,0,434
FRA00173,Telangana,D020,Nalgonda,Devarakonda,Chinthapally,Claimant_FRA00173,IFR,5.0,Approved,2024-02-25,2025-09-12,565,0,937
FRA00174,Telangana,D002,Bhadradri Kothagudem,Kothagudem,Regalla,Claimant_FRA00174,IFR,6.2,Approved,2022-10-08,2023-09-18,345,0,1442
FRA00175,Telangana,D001,Adilabad,Boath,Ghanpur,Claimant_FRA00175,CFR,3.87,Rejected,2023-03-11,2023-04-28,48,0,1288
FRA00176,Telangana,D002,Bhadradri Kothagudem,Bhadrachalam,Nellipaka,Claimant_FRA00176,CFR,6.7,Approved,2022-03-01,2025-01-08,1044,0,1663
FRA00177,Telangana,D030,Vikarabad,Tandur,Kotbaspally,Claimant_FRA00177,CFR,2.61,Pending,2024-05-23,,,849,849
FRA00178,Telangana,D002,Bhadradri Kothagudem,Manuguru,Anantharam,Claimant_FRA00178,CFR,3.06,Rejected,2026-04-18,2026-08-13,117,0,154
FRA00179,Telangana,D033,Yadadri Bhuvanagiri,Bhongir,Anantharam,Claimant_FRA00179,IFR,2.85,Rejected,2024-01-27,2025-10-04,616,0,966
FRA00180,Telangana,D003,Hanumakonda,Atmakur,Chowdapur,Claimant_FRA00180,CFR,4.86,Approved,2026-01-29,2026-06-01,123,0,233
FRA00181,Telangana,D004,Hyderabad,Amberpet,Azampura,Claimant_FRA00181,CFR,6.98,Approved,2025-11-30,2026-01-19,50,0,293
FRA00182,Telangana,D013,Mahabubabad,Kuravi,Seerole,Claimant_FRA00182,CFR,0.89,Approved,2024-04-13,2025-06-07,420,0,889
FRA00183,Telangana,D004,Hyderabad,Amberpet,Azampura,Claimant_FRA00183,CFR,3.66,Approved,2024-12-17,2025-07-21,216,0,641
FRA00184,Telangana,D004,Hyderabad,Charminar,Chandrayangutta,Claimant_FRA00184,IFR,0.85,Approved,2021-10-22,2024-12-07,1142,0,1793
FRA00185,Telangana,D004,Hyderabad,Amberpet,Azampura,Claimant_FRA00185,IFR,2.15,Approved,2026-07-25,2026-08-09,15,0,56
FRA00186,Telangana,D004,Hyderabad,Amberpet,Azampura,Claimant_FRA00186,CFR,4.25,Approved,2022-01-08,2024-09-29,995,0,1715
FRA00187,Telangana,D013,Mahabubabad,Kuravi,Seerole,Claimant_FRA00187,IFR,5.15,Approved,2022-09-19,2024-12-26,829,0,1461
FRA00188,Telangana,D007,Jayashankar Bhupalpally,Regonda,Kannaram,Claimant_FRA00188,IFR,1.25,Rejected,2022-11-22,2024-02-09,444,0,1397
FRA00189,Telangana,D026,Rangareddy,Shabad,Kesaram,Claimant_FRA00189,CFR,6.41,Pending,2025-01-10,,,617,617
FRA00190,Telangana,D001,Adilabad,Narnoor,Kothapalli,Claimant_FRA00190,IFR,5.2,Pending,2024-03-11,,,922,922
FRA00191,Telangana,D002,Bhadradri Kothagudem,Kothagudem,Regalla,Claimant_FRA00191,CFR,5.6,Approved,2023-09-30,2024-08-04,309,0,1085
FRA00192,Telangana,D007,Jayashankar Bhupalpally,Regonda,Kannaram,Claimant_FRA00192,CFR,4.51,Approved,2026-04-19,2026-07-16,88,0,153
FRA00193,Telangana,D028,Siddipet,Husnabad,Pothireddypet,Claimant_FRA00193,CFR,6.35,Pending,2025-04-12,,,525,525
FRA00194,Telangana,D027,Sangareddy,Narayankhed,Kondapur,Claimant_FRA00194,IFR,0.51,Approved,2023-10-04,2026-04-25,934,0,1081
FRA00195,Telangana,D001,Adilabad,Narnoor,Kothapalli,Claimant_FRA00195,CFR,0.71,Pending,2024-12-25,,,633,633
FRA00196,Telangana,D020,Nalgonda,Devarakonda,Chinthapally,Claimant_FRA00196,IFR,6.89,Pending,2023-09-18,,,1097,1097
FRA00197,Telangana,D001,Adilabad,Boath,Ghanpur,Claimant_FRA00197,CFR,6.78,Approved,2025-06-14,2025-09-04,82,0,462
FRA00198,Telangana,D018,Mulugu,Eturunagaram,Katapur,Claimant_FRA00198,IFR,4.36,Approved,2025-08-16,2026-05-01,258,0,399
FRA00199,Telangana,D026,Rangareddy,Shabad,Kesaram,Claimant_FRA00199,IFR,3.52,Approved,2024-02-26,2026-05-13,807,0,936
FRA00200,Telangana,D011,Khammam,Kothagudem,Seetharampuram,Claimant_FRA00200,CFR,2.2,Approved,2026-04-24,2026-08-04,102,0,148
FRA00201,Telangana,D006,Jangaon,Jangaon,Pasumamula,Claimant_FRA00201,CFR,1.65,Pending,2023-02-10,,,1317,1317
FRA00202,Telangana,D011,Khammam,Wyra,Gollapadu,Claimant_FRA00202,CFR,3.47,Pending,2025-05-04,,,503,503
FRA00203,Telangana,D002,Bhadradri Kothagudem,Manuguru,Anantharam,Claimant_FRA00203,IFR,3.82,Pending,2023-08-31,,,1115,1115
FRA00204,Telangana,D001,Adilabad,Narnoor,Kothapalli,Claimant_FRA00204,CFR,2.07,Approved,2025-06-28,2026-07-25,392,0,448
FRA00205,Telangana,D006,Jangaon,Station Ghanpur,Chilpur,Claimant_FRA00205,CFR,2.86,Approved,2022-04-27,2025-03-26,1064,0,1606
FRA00206,Telangana,D027,Sangareddy,Narayankhed,Kondapur,Claimant_FRA00206,IFR,1.15,Pending,2025-12-01,,,292,292
FRA00207,Telangana,D003,Hanumakonda,Dharmanagar,Mustial,Claimant_FRA00207,IFR,4.66,Pending,2023-05-09,,,1229,1229
FRA00208,Telangana,D003,Hanumakonda,Dharmanagar,Mustial,Claimant_FRA00208,IFR,6.07,Approved,2024-09-16,2026-04-08,569,0,733
FRA00209,Telangana,D011,Khammam,Wyra,Gollapadu,Claimant_FRA00209,IFR,4.44,Rejected,2022-09-24,2024-10-12,749,0,1456
FRA00210,Telangana,D006,Jangaon,Station Ghanpur,Chilpur,Claimant_FRA00210,IFR,0.53,Approved,2025-07-29,2026-05-07,282,0,417
FRA00211,Telangana,D011,Khammam,Wyra,Gollapadu,Claimant_FRA00211,IFR,4.06,Pending,2025-12-13,,,280,280
FRA00212,Telangana,D011,Khammam,Kothagudem,Seetharampuram,Claimant_FRA00212,CFR,3.65,Approved,2024-07-20,2025-10-23,460,0,791
FRA00213,Telangana,D004,Hyderabad,Charminar,Chandrayangutta,Claimant_FRA00213,IFR,3.57,Approved,2022-02-13,2024-09-01,931,0,1679
FRA00214,Telangana,D004,Hyderabad,Amberpet,Azampura,Claimant_FRA00214,IFR,3.59,Rejected,2025-12-22,2026-05-07,136,0,271
FRA00215,Telangana,D002,Bhadradri Kothagudem,Bhadrachalam,Nellipaka,Claimant_FRA00215,IFR,5.86,Pending,2026-06-28,,,83,83
FRA00216,Telangana,D006,Jangaon,Jangaon,Pasumamula,Claimant_FRA00216,IFR,1.01,Approved,2022-06-14,2025-01-01,932,0,1558
FRA00217,Telangana,D002,Bhadradri Kothagudem,Kothagudem,Regalla,Claimant_FRA00217,CFR,5.59,Approved,2024-09-29,2026-02-26,515,0,720
FRA00218,Telangana,D018,Mulugu,Eturunagaram,Katapur,Claimant_FRA00218,IFR,6.53,Rejected,2025-10-09,2026-05-15,218,0,345
FRA00219,Telangana,D003,Hanumakonda,Dharmanagar,Mustial,Claimant_FRA00219,IFR,3.49,Approved,2022-05-04,2023-03-06,306,0,1599
FRA00220,Telangana,D002,Bhadradri Kothagudem,Manuguru,Anantharam,Claimant_FRA00220,CFR,2.77,Pending,2023-09-20,,,1095,1095
FRA00221,Telangana,D007,Jayashankar Bhupalpally,Regonda,Kannaram,Claimant_FRA00221,CFR,6.52,Rejected,2024-09-21,2025-05-12,233,0,728
FRA00222,Telangana,D018,Mulugu,Eturunagaram,Katapur,Claimant_FRA00222,CFR,4.08,Pending,2026-01-09,,,253,253
FRA00223,Telangana,D006,Jangaon,Station Ghanpur,Chilpur,Claimant_FRA00223,CFR,7.83,Pending,2024-05-21,,,851,851
FRA00224,Telangana,D001,Adilabad,Narnoor,Kothapalli,Claimant_FRA00224,CFR,1.97,Rejected,2026-05-29,2026-09-05,99,0,113
FRA00225,Telangana,D027,Sangareddy,Narayankhed,Kondapur,Claimant_FRA00225,CFR,4.65,Approved,2026-03-09,2026-08-05,149,0,194
FRA00226,Telangana,D005,Jagtial,Metpally,Vellulla,Claimant_FRA00226,IFR,2.56,Pending,2022-08-07,,,1504,1504
FRA00227,Telangana,D006,Jangaon,Jangaon,Pasumamula,Claimant_FRA00227,CFR,6.93,Pending,2023-06-15,,,1192,1192
FRA00228,Telangana,D027,Sangareddy,Narayankhed,Kondapur,Claimant_FRA00228,CFR,6.56,Pending,2026-09-07,,,12,12
FRA00229,Telangana,D033,Yadadri Bhuvanagiri,Bhongir,Anantharam,Claimant_FRA00229,CFR,1.54,Approved,2024-05-01,2026-04-28,727,0,871
FRA00230,Telangana,D018,Mulugu,Eturunagaram,Katapur,Claimant_FRA00230,CFR,6.05,Approved,2024-02-10,2024-07-06,147,0,952
FRA00231,Telangana,D003,Hanumakonda,Dharmanagar,Mustial,Claimant_FRA00231,CFR,3.36,Approved,2025-04-25,2025-08-09,106,0,512
FRA00232,Telangana,D002,Bhadradri Kothagudem,Manuguru,Anantharam,Claimant_FRA00232,IFR,1.49,Approved,2026-03-23,2026-07-18,117,0,180
FRA00233,Telangana,D026,Rangareddy,Shabad,Kesaram,Claimant_FRA00233,IFR,3.4,Approved,2022-01-12,2023-06-03,507,0,1711
FRA00234,Telangana,D002,Bhadradri Kothagudem,Kothagudem,Regalla,Claimant_FRA00234,IFR,2.76,Pending,2024-10-24,,,695,695
FRA00235,Telangana,D007,Jayashankar Bhupalpally,Regonda,Kannaram,Claimant_FRA00235,IFR,6.72,Approved,2024-09-02,2025-08-12,344,0,747
FRA00236,Telangana,D006,Jangaon,Jangaon,Pasumamula,Claimant_FRA00236,CFR,3.41,Approved,2025-07-24,2025-12-01,130,0,422
FRA00237,Telangana,D002,Bhadradri Kothagudem,Manuguru,Anantharam,Claimant_FRA00237,CFR,4.52,Approved,2025-10-17,2025-10-24,7,0,337
FRA00238,Telangana,D002,Bhadradri Kothagudem,Manuguru,Anantharam,Claimant_FRA00238,CFR,1.01,Approved,2025-12-24,2026-01-18,25,0,269
FRA00239,Telangana,D001,Adilabad,Boath,Ghanpur,Claimant_FRA00239,IFR,2.65,Rejected,2025-10-21,2026-04-09,170,0,333
FRA00240,Telangana,D002,Bhadradri Kothagudem,Bhadrachalam,Nellipaka,Claimant_FRA00240,CFR,1.81,Approved,2026-07-04,2026-08-06,33,0,77
FRA00241,Telangana,D003,Hanumakonda,Atmakur,Chowdapur,Claimant_FRA00241,CFR,6.54,Approved,2024-04-23,2025-09-23,518,0,879
FRA00242,Telangana,D002,Bhadradri Kothagudem,Manuguru,Anantharam,Claimant_FRA00242,CFR,4.14,Rejected,2025-12-08,2026-03-15,97,0,285
FRA00243,Telangana,D005,Jagtial,Korutla,Ailapur,Claimant_FRA00243,CFR,7.58,Approved,2021-10-07,2024-12-30,1180,0,1808
FRA00244,Telangana,D020,Nalgonda,Devarakonda,Chinthapally,Claimant_FRA00244,IFR,5.64,Approved,2023-12-25,2026-08-30,979,0,999
FRA00245,Telangana,D020,Nalgonda,Devarakonda,Chinthapally,Claimant_FRA00245,CFR,7.73,Approved,2023-06-06,2023-09-29,115,0,1201
FRA00246,Telangana,D001,Adilabad,Utnoor,Devapur,Claimant_FRA00246,IFR,1.66,Approved,2023-07-14,2025-01-12,548,0,1163
FRA00247,Telangana,D001,Adilabad,Narnoor,Kothapalli,Claimant_FRA00247,CFR,4.29,Pending,2023-12-31,,,993,993
FRA00248,Telangana,D007,Jayashankar Bhupalpally,Chityal,Venkateshwarlapally,Claimant_FRA00248,CFR,2.27,Rejected,2022-01-06,2024-06-08,884,0,1717
FRA00249,Telangana,D033,Yadadri Bhuvanagiri,Bhongir,Anantharam,Claimant_FRA00249,IFR,4.17,Rejected,2023-11-30,2026-08-25,999,0,1024
FRA00250,Telangana,D018,Mulugu,Venkatapur,Narsapur,Claimant_FRA00250,IFR,4.89,Approved,2025-02-10,2026-05-16,460,0,586
FRA00251,Telangana,D002,Bhadradri Kothagudem,Manuguru,Anantharam,Claimant_FRA00251,CFR,1.02,Approved,2022-09-13,2023-12-19,462,0,1467
FRA00252,Telangana,D002,Bhadradri Kothagudem,Kothagudem,Regalla,Claimant_FRA00252,CFR,1.06,Approved,2021-12-05,2023-04-26,507,0,1749
FRA00253,Telangana,D033,Yadadri Bhuvanagiri,Bhongir,Anantharam,Claimant_FRA00253,CFR,5.04,Approved,2026-09-08,2026-09-14,6,0,11
FRA00254,Telangana,D001,Adilabad,Narnoor,Kothapalli,Claimant_FRA00254,IFR,4.04,Approved,2022-05-08,2026-09-03,1579,0,1595
FRA00255,Telangana,D005,Jagtial,Korutla,Ailapur,Claimant_FRA00255,CFR,7.32,Pending,2026-01-20,,,242,242
FRA00256,Telangana,D007,Jayashankar Bhupalpally,Regonda,Kannaram,Claimant_FRA00256,CFR,7.83,Approved,2022-11-01,2025-04-07,888,0,1418
FRA00257,Telangana,D002,Bhadradri Kothagudem,Kothagudem,Regalla,Claimant_FRA00257,CFR,3.07,Approved,2024-07-06,2026-06-18,712,0,805
FRA00258,Telangana,D004,Hyderabad,Amberpet,Azampura,Claimant_FRA00258,IFR,5.89,Approved,2022-03-01,2022-03-14,13,0,1663
FRA00259,Telangana,D018,Mulugu,Venkatapur,Narsapur,Claimant_FRA00259,IFR,6.35,Rejected,2024-08-18,2025-11-24,463,0,762
FRA00260,Telangana,D020,Nalgonda,Devarakonda,Chinthapally,Claimant_FRA00260,CFR,1.99,Approved,2025-12-08,2026-01-03,26,0,285
FRA00261,Telangana,D026,Rangareddy,Shabad,Kesaram,Claimant_FRA00261,IFR,1.01,Pending,2024-07-02,,,809,809
FRA00262,Telangana,D002,Bhadradri Kothagudem,Manuguru,Anantharam,Claimant_FRA00262,IFR,1.53,Pending,2023-10-18,,,1067,1067
FRA00263,Telangana,D002,Bhadradri Kothagudem,Bhadrachalam,Nellipaka,Claimant_FRA00263,IFR,4.77,Approved,2023-05-22,2024-07-03,408,0,1216
FRA00264,Telangana,D007,Jayashankar Bhupalpally,Chityal,Venkateshwarlapally,Claimant_FRA00264,IFR,1.35,Pending,2023-04-11,,,1257,1257
FRA00265,Telangana,D033,Yadadri Bhuvanagiri,Bhongir,Anantharam,Claimant_FRA00265,IFR,5.5,Approved,2022-01-20,2023-07-31,557,0,1703
FRA00266,Telangana,D033,Yadadri Bhuvanagiri,Bhongir,Anantharam,Claimant_FRA00266,IFR,5.41,Pending,2025-04-19,,,518,518
FRA00267,Telangana,D013,Mahabubabad,Bayyaram,Garla,Claimant_FRA00267,IFR,4.95,Approved,2024-09-10,2025-06-05,268,0,739
FRA00268,Telangana,D003,Hanumakonda,Dharmanagar,Mustial,Claimant_FRA00268,CFR,1.27,Pending,2022-01-07,,,1716,1716
FRA00269,Telangana,D005,Jagtial,Metpally,Vellulla,Claimant_FRA00269,IFR,3.79,Pending,2023-08-01,,,1145,1145
FRA00270,Telangana,D020,Nalgonda,Devarakonda,Chinthapally,Claimant_FRA00270,IFR,2.45,Pending,2023-12-16,,,1008,1008
FRA00271,Telangana,D011,Khammam,Wyra,Gollapadu,Claimant_FRA00271,IFR,0.92,Rejected,2024-09-07,2024-11-11,65,0,742
FRA00272,Telangana,D013,Mahabubabad,Kuravi,Seerole,Claimant_FRA00272,IFR,2.4,Pending,2022-08-30,,,1481,1481
FRA00273,Telangana,D013,Mahabubabad,Bayyaram,Garla,Claimant_FRA00273,CFR,1.98,Pending,2022-07-17,,,1525,1525
FRA00274,Telangana,D032,Warangal,Narsampet,Madhira,Claimant_FRA00274,CFR,1.75,Approved,2024-04-13,2026-02-14,672,0,889
FRA00275,Telangana,D003,Hanumakonda,Dharmanagar,Mustial,Claimant_FRA00275,IFR,7.85,Approved,2023-09-16,2026-04-28,955,0,1099
FRA00276,Telangana,D002,Bhadradri Kothagudem,Kothagudem,Regalla,Claimant_FRA00276,IFR,2.29,Approved,2026-05-27,2026-09-11,107,0,115
FRA00277,Telangana,D032,Warangal,Narsampet,Madhira,Claimant_FRA00277,CFR,8.0,Rejected,2026-08-26,2026-09-01,6,0,24
FRA00278,Telangana,D005,Jagtial,Korutla,Ailapur,Claimant_FRA00278,IFR,5.22,Pending,2024-03-03,,,930,930
FRA00279,Telangana,D018,Mulugu,Eturunagaram,Katapur,Claimant_FRA00279,IFR,1.46,Approved,2026-06-03,2026-06-04,1,0,108
FRA00280,Telangana,D004,Hyderabad,Amberpet,Azampura,Claimant_FRA00280,CFR,3.87,Pending,2024-03-31,,,902,902
FRA00281,Telangana,D002,Bhadradri Kothagudem,Kothagudem,Regalla,Claimant_FRA00281,IFR,3.82,Approved,2024-04-28,2026-04-25,727,0,874
FRA00282,Telangana,D002,Bhadradri Kothagudem,Bhadrachalam,Nellipaka,Claimant_FRA00282,CFR,3.81,Approved,2025-03-25,2025-06-16,83,0,543
FRA00283,Telangana,D018,Mulugu,Eturunagaram,Katapur,Claimant_FRA00283,CFR,1.86,Pending,2026-04-26,,,146,146
FRA00284,Telangana,D030,Vikarabad,Tandur,Kotbaspally,Claimant_FRA00284,IFR,2.67,Approved,2024-02-20,2026-07-15,876,0,942
FRA00285,Telangana,D013,Mahabubabad,Kuravi,Seerole,Claimant_FRA00285,CFR,5.6,Pending,2026-01-29,,,233,233
FRA00286,Telangana,D033,Yadadri Bhuvanagiri,Bhongir,Anantharam,Claimant_FRA00286,CFR,2.13,Pending,2026-06-04,,,107,107
FRA00287,Telangana,D032,Warangal,Narsampet,Madhira,Claimant_FRA00287,CFR,3.06,Approved,2026-06-17,2026-06-20,3,0,94
FRA00288,Telangana,D002,Bhadradri Kothagudem,Bhadrachalam,Nellipaka,Claimant_FRA00288,CFR,5.17,Pending,2026-04-21,,,151,151
FRA00289,Telangana,D002,Bhadradri Kothagudem,Kothagudem,Regalla,Claimant_FRA00289,CFR,2.25,Approved,2022-07-05,2024-03-22,626,0,1537
FRA00290,Telangana,D013,Mahabubabad,Bayyaram,Garla,Claimant_FRA00290,CFR,4.52,Approved,2022-04-26,2023-07-12,442,0,1607
FRA00291,Telangana,D033,Yadadri Bhuvanagiri,Bhongir,Anantharam,Claimant_FRA00291,IFR,6.3,Pending,2023-02-11,,,1316,1316
FRA00292,Telangana,D013,Mahabubabad,Kuravi,Seerole,Claimant_FRA00292,IFR,4.17,Approved,2023-01-07,2025-12-20,1078,0,1351
FRA00293,Telangana,D013,Mahabubabad,Kuravi,Seerole,Claimant_FRA00293,CFR,7.36,Approved,2023-12-28,2026-06-26,911,0,996
FRA00294,Telangana,D001,Adilabad,Utnoor,Devapur,Claimant_FRA00294,CFR,1.27,Pending,2024-09-13,,,736,736
FRA00295,Telangana,D027,Sangareddy,Narayankhed,Kondapur,Claimant_FRA00295,CFR,6.09,Approved,2025-05-12,2025-05-22,10,0,495
FRA00296,Telangana,D023,Nizamabad,Armoor,Mendora,Claimant_FRA00296,CFR,7.14,Rejected,2025-08-25,2026-07-16,325,0,390
FRA00297,Telangana,D001,Adilabad,Utnoor,Devapur,Claimant_FRA00297,IFR,2.33,Approved,2026-08-12,2026-08-18,6,0,38
FRA00298,Telangana,D026,Rangareddy,Shabad,Kesaram,Claimant_FRA00298,CFR,1.65,Pending,2025-02-19,,,577,577
FRA00299,Telangana,D007,Jayashankar Bhupalpally,Regonda,Kannaram,Claimant_FRA00299,CFR,7.4,Approved,2024-04-19,2025-03-14,329,0,883
FRA00300,Telangana,D001,Adilabad,Utnoor,Devapur,Claimant_FRA00300,CFR,2.12,Pending,2025-09-10,,,374,374
FRA00301,Telangana,D013,Mahabubabad,Bayyaram,Garla,Claimant_FRA00301,IFR,1.96,Approved,2025-03-29,2026-04-20,387,0,539
FRA00302,Telangana,D005,Jagtial,Metpally,Vellulla,Claimant_FRA00302,CFR,5.93,Approved,2025-02-22,2026-03-31,402,0,574
FRA00303,Telangana,D020,Nalgonda,Devarakonda,Chinthapally,Claimant_FRA00303,IFR,5.36,Pending,2024-01-03,,,990,990
FRA00304,Telangana,D002,Bhadradri Kothagudem,Manuguru,Anantharam,Claimant_FRA00304,CFR,1.21,Approved,2026-08-26,2026-09-04,9,0,24
FRA00305,Telangana,D006,Jangaon,Jangaon,Pasumamula,Claimant_FRA00305,IFR,7.66,Approved,2023-01-24,2026-03-07,1138,0,1334
FRA00306,Telangana,D018,Mulugu,Eturunagaram,Katapur,Claimant_FRA00306,IFR,4.86,Approved,2022-02-19,2024-03-29,769,0,1673
FRA00307,Telangana,D004,Hyderabad,Charminar,Chandrayangutta,Claimant_FRA00307,IFR,3.82,Approved,2023-08-17,2026-01-08,875,0,1129
FRA00308,Telangana,D013,Mahabubabad,Kuravi,Seerole,Claimant_FRA00308,CFR,6.21,Approved,2024-09-17,2024-10-21,34,0,732
FRA00309,Telangana,D011,Khammam,Kothagudem,Seetharampuram,Claimant_FRA00309,CFR,5.85,Approved,2025-10-20,2025-12-13,54,0,334
FRA00310,Telangana,D007,Jayashankar Bhupalpally,Regonda,Kannaram,Claimant_FRA00310,CFR,5.68,Approved,2024-10-17,2026-01-12,452,0,702
FRA00311,Telangana,D020,Nalgonda,Devarakonda,Chinthapally,Claimant_FRA00311,CFR,4.12,Approved,2024-09-26,2025-08-23,331,0,723
FRA00312,Telangana,D001,Adilabad,Narnoor,Kothapalli,Claimant_FRA00312,CFR,5.06,Approved,2025-12-06,2026-07-21,227,0,287
FRA00313,Telangana,D018,Mulugu,Eturunagaram,Katapur,Claimant_FRA00313,IFR,1.9,Approved,2023-08-04,2024-06-07,308,0,1142
FRA00314,Telangana,D007,Jayashankar Bhupalpally,Chityal,Venkateshwarlapally,Claimant_FRA00314,IFR,7.75,Approved,2024-03-04,2025-11-01,607,0,929
FRA00315,Telangana,D005,Jagtial,Metpally,Vellulla,Claimant_FRA00315,CFR,4.95,Approved,2023-12-29,2024-04-16,109,0,995
FRA00316,Telangana,D005,Jagtial,Metpally,Vellulla,Claimant_FRA00316,CFR,7.05,Rejected,2024-12-24,2026-01-04,376,0,634
FRA00317,Telangana,D001,Adilabad,Boath,Ghanpur,Claimant_FRA00317,IFR,4.42,Approved,2022-02-16,2023-01-31,349,0,1676
FRA00318,Telangana,D006,Jangaon,Jangaon,Pasumamula,Claimant_FRA00318,CFR,7.8,Approved,2023-08-23,2024-07-19,331,0,1123
FRA00319,Telangana,D018,Mulugu,Eturunagaram,Katapur,Claimant_FRA00319,IFR,1.18,Pending,2026-01-05,,,257,257
FRA00320,Telangana,D018,Mulugu,Eturunagaram,Katapur,Claimant_FRA00320,IFR,6.1,Approved,2024-05-30,2026-09-07,830,0,842
FRA00321,Telangana,D030,Vikarabad,Tandur,Kotbaspally,Claimant_FRA00321,IFR,4.38,Pending,2023-01-24,,,1334,1334
FRA00322,Telangana,D028,Siddipet,Husnabad,Pothireddypet,Claimant_FRA00322,IFR,6.88,Pending,2024-05-11,,,861,861
FRA00323,Telangana,D006,Jangaon,Jangaon,Pasumamula,Claimant_FRA00323,CFR,1.17,Approved,2023-08-02,2026-07-14,1077,0,1144
FRA00324,Telangana,D003,Hanumakonda,Atmakur,Chowdapur,Claimant_FRA00324,IFR,7.96,Pending,2022-01-07,,,1716,1716
FRA00325,Telangana,D004,Hyderabad,Charminar,Chandrayangutta,Claimant_FRA00325,CFR,7.81,Approved,2023-12-02,2025-02-11,437,0,1022
FRA00326,Telangana,D019,Nagarkurnool,Amrabad,Mananur,Claimant_FRA00326,CFR,7.06,Approved,2022-08-29,2025-06-13,1019,0,1482
FRA00327,Telangana,D033,Yadadri Bhuvanagiri,Bhongir,Anantharam,Claimant_FRA00327,IFR,3.98,Approved,2021-11-12,2021-11-26,14,0,1772
FRA00328,Telangana,D026,Rangareddy,Shabad,Kesaram,Claimant_FRA00328,CFR,6.28,Approved,2025-04-26,2025-12-16,234,0,511
FRA00329,Telangana,D004,Hyderabad,Amberpet,Azampura,Claimant_FRA00329,IFR,1.75,Approved,2024-10-17,2025-03-25,159,0,702
FRA00330,Telangana,D002,Bhadradri Kothagudem,Manuguru,Anantharam,Claimant_FRA00330,IFR,2.25,Pending,2024-11-11,,,677,677
FRA00331,Telangana,D005,Jagtial,Metpally,Vellulla,Claimant_FRA00331,IFR,7.57,Approved,2024-05-16,2025-04-15,334,0,856
FRA00332,Telangana,D018,Mulugu,Eturunagaram,Katapur,Claimant_FRA00332,CFR,2.47,Approved,2023-06-10,2025-11-08,882,0,1197
FRA00333,Telangana,D001,Adilabad,Boath,Ghanpur,Claimant_FRA00333,IFR,3.52,Approved,2024-08-26,2025-07-20,328,0,754
FRA00334,Telangana,D005,Jagtial,Korutla,Ailapur,Claimant_FRA00334,CFR,0.65,Pending,2023-05-09,,,1229,1229
FRA00335,Telangana,D028,Siddipet,Husnabad,Pothireddypet,Claimant_FRA00335,IFR,6.12,Pending,2026-08-22,,,28,28
FRA00336,Telangana,D011,Khammam,Kothagudem,Seetharampuram,Claimant_FRA00336,CFR,3.92,Approved,2025-07-08,2026-03-21,256,0,438
FRA00337,Telangana,D002,Bhadradri Kothagudem,Kothagudem,Regalla,Claimant_FRA00337,CFR,1.09,Approved,2023-07-25,2023-08-31,37,0,1152
FRA00338,Telangana,D003,Hanumakonda,Atmakur,Chowdapur,Claimant_FRA00338,CFR,7.38,Approved,2021-09-29,2023-07-12,651,0,1816
FRA00339,Telangana,D006,Jangaon,Station Ghanpur,Chilpur,Claimant_FRA00339,IFR,2.35,Pending,2021-09-24,,,1821,1821
FRA00340,Telangana,D006,Jangaon,Station Ghanpur,Chilpur,Claimant_FRA00340,IFR,4.8,Rejected,2023-05-11,2026-06-12,1128,0,1227
FRA00341,Telangana,D001,Adilabad,Narnoor,Kothapalli,Claimant_FRA00341,IFR,7.69,Pending,2025-10-15,,,339,339
FRA00342,Telangana,D002,Bhadradri Kothagudem,Kothagudem,Regalla,Claimant_FRA00342,CFR,4.88,Pending,2025-06-12,,,464,464
FRA00343,Telangana,D013,Mahabubabad,Kuravi,Seerole,Claimant_FRA00343,IFR,4.79,Approved,2026-08-30,2026-09-14,15,0,20
FRA00344,Telangana,D004,Hyderabad,Charminar,Chandrayangutta,Claimant_FRA00344,IFR,3.79,Approved,2021-12-08,2025-11-06,1429,0,1746
FRA00345,Telangana,D002,Bhadradri Kothagudem,Manuguru,Anantharam,Claimant_FRA00345,CFR,2.41,Approved,2022-03-11,2024-08-21,894,0,1653
FRA00346,Telangana,D018,Mulugu,Eturunagaram,Katapur,Claimant_FRA00346,CFR,3.79,Approved,2023-06-02,2023-07-08,36,0,1205
FRA00347,Telangana,D018,Mulugu,Eturunagaram,Katapur,Claimant_FRA00347,IFR,7.21,Approved,2024-05-15,2024-07-25,71,0,857
FRA00348,Telangana,D003,Hanumakonda,Dharmanagar,Mustial,Claimant_FRA00348,CFR,0.67,Pending,2023-10-30,,,1055,1055
FRA00349,Telangana,D030,Vikarabad,Tandur,Kotbaspally,Claimant_FRA00349,CFR,3.57,Approved,2022-06-28,2024-07-30,763,0,1544
FRA00350,Telangana,D003,Hanumakonda,Dharmanagar,Mustial,Claimant_FRA00350,IFR,2.06,Rejected,2025-11-03,2026-08-25,295,0,320
FRA00351,Telangana,D004,Hyderabad,Amberpet,Azampura,Claimant_FRA00351,IFR,0.8,Approved,2026-05-13,2026-05-18,5,0,129
FRA00352,Telangana,D030,Vikarabad,Tandur,Kotbaspally,Claimant_FRA00352,IFR,3.52,Pending,2025-07-30,,,416,416
FRA00353,Telangana,D023,Nizamabad,Armoor,Mendora,Claimant_FRA00353,CFR,3.91,Pending,2022-10-05,,,1445,1445
FRA00354,Telangana,D005,Jagtial,Metpally,Vellulla,Claimant_FRA00354,IFR,4.36,Approved,2024-12-10,2026-03-17,462,0,648
FRA00355,Telangana,D002,Bhadradri Kothagudem,Bhadrachalam,Nellipaka,Claimant_FRA00355,CFR,7.82,Pending,2026-01-17,,,245,245
FRA00356,Telangana,D023,Nizamabad,Armoor,Mendora,Claimant_FRA00356,CFR,1.82,Approved,2024-08-06,2026-02-13,556,0,774
FRA00357,Telangana,D002,Bhadradri Kothagudem,Kothagudem,Regalla,Claimant_FRA00357,CFR,2.82,Pending,2022-09-03,,,1477,1477
FRA00358,Telangana,D033,Yadadri Bhuvanagiri,Bhongir,Anantharam,Claimant_FRA00358,CFR,1.37,Rejected,2025-02-05,2026-07-16,526,0,591
FRA00359,Telangana,D001,Adilabad,Boath,Ghanpur,Claimant_FRA00359,CFR,0.79,Approved,2023-07-21,2025-06-07,687,0,1156
FRA00360,Telangana,D019,Nagarkurnool,Amrabad,Mananur,Claimant_FRA00360,IFR,5.7,Rejected,2023-03-30,2023-07-09,101,0,1269
FRA00361,Telangana,D001,Adilabad,Narnoor,Kothapalli,Claimant_FRA00361,CFR,6.78,Pending,2022-08-28,,,1483,1483
FRA00362,Telangana,D002,Bhadradri Kothagudem,Kothagudem,Regalla,Claimant_FRA00362,IFR,1.39,Approved,2021-10-13,2026-06-24,1715,0,1802
FRA00363,Telangana,D005,Jagtial,Metpally,Vellulla,Claimant_FRA00363,IFR,5.46,Rejected,2022-01-04,2024-11-29,1060,0,1719
FRA00364,Telangana,D013,Mahabubabad,Bayyaram,Garla,Claimant_FRA00364,CFR,4.86,Pending,2022-03-22,,,1642,1642
FRA00365,Telangana,D023,Nizamabad,Armoor,Mendora,Claimant_FRA00365,IFR,1.38,Approved,2022-02-16,2023-08-25,555,0,1676
FRA00366,Telangana,D005,Jagtial,Korutla,Ailapur,Claimant_FRA00366,CFR,0.88,Rejected,2025-11-14,2026-08-07,266,0,309
FRA00367,Telangana,D030,Vikarabad,Tandur,Kotbaspally,Claimant_FRA00367,IFR,0.83,Rejected,2026-06-27,2026-08-21,55,0,84
FRA00368,Telangana,D005,Jagtial,Metpally,Vellulla,Claimant_FRA00368,CFR,5.91,Pending,2026-01-12,,,250,250
FRA00369,Telangana,D018,Mulugu,Venkatapur,Narsapur,Claimant_FRA00369,CFR,2.5,Rejected,2024-09-06,2024-10-19,43,0,743
FRA00370,Telangana,D001,Adilabad,Boath,Ghanpur,Claimant_FRA00370,CFR,5.67,Approved,2026-09-01,2026-09-15,14,0,18
FRA00371,Telangana,D011,Khammam,Kothagudem,Seetharampuram,Claimant_FRA00371,CFR,7.89,Approved,2025-08-15,2026-02-09,178,0,400
FRA00372,Telangana,D032,Warangal,Narsampet,Madhira,Claimant_FRA00372,IFR,5.03,Rejected,2024-03-23,2026-03-10,717,0,910
FRA00373,Telangana,D003,Hanumakonda,Dharmanagar,Mustial,Claimant_FRA00373,CFR,1.16,Approved,2025-06-16,2026-07-25,404,0,460
FRA00374,Telangana,D004,Hyderabad,Amberpet,Azampura,Claimant_FRA00374,CFR,0.6,Approved,2023-08-27,2025-09-06,741,0,1119
FRA00375,Telangana,D002,Bhadradri Kothagudem,Manuguru,Anantharam,Claimant_FRA00375,CFR,3.9,Pending,2023-12-04,,,1020,1020
FRA00376,Telangana,D004,Hyderabad,Amberpet,Azampura,Claimant_FRA00376,IFR,7.58,Approved,2025-10-31,2026-02-17,109,0,323
FRA00377,Telangana,D026,Rangareddy,Shabad,Kesaram,Claimant_FRA00377,CFR,7.35,Approved,2021-11-07,2025-10-05,1428,0,1777
FRA00378,Telangana,D001,Adilabad,Utnoor,Devapur,Claimant_FRA00378,IFR,3.18,Rejected,2021-09-28,2023-05-16,595,0,1817
FRA00379,Telangana,D013,Mahabubabad,Kuravi,Seerole,Claimant_FRA00379,CFR,3.38,Rejected,2022-04-13,2025-04-20,1103,0,1620
FRA00380,Telangana,D001,Adilabad,Boath,Ghanpur,Claimant_FRA00380,IFR,1.48,Pending,2024-10-03,,,716,716
FRA00381,Telangana,D001,Adilabad,Boath,Ghanpur,Claimant_FRA00381,CFR,2.45,Approved,2024-01-22,2024-08-08,199,0,971
FRA00382,Telangana,D013,Mahabubabad,Kuravi,Seerole,Claimant_FRA00382,IFR,7.94,Approved,2025-11-20,2026-06-19,211,0,303
FRA00383,Telangana,D013,Mahabubabad,Bayyaram,Garla,Claimant_FRA00383,CFR,0.75,Pending,2023-08-24,,,1122,1122
FRA00384,Telangana,D030,Vikarabad,Tandur,Kotbaspally,Claimant_FRA00384,IFR,5.45,Approved,2023-05-02,2023-11-20,202,0,1236
FRA00385,Telangana,D002,Bhadradri Kothagudem,Kothagudem,Regalla,Claimant_FRA00385,IFR,0.92,Rejected,2022-09-19,2023-03-16,178,0,1461
FRA00386,Telangana,D005,Jagtial,Korutla,Ailapur,Claimant_FRA00386,CFR,6.66,Rejected,2024-10-16,2026-07-12,634,0,703
FRA00387,Telangana,D007,Jayashankar Bhupalpally,Regonda,Kannaram,Claimant_FRA00387,CFR,1.45,Approved,2024-03-12,2026-06-05,815,0,921
FRA00388,Telangana,D011,Khammam,Kothagudem,Seetharampuram,Claimant_FRA00388,IFR,1.02,Pending,2025-12-04,,,289,289
FRA00389,Telangana,D006,Jangaon,Jangaon,Pasumamula,Claimant_FRA00389,CFR,1.51,Pending,2026-04-03,,,169,169
FRA00390,Telangana,D023,Nizamabad,Armoor,Mendora,Claimant_FRA00390,CFR,3.56,Approved,2025-12-30,2026-01-23,24,0,263
FRA00391,Telangana,D003,Hanumakonda,Dharmanagar,Mustial,Claimant_FRA00391,IFR,4.06,Approved,2026-02-27,2026-06-17,110,0,204
FRA00392,Telangana,D001,Adilabad,Utnoor,Devapur,Claimant_FRA00392,IFR,4.25,Pending,2023-06-06,,,1201,1201
FRA00393,Telangana,D023,Nizamabad,Armoor,Mendora,Claimant_FRA00393,IFR,1.99,Approved,2024-05-05,2024-08-29,116,0,867
FRA00394,Telangana,D002,Bhadradri Kothagudem,Bhadrachalam,Nellipaka,Claimant_FRA00394,CFR,6.18,Approved,2023-04-01,2025-01-02,642,0,1267
FRA00395,Telangana,D023,Nizamabad,Armoor,Mendora,Claimant_FRA00395,CFR,4.3,Approved,2022-12-30,2024-06-06,524,0,1359
FRA00396,Telangana,D033,Yadadri Bhuvanagiri,Bhongir,Anantharam,Claimant_FRA00396,CFR,4.61,Rejected,2024-02-03,2024-02-21,18,0,959
FRA00397,Telangana,D006,Jangaon,Jangaon,Pasumamula,Claimant_FRA00397,IFR,2.39,Approved,2023-12-17,2025-08-28,620,0,1007
FRA00398,Telangana,D018,Mulugu,Venkatapur,Narsapur,Claimant_FRA00398,IFR,1.84,Approved,2025-06-19,2025-09-24,97,0,457
FRA00399,Telangana,D019,Nagarkurnool,Amrabad,Mananur,Claimant_FRA00399,IFR,4.1,Rejected,2023-02-21,2026-06-22,1217,0,1306
FRA00400,Telangana,D002,Bhadradri Kothagudem,Bhadrachalam,Nellipaka,Claimant_FRA00400,CFR,1.29,Pending,2024-09-14,,,735,735
FRA00401,Telangana,D011,Khammam,Wyra,Gollapadu,Claimant_FRA00401,CFR,6.39,Approved,2023-08-09,2025-01-30,540,0,1137
FRA00402,Telangana,D018,Mulugu,Venkatapur,Narsapur,Claimant_FRA00402,CFR,0.89,Pending,2025-08-02,,,413,413
FRA00403,Telangana,D005,Jagtial,Korutla,Ailapur,Claimant_FRA00403,CFR,4.25,Pending,2024-01-04,,,989,989
FRA00404,Telangana,D001,Adilabad,Boath,Ghanpur,Claimant_FRA00404,CFR,4.24,Rejected,2022-04-28,2025-06-12,1141,0,1605
FRA00405,Telangana,D003,Hanumakonda,Dharmanagar,Mustial,Claimant_FRA00405,CFR,2.4,Approved,2025-12-06,2026-01-27,52,0,287
FRA00406,Telangana,D020,Nalgonda,Devarakonda,Chinthapally,Claimant_FRA00406,CFR,5.67,Approved,2023-12-16,2026-06-11,908,0,1008
FRA00407,Telangana,D002,Bhadradri Kothagudem,Manuguru,Anantharam,Claimant_FRA00407,CFR,3.78,Approved,2026-06-17,2026-06-29,12,0,94
FRA00408,Telangana,D001,Adilabad,Boath,Ghanpur,Claimant_FRA00408,CFR,2.24,Rejected,2024-04-25,2026-08-30,857,0,877
FRA00409,Telangana,D018,Mulugu,Venkatapur,Narsapur,Claimant_FRA00409,IFR,5.39,Pending,2026-09-09,,,10,10
FRA00410,Telangana,D011,Khammam,Kothagudem,Seetharampuram,Claimant_FRA00410,IFR,7.76,Rejected,2025-12-13,2026-05-09,147,0,280
FRA00411,Telangana,D013,Mahabubabad,Kuravi,Seerole,Claimant_FRA00411,CFR,1.18,Approved,2023-12-24,2026-04-15,843,0,1000
FRA00412,Telangana,D001,Adilabad,Utnoor,Devapur,Claimant_FRA00412,CFR,1.02,Pending,2022-04-18,,,1615,1615
FRA00413,Telangana,D020,Nalgonda,Devarakonda,Chinthapally,Claimant_FRA00413,CFR,4.47,Approved,2024-09-06,2025-04-21,227,0,743
FRA00414,Telangana,D006,Jangaon,Station Ghanpur,Chilpur,Claimant_FRA00414,IFR,0.61,Approved,2024-05-09,2026-02-19,651,0,863
FRA00415,Telangana,D002,Bhadradri Kothagudem,Bhadrachalam,Nellipaka,Claimant_FRA00415,IFR,2.57,Approved,2023-05-16,2025-01-18,613,0,1222
FRA00416,Telangana,D013,Mahabubabad,Bayyaram,Garla,Claimant_FRA00416,CFR,7.48,Rejected,2023-05-16,2026-05-27,1107,0,1222
FRA00417,Telangana,D005,Jagtial,Korutla,Ailapur,Claimant_FRA00417,CFR,5.05,Approved,2023-03-09,2025-11-03,970,0,1290
FRA00418,Telangana,D011,Khammam,Kothagudem,Seetharampuram,Claimant_FRA00418,CFR,7.46,Approved,2026-06-29,2026-07-22,23,0,82
FRA00419,Telangana,D018,Mulugu,Eturunagaram,Katapur,Claimant_FRA00419,IFR,4.22,Approved,2022-10-22,2025-09-26,1070,0,1428
FRA00420,Telangana,D026,Rangareddy,Shabad,Kesaram,Claimant_FRA00420,IFR,3.74,Approved,2024-07-07,2025-10-25,475,0,804
FRA00421,Telangana,D003,Hanumakonda,Dharmanagar,Mustial,Claimant_FRA00421,CFR,2.37,Approved,2023-04-24,2024-09-24,519,0,1244
FRA00422,Telangana,D028,Siddipet,Husnabad,Pothireddypet,Claimant_FRA00422,CFR,0.62,Pending,2025-05-25,,,482,482
FRA00423,Telangana,D006,Jangaon,Jangaon,Pasumamula,Claimant_FRA00423,CFR,4.41,Rejected,2023-04-11,2024-02-04,299,0,1257
FRA00424,Telangana,D013,Mahabubabad,Bayyaram,Garla,Claimant_FRA00424,CFR,2.97,Rejected,2024-12-04,2026-09-15,650,0,654
FRA00425,Telangana,D028,Siddipet,Husnabad,Pothireddypet,Claimant_FRA00425,CFR,0.84,Rejected,2023-02-10,2024-12-09,668,0,1317
FRA00426,Telangana,D027,Sangareddy,Narayankhed,Kondapur,Claimant_FRA00426,IFR,7.38,Pending,2025-06-09,,,467,467
FRA00427,Telangana,D020,Nalgonda,Devarakonda,Chinthapally,Claimant_FRA00427,IFR,1.81,Pending,2023-01-17,,,1341,1341
FRA00428,Telangana,D001,Adilabad,Narnoor,Kothapalli,Claimant_FRA00428,CFR,1.58,Rejected,2025-03-19,2025-11-10,236,0,549
FRA00429,Telangana,D003,Hanumakonda,Dharmanagar,Mustial,Claimant_FRA00429,IFR,3.43,Approved,2025-05-26,2026-05-12,351,0,481
FRA00430,Telangana,D004,Hyderabad,Amberpet,Azampura,Claimant_FRA00430,IFR,3.88,Pending,2026-04-13,,,159,159
FRA00431,Telangana,D001,Adilabad,Boath,Ghanpur,Claimant_FRA00431,IFR,6.3,Approved,2026-05-26,2026-08-17,83,0,116
FRA00432,Telangana,D032,Warangal,Narsampet,Madhira,Claimant_FRA00432,CFR,5.23,Rejected,2022-04-03,2024-05-12,770,0,1630
FRA00433,Telangana,D004,Hyderabad,Charminar,Chandrayangutta,Claimant_FRA00433,IFR,2.79,Approved,2023-11-17,2025-02-08,449,0,1037
FRA00434,Telangana,D018,Mulugu,Eturunagaram,Katapur,Claimant_FRA00434,IFR,4.17,Approved,2024-09-29,2025-05-26,239,0,720
FRA00435,Telangana,D018,Mulugu,Venkatapur,Narsapur,Claimant_FRA00435,CFR,0.73,Approved,2023-06-05,2024-12-16,560,0,1202
FRA00436,Telangana,D006,Jangaon,Jangaon,Pasumamula,Claimant_FRA00436,IFR,3.34,Approved,2022-02-03,2026-07-20,1628,0,1689
FRA00437,Telangana,D004,Hyderabad,Amberpet,Azampura,Claimant_FRA00437,IFR,6.52,Approved,2023-06-28,2024-01-30,216,0,1179
FRA00438,Telangana,D032,Warangal,Narsampet,Madhira,Claimant_FRA00438,IFR,4.41,Pending,2022-01-21,,,1702,1702
FRA00439,Telangana,D026,Rangareddy,Shabad,Kesaram,Claimant_FRA00439,CFR,6.64,Pending,2024-07-31,,,780,780
FRA00440,Telangana,D032,Warangal,Narsampet,Madhira,Claimant_FRA00440,IFR,5.16,Approved,2023-06-18,2024-07-16,394,0,1189
FRA00441,Telangana,D019,Nagarkurnool,Amrabad,Mananur,Claimant_FRA00441,IFR,4.11,Approved,2022-09-03,2026-07-16,1412,0,1477
FRA00442,Telangana,D032,Warangal,Narsampet,Madhira,Claimant_FRA00442,CFR,0.98,Approved,2024-09-06,2025-09-09,368,0,743
FRA00443,Telangana,D004,Hyderabad,Amberpet,Azampura,Claimant_FRA00443,IFR,1.42,Rejected,2022-03-07,2024-12-18,1017,0,1657
FRA00444,Telangana,D018,Mulugu,Eturunagaram,Katapur,Claimant_FRA00444,CFR,7.08,Rejected,2025-12-22,2026-03-31,99,0,271
FRA00445,Telangana,D011,Khammam,Wyra,Gollapadu,Claimant_FRA00445,IFR,2.68,Approved,2026-08-08,2026-09-11,34,0,42
FRA00446,Telangana,D001,Adilabad,Narnoor,Kothapalli,Claimant_FRA00446,CFR,6.51,Rejected,2022-04-21,2022-06-02,42,0,1612
FRA00447,Telangana,D018,Mulugu,Venkatapur,Narsapur,Claimant_FRA00447,CFR,5.94,Pending,2023-02-03,,,1324,1324
FRA00448,Telangana,D020,Nalgonda,Devarakonda,Chinthapally,Claimant_FRA00448,CFR,5.56,Pending,2022-01-31,,,1692,1692
FRA00449,Telangana,D006,Jangaon,Jangaon,Pasumamula,Claimant_FRA00449,CFR,1.35,Pending,2024-06-06,,,835,835
FRA00450,Telangana,D005,Jagtial,Korutla,Ailapur,Claimant_FRA00450,IFR,1.84,Rejected,2024-05-22,2026-08-28,828,0,850
FRA00451,Telangana,D013,Mahabubabad,Kuravi,Seerole,Claimant_FRA00451,CFR,4.16,Approved,2022-11-12,2026-09-07,1395,0,1407
FRA00452,Telangana,D004,Hyderabad,Amberpet,Azampura,Claimant_FRA00452,CFR,7.62,Pending,2026-02-08,,,223,223
FRA00453,Telangana,D006,Jangaon,Jangaon,Pasumamula,Claimant_FRA00453,CFR,7.78,Rejected,2022-06-30,2022-11-25,148,0,1542
FRA00454,Telangana,D001,Adilabad,Boath,Ghanpur,Claimant_FRA00454,CFR,6.76,Approved,2026-05-20,2026-07-29,70,0,122
FRA00455,Telangana,D023,Nizamabad,Armoor,Mendora,Claimant_FRA00455,CFR,5.28,Approved,2023-05-11,2025-12-01,935,0,1227
FRA00456,Telangana,D004,Hyderabad,Amberpet,Azampura,Claimant_FRA00456,IFR,4.49,Rejected,2022-08-20,2025-02-05,900,0,1491
FRA00457,Telangana,D006,Jangaon,Jangaon,Pasumamula,Claimant_FRA00457,CFR,2.19,Pending,2021-10-11,,,1804,1804
FRA00458,Telangana,D026,Rangareddy,Shabad,Kesaram,Claimant_FRA00458,CFR,2.36,Pending,2024-09-16,,,733,733
FRA00459,Telangana,D002,Bhadradri Kothagudem,Kothagudem,Regalla,Claimant_FRA00459,IFR,2.39,Pending,2023-09-30,,,1085,1085
FRA00460,Telangana,D007,Jayashankar Bhupalpally,Chityal,Venkateshwarlapally,Claimant_FRA00460,CFR,6.29,Approved,2021-10-29,2025-08-19,1390,0,1786
FRA00461,Telangana,D019,Nagarkurnool,Amrabad,Mananur,Claimant_FRA00461,IFR,3.82,Pending,2024-07-24,,,787,787
FRA00462,Telangana,D001,Adilabad,Utnoor,Devapur,Claimant_FRA00462,IFR,0.66,Pending,2022-06-27,,,1545,1545
FRA00463,Telangana,D004,Hyderabad,Amberpet,Azampura,Claimant_FRA00463,IFR,3.5,Approved,2023-11-05,2024-03-02,118,0,1049
FRA00464,Telangana,D018,Mulugu,Eturunagaram,Katapur,Claimant_FRA00464,CFR,4.31,Approved,2022-05-25,2022-07-21,57,0,1578
FRA00465,Telangana,D013,Mahabubabad,Kuravi,Seerole,Claimant_FRA00465,CFR,2.0,Pending,2025-02-21,,,575,575
FRA00466,Telangana,D006,Jangaon,Station Ghanpur,Chilpur,Claimant_FRA00466,IFR,3.97,Rejected,2021-10-01,2024-08-19,1053,0,1814
FRA00467,Telangana,D013,Mahabubabad,Kuravi,Seerole,Claimant_FRA00467,CFR,6.74,Pending,2023-11-27,,,1027,1027
FRA00468,Telangana,D007,Jayashankar Bhupalpally,Regonda,Kannaram,Claimant_FRA00468,IFR,5.43,Approved,2026-03-01,2026-05-20,80,0,202
FRA00469,Telangana,D001,Adilabad,Utnoor,Devapur,Claimant_FRA00469,CFR,3.24,Approved,2023-04-03,2025-02-06,675,0,1265
FRA00470,Telangana,D004,Hyderabad,Charminar,Chandrayangutta,Claimant_FRA00470,CFR,6.32,Pending,2026-05-01,,,141,141
FRA00471,Telangana,D007,Jayashankar Bhupalpally,Regonda,Kannaram,Claimant_FRA00471,CFR,2.56,Rejected,2023-04-03,2025-08-22,872,0,1265
FRA00472,Telangana,D011,Khammam,Kothagudem,Seetharampuram,Claimant_FRA00472,CFR,5.97,Rejected,2026-04-07,2026-06-15,69,0,165
FRA00473,Telangana,D005,Jagtial,Korutla,Ailapur,Claimant_FRA00473,CFR,4.7,Pending,2023-11-25,,,1029,1029
FRA00474,Telangana,D020,Nalgonda,Devarakonda,Chinthapally,Claimant_FRA00474,CFR,3.24,Pending,2024-10-02,,,717,717
FRA00475,Telangana,D033,Yadadri Bhuvanagiri,Bhongir,Anantharam,Claimant_FRA00475,CFR,7.38,Rejected,2022-04-11,2026-08-03,1575,0,1622
FRA00476,Telangana,D002,Bhadradri Kothagudem,Bhadrachalam,Nellipaka,Claimant_FRA00476,IFR,4.84,Pending,2024-04-21,,,881,881
FRA00477,Telangana,D013,Mahabubabad,Bayyaram,Garla,Claimant_FRA00477,IFR,4.03,Rejected,2026-01-14,2026-05-06,112,0,248
FRA00478,Telangana,D001,Adilabad,Utnoor,Devapur,Claimant_FRA00478,CFR,7.82,Rejected,2022-10-12,2026-03-08,1243,0,1438
FRA00479,Telangana,D004,Hyderabad,Charminar,Chandrayangutta,Claimant_FRA00479,CFR,7.23,Approved,2023-11-20,2026-07-09,962,0,1034
FRA00480,Telangana,D026,Rangareddy,Shabad,Kesaram,Claimant_FRA00480,CFR,3.63,Approved,2025-06-17,2026-08-28,437,0,459
FRA00481,Telangana,D002,Bhadradri Kothagudem,Manuguru,Anantharam,Claimant_FRA00481,IFR,4.72,Approved,2022-01-30,2025-02-25,1122,0,1693
FRA00482,Telangana,D018,Mulugu,Venkatapur,Narsapur,Claimant_FRA00482,CFR,6.66,Pending,2025-01-29,,,598,598
FRA00483,Telangana,D001,Adilabad,Utnoor,Devapur,Claimant_FRA00483,CFR,5.25,Approved,2025-10-14,2025-10-18,4,0,340
FRA00484,Telangana,D032,Warangal,Narsampet,Madhira,Claimant_FRA00484,IFR,7.79,Approved,2022-10-09,2025-05-24,958,0,1441
FRA00485,Telangana,D002,Bhadradri Kothagudem,Manuguru,Anantharam,Claimant_FRA00485,CFR,0.58,Rejected,2024-09-18,2025-03-18,181,0,731
FRA00486,Telangana,D004,Hyderabad,Charminar,Chandrayangutta,Claimant_FRA00486,IFR,3.48,Pending,2023-08-11,,,1135,1135
FRA00487,Telangana,D006,Jangaon,Station Ghanpur,Chilpur,Claimant_FRA00487,CFR,4.06,Rejected,2026-09-12,2026-09-14,2,0,7
FRA00488,Telangana,D030,Vikarabad,Tandur,Kotbaspally,Claimant_FRA00488,CFR,7.18,Pending,2024-01-19,,,974,974
FRA00489,Telangana,D028,Siddipet,Husnabad,Pothireddypet,Claimant_FRA00489,IFR,2.79,Approved,2022-09-10,2025-08-24,1079,0,1470
FRA00490,Telangana,D027,Sangareddy,Narayankhed,Kondapur,Claimant_FRA00490,IFR,7.06,Approved,2024-08-05,2026-07-11,705,0,775
FRA00491,Telangana,D013,Mahabubabad,Kuravi,Seerole,Claimant_FRA00491,CFR,4.07,Approved,2023-11-18,2026-04-17,881,0,1036
FRA00492,Telangana,D019,Nagarkurnool,Amrabad,Mananur,Claimant_FRA00492,IFR,7.57,Rejected,2023-12-19,2025-05-27,525,0,1005
FRA00493,Telangana,D030,Vikarabad,Tandur,Kotbaspally,Claimant_FRA00493,IFR,1.24,Approved,2024-12-12,2026-09-14,641,0,646
FRA00494,Telangana,D020,Nalgonda,Devarakonda,Chinthapally,Claimant_FRA00494,CFR,5.34,Pending,2023-03-22,,,1277,1277
FRA00495,Telangana,D002,Bhadradri Kothagudem,Bhadrachalam,Nellipaka,Claimant_FRA00495,CFR,5.84,Pending,2026-06-18,,,93,93
FRA00496,Telangana,D002,Bhadradri Kothagudem,Manuguru,Anantharam,Claimant_FRA00496,IFR,2.88,Rejected,2022-03-22,2024-01-07,656,0,1642
FRA00497,Telangana,D006,Jangaon,Station Ghanpur,Chilpur,Claimant_FRA00497,IFR,7.98,Pending,2024-12-06,,,652,652
FRA00498,Telangana,D027,Sangareddy,Narayankhed,Kondapur,Claimant_FRA00498,CFR,3.0,Rejected,2023-09-12,2023-10-17,35,0,1103
FRA00499,Telangana,D001,Adilabad,Narnoor,Kothapalli,Claimant_FRA00499,CFR,3.64,Approved,2026-01-05,2026-09-09,247,0,257
FRA00500,Telangana,D003,Hanumakonda,Dharmanagar,Mustial,Claimant_FRA00500,CFR,5.7,Approved,2026-08-07,2026-09-07,31,0,43
FRA00501,Telangana,D002,Bhadradri Kothagudem,Bhadrachalam,Nellipaka,Claimant_FRA00501,CFR,0.63,Rejected,2025-04-21,2025-08-09,110,0,516
FRA00502,Telangana,D018,Mulugu,Eturunagaram,Katapur,Claimant_FRA00502,CFR,6.11,Approved,2024-12-29,2026-09-10,620,0,629
FRA00503,Telangana,D032,Warangal,Narsampet,Madhira,Claimant_FRA00503,CFR,6.04,Approved,2023-06-01,2024-07-20,415,0,1206
FRA00504,Telangana,D013,Mahabubabad,Kuravi,Seerole,Claimant_FRA00504,CFR,6.7,Approved,2021-12-10,2023-10-10,669,0,1744
FRA00505,Telangana,D030,Vikarabad,Tandur,Kotbaspally,Claimant_FRA00505,CFR,7.65,Approved,2025-09-24,2026-02-16,145,0,360
FRA00506,Telangana,D026,Rangareddy,Shabad,Kesaram,Claimant_FRA00506,IFR,3.76,Rejected,2024-03-04,2026-03-26,752,0,929
FRA00507,Telangana,D006,Jangaon,Station Ghanpur,Chilpur,Claimant_FRA00507,CFR,7.22,Approved,2024-05-08,2025-04-20,347,0,864
FRA00508,Telangana,D005,Jagtial,Metpally,Vellulla,Claimant_FRA00508,IFR,1.55,Pending,2025-06-22,,,454,454
FRA00509,Telangana,D018,Mulugu,Eturunagaram,Katapur,Claimant_FRA00509,IFR,3.23,Approved,2022-11-10,2023-10-24,348,0,1409
FRA00510,Telangana,D018,Mulugu,Eturunagaram,Katapur,Claimant_FRA00510,CFR,1.86,Approved,2024-07-20,2026-03-12,600,0,791
FRA00511,Telangana,D019,Nagarkurnool,Amrabad,Mananur,Claimant_FRA00511,IFR,6.11,Pending,2022-04-05,,,1628,1628
FRA00512,Telangana,D033,Yadadri Bhuvanagiri,Bhongir,Anantharam,Claimant_FRA00512,IFR,7.12,Approved,2022-07-11,2025-10-02,1179,0,1531
FRA00513,Telangana,D007,Jayashankar Bhupalpally,Chityal,Venkateshwarlapally,Claimant_FRA00513,IFR,7.23,Pending,2022-01-25,,,1698,1698
FRA00514,Telangana,D001,Adilabad,Narnoor,Kothapalli,Claimant_FRA00514,IFR,6.17,Approved,2024-12-06,2025-01-13,38,0,652
FRA00515,Telangana,D018,Mulugu,Eturunagaram,Katapur,Claimant_FRA00515,IFR,5.05,Pending,2023-02-24,,,1303,1303
FRA00516,Telangana,D005,Jagtial,Korutla,Ailapur,Claimant_FRA00516,IFR,4.04,Approved,2023-07-11,2023-07-17,6,0,1166
FRA00517,Telangana,D003,Hanumakonda,Atmakur,Chowdapur,Claimant_FRA00517,IFR,6.97,Rejected,2024-02-23,2026-08-02,891,0,939
FRA00518,Telangana,D032,Warangal,Narsampet,Madhira,Claimant_FRA00518,CFR,1.38,Pending,2025-09-15,,,369,369
FRA00519,Telangana,D023,Nizamabad,Armoor,Mendora,Claimant_FRA00519,IFR,1.41,Pending,2025-06-13,,,463,463
FRA00520,Telangana,D006,Jangaon,Station Ghanpur,Chilpur,Claimant_FRA00520,IFR,5.84,Approved,2022-06-18,2023-11-13,513,0,1554
FRA00521,Telangana,D006,Jangaon,Station Ghanpur,Chilpur,Claimant_FRA00521,CFR,7.99,Pending,2025-10-30,,,324,324
FRA00522,Telangana,D027,Sangareddy,Narayankhed,Kondapur,Claimant_FRA00522,IFR,5.99,Pending,2023-04-07,,,1261,1261
FRA00523,Telangana,D005,Jagtial,Korutla,Ailapur,Claimant_FRA00523,IFR,7.47,Approved,2022-06-11,2023-02-27,261,0,1561
FRA00524,Telangana,D028,Siddipet,Husnabad,Pothireddypet,Claimant_FRA00524,IFR,2.42,Approved,2023-05-18,2025-09-16,852,0,1220
FRA00525,Telangana,D033,Yadadri Bhuvanagiri,Bhongir,Anantharam,Claimant_FRA00525,CFR,8.0,Approved,2022-08-29,2024-12-10,834,0,1482
FRA00526,Telangana,D003,Hanumakonda,Atmakur,Chowdapur,Claimant_FRA00526,IFR,7.6,Approved,2025-08-04,2026-05-27,296,0,411
FRA00527,Telangana,D001,Adilabad,Boath,Ghanpur,Claimant_FRA00527,CFR,6.77,Approved,2026-04-27,2026-06-07,41,0,145
FRA00528,Telangana,D011,Khammam,Wyra,Gollapadu,Claimant_FRA00528,IFR,1.95,Approved,2023-06-02,2026-02-03,977,0,1205
FRA00529,Telangana,D007,Jayashankar Bhupalpally,Regonda,Kannaram,Claimant_FRA00529,IFR,2.5,Rejected,2024-01-05,2024-10-24,293,0,988
FRA00530,Telangana,D002,Bhadradri Kothagudem,Bhadrachalam,Nellipaka,Claimant_FRA00530,IFR,2.39,Pending,2025-07-28,,,418,418
FRA00531,Telangana,D023,Nizamabad,Armoor,Mendora,Claimant_FRA00531,CFR,6.07,Approved,2025-06-03,2025-06-26,23,0,473
FRA00532,Telangana,D007,Jayashankar Bhupalpally,Regonda,Kannaram,Claimant_FRA00532,IFR,7.06,Approved,2022-11-08,2025-03-19,862,0,1411
FRA00533,Telangana,D028,Siddipet,Husnabad,Pothireddypet,Claimant_FRA00533,CFR,3.28,Pending,2026-07-18,,,63,63
FRA00534,Telangana,D011,Khammam,Wyra,Gollapadu,Claimant_FRA00534,CFR,1.13,Pending,2023-09-02,,,1113,1113
FRA00535,Telangana,D004,Hyderabad,Charminar,Chandrayangutta,Claimant_FRA00535,CFR,3.13,Pending,2026-03-10,,,193,193
FRA00536,Telangana,D032,Warangal,Narsampet,Madhira,Claimant_FRA00536,CFR,6.08,Approved,2023-02-04,2024-06-07,489,0,1323
FRA00537,Telangana,D004,Hyderabad,Amberpet,Azampura,Claimant_FRA00537,IFR,0.69,Approved,2024-12-13,2025-09-18,279,0,645
FRA00538,Telangana,D004,Hyderabad,Amberpet,Azampura,Claimant_FRA00538,IFR,2.5,Approved,2025-03-05,2025-04-17,43,0,563
FRA00539,Telangana,D001,Adilabad,Boath,Ghanpur,Claimant_FRA00539,CFR,7.23,Pending,2025-04-30,,,507,507
FRA00540,Telangana,D001,Adilabad,Boath,Ghanpur,Claimant_FRA00540,CFR,5.03,Approved,2022-05-22,2023-06-20,394,0,1581
FRA00541,Telangana,D006,Jangaon,Station Ghanpur,Chilpur,Claimant_FRA00541,CFR,6.76,Approved,2026-03-06,2026-03-18,12,0,197
FRA00542,Telangana,D020,Nalgonda,Devarakonda,Chinthapally,Claimant_FRA00542,CFR,3.91,Approved,2021-10-15,2025-03-31,1263,0,1800
FRA00543,Telangana,D005,Jagtial,Metpally,Vellulla,Claimant_FRA00543,IFR,4.93,Rejected,2025-05-20,2025-08-19,91,0,487
FRA00544,Telangana,D001,Adilabad,Boath,Ghanpur,Claimant_FRA00544,IFR,6.37,Approved,2023-08-13,2025-03-18,583,0,1133
FRA00545,Telangana,D020,Nalgonda,Devarakonda,Chinthapally,Claimant_FRA00545,IFR,7.38,Approved,2026-08-14,2026-09-11,28,0,36
FRA00546,Telangana,D007,Jayashankar Bhupalpally,Regonda,Kannaram,Claimant_FRA00546,CFR,7.12,Approved,2025-06-11,2026-07-12,396,0,465
FRA00547,Telangana,D006,Jangaon,Station Ghanpur,Chilpur,Claimant_FRA00547,IFR,4.48,Approved,2026-05-25,2026-08-29,96,0,117
FRA00548,Telangana,D005,Jagtial,Korutla,Ailapur,Claimant_FRA00548,CFR,4.59,Pending,2022-05-17,,,1586,1586
FRA00549,Telangana,D018,Mulugu,Venkatapur,Narsapur,Claimant_FRA00549,CFR,0.74,Rejected,2022-04-05,2023-06-18,439,0,1628
FRA00550,Telangana,D020,Nalgonda,Devarakonda,Chinthapally,Claimant_FRA00550,CFR,4.8,Approved,2023-04-10,2023-10-29,202,0,1258
FRA00551,Telangana,D020,Nalgonda,Devarakonda,Chinthapally,Claimant_FRA00551,IFR,3.01,Approved,2025-10-29,2026-06-03,217,0,325
FRA00552,Telangana,D007,Jayashankar Bhupalpally,Chityal,Venkateshwarlapally,Claimant_FRA00552,IFR,1.4,Pending,2024-12-30,,,628,628
FRA00553,Telangana,D007,Jayashankar Bhupalpally,Regonda,Kannaram,Claimant_FRA00553,CFR,5.05,Pending,2026-09-11,,,8,8
FRA00554,Telangana,D023,Nizamabad,Armoor,Mendora,Claimant_FRA00554,IFR,5.35,Pending,2026-06-27,,,84,84
FRA00555,Telangana,D013,Mahabubabad,Kuravi,Seerole,Claimant_FRA00555,CFR,2.11,Pending,2024-06-17,,,824,824
FRA00556,Telangana,D033,Yadadri Bhuvanagiri,Bhongir,Anantharam,Claimant_FRA00556,CFR,4.64,Approved,2024-02-04,2026-05-09,825,0,958
FRA00557,Telangana,D032,Warangal,Narsampet,Madhira,Claimant_FRA00557,CFR,3.76,Rejected,2026-06-25,2026-07-30,35,0,86
FRA00558,Telangana,D004,Hyderabad,Amberpet,Azampura,Claimant_FRA00558,IFR,5.22,Rejected,2025-03-31,2025-09-28,181,0,537
FRA00559,Telangana,D020,Nalgonda,Devarakonda,Chinthapally,Claimant_FRA00559,CFR,1.73,Approved,2023-08-31,2026-06-13,1017,0,1115
FRA00560,Telangana,D001,Adilabad,Boath,Ghanpur,Claimant_FRA00560,IFR,7.88,Approved,2025-06-28,2025-12-29,184,0,448
FRA00561,Telangana,D013,Mahabubabad,Kuravi,Seerole,Claimant_FRA00561,CFR,6.98,Approved,2026-03-21,2026-08-28,160,0,182
FRA00562,Telangana,D007,Jayashankar Bhupalpally,Chityal,Venkateshwarlapally,Claimant_FRA00562,IFR,0.54,Approved,2026-04-16,2026-04-22,6,0,156
FRA00563,Telangana,D023,Nizamabad,Armoor,Mendora,Claimant_FRA00563,CFR,5.26,Approved,2024-12-31,2025-05-09,129,0,627
FRA00564,Telangana,D001,Adilabad,Narnoor,Kothapalli,Claimant_FRA00564,CFR,5.78,Pending,2025-08-16,,,399,399
FRA00565,Telangana,D002,Bhadradri Kothagudem,Kothagudem,Regalla,Claimant_FRA00565,CFR,3.3,Pending,2022-03-08,,,1656,1656
FRA00566,Telangana,D007,Jayashankar Bhupalpally,Chityal,Venkateshwarlapally,Claimant_FRA00566,IFR,6.63,Pending,2026-02-25,,,206,206
FRA00567,Telangana,D005,Jagtial,Metpally,Vellulla,Claimant_FRA00567,CFR,5.2,Approved,2024-01-29,2024-10-19,264,0,964
FRA00568,Telangana,D003,Hanumakonda,Atmakur,Chowdapur,Claimant_FRA00568,CFR,5.87,Pending,2025-04-13,,,524,524
FRA00569,Telangana,D032,Warangal,Narsampet,Madhira,Claimant_FRA00569,CFR,5.33,Rejected,2022-05-17,2023-11-11,543,0,1586
FRA00570,Telangana,D028,Siddipet,Husnabad,Pothireddypet,Claimant_FRA00570,CFR,7.97,Approved,2022-09-27,2022-10-24,27,0,1453
FRA00571,Telangana,D019,Nagarkurnool,Amrabad,Mananur,Claimant_FRA00571,IFR,2.93,Pending,2024-04-08,,,894,894
FRA00572,Telangana,D001,Adilabad,Boath,Ghanpur,Claimant_FRA00572,CFR,2.95,Approved,2025-09-02,2026-02-06,157,0,382
FRA00573,Telangana,D033,Yadadri Bhuvanagiri,Bhongir,Anantharam,Claimant_FRA00573,IFR,1.25,Approved,2022-11-23,2025-01-02,771,0,1396
FRA00574,Telangana,D001,Adilabad,Utnoor,Devapur,Claimant_FRA00574,IFR,5.93,Approved,2022-01-10,2025-01-23,1109,0,1713
FRA00575,Telangana,D018,Mulugu,Venkatapur,Narsapur,Claimant_FRA00575,CFR,3.72,Approved,2021-12-25,2023-05-14,505,0,1729
FRA00576,Telangana,D028,Siddipet,Husnabad,Pothireddypet,Claimant_FRA00576,CFR,0.95,Approved,2022-08-28,2023-05-16,261,0,1483
FRA00577,Telangana,D019,Nagarkurnool,Amrabad,Mananur,Claimant_FRA00577,CFR,7.95,Pending,2026-03-02,,,201,201
FRA00578,Telangana,D028,Siddipet,Husnabad,Pothireddypet,Claimant_FRA00578,IFR,0.74,Rejected,2022-06-15,2025-07-07,1118,0,1557
FRA00579,Telangana,D002,Bhadradri Kothagudem,Manuguru,Anantharam,Claimant_FRA00579,IFR,2.01,Approved,2022-05-29,2026-05-26,1458,0,1574
FRA00580,Telangana,D005,Jagtial,Metpally,Vellulla,Claimant_FRA00580,IFR,1.35,Pending,2024-02-03,,,959,959
FRA00581,Telangana,D002,Bhadradri Kothagudem,Manuguru,Anantharam,Claimant_FRA00581,CFR,3.9,Approved,2023-01-17,2025-10-17,1004,0,1341
FRA00582,Telangana,D006,Jangaon,Station Ghanpur,Chilpur,Claimant_FRA00582,CFR,5.53,Approved,2025-12-24,2026-06-22,180,0,269
FRA00583,Telangana,D030,Vikarabad,Tandur,Kotbaspally,Claimant_FRA00583,CFR,5.21,Approved,2026-08-08,2026-08-28,20,0,42
FRA00584,Telangana,D005,Jagtial,Korutla,Ailapur,Claimant_FRA00584,IFR,5.03,Pending,2025-06-11,,,465,465
FRA00585,Telangana,D030,Vikarabad,Tandur,Kotbaspally,Claimant_FRA00585,IFR,7.04,Approved,2023-03-02,2025-08-08,890,0,1297
FRA00586,Telangana,D002,Bhadradri Kothagudem,Bhadrachalam,Nellipaka,Claimant_FRA00586,IFR,4.63,Approved,2023-11-21,2025-08-14,632,0,1033
FRA00587,Telangana,D011,Khammam,Wyra,Gollapadu,Claimant_FRA00587,CFR,0.57,Approved,2022-03-18,2025-05-10,1149,0,1646
FRA00588,Telangana,D032,Warangal,Narsampet,Madhira,Claimant_FRA00588,CFR,1.76,Approved,2023-06-15,2026-05-16,1066,0,1192
FRA00589,Telangana,D004,Hyderabad,Charminar,Chandrayangutta,Claimant_FRA00589,CFR,3.58,Rejected,2023-11-28,2026-02-17,812,0,1026
FRA00590,Telangana,D001,Adilabad,Utnoor,Devapur,Claimant_FRA00590,IFR,7.1,Approved,2022-11-10,2025-03-20,861,0,1409
FRA00591,Telangana,D002,Bhadradri Kothagudem,Kothagudem,Regalla,Claimant_FRA00591,CFR,1.29,Rejected,2025-01-30,2025-07-23,174,0,597
FRA00592,Telangana,D007,Jayashankar Bhupalpally,Chityal,Venkateshwarlapally,Claimant_FRA00592,IFR,3.45,Pending,2026-01-08,,,254,254
FRA00593,Telangana,D033,Yadadri Bhuvanagiri,Bhongir,Anantharam,Claimant_FRA00593,CFR,4.45,Approved,2024-05-25,2025-03-13,292,0,847
FRA00594,Telangana,D020,Nalgonda,Devarakonda,Chinthapally,Claimant_FRA00594,IFR,2.23,Approved,2026-07-23,2026-09-01,40,0,58
FRA00595,Telangana,D032,Warangal,Narsampet,Madhira,Claimant_FRA00595,CFR,4.6,Approved,2025-02-16,2026-09-17,578,0,580
FRA00596,Telangana,D013,Mahabubabad,Kuravi,Seerole,Claimant_FRA00596,CFR,5.12,Approved,2023-11-14,2026-06-23,952,0,1040
FRA00597,Telangana,D006,Jangaon,Jangaon,Pasumamula,Claimant_FRA00597,IFR,6.36,Approved,2023-06-09,2023-10-22,135,0,1198
FRA00598,Telangana,D011,Khammam,Kothagudem,Seetharampuram,Claimant_FRA00598,CFR,4.78,Approved,2024-03-09,2025-11-25,626,0,924
FRA00599,Telangana,D028,Siddipet,Husnabad,Pothireddypet,Claimant_FRA00599,IFR,1.1,Approved,2025-05-27,2026-04-10,318,0,480
FRA00600,Telangana,D018,Mulugu,Venkatapur,Narsapur,Claimant_FRA00600,CFR,0.9,Rejected,2025-07-02,2025-09-20,80,0,444
FRA00601,Telangana,D001,Adilabad,Boath,Ghanpur,Claimant_FRA00601,CFR,7.94,Pending,2024-08-03,,,777,777
FRA00602,Telangana,D019,Nagarkurnool,Amrabad,Mananur,Claimant_FRA00602,CFR,1.24,Pending,2025-11-14,,,309,309
FRA00603,Telangana,D019,Nagarkurnool,Amrabad,Mananur,Claimant_FRA00603,CFR,4.82,Approved,2023-07-11,2025-09-06,788,0,1166
FRA00604,Telangana,D006,Jangaon,Station Ghanpur,Chilpur,Claimant_FRA00604,CFR,4.74,Approved,2022-11-26,2026-03-20,1210,0,1393
FRA00605,Telangana,D007,Jayashankar Bhupalpally,Chityal,Venkateshwarlapally,Claimant_FRA00605,CFR,5.59,Approved,2025-06-20,2026-02-28,253,0,456
FRA00606,Telangana,D005,Jagtial,Korutla,Ailapur,Claimant_FRA00606,CFR,1.31,Pending,2025-07-30,,,416,416
FRA00607,Telangana,D007,Jayashankar Bhupalpally,Chityal,Venkateshwarlapally,Claimant_FRA00607,CFR,5.13,Approved,2023-01-15,2025-04-19,825,0,1343
FRA00608,Telangana,D007,Jayashankar Bhupalpally,Regonda,Kannaram,Claimant_FRA00608,IFR,1.86,Approved,2025-10-30,2026-08-03,277,0,324
FRA00609,Telangana,D033,Yadadri Bhuvanagiri,Bhongir,Anantharam,Claimant_FRA00609,CFR,2.16,Approved,2024-12-25,2026-03-09,439,0,633
FRA00610,Telangana,D002,Bhadradri Kothagudem,Bhadrachalam,Nellipaka,Claimant_FRA00610,CFR,4.59,Rejected,2024-04-15,2026-02-20,676,0,887
FRA00611,Telangana,D005,Jagtial,Metpally,Vellulla,Claimant_FRA00611,CFR,5.1,Approved,2024-08-20,2026-02-10,539,0,760
FRA00612,Telangana,D002,Bhadradri Kothagudem,Bhadrachalam,Nellipaka,Claimant_FRA00612,IFR,1.52,Approved,2021-10-17,2022-12-05,414,0,1798
FRA00613,Telangana,D003,Hanumakonda,Dharmanagar,Mustial,Claimant_FRA00613,IFR,3.73,Approved,2024-06-15,2024-11-19,157,0,826
FRA00614,Telangana,D013,Mahabubabad,Bayyaram,Garla,Claimant_FRA00614,IFR,1.58,Rejected,2026-08-29,2026-09-18,20,0,21
FRA00615,Telangana,D023,Nizamabad,Armoor,Mendora,Claimant_FRA00615,CFR,4.57,Approved,2025-10-23,2026-02-02,102,0,331
FRA00616,Telangana,D026,Rangareddy,Shabad,Kesaram,Claimant_FRA00616,IFR,6.9,Approved,2026-07-20,2026-08-02,13,0,61
FRA00617,Telangana,D026,Rangareddy,Shabad,Kesaram,Claimant_FRA00617,IFR,3.05,Approved,2024-12-25,2026-06-12,534,0,633
FRA00618,Telangana,D023,Nizamabad,Armoor,Mendora,Claimant_FRA00618,IFR,4.86,Pending,2024-01-30,,,963,963
FRA00619,Telangana,D001,Adilabad,Utnoor,Devapur,Claimant_FRA00619,IFR,4.4,Approved,2024-04-21,2026-04-08,717,0,881
FRA00620,Telangana,D013,Mahabubabad,Kuravi,Seerole,Claimant_FRA00620,CFR,3.83,Approved,2025-12-03,2026-08-05,245,0,290
FRA00621,Telangana,D005,Jagtial,Korutla,Ailapur,Claimant_FRA00621,CFR,4.27,Pending,2025-12-26,,,267,267
FRA00622,Telangana,D002,Bhadradri Kothagudem,Manuguru,Anantharam,Claimant_FRA00622,CFR,6.74,Rejected,2026-04-20,2026-06-04,45,0,152
FRA00623,Telangana,D028,Siddipet,Husnabad,Pothireddypet,Claimant_FRA00623,CFR,2.12,Approved,2024-04-25,2026-05-17,752,0,877
FRA00624,Telangana,D033,Yadadri Bhuvanagiri,Bhongir,Anantharam,Claimant_FRA00624,IFR,1.24,Approved,2023-09-29,2023-10-19,20,0,1086
FRA00625,Telangana,D006,Jangaon,Jangaon,Pasumamula,Claimant_FRA00625,CFR,3.28,Pending,2023-07-14,,,1163,1163
FRA00626,Telangana,D006,Jangaon,Jangaon,Pasumamula,Claimant_FRA00626,IFR,7.84,Approved,2024-11-22,2026-09-18,665,0,666
FRA00627,Telangana,D006,Jangaon,Station Ghanpur,Chilpur,Claimant_FRA00627,IFR,6.68,Approved,2022-05-23,2024-12-24,946,0,1580
FRA00628,Telangana,D033,Yadadri Bhuvanagiri,Bhongir,Anantharam,Claimant_FRA00628,CFR,4.26,Approved,2025-10-11,2026-03-03,143,0,343
FRA00629,Telangana,D004,Hyderabad,Amberpet,Azampura,Claimant_FRA00629,CFR,7.58,Pending,2022-11-06,,,1413,1413
FRA00630,Telangana,D018,Mulugu,Eturunagaram,Katapur,Claimant_FRA00630,IFR,0.88,Pending,2025-12-16,,,277,277
FRA00631,Telangana,D027,Sangareddy,Narayankhed,Kondapur,Claimant_FRA00631,IFR,7.69,Pending,2021-11-30,,,1754,1754
FRA00632,Telangana,D004,Hyderabad,Charminar,Chandrayangutta,Claimant_FRA00632,CFR,1.61,Approved,2025-05-02,2025-08-11,101,0,505
FRA00633,Telangana,D011,Khammam,Kothagudem,Seetharampuram,Claimant_FRA00633,IFR,1.32,Approved,2022-08-27,2025-04-03,950,0,1484
FRA00634,Telangana,D003,Hanumakonda,Atmakur,Chowdapur,Claimant_FRA00634,IFR,4.13,Approved,2026-06-11,2026-09-14,95,0,100
FRA00635,Telangana,D004,Hyderabad,Charminar,Chandrayangutta,Claimant_FRA00635,CFR,7.9,Approved,2026-08-06,2026-09-06,31,0,44
FRA00636,Telangana,D001,Adilabad,Boath,Ghanpur,Claimant_FRA00636,IFR,6.11,Approved,2024-08-20,2025-02-24,188,0,760
FRA00637,Telangana,D027,Sangareddy,Narayankhed,Kondapur,Claimant_FRA00637,CFR,1.24,Rejected,2021-12-06,2026-03-18,1563,0,1748
FRA00638,Telangana,D026,Rangareddy,Shabad,Kesaram,Claimant_FRA00638,IFR,1.88,Approved,2025-08-31,2025-09-28,28,0,384
FRA00639,Telangana,D003,Hanumakonda,Atmakur,Chowdapur,Claimant_FRA00639,IFR,2.46,Approved,2023-11-22,2024-01-14,53,0,1032
FRA00640,Telangana,D005,Jagtial,Metpally,Vellulla,Claimant_FRA00640,CFR,6.93,Rejected,2025-07-29,2025-08-04,6,0,417
FRA00641,Telangana,D001,Adilabad,Narnoor,Kothapalli,Claimant_FRA00641,IFR,1.82,Approved,2024-01-04,2025-01-16,378,0,989
FRA00642,Telangana,D028,Siddipet,Husnabad,Pothireddypet,Claimant_FRA00642,CFR,7.38,Approved,2025-04-09,2026-09-18,527,0,528
FRA00643,Telangana,D003,Hanumakonda,Dharmanagar,Mustial,Claimant_FRA00643,CFR,3.43,Pending,2023-09-30,,,1085,1085
FRA00644,Telangana,D023,Nizamabad,Armoor,Mendora,Claimant_FRA00644,IFR,4.96,Pending,2024-04-15,,,887,887
FRA00645,Telangana,D002,Bhadradri Kothagudem,Kothagudem,Regalla,Claimant_FRA00645,CFR,1.94,Approved,2023-05-20,2023-11-18,182,0,1218
FRA00646,Telangana,D018,Mulugu,Eturunagaram,Katapur,Claimant_FRA00646,IFR,5.82,Pending,2023-05-05,,,1233,1233
FRA00647,Telangana,D013,Mahabubabad,Kuravi,Seerole,Claimant_FRA00647,CFR,2.33,Approved,2023-12-20,2025-02-11,419,0,1004
FRA00648,Telangana,D011,Khammam,Kothagudem,Seetharampuram,Claimant_FRA00648,IFR,0.9,Approved,2024-01-09,2026-01-03,725,0,984
FRA00649,Telangana,D018,Mulugu,Eturunagaram,Katapur,Claimant_FRA00649,IFR,4.88,Rejected,2024-06-14,2024-10-16,124,0,827
FRA00650,Telangana,D007,Jayashankar Bhupalpally,Regonda,Kannaram,Claimant_FRA00650,CFR,3.67,Rejected,2024-03-28,2024-12-02,249,0,905
FRA00651,Telangana,D002,Bhadradri Kothagudem,Manuguru,Anantharam,Claimant_FRA00651,CFR,7.54,Approved,2022-07-25,2022-09-22,59,0,1517
FRA00652,Telangana,D006,Jangaon,Jangaon,Pasumamula,Claimant_FRA00652,IFR,4.12,Approved,2025-07-29,2026-02-13,199,0,417
FRA00653,Telangana,D001,Adilabad,Utnoor,Devapur,Claimant_FRA00653,CFR,5.1,Pending,2024-03-27,,,906,906
FRA00654,Telangana,D023,Nizamabad,Armoor,Mendora,Claimant_FRA00654,CFR,4.39,Pending,2025-01-17,,,610,610
FRA00655,Telangana,D002,Bhadradri Kothagudem,Bhadrachalam,Nellipaka,Claimant_FRA00655,IFR,6.42,Pending,2024-03-20,,,913,913
FRA00656,Telangana,D003,Hanumakonda,Atmakur,Chowdapur,Claimant_FRA00656,CFR,1.33,Approved,2022-04-16,2023-01-03,262,0,1617
FRA00657,Telangana,D001,Adilabad,Narnoor,Kothapalli,Claimant_FRA00657,IFR,3.63,Approved,2023-11-17,2026-03-18,852,0,1037
FRA00658,Telangana,D018,Mulugu,Eturunagaram,Katapur,Claimant_FRA00658,IFR,5.29,Rejected,2021-11-05,2023-08-12,645,0,1779
FRA00659,Telangana,D023,Nizamabad,Armoor,Mendora,Claimant_FRA00659,CFR,3.32,Rejected,2022-07-01,2024-10-22,844,0,1541
FRA00660,Telangana,D020,Nalgonda,Devarakonda,Chinthapally,Claimant_FRA00660,CFR,2.42,Approved,2024-11-25,2025-08-29,277,0,663
FRA00661,Telangana,D013,Mahabubabad,Kuravi,Seerole,Claimant_FRA00661,IFR,4.05,Approved,2026-01-12,2026-08-31,231,0,250
FRA00662,Telangana,D011,Khammam,Kothagudem,Seetharampuram,Claimant_FRA00662,CFR,3.48,Pending,2026-01-08,,,254,254
FRA00663,Telangana,D002,Bhadradri Kothagudem,Kothagudem,Regalla,Claimant_FRA00663,IFR,1.71,Approved,2023-12-15,2025-09-02,627,0,1009
FRA00664,Telangana,D002,Bhadradri Kothagudem,Kothagudem,Regalla,Claimant_FRA00664,IFR,2.98,Pending,2024-04-03,,,899,899
FRA00665,Telangana,D007,Jayashankar Bhupalpally,Regonda,Kannaram,Claimant_FRA00665,IFR,6.4,Pending,2022-06-24,,,1548,1548
FRA00666,Telangana,D006,Jangaon,Station Ghanpur,Chilpur,Claimant_FRA00666,IFR,4.37,Approved,2026-06-27,2026-08-05,39,0,84
FRA00667,Telangana,D006,Jangaon,Jangaon,Pasumamula,Claimant_FRA00667,IFR,1.89,Pending,2023-03-01,,,1298,1298
FRA00668,Telangana,D011,Khammam,Kothagudem,Seetharampuram,Claimant_FRA00668,IFR,1.09,Approved,2026-07-01,2026-07-01,0,0,80
FRA00669,Telangana,D002,Bhadradri Kothagudem,Manuguru,Anantharam,Claimant_FRA00669,IFR,5.64,Rejected,2024-04-06,2026-06-14,799,0,896
FRA00670,Telangana,D026,Rangareddy,Shabad,Kesaram,Claimant_FRA00670,CFR,0.73,Pending,2023-10-30,,,1055,1055
FRA00671,Telangana,D007,Jayashankar Bhupalpally,Regonda,Kannaram,Claimant_FRA00671,CFR,2.49,Approved,2023-07-17,2024-12-05,507,0,1160
FRA00672,Telangana,D011,Khammam,Wyra,Gollapadu,Claimant_FRA00672,IFR,4.81,Approved,2025-12-23,2026-04-11,109,0,270
FRA00673,Telangana,D005,Jagtial,Metpally,Vellulla,Claimant_FRA00673,CFR,6.85,Rejected,2024-12-15,2026-01-13,394,0,643
FRA00674,Telangana,D033,Yadadri Bhuvanagiri,Bhongir,Anantharam,Claimant_FRA00674,IFR,3.37,Approved,2025-03-25,2026-05-10,411,0,543
FRA00675,Telangana,D004,Hyderabad,Amberpet,Azampura,Claimant_FRA00675,CFR,7.77,Approved,2026-05-26,2026-09-12,109,0,116
FRA00676,Telangana,D033,Yadadri Bhuvanagiri,Bhongir,Anantharam,Claimant_FRA00676,CFR,3.14,Pending,2026-06-28,,,83,83
FRA00677,Telangana,D005,Jagtial,Metpally,Vellulla,Claimant_FRA00677,CFR,1.39,Rejected,2021-12-08,2022-06-01,175,0,1746
FRA00678,Telangana,D027,Sangareddy,Narayankhed,Kondapur,Claimant_FRA00678,IFR,6.27,Pending,2026-04-07,,,165,165
FRA00679,Telangana,D006,Jangaon,Jangaon,Pasumamula,Claimant_FRA00679,IFR,6.62,Rejected,2026-08-04,2026-08-12,8,0,46
FRA00680,Telangana,D011,Khammam,Kothagudem,Seetharampuram,Claimant_FRA00680,IFR,4.17,Pending,2024-02-01,,,961,961
FRA00681,Telangana,D007,Jayashankar Bhupalpally,Regonda,Kannaram,Claimant_FRA00681,CFR,7.05,Pending,2024-03-27,,,906,906
FRA00682,Telangana,D019,Nagarkurnool,Amrabad,Mananur,Claimant_FRA00682,IFR,6.22,Pending,2024-01-06,,,987,987
FRA00683,Telangana,D011,Khammam,Wyra,Gollapadu,Claimant_FRA00683,IFR,7.66,Approved,2025-12-13,2026-03-15,92,0,280
FRA00684,Telangana,D002,Bhadradri Kothagudem,Manuguru,Anantharam,Claimant_FRA00684,IFR,6.66,Approved,2022-02-14,2023-04-26,436,0,1678
FRA00685,Telangana,D007,Jayashankar Bhupalpally,Regonda,Kannaram,Claimant_FRA00685,IFR,6.17,Pending,2023-03-20,,,1279,1279
FRA00686,Telangana,D013,Mahabubabad,Bayyaram,Garla,Claimant_FRA00686,IFR,5.93,Rejected,2022-01-06,2025-04-05,1185,0,1717
FRA00687,Telangana,D007,Jayashankar Bhupalpally,Chityal,Venkateshwarlapally,Claimant_FRA00687,IFR,6.39,Pending,2025-06-07,,,469,469
FRA00688,Telangana,D005,Jagtial,Metpally,Vellulla,Claimant_FRA00688,CFR,2.97,Rejected,2024-09-06,2026-06-17,649,0,743
FRA00689,Telangana,D020,Nalgonda,Devarakonda,Chinthapally,Claimant_FRA00689,CFR,2.74,Approved,2025-07-11,2025-08-31,51,0,435
FRA00690,Telangana,D001,Adilabad,Boath,Ghanpur,Claimant_FRA00690,CFR,7.24,Approved,2026-05-04,2026-09-03,122,0,138
FRA00691,Telangana,D002,Bhadradri Kothagudem,Bhadrachalam,Nellipaka,Claimant_FRA00691,IFR,4.2,Approved,2023-04-02,2023-07-28,117,0,1266
FRA00692,Telangana,D033,Yadadri Bhuvanagiri,Bhongir,Anantharam,Claimant_FRA00692,IFR,1.59,Approved,2025-12-19,2026-07-18,211,0,274
FRA00693,Telangana,D011,Khammam,Wyra,Gollapadu,Claimant_FRA00693,IFR,6.3,Pending,2023-02-08,,,1319,1319
FRA00694,Telangana,D013,Mahabubabad,Kuravi,Seerole,Claimant_FRA00694,CFR,3.35,Pending,2023-09-12,,,1103,1103
FRA00695,Telangana,D030,Vikarabad,Tandur,Kotbaspally,Claimant_FRA00695,IFR,7.27,Approved,2023-06-27,2023-11-19,145,0,1180
FRA00696,Telangana,D019,Nagarkurnool,Amrabad,Mananur,Claimant_FRA00696,CFR,3.75,Pending,2022-10-20,,,1430,1430
FRA00697,Telangana,D020,Nalgonda,Devarakonda,Chinthapally,Claimant_FRA00697,IFR,4.99,Pending,2025-09-22,,,362,362
FRA00698,Telangana,D023,Nizamabad,Armoor,Mendora,Claimant_FRA00698,CFR,0.96,Approved,2024-12-09,2026-03-04,450,0,649
FRA00699,Telangana,D033,Yadadri Bhuvanagiri,Bhongir,Anantharam,Claimant_FRA00699,IFR,1.34,Rejected,2024-01-29,2025-04-12,439,0,964
FRA00700,Telangana,D028,Siddipet,Husnabad,Pothireddypet,Claimant_FRA00700,IFR,1.67,Approved,2022-01-13,2022-07-09,177,0,1710
FRA00701,Telangana,D018,Mulugu,Eturunagaram,Katapur,Claimant_FRA00701,IFR,1.56,Approved,2022-06-10,2022-11-01,144,0,1562
FRA00702,Telangana,D004,Hyderabad,Charminar,Chandrayangutta,Claimant_FRA00702,CFR,7.63,Approved,2023-12-27,2026-03-25,819,0,997
FRA00703,Telangana,D019,Nagarkurnool,Amrabad,Mananur,Claimant_FRA00703,CFR,4.54,Approved,2024-11-23,2025-05-30,188,0,665
FRA00704,Telangana,D005,Jagtial,Metpally,Vellulla,Claimant_FRA00704,IFR,4.7,Approved,2023-08-31,2025-06-22,661,0,1115
FRA00705,Telangana,D006,Jangaon,Station Ghanpur,Chilpur,Claimant_FRA00705,CFR,4.8,Pending,2022-05-19,,,1584,1584
FRA00706,Telangana,D002,Bhadradri Kothagudem,Bhadrachalam,Nellipaka,Claimant_FRA00706,CFR,2.56,Approved,2026-07-19,2026-08-08,20,0,62
FRA00707,Telangana,D006,Jangaon,Station Ghanpur,Chilpur,Claimant_FRA00707,CFR,1.35,Pending,2023-02-05,,,1322,1322
FRA00708,Telangana,D005,Jagtial,Korutla,Ailapur,Claimant_FRA00708,IFR,7.83,Pending,2025-01-29,,,598,598
FRA00709,Telangana,D011,Khammam,Wyra,Gollapadu,Claimant_FRA00709,IFR,4.85,Pending,2022-05-24,,,1579,1579
FRA00710,Telangana,D013,Mahabubabad,Bayyaram,Garla,Claimant_FRA00710,CFR,2.68,Approved,2022-03-07,2022-06-18,103,0,1657
FRA00711,Telangana,D011,Khammam,Wyra,Gollapadu,Claimant_FRA00711,CFR,5.23,Approved,2022-04-24,2023-03-17,327,0,1609
FRA00712,Telangana,D004,Hyderabad,Charminar,Chandrayangutta,Claimant_FRA00712,CFR,3.5,Approved,2026-08-26,2026-09-18,23,0,24
FRA00713,Telangana,D013,Mahabubabad,Bayyaram,Garla,Claimant_FRA00713,IFR,6.23,Approved,2025-12-07,2026-03-01,84,0,286
FRA00714,Telangana,D030,Vikarabad,Tandur,Kotbaspally,Claimant_FRA00714,CFR,7.4,Approved,2024-03-12,2024-07-11,121,0,921
FRA00715,Telangana,D002,Bhadradri Kothagudem,Manuguru,Anantharam,Claimant_FRA00715,IFR,4.63,Approved,2024-12-28,2025-01-17,20,0,630
FRA00716,Telangana,D018,Mulugu,Venkatapur,Narsapur,Claimant_FRA00716,CFR,2.37,Approved,2025-11-30,2026-07-01,213,0,293
FRA00717,Telangana,D013,Mahabubabad,Bayyaram,Garla,Claimant_FRA00717,CFR,3.75,Rejected,2026-03-30,2026-07-27,119,0,173
FRA00718,Telangana,D018,Mulugu,Venkatapur,Narsapur,Claimant_FRA00718,CFR,7.16,Pending,2025-06-02,,,474,474
FRA00719,Telangana,D027,Sangareddy,Narayankhed,Kondapur,Claimant_FRA00719,CFR,4.6,Pending,2026-07-15,,,66,66
FRA00720,Telangana,D013,Mahabubabad,Bayyaram,Garla,Claimant_FRA00720,CFR,7.88,Approved,2022-08-10,2025-02-09,914,0,1501
FRA00721,Telangana,D003,Hanumakonda,Atmakur,Chowdapur,Claimant_FRA00721,IFR,5.58,Pending,2026-01-09,,,253,253
FRA00722,Telangana,D020,Nalgonda,Devarakonda,Chinthapally,Claimant_FRA00722,CFR,3.9,Approved,2025-03-14,2025-10-17,217,0,554
FRA00723,Telangana,D005,Jagtial,Metpally,Vellulla,Claimant_FRA00723,CFR,0.72,Approved,2025-01-14,2026-02-16,398,0,613
FRA00724,Telangana,D027,Sangareddy,Narayankhed,Kondapur,Claimant_FRA00724,IFR,6.56,Pending,2025-01-25,,,602,602
FRA00725,Telangana,D001,Adilabad,Utnoor,Devapur,Claimant_FRA00725,CFR,4.69,Rejected,2024-10-06,2026-09-11,705,0,713
FRA00726,Telangana,D018,Mulugu,Eturunagaram,Katapur,Claimant_FRA00726,CFR,7.75,Pending,2025-06-27,,,449,449
FRA00727,Telangana,D002,Bhadradri Kothagudem,Bhadrachalam,Nellipaka,Claimant_FRA00727,IFR,5.35,Approved,2021-11-02,2023-09-20,687,0,1782
FRA00728,Telangana,D004,Hyderabad,Charminar,Chandrayangutta,Claimant_FRA00728,CFR,4.12,Approved,2023-07-24,2026-04-14,995,0,1153
FRA00729,Telangana,D004,Hyderabad,Charminar,Chandrayangutta,Claimant_FRA00729,IFR,6.67,Approved,2024-09-14,2026-06-11,635,0,735
FRA00730,Telangana,D001,Adilabad,Boath,Ghanpur,Claimant_FRA00730,IFR,0.94,Rejected,2023-03-22,2024-05-19,424,0,1277
FRA00731,Telangana,D030,Vikarabad,Tandur,Kotbaspally,Claimant_FRA00731,CFR,4.83,Rejected,2021-10-15,2022-04-05,172,0,1800
FRA00732,Telangana,D013,Mahabubabad,Bayyaram,Garla,Claimant_FRA00732,CFR,1.86,Rejected,2026-06-08,2026-09-03,87,0,103
FRA00733,Telangana,D003,Hanumakonda,Atmakur,Chowdapur,Claimant_FRA00733,CFR,3.17,Approved,2022-08-26,2022-11-12,78,0,1485
FRA00734,Telangana,D007,Jayashankar Bhupalpally,Regonda,Kannaram,Claimant_FRA00734,IFR,5.03,Approved,2023-01-21,2025-08-17,939,0,1337
FRA00735,Telangana,D002,Bhadradri Kothagudem,Kothagudem,Regalla,Claimant_FRA00735,IFR,2.2,Rejected,2022-07-28,2023-08-09,377,0,1514
FRA00736,Telangana,D002,Bhadradri Kothagudem,Manuguru,Anantharam,Claimant_FRA00736,CFR,6.75,Approved,2022-10-30,2024-05-11,559,0,1420
FRA00737,Telangana,D002,Bhadradri Kothagudem,Manuguru,Anantharam,Claimant_FRA00737,CFR,2.49,Approved,2024-04-29,2026-07-05,797,0,873
FRA00738,Telangana,D003,Hanumakonda,Atmakur,Chowdapur,Claimant_FRA00738,CFR,6.72,Pending,2026-03-18,,,185,185
FRA00739,Telangana,D033,Yadadri Bhuvanagiri,Bhongir,Anantharam,Claimant_FRA00739,CFR,2.38,Approved,2025-11-12,2026-08-04,265,0,311
FRA00740,Telangana,D007,Jayashankar Bhupalpally,Regonda,Kannaram,Claimant_FRA00740,IFR,5.09,Approved,2022-07-20,2025-04-20,1005,0,1522
FRA00741,Telangana,D026,Rangareddy,Shabad,Kesaram,Claimant_FRA00741,CFR,7.62,Approved,2026-07-14,2026-09-15,63,0,67
FRA00742,Telangana,D028,Siddipet,Husnabad,Pothireddypet,Claimant_FRA00742,CFR,7.78,Pending,2022-03-23,,,1641,1641
FRA00743,Telangana,D007,Jayashankar Bhupalpally,Chityal,Venkateshwarlapally,Claimant_FRA00743,CFR,5.92,Approved,2024-09-19,2025-03-08,170,0,730
FRA00744,Telangana,D003,Hanumakonda,Atmakur,Chowdapur,Claimant_FRA00744,IFR,6.24,Approved,2023-02-06,2025-05-30,844,0,1321
FRA00745,Telangana,D013,Mahabubabad,Kuravi,Seerole,Claimant_FRA00745,CFR,1.48,Approved,2026-01-18,2026-08-28,222,0,244
FRA00746,Telangana,D004,Hyderabad,Charminar,Chandrayangutta,Claimant_FRA00746,CFR,3.29,Pending,2026-03-26,,,177,177
FRA00747,Telangana,D001,Adilabad,Narnoor,Kothapalli,Claimant_FRA00747,CFR,1.9,Approved,2023-05-10,2026-01-26,992,0,1228
FRA00748,Telangana,D013,Mahabubabad,Kuravi,Seerole,Claimant_FRA00748,CFR,3.49,Approved,2024-06-30,2025-04-20,294,0,811
FRA00749,Telangana,D002,Bhadradri Kothagudem,Kothagudem,Regalla,Claimant_FRA00749,CFR,7.75,Approved,2022-03-24,2024-10-27,948,0,1640
FRA00750,Telangana,D013,Mahabubabad,Bayyaram,Garla,Claimant_FRA00750,IFR,5.98,Pending,2025-08-24,,,391,391
FRA00751,Telangana,D004,Hyderabad,Charminar,Chandrayangutta,Claimant_FRA00751,CFR,2.37,Pending,2022-03-19,,,1645,1645
FRA00752,Telangana,D027,Sangareddy,Narayankhed,Kondapur,Claimant_FRA00752,CFR,4.17,Approved,2025-07-10,2026-05-10,304,0,436
FRA00753,Telangana,D001,Adilabad,Utnoor,Devapur,Claimant_FRA00753,IFR,7.89,Approved,2024-12-09,2025-03-19,100,0,649
FRA00754,Telangana,D023,Nizamabad,Armoor,Mendora,Claimant_FRA00754,CFR,3.57,Approved,2024-11-15,2025-12-04,384,0,673
FRA00755,Telangana,D003,Hanumakonda,Atmakur,Chowdapur,Claimant_FRA00755,IFR,5.64,Rejected,2022-01-04,2026-02-14,1502,0,1719
FRA00756,Telangana,D001,Adilabad,Utnoor,Devapur,Claimant_FRA00756,IFR,3.71,Pending,2024-03-21,,,912,912
FRA00757,Telangana,D003,Hanumakonda,Atmakur,Chowdapur,Claimant_FRA00757,CFR,0.62,Approved,2025-12-11,2026-06-30,201,0,282
FRA00758,Telangana,D003,Hanumakonda,Dharmanagar,Mustial,Claimant_FRA00758,IFR,7.57,Approved,2025-04-25,2026-08-28,490,0,512
FRA00759,Telangana,D002,Bhadradri Kothagudem,Manuguru,Anantharam,Claimant_FRA00759,CFR,4.2,Approved,2022-04-23,2025-04-04,1077,0,1610
FRA00760,Telangana,D002,Bhadradri Kothagudem,Manuguru,Anantharam,Claimant_FRA00760,IFR,4.81,Pending,2023-06-14,,,1193,1193
FRA00761,Telangana,D007,Jayashankar Bhupalpally,Regonda,Kannaram,Claimant_FRA00761,CFR,3.97,Rejected,2025-10-06,2026-03-20,165,0,348
FRA00762,Telangana,D007,Jayashankar Bhupalpally,Regonda,Kannaram,Claimant_FRA00762,CFR,7.89,Approved,2022-12-08,2024-01-18,406,0,1381
FRA00763,Telangana,D006,Jangaon,Station Ghanpur,Chilpur,Claimant_FRA00763,IFR,4.27,Pending,2026-08-01,,,49,49
FRA00764,Telangana,D005,Jagtial,Metpally,Vellulla,Claimant_FRA00764,CFR,3.27,Approved,2022-05-06,2023-10-17,529,0,1597
FRA00765,Telangana,D004,Hyderabad,Amberpet,Azampura,Claimant_FRA00765,CFR,0.61,Approved,2022-09-22,2023-04-20,210,0,1458
FRA00766,Telangana,D013,Mahabubabad,Kuravi,Seerole,Claimant_FRA00766,IFR,2.45,Approved,2025-10-31,2026-05-12,193,0,323
FRA00767,Telangana,D011,Khammam,Kothagudem,Seetharampuram,Claimant_FRA00767,IFR,5.51,Approved,2022-04-13,2022-09-07,147,0,1620
FRA00768,Telangana,D020,Nalgonda,Devarakonda,Chinthapally,Claimant_FRA00768,CFR,7.67,Rejected,2023-12-11,2025-11-05,695,0,1013
FRA00769,Telangana,D023,Nizamabad,Armoor,Mendora,Claimant_FRA00769,IFR,0.72,Approved,2023-07-07,2024-01-02,179,0,1170
FRA00770,Telangana,D005,Jagtial,Metpally,Vellulla,Claimant_FRA00770,CFR,5.39,Pending,2024-04-10,,,892,892
FRA00771,Telangana,D005,Jagtial,Metpally,Vellulla,Claimant_FRA00771,IFR,0.78,Rejected,2024-11-19,2026-01-05,412,0,669
FRA00772,Telangana,D006,Jangaon,Station Ghanpur,Chilpur,Claimant_FRA00772,CFR,2.61,Pending,2022-02-08,,,1684,1684
FRA00773,Telangana,D003,Hanumakonda,Atmakur,Chowdapur,Claimant_FRA00773,CFR,2.36,Approved,2025-12-18,2026-07-14,208,0,275
FRA00774,Telangana,D004,Hyderabad,Amberpet,Azampura,Claimant_FRA00774,IFR,6.87,Rejected,2023-05-06,2024-06-02,393,0,1232
FRA00775,Telangana,D007,Jayashankar Bhupalpally,Chityal,Venkateshwarlapally,Claimant_FRA00775,CFR,2.05,Approved,2024-11-07,2024-11-20,13,0,681
FRA00776,Telangana,D007,Jayashankar Bhupalpally,Regonda,Kannaram,Claimant_FRA00776,CFR,7.75,Rejected,2024-12-23,2025-01-17,25,0,635
FRA00777,Telangana,D001,Adilabad,Utnoor,Devapur,Claimant_FRA00777,CFR,5.37,Pending,2022-08-08,,,1503,1503
FRA00778,Telangana,D023,Nizamabad,Armoor,Mendora,Claimant_FRA00778,IFR,6.75,Approved,2026-02-15,2026-03-26,39,0,216
FRA00779,Telangana,D033,Yadadri Bhuvanagiri,Bhongir,Anantharam,Claimant_FRA00779,CFR,5.67,Rejected,2024-04-15,2024-07-08,84,0,887
FRA00780,Telangana,D013,Mahabubabad,Kuravi,Seerole,Claimant_FRA00780,IFR,7.27,Pending,2023-05-18,,,1220,1220
FRA00781,Telangana,D005,Jagtial,Korutla,Ailapur,Claimant_FRA00781,IFR,5.68,Pending,2023-10-29,,,1056,1056
FRA00782,Telangana,D007,Jayashankar Bhupalpally,Chityal,Venkateshwarlapally,Claimant_FRA00782,IFR,5.61,Approved,2022-04-17,2024-03-06,689,0,1616
FRA00783,Telangana,D007,Jayashankar Bhupalpally,Regonda,Kannaram,Claimant_FRA00783,IFR,0.77,Pending,2025-04-06,,,531,531
FRA00784,Telangana,D003,Hanumakonda,Dharmanagar,Mustial,Claimant_FRA00784,IFR,1.35,Pending,2024-11-30,,,658,658
FRA00785,Telangana,D005,Jagtial,Metpally,Vellulla,Claimant_FRA00785,IFR,2.71,Approved,2025-05-31,2025-10-25,147,0,476
FRA00786,Telangana,D001,Adilabad,Narnoor,Kothapalli,Claimant_FRA00786,CFR,4.3,Approved,2025-07-16,2025-09-14,60,0,430
FRA00787,Telangana,D026,Rangareddy,Shabad,Kesaram,Claimant_FRA00787,IFR,6.17,Pending,2026-02-25,,,206,206
FRA00788,Telangana,D003,Hanumakonda,Atmakur,Chowdapur,Claimant_FRA00788,IFR,2.82,Approved,2026-02-12,2026-08-30,199,0,219
FRA00789,Telangana,D007,Jayashankar Bhupalpally,Regonda,Kannaram,Claimant_FRA00789,CFR,3.3,Rejected,2022-11-22,2025-07-03,954,0,1397
FRA00790,Telangana,D007,Jayashankar Bhupalpally,Regonda,Kannaram,Claimant_FRA00790,CFR,4.5,Approved,2025-05-12,2025-09-17,128,0,495
FRA00791,Telangana,D004,Hyderabad,Amberpet,Azampura,Claimant_FRA00791,CFR,1.42,Pending,2026-07-08,,,73,73
FRA00792,Telangana,D004,Hyderabad,Charminar,Chandrayangutta,Claimant_FRA00792,IFR,4.84,Approved,2022-02-22,2026-09-14,1665,0,1670
FRA00793,Telangana,D001,Adilabad,Narnoor,Kothapalli,Claimant_FRA00793,CFR,5.38,Pending,2022-03-25,,,1639,1639
FRA00794,Telangana,D004,Hyderabad,Amberpet,Azampura,Claimant_FRA00794,CFR,0.78,Approved,2025-03-21,2026-03-04,348,0,547
FRA00795,Telangana,D011,Khammam,Kothagudem,Seetharampuram,Claimant_FRA00795,CFR,2.32,Approved,2023-08-23,2025-01-25,521,0,1123
FRA00796,Telangana,D006,Jangaon,Station Ghanpur,Chilpur,Claimant_FRA00796,IFR,3.88,Pending,2024-03-28,,,905,905
FRA00797,Telangana,D026,Rangareddy,Shabad,Kesaram,Claimant_FRA00797,IFR,4.57,Approved,2026-07-24,2026-07-31,7,0,57
FRA00798,Telangana,D007,Jayashankar Bhupalpally,Chityal,Venkateshwarlapally,Claimant_FRA00798,IFR,5.23,Pending,2023-04-04,,,1264,1264
FRA00799,Telangana,D019,Nagarkurnool,Amrabad,Mananur,Claimant_FRA00799,IFR,4.98,Approved,2022-10-13,2024-09-07,695,0,1437
FRA00800,Telangana,D011,Khammam,Wyra,Gollapadu,Claimant_FRA00800,IFR,4.24,Approved,2023-03-23,2025-11-24,977,0,1276
FRA00801,Telangana,D002,Bhadradri Kothagudem,Kothagudem,Regalla,Claimant_FRA00801,IFR,5.32,Approved,2023-07-18,2026-04-29,1016,0,1159
FRA00802,Telangana,D002,Bhadradri Kothagudem,Manuguru,Anantharam,Claimant_FRA00802,CFR,1.13,Pending,2026-01-01,,,261,261
FRA00803,Telangana,D020,Nalgonda,Devarakonda,Chinthapally,Claimant_FRA00803,CFR,0.92,Approved,2022-12-09,2023-01-05,27,0,1380
FRA00804,Telangana,D002,Bhadradri Kothagudem,Kothagudem,Regalla,Claimant_FRA00804,CFR,3.17,Approved,2023-08-13,2024-10-13,427,0,1133
FRA00805,Telangana,D001,Adilabad,Utnoor,Devapur,Claimant_FRA00805,CFR,2.14,Pending,2022-02-04,,,1688,1688
FRA00806,Telangana,D023,Nizamabad,Armoor,Mendora,Claimant_FRA00806,IFR,6.16,Approved,2025-01-03,2025-02-10,38,0,624
FRA00807,Telangana,D007,Jayashankar Bhupalpally,Chityal,Venkateshwarlapally,Claimant_FRA00807,IFR,1.05,Pending,2025-09-06,,,378,378
FRA00808,Telangana,D002,Bhadradri Kothagudem,Manuguru,Anantharam,Claimant_FRA00808,IFR,4.53,Approved,2023-01-06,2026-01-16,1106,0,1352
FRA00809,Telangana,D004,Hyderabad,Charminar,Chandrayangutta,Claimant_FRA00809,CFR,4.33,Pending,2023-06-18,,,1189,1189
FRA00810,Telangana,D001,Adilabad,Utnoor,Devapur,Claimant_FRA00810,IFR,1.11,Pending,2022-03-17,,,1647,1647
FRA00811,Telangana,D007,Jayashankar Bhupalpally,Chityal,Venkateshwarlapally,Claimant_FRA00811,IFR,4.32,Approved,2022-09-16,2023-12-12,452,0,1464
FRA00812,Telangana,D011,Khammam,Kothagudem,Seetharampuram,Claimant_FRA00812,CFR,2.55,Pending,2025-10-13,,,341,341
FRA00813,Telangana,D004,Hyderabad,Amberpet,Azampura,Claimant_FRA00813,CFR,1.1,Pending,2022-08-14,,,1497,1497
FRA00814,Telangana,D011,Khammam,Kothagudem,Seetharampuram,Claimant_FRA00814,IFR,5.16,Approved,2024-10-19,2026-07-10,629,0,700
FRA00815,Telangana,D007,Jayashankar Bhupalpally,Chityal,Venkateshwarlapally,Claimant_FRA00815,CFR,7.69,Pending,2025-03-18,,,550,550
FRA00816,Telangana,D019,Nagarkurnool,Amrabad,Mananur,Claimant_FRA00816,CFR,7.78,Approved,2024-08-10,2025-01-28,171,0,770
FRA00817,Telangana,D023,Nizamabad,Armoor,Mendora,Claimant_FRA00817,CFR,4.03,Approved,2023-05-27,2026-02-02,982,0,1211
FRA00818,Telangana,D004,Hyderabad,Amberpet,Azampura,Claimant_FRA00818,IFR,6.48,Pending,2023-09-29,,,1086,1086
FRA00819,Telangana,D001,Adilabad,Narnoor,Kothapalli,Claimant_FRA00819,IFR,3.84,Approved,2026-04-20,2026-08-07,109,0,152
FRA00820,Telangana,D027,Sangareddy,Narayankhed,Kondapur,Claimant_FRA00820,CFR,1.18,Approved,2025-09-09,2026-02-14,158,0,375
FRA00821,Telangana,D018,Mulugu,Venkatapur,Narsapur,Claimant_FRA00821,CFR,2.91,Pending,2024-04-15,,,887,887
FRA00822,Telangana,D003,Hanumakonda,Atmakur,Chowdapur,Claimant_FRA00822,CFR,2.67,Rejected,2023-11-06,2025-08-17,650,0,1048
FRA00823,Telangana,D002,Bhadradri Kothagudem,Manuguru,Anantharam,Claimant_FRA00823,CFR,5.91,Pending,2025-07-05,,,441,441
FRA00824,Telangana,D007,Jayashankar Bhupalpally,Regonda,Kannaram,Claimant_FRA00824,CFR,5.91,Rejected,2022-09-16,2023-08-05,323,0,1464
FRA00825,Telangana,D004,Hyderabad,Amberpet,Azampura,Claimant_FRA00825,IFR,5.2,Pending,2022-12-07,,,1382,1382
FRA00826,Telangana,D018,Mulugu,Eturunagaram,Katapur,Claimant_FRA00826,IFR,2.16,Approved,2023-10-20,2025-02-09,478,0,1065
FRA00827,Telangana,D030,Vikarabad,Tandur,Kotbaspally,Claimant_FRA00827,CFR,4.6,Approved,2026-06-21,2026-07-10,19,0,90
FRA00828,Telangana,D026,Rangareddy,Shabad,Kesaram,Claimant_FRA00828,CFR,7.42,Approved,2024-10-17,2025-04-15,180,0,702
FRA00829,Telangana,D004,Hyderabad,Amberpet,Azampura,Claimant_FRA00829,IFR,4.52,Approved,2024-08-11,2024-09-19,39,0,769
FRA00830,Telangana,D006,Jangaon,Station Ghanpur,Chilpur,Claimant_FRA00830,CFR,5.43,Rejected,2026-08-17,2026-09-01,15,0,33
FRA00831,Telangana,D006,Jangaon,Station Ghanpur,Chilpur,Claimant_FRA00831,CFR,2.93,Approved,2024-11-29,2025-12-04,370,0,659
FRA00832,Telangana,D001,Adilabad,Narnoor,Kothapalli,Claimant_FRA00832,IFR,0.97,Pending,2022-06-09,,,1563,1563
FRA00833,Telangana,D013,Mahabubabad,Kuravi,Seerole,Claimant_FRA00833,CFR,0.53,Approved,2025-06-07,2025-07-13,36,0,469
FRA00834,Telangana,D007,Jayashankar Bhupalpally,Regonda,Kannaram,Claimant_FRA00834,IFR,6.44,Approved,2021-12-04,2022-01-12,39,0,1750
FRA00835,Telangana,D032,Warangal,Narsampet,Madhira,Claimant_FRA00835,CFR,4.15,Approved,2024-12-09,2025-04-18,130,0,649
FRA00836,Telangana,D028,Siddipet,Husnabad,Pothireddypet,Claimant_FRA00836,CFR,6.18,Approved,2022-02-04,2023-02-04,365,0,1688
FRA00837,Telangana,D007,Jayashankar Bhupalpally,Chityal,Venkateshwarlapally,Claimant_FRA00837,IFR,4.24,Rejected,2022-11-04,2025-06-06,945,0,1415
FRA00838,Telangana,D006,Jangaon,Station Ghanpur,Chilpur,Claimant_FRA00838,CFR,1.03,Rejected,2023-03-12,2025-12-15,1009,0,1287
FRA00839,Telangana,D028,Siddipet,Husnabad,Pothireddypet,Claimant_FRA00839,IFR,6.47,Pending,2023-05-13,,,1225,1225
FRA00840,Telangana,D011,Khammam,Kothagudem,Seetharampuram,Claimant_FRA00840,IFR,2.99,Approved,2025-06-30,2025-11-20,143,0,446
FRA00841,Telangana,D027,Sangareddy,Narayankhed,Kondapur,Claimant_FRA00841,CFR,6.57,Pending,2023-03-31,,,1268,1268
FRA00842,Telangana,D018,Mulugu,Eturunagaram,Katapur,Claimant_FRA00842,CFR,0.95,Approved,2021-10-16,2023-10-30,744,0,1799
FRA00843,Telangana,D006,Jangaon,Station Ghanpur,Chilpur,Claimant_FRA00843,IFR,6.88,Pending,2026-09-04,,,15,15
FRA00844,Telangana,D033,Yadadri Bhuvanagiri,Bhongir,Anantharam,Claimant_FRA00844,CFR,0.81,Approved,2021-11-26,2026-08-06,1714,0,1758
FRA00845,Telangana,D002,Bhadradri Kothagudem,Kothagudem,Regalla,Claimant_FRA00845,CFR,6.41,Pending,2022-07-04,,,1538,1538
FRA00846,Telangana,D030,Vikarabad,Tandur,Kotbaspally,Claimant_FRA00846,CFR,6.8,Approved,2026-07-15,2026-09-04,51,0,66
FRA00847,Telangana,D006,Jangaon,Station Ghanpur,Chilpur,Claimant_FRA00847,CFR,5.06,Approved,2022-12-14,2023-10-10,300,0,1375
FRA00848,Telangana,D001,Adilabad,Boath,Ghanpur,Claimant_FRA00848,IFR,4.33,Approved,2022-09-21,2023-02-01,133,0,1459
FRA00849,Telangana,D003,Hanumakonda,Dharmanagar,Mustial,Claimant_FRA00849,CFR,5.82,Approved,2025-07-11,2026-02-10,214,0,435
FRA00850,Telangana,D007,Jayashankar Bhupalpally,Regonda,Kannaram,Claimant_FRA00850,CFR,4.14,Pending,2024-07-15,,,796,796
FRA00851,Telangana,D032,Warangal,Narsampet,Madhira,Claimant_FRA00851,CFR,7.06,Pending,2022-02-07,,,1685,1685
FRA00852,Telangana,D032,Warangal,Narsampet,Madhira,Claimant_FRA00852,IFR,7.25,Approved,2023-01-11,2025-03-31,810,0,1347
FRA00853,Telangana,D011,Khammam,Kothagudem,Seetharampuram,Claimant_FRA00853,IFR,5.73,Approved,2023-07-03,2024-07-17,380,0,1174
FRA00854,Telangana,D026,Rangareddy,Shabad,Kesaram,Claimant_FRA00854,CFR,6.73,Pending,2025-03-20,,,548,548
FRA00855,Telangana,D005,Jagtial,Korutla,Ailapur,Claimant_FRA00855,CFR,5.5,Pending,2026-05-02,,,140,140
FRA00856,Telangana,D001,Adilabad,Boath,Ghanpur,Claimant_FRA00856,IFR,7.38,Pending,2022-12-11,,,1378,1378
FRA00857,Telangana,D002,Bhadradri Kothagudem,Bhadrachalam,Nellipaka,Claimant_FRA00857,CFR,6.62,Approved,2021-12-27,2026-07-27,1673,0,1727
FRA00858,Telangana,D020,Nalgonda,Devarakonda,Chinthapally,Claimant_FRA00858,IFR,6.96,Approved,2024-01-11,2024-09-20,253,0,982
FRA00859,Telangana,D002,Bhadradri Kothagudem,Manuguru,Anantharam,Claimant_FRA00859,CFR,7.56,Pending,2022-06-25,,,1547,1547
FRA00860,Telangana,D007,Jayashankar Bhupalpally,Chityal,Venkateshwarlapally,Claimant_FRA00860,CFR,4.18,Approved,2023-02-24,2023-11-20,269,0,1303
FRA00861,Telangana,D011,Khammam,Wyra,Gollapadu,Claimant_FRA00861,IFR,4.06,Approved,2022-02-22,2022-05-01,68,0,1670
FRA00862,Telangana,D006,Jangaon,Jangaon,Pasumamula,Claimant_FRA00862,CFR,3.26,Approved,2025-06-01,2026-02-15,259,0,475
FRA00863,Telangana,D006,Jangaon,Station Ghanpur,Chilpur,Claimant_FRA00863,CFR,2.8,Pending,2026-08-14,,,36,36
FRA00864,Telangana,D018,Mulugu,Venkatapur,Narsapur,Claimant_FRA00864,CFR,3.75,Pending,2024-06-12,,,829,829
FRA00865,Telangana,D006,Jangaon,Jangaon,Pasumamula,Claimant_FRA00865,CFR,4.1,Approved,2024-05-01,2025-12-27,605,0,871
FRA00866,Telangana,D013,Mahabubabad,Bayyaram,Garla,Claimant_FRA00866,IFR,2.54,Approved,2023-03-16,2026-05-11,1152,0,1283
FRA00867,Telangana,D019,Nagarkurnool,Amrabad,Mananur,Claimant_FRA00867,IFR,7.15,Rejected,2022-07-15,2023-07-27,377,0,1527
FRA00868,Telangana,D028,Siddipet,Husnabad,Pothireddypet,Claimant_FRA00868,CFR,1.61,Pending,2025-07-30,,,416,416
FRA00869,Telangana,D006,Jangaon,Station Ghanpur,Chilpur,Claimant_FRA00869,IFR,5.74,Pending,2024-02-22,,,940,940
FRA00870,Telangana,D007,Jayashankar Bhupalpally,Chityal,Venkateshwarlapally,Claimant_FRA00870,CFR,1.33,Rejected,2024-05-26,2026-05-04,708,0,846
FRA00871,Telangana,D003,Hanumakonda,Atmakur,Chowdapur,Claimant_FRA00871,IFR,4.3,Pending,2024-03-26,,,907,907
FRA00872,Telangana,D004,Hyderabad,Charminar,Chandrayangutta,Claimant_FRA00872,CFR,3.77,Approved,2022-06-14,2026-02-09,1336,0,1558
FRA00873,Telangana,D028,Siddipet,Husnabad,Pothireddypet,Claimant_FRA00873,CFR,1.75,Approved,2025-01-07,2025-10-06,272,0,620
FRA00874,Telangana,D026,Rangareddy,Shabad,Kesaram,Claimant_FRA00874,IFR,4.76,Approved,2022-07-18,2026-07-12,1455,0,1524
FRA00875,Telangana,D001,Adilabad,Boath,Ghanpur,Claimant_FRA00875,IFR,1.54,Approved,2025-04-11,2026-07-14,459,0,526
FRA00876,Telangana,D003,Hanumakonda,Atmakur,Chowdapur,Claimant_FRA00876,CFR,1.24,Approved,2026-01-29,2026-04-18,79,0,233
FRA00877,Telangana,D003,Hanumakonda,Dharmanagar,Mustial,Claimant_FRA00877,IFR,1.24,Approved,2024-01-23,2026-05-15,843,0,970
FRA00878,Telangana,D013,Mahabubabad,Kuravi,Seerole,Claimant_FRA00878,IFR,5.32,Approved,2023-06-26,2026-07-14,1114,0,1181
FRA00879,Telangana,D011,Khammam,Kothagudem,Seetharampuram,Claimant_FRA00879,CFR,3.53,Rejected,2024-07-10,2024-07-26,16,0,801
FRA00880,Telangana,D020,Nalgonda,Devarakonda,Chinthapally,Claimant_FRA00880,IFR,4.51,Pending,2022-07-18,,,1524,1524
FRA00881,Telangana,D023,Nizamabad,Armoor,Mendora,Claimant_FRA00881,IFR,2.43,Pending,2023-11-12,,,1042,1042
FRA00882,Telangana,D026,Rangareddy,Shabad,Kesaram,Claimant_FRA00882,CFR,6.91,Approved,2025-02-08,2025-07-15,157,0,588
FRA00883,Telangana,D001,Adilabad,Boath,Ghanpur,Claimant_FRA00883,CFR,1.35,Rejected,2021-11-15,2021-12-17,32,0,1769
FRA00884,Telangana,D006,Jangaon,Station Ghanpur,Chilpur,Claimant_FRA00884,CFR,0.58,Rejected,2023-07-11,2026-07-11,1096,0,1166
FRA00885,Telangana,D004,Hyderabad,Amberpet,Azampura,Claimant_FRA00885,CFR,0.88,Approved,2023-08-23,2025-07-28,705,0,1123
FRA00886,Telangana,D006,Jangaon,Jangaon,Pasumamula,Claimant_FRA00886,CFR,3.31,Pending,2025-10-16,,,338,338
FRA00887,Telangana,D004,Hyderabad,Charminar,Chandrayangutta,Claimant_FRA00887,IFR,3.82,Rejected,2023-10-30,2025-05-19,567,0,1055
FRA00888,Telangana,D033,Yadadri Bhuvanagiri,Bhongir,Anantharam,Claimant_FRA00888,CFR,1.52,Pending,2022-11-01,,,1418,1418
FRA00889,Telangana,D003,Hanumakonda,Dharmanagar,Mustial,Claimant_FRA00889,IFR,6.3,Rejected,2024-05-02,2024-06-12,41,0,870
FRA00890,Telangana,D026,Rangareddy,Shabad,Kesaram,Claimant_FRA00890,CFR,5.54,Pending,2026-07-20,,,61,61
FRA00891,Telangana,D003,Hanumakonda,Atmakur,Chowdapur,Claimant_FRA00891,IFR,4.82,Pending,2022-02-28,,,1664,1664
FRA00892,Telangana,D002,Bhadradri Kothagudem,Kothagudem,Regalla,Claimant_FRA00892,CFR,0.85,Approved,2021-12-11,2022-10-27,320,0,1743
FRA00893,Telangana,D030,Vikarabad,Tandur,Kotbaspally,Claimant_FRA00893,CFR,6.18,Pending,2023-04-01,,,1267,1267
FRA00894,Telangana,D027,Sangareddy,Narayankhed,Kondapur,Claimant_FRA00894,CFR,6.11,Approved,2026-03-17,2026-08-14,150,0,186
FRA00895,Telangana,D023,Nizamabad,Armoor,Mendora,Claimant_FRA00895,CFR,7.48,Rejected,2023-07-19,2026-02-22,949,0,1158
FRA00896,Telangana,D023,Nizamabad,Armoor,Mendora,Claimant_FRA00896,CFR,2.92,Pending,2025-06-27,,,449,449
FRA00897,Telangana,D007,Jayashankar Bhupalpally,Chityal,Venkateshwarlapally,Claimant_FRA00897,IFR,1.83,Approved,2026-04-12,2026-09-17,158,0,160
FRA00898,Telangana,D002,Bhadradri Kothagudem,Kothagudem,Regalla,Claimant_FRA00898,CFR,6.22,Rejected,2026-01-19,2026-08-01,194,0,243
FRA00899,Telangana,D013,Mahabubabad,Bayyaram,Garla,Claimant_FRA00899,IFR,3.98,Approved,2023-05-08,2026-05-29,1117,0,1230
FRA00900,Telangana,D007,Jayashankar Bhupalpally,Regonda,Kannaram,Claimant_FRA00900,CFR,7.88,Pending,2022-02-23,,,1669,1669
FRA00901,Telangana,D007,Jayashankar Bhupalpally,Regonda,Kannaram,Claimant_FRA00901,CFR,5.94,Approved,2023-04-14,2023-10-16,185,0,1254
FRA00902,Telangana,D013,Mahabubabad,Kuravi,Seerole,Claimant_FRA00902,CFR,4.42,Rejected,2023-04-20,2026-05-19,1125,0,1248
FRA00903,Telangana,D032,Warangal,Narsampet,Madhira,Claimant_FRA00903,CFR,6.09,Approved,2026-01-12,2026-01-27,15,0,250
FRA00904,Telangana,D002,Bhadradri Kothagudem,Manuguru,Anantharam,Claimant_FRA00904,IFR,4.03,Approved,2025-04-30,2025-05-06,6,0,507
FRA00905,Telangana,D001,Adilabad,Utnoor,Devapur,Claimant_FRA00905,IFR,1.14,Pending,2024-02-27,,,935,935
FRA00906,Telangana,D002,Bhadradri Kothagudem,Kothagudem,Regalla,Claimant_FRA00906,IFR,7.1,Approved,2026-05-03,2026-07-10,68,0,139
FRA00907,Telangana,D032,Warangal,Narsampet,Madhira,Claimant_FRA00907,CFR,6.37,Pending,2021-10-13,,,1802,1802
FRA00908,Telangana,D007,Jayashankar Bhupalpally,Chityal,Venkateshwarlapally,Claimant_FRA00908,IFR,1.71,Pending,2022-09-24,,,1456,1456
FRA00909,Telangana,D002,Bhadradri Kothagudem,Bhadrachalam,Nellipaka,Claimant_FRA00909,IFR,2.75,Approved,2021-10-07,2024-12-26,1176,0,1808
FRA00910,Telangana,D011,Khammam,Kothagudem,Seetharampuram,Claimant_FRA00910,IFR,3.16,Approved,2025-05-02,2025-07-25,84,0,505
FRA00911,Telangana,D013,Mahabubabad,Bayyaram,Garla,Claimant_FRA00911,CFR,6.21,Approved,2026-04-17,2026-06-25,69,0,155
FRA00912,Telangana,D001,Adilabad,Utnoor,Devapur,Claimant_FRA00912,IFR,7.26,Pending,2022-06-16,,,1556,1556
FRA00913,Telangana,D013,Mahabubabad,Kuravi,Seerole,Claimant_FRA00913,CFR,7.11,Approved,2022-12-20,2024-11-30,711,0,1369
FRA00914,Telangana,D027,Sangareddy,Narayankhed,Kondapur,Claimant_FRA00914,IFR,0.95,Rejected,2026-02-03,2026-03-04,29,0,228
FRA00915,Telangana,D004,Hyderabad,Amberpet,Azampura,Claimant_FRA00915,IFR,0.57,Pending,2023-06-06,,,1201,1201
FRA00916,Telangana,D011,Khammam,Kothagudem,Seetharampuram,Claimant_FRA00916,IFR,7.44,Approved,2026-01-21,2026-02-16,26,0,241
FRA00917,Telangana,D011,Khammam,Wyra,Gollapadu,Claimant_FRA00917,IFR,2.19,Rejected,2024-03-28,2025-04-08,376,0,905
FRA00918,Telangana,D011,Khammam,Wyra,Gollapadu,Claimant_FRA00918,IFR,4.3,Approved,2023-01-30,2023-07-09,160,0,1328
FRA00919,Telangana,D007,Jayashankar Bhupalpally,Regonda,Kannaram,Claimant_FRA00919,IFR,3.74,Rejected,2025-12-23,2026-01-26,34,0,270
FRA00920,Telangana,D001,Adilabad,Utnoor,Devapur,Claimant_FRA00920,IFR,1.65,Rejected,2023-04-08,2025-11-15,952,0,1260
FRA00921,Telangana,D018,Mulugu,Eturunagaram,Katapur,Claimant_FRA00921,CFR,4.65,Pending,2021-12-06,,,1748,1748
FRA00922,Telangana,D007,Jayashankar Bhupalpally,Regonda,Kannaram,Claimant_FRA00922,IFR,2.78,Rejected,2024-10-12,2025-03-10,149,0,707
FRA00923,Telangana,D018,Mulugu,Venkatapur,Narsapur,Claimant_FRA00923,CFR,7.99,Rejected,2023-01-12,2023-03-02,49,0,1346
FRA00924,Telangana,D005,Jagtial,Metpally,Vellulla,Claimant_FRA00924,IFR,6.48,Approved,2025-01-12,2026-05-04,477,0,615
FRA00925,Telangana,D011,Khammam,Kothagudem,Seetharampuram,Claimant_FRA00925,IFR,4.27,Rejected,2026-03-02,2026-06-19,109,0,201
FRA00926,Telangana,D004,Hyderabad,Amberpet,Azampura,Claimant_FRA00926,CFR,5.94,Approved,2024-05-06,2026-05-31,755,0,866
FRA00927,Telangana,D032,Warangal,Narsampet,Madhira,Claimant_FRA00927,CFR,2.26,Rejected,2023-01-01,2025-10-21,1024,0,1357
FRA00928,Telangana,D030,Vikarabad,Tandur,Kotbaspally,Claimant_FRA00928,IFR,7.06,Rejected,2021-11-24,2022-06-20,208,0,1760
FRA00929,Telangana,D033,Yadadri Bhuvanagiri,Bhongir,Anantharam,Claimant_FRA00929,CFR,1.7,Approved,2024-04-28,2024-07-03,66,0,874
FRA00930,Telangana,D007,Jayashankar Bhupalpally,Regonda,Kannaram,Claimant_FRA00930,IFR,0.98,Approved,2022-03-22,2026-07-27,1588,0,1642
FRA00931,Telangana,D013,Mahabubabad,Kuravi,Seerole,Claimant_FRA00931,CFR,4.93,Pending,2022-07-26,,,1516,1516
FRA00932,Telangana,D002,Bhadradri Kothagudem,Kothagudem,Regalla,Claimant_FRA00932,IFR,6.3,Approved,2026-02-04,2026-08-31,208,0,227
FRA00933,Telangana,D030,Vikarabad,Tandur,Kotbaspally,Claimant_FRA00933,CFR,3.62,Pending,2025-08-17,,,398,398
FRA00934,Telangana,D018,Mulugu,Eturunagaram,Katapur,Claimant_FRA00934,IFR,4.31,Approved,2022-04-03,2022-09-09,159,0,1630
FRA00935,Telangana,D013,Mahabubabad,Kuravi,Seerole,Claimant_FRA00935,CFR,7.54,Pending,2021-11-26,,,1758,1758
FRA00936,Telangana,D018,Mulugu,Eturunagaram,Katapur,Claimant_FRA00936,CFR,4.74,Approved,2023-07-04,2026-03-14,984,0,1173
FRA00937,Telangana,D005,Jagtial,Korutla,Ailapur,Claimant_FRA00937,IFR,4.58,Approved,2024-06-10,2026-02-09,609,0,831
FRA00938,Telangana,D013,Mahabubabad,Kuravi,Seerole,Claimant_FRA00938,IFR,4.47,Approved,2025-06-23,2026-01-11,202,0,453
FRA00939,Telangana,D033,Yadadri Bhuvanagiri,Bhongir,Anantharam,Claimant_FRA00939,IFR,7.58,Approved,2021-12-15,2025-11-05,1421,0,1739
FRA00940,Telangana,D013,Mahabubabad,Kuravi,Seerole,Claimant_FRA00940,CFR,7.45,Approved,2022-06-05,2024-07-24,780,0,1567
FRA00941,Telangana,D001,Adilabad,Utnoor,Devapur,Claimant_FRA00941,CFR,3.14,Rejected,2023-12-09,2023-12-23,14,0,1015
FRA00942,Telangana,D011,Khammam,Wyra,Gollapadu,Claimant_FRA00942,CFR,6.13,Pending,2024-06-21,,,820,820
FRA00943,Telangana,D001,Adilabad,Utnoor,Devapur,Claimant_FRA00943,IFR,4.6,Approved,2021-10-11,2022-03-23,163,0,1804
FRA00944,Telangana,D003,Hanumakonda,Atmakur,Chowdapur,Claimant_FRA00944,CFR,2.67,Pending,2023-01-25,,,1333,1333
FRA00945,Telangana,D004,Hyderabad,Charminar,Chandrayangutta,Claimant_FRA00945,IFR,4.88,Pending,2022-08-29,,,1482,1482
FRA00946,Telangana,D032,Warangal,Narsampet,Madhira,Claimant_FRA00946,CFR,0.53,Approved,2022-04-09,2025-03-08,1064,0,1624
FRA00947,Telangana,D004,Hyderabad,Charminar,Chandrayangutta,Claimant_FRA00947,CFR,5.21,Pending,2025-06-17,,,459,459
FRA00948,Telangana,D018,Mulugu,Eturunagaram,Katapur,Claimant_FRA00948,CFR,3.51,Pending,2024-10-13,,,706,706
FRA00949,Telangana,D023,Nizamabad,Armoor,Mendora,Claimant_FRA00949,CFR,4.46,Approved,2024-10-05,2025-08-05,304,0,714
FRA00950,Telangana,D020,Nalgonda,Devarakonda,Chinthapally,Claimant_FRA00950,IFR,2.83,Approved,2026-09-08,2026-09-14,6,0,11
FRA00951,Telangana,D002,Bhadradri Kothagudem,Bhadrachalam,Nellipaka,Claimant_FRA00951,IFR,1.2,Approved,2023-12-25,2025-06-28,551,0,999
FRA00952,Telangana,D033,Yadadri Bhuvanagiri,Bhongir,Anantharam,Claimant_FRA00952,CFR,1.0,Pending,2022-02-08,,,1684,1684
FRA00953,Telangana,D013,Mahabubabad,Bayyaram,Garla,Claimant_FRA00953,CFR,4.05,Approved,2026-02-09,2026-05-22,102,0,222
FRA00954,Telangana,D007,Jayashankar Bhupalpally,Chityal,Venkateshwarlapally,Claimant_FRA00954,CFR,6.39,Pending,2024-03-22,,,911,911
FRA00955,Telangana,D013,Mahabubabad,Bayyaram,Garla,Claimant_FRA00955,IFR,5.95,Pending,2022-05-22,,,1581,1581
FRA00956,Telangana,D006,Jangaon,Station Ghanpur,Chilpur,Claimant_FRA00956,IFR,7.44,Approved,2024-10-13,2026-09-14,701,0,706
FRA00957,Telangana,D030,Vikarabad,Tandur,Kotbaspally,Claimant_FRA00957,CFR,6.04,Approved,2025-05-19,2025-12-21,216,0,488
FRA00958,Telangana,D002,Bhadradri Kothagudem,Kothagudem,Regalla,Claimant_FRA00958,IFR,0.97,Approved,2024-04-16,2026-05-25,769,0,886
FRA00959,Telangana,D018,Mulugu,Venkatapur,Narsapur,Claimant_FRA00959,IFR,4.52,Pending,2022-11-22,,,1397,1397
FRA00960,Telangana,D001,Adilabad,Narnoor,Kothapalli,Claimant_FRA00960,IFR,4.64,Approved,2026-06-24,2026-07-19,25,0,87
FRA00961,Telangana,D028,Siddipet,Husnabad,Pothireddypet,Claimant_FRA00961,CFR,5.96,Approved,2022-04-07,2022-06-19,73,0,1626
FRA00962,Telangana,D005,Jagtial,Korutla,Ailapur,Claimant_FRA00962,IFR,5.28,Pending,2026-02-27,,,204,204
FRA00963,Telangana,D018,Mulugu,Eturunagaram,Katapur,Claimant_FRA00963,CFR,2.25,Approved,2024-04-04,2026-04-13,739,0,898
FRA00964,Telangana,D005,Jagtial,Korutla,Ailapur,Claimant_FRA00964,CFR,6.05,Pending,2024-11-01,,,687,687
FRA00965,Telangana,D020,Nalgonda,Devarakonda,Chinthapally,Claimant_FRA00965,CFR,1.03,Approved,2026-08-27,2026-09-10,14,0,23
FRA00966,Telangana,D013,Mahabubabad,Bayyaram,Garla,Claimant_FRA00966,CFR,4.83,Approved,2023-06-10,2025-09-02,815,0,1197
FRA00967,Telangana,D005,Jagtial,Metpally,Vellulla,Claimant_FRA00967,IFR,3.97,Pending,2024-05-10,,,862,862
FRA00968,Telangana,D033,Yadadri Bhuvanagiri,Bhongir,Anantharam,Claimant_FRA00968,CFR,7.83,Pending,2023-08-28,,,1118,1118
FRA00969,Telangana,D002,Bhadradri Kothagudem,Bhadrachalam,Nellipaka,Claimant_FRA00969,CFR,0.62,Approved,2024-08-22,2025-12-21,486,0,758
FRA00970,Telangana,D019,Nagarkurnool,Amrabad,Mananur,Claimant_FRA00970,IFR,3.38,Pending,2022-02-12,,,1680,1680
FRA00971,Telangana,D011,Khammam,Wyra,Gollapadu,Claimant_FRA00971,IFR,6.92,Approved,2025-10-26,2026-08-30,308,0,328
FRA00972,Telangana,D030,Vikarabad,Tandur,Kotbaspally,Claimant_FRA00972,CFR,6.16,Pending,2021-12-15,,,1739,1739
FRA00973,Telangana,D007,Jayashankar Bhupalpally,Regonda,Kannaram,Claimant_FRA00973,IFR,1.39,Rejected,2023-07-30,2026-06-21,1057,0,1147
FRA00974,Telangana,D001,Adilabad,Narnoor,Kothapalli,Claimant_FRA00974,IFR,4.33,Rejected,2025-08-01,2025-09-11,41,0,414
FRA00975,Telangana,D007,Jayashankar Bhupalpally,Regonda,Kannaram,Claimant_FRA00975,CFR,6.55,Approved,2025-10-06,2026-05-31,237,0,348
FRA00976,Telangana,D003,Hanumakonda,Atmakur,Chowdapur,Claimant_FRA00976,CFR,7.93,Approved,2023-07-15,2025-01-07,542,0,1162
FRA00977,Telangana,D006,Jangaon,Jangaon,Pasumamula,Claimant_FRA00977,IFR,2.96,Pending,2023-06-22,,,1185,1185
FRA00978,Telangana,D013,Mahabubabad,Bayyaram,Garla,Claimant_FRA00978,CFR,7.6,Approved,2023-08-03,2025-09-17,776,0,1143
FRA00979,Telangana,D005,Jagtial,Metpally,Vellulla,Claimant_FRA00979,CFR,7.52,Approved,2025-03-08,2025-08-03,148,0,560
FRA00980,Telangana,D003,Hanumakonda,Dharmanagar,Mustial,Claimant_FRA00980,CFR,0.85,Approved,2023-02-01,2024-12-19,687,0,1326
FRA00981,Telangana,D001,Adilabad,Narnoor,Kothapalli,Claimant_FRA00981,IFR,5.45,Pending,2024-09-14,,,735,735
FRA00982,Telangana,D020,Nalgonda,Devarakonda,Chinthapally,Claimant_FRA00982,CFR,4.0,Approved,2025-01-16,2026-03-03,411,0,611
FRA00983,Telangana,D020,Nalgonda,Devarakonda,Chinthapally,Claimant_FRA00983,CFR,1.06,Approved,2021-12-14,2022-06-03,171,0,1740
FRA00984,Telangana,D011,Khammam,Kothagudem,Seetharampuram,Claimant_FRA00984,IFR,5.67,Pending,2021-12-10,,,1744,1744
FRA00985,Telangana,D013,Mahabubabad,Kuravi,Seerole,Claimant_FRA00985,IFR,7.8,Rejected,2022-08-03,2023-12-08,492,0,1508
FRA00986,Telangana,D007,Jayashankar Bhupalpally,Chityal,Venkateshwarlapally,Claimant_FRA00986,CFR,4.41,Pending,2024-08-22,,,758,758
FRA00987,Telangana,D027,Sangareddy,Narayankhed,Kondapur,Claimant_FRA00987,CFR,2.04,Approved,2024-02-27,2026-08-11,896,0,935
FRA00988,Telangana,D007,Jayashankar Bhupalpally,Regonda,Kannaram,Claimant_FRA00988,IFR,4.71,Approved,2026-06-10,2026-06-18,8,0,101
FRA00989,Telangana,D002,Bhadradri Kothagudem,Kothagudem,Regalla,Claimant_FRA00989,CFR,3.83,Approved,2022-06-30,2025-06-26,1092,0,1542
FRA00990,Telangana,D003,Hanumakonda,Dharmanagar,Mustial,Claimant_FRA00990,IFR,4.21,Rejected,2025-03-15,2025-09-10,179,0,553
FRA00991,Telangana,D003,Hanumakonda,Dharmanagar,Mustial,Claimant_FRA00991,IFR,1.4,Approved,2024-07-22,2026-01-01,528,0,789
FRA00992,Telangana,D003,Hanumakonda,Atmakur,Chowdapur,Claimant_FRA00992,CFR,4.67,Pending,2023-06-13,,,1194,1194
FRA00993,Telangana,D005,Jagtial,Metpally,Vellulla,Claimant_FRA00993,IFR,6.15,Approved,2022-01-23,2023-01-21,363,0,1700
FRA00994,Telangana,D030,Vikarabad,Tandur,Kotbaspally,Claimant_FRA00994,IFR,0.8,Approved,2022-01-03,2025-06-28,1272,0,1720
FRA00995,Telangana,D003,Hanumakonda,Atmakur,Chowdapur,Claimant_FRA00995,IFR,7.4,Approved,2022-07-10,2024-05-17,677,0,1532
FRA00996,Telangana,D027,Sangareddy,Narayankhed,Kondapur,Claimant_FRA00996,IFR,4.01,Approved,2021-09-19,2022-12-07,444,0,1826
FRA00997,Telangana,D003,Hanumakonda,Dharmanagar,Mustial,Claimant_FRA00997,IFR,5.97,Approved,2022-09-01,2025-10-11,1136,0,1479
FRA00998,Telangana,D001,Adilabad,Narnoor,Kothapalli,Claimant_FRA00998,IFR,6.99,Approved,2022-05-13,2024-10-25,896,0,1590
FRA00999,Telangana,D013,Mahabubabad,Kuravi,Seerole,Claimant_FRA00999,IFR,3.55,Approved,2022-12-05,2023-09-24,293,0,1384
FRA01000,Telangana,D003,Hanumakonda,Dharmanagar,Mustial,Claimant_FRA01000,CFR,1.51,Approved,2023-08-26,2024-02-25,183,0,1120
FRA01001,Telangana,D003,Hanumakonda,Atmakur,Chowdapur,Claimant_FRA01001,CFR,2.07,Pending,2022-05-17,,,1586,1586
FRA01002,Telangana,D023,Nizamabad,Armoor,Mendora,Claimant_FRA01002,CFR,7.08,Approved,2023-04-12,2026-08-28,1234,0,1256
FRA01003,Telangana,D020,Nalgonda,Devarakonda,Chinthapally,Claimant_FRA01003,IFR,3.85,Rejected,2024-05-10,2026-03-18,677,0,862
FRA01004,Telangana,D019,Nagarkurnool,Amrabad,Mananur,Claimant_FRA01004,IFR,7.03,Approved,2026-06-03,2026-07-09,36,0,108
FRA01005,Telangana,D001,Adilabad,Narnoor,Kothapalli,Claimant_FRA01005,CFR,5.4,Approved,2025-09-13,2026-03-13,181,0,371
FRA01006,Telangana,D007,Jayashankar Bhupalpally,Chityal,Venkateshwarlapally,Claimant_FRA01006,IFR,2.99,Pending,2023-09-15,,,1100,1100
FRA01007,Telangana,D006,Jangaon,Station Ghanpur,Chilpur,Claimant_FRA01007,CFR,6.02,Pending,2025-01-25,,,602,602
FRA01008,Telangana,D003,Hanumakonda,Dharmanagar,Mustial,Claimant_FRA01008,IFR,7.45,Rejected,2023-06-19,2024-10-30,499,0,1188
FRA01009,Telangana,D033,Yadadri Bhuvanagiri,Bhongir,Anantharam,Claimant_FRA01009,CFR,2.86,Pending,2026-07-30,,,51,51
FRA01010,Telangana,D023,Nizamabad,Armoor,Mendora,Claimant_FRA01010,CFR,1.94,Pending,2024-02-25,,,937,937
FRA01011,Telangana,D027,Sangareddy,Narayankhed,Kondapur,Claimant_FRA01011,CFR,7.23,Approved,2025-04-26,2025-12-28,246,0,511
FRA01012,Telangana,D004,Hyderabad,Charminar,Chandrayangutta,Claimant_FRA01012,CFR,8.0,Approved,2023-01-08,2025-07-19,923,0,1350
FRA01013,Telangana,D005,Jagtial,Korutla,Ailapur,Claimant_FRA01013,CFR,3.35,Approved,2022-12-09,2024-01-22,409,0,1380
FRA01014,Telangana,D003,Hanumakonda,Atmakur,Chowdapur,Claimant_FRA01014,IFR,2.97,Approved,2024-02-17,2024-06-04,108,0,945
FRA01015,Telangana,D020,Nalgonda,Devarakonda,Chinthapally,Claimant_FRA01015,IFR,3.93,Pending,2026-05-29,,,113,113
FRA01016,Telangana,D005,Jagtial,Metpally,Vellulla,Claimant_FRA01016,IFR,0.94,Pending,2023-09-29,,,1086,1086
FRA01017,Telangana,D019,Nagarkurnool,Amrabad,Mananur,Claimant_FRA01017,CFR,4.81,Pending,2025-07-02,,,444,444
FRA01018,Telangana,D004,Hyderabad,Charminar,Chandrayangutta,Claimant_FRA01018,IFR,3.37,Approved,2024-04-08,2026-05-14,766,0,894
FRA01019,Telangana,D003,Hanumakonda,Atmakur,Chowdapur,Claimant_FRA01019,CFR,0.98,Approved,2024-04-03,2025-03-18,349,0,899
FRA01020,Telangana,D018,Mulugu,Venkatapur,Narsapur,Claimant_FRA01020,IFR,1.78,Rejected,2022-01-02,2026-04-12,1561,0,1721
FRA01021,Telangana,D011,Khammam,Kothagudem,Seetharampuram,Claimant_FRA01021,CFR,1.74,Approved,2023-11-30,2025-01-04,401,0,1024
FRA01022,Telangana,D007,Jayashankar Bhupalpally,Chityal,Venkateshwarlapally,Claimant_FRA01022,IFR,7.56,Approved,2022-08-06,2023-02-09,187,0,1505
FRA01023,Telangana,D033,Yadadri Bhuvanagiri,Bhongir,Anantharam,Claimant_FRA01023,CFR,7.8,Pending,2024-12-16,,,642,642
FRA01024,Telangana,D002,Bhadradri Kothagudem,Kothagudem,Regalla,Claimant_FRA01024,IFR,7.68,Rejected,2023-02-24,2024-04-30,431,0,1303
FRA01025,Telangana,D003,Hanumakonda,Atmakur,Chowdapur,Claimant_FRA01025,IFR,5.1,Pending,2022-05-31,,,1572,1572
FRA01026,Telangana,D032,Warangal,Narsampet,Madhira,Claimant_FRA01026,IFR,2.8,Approved,2024-03-25,2025-04-16,387,0,908
FRA01027,Telangana,D001,Adilabad,Narnoor,Kothapalli,Claimant_FRA01027,CFR,7.06,Approved,2025-07-27,2026-05-10,287,0,419
FRA01028,Telangana,D003,Hanumakonda,Dharmanagar,Mustial,Claimant_FRA01028,IFR,7.42,Approved,2025-03-25,2026-05-12,413,0,543
FRA01029,Telangana,D005,Jagtial,Korutla,Ailapur,Claimant_FRA01029,IFR,5.92,Rejected,2026-06-25,2026-08-03,39,0,86
FRA01030,Telangana,D020,Nalgonda,Devarakonda,Chinthapally,Claimant_FRA01030,IFR,6.06,Pending,2026-08-17,,,33,33
FRA01031,Telangana,D004,Hyderabad,Charminar,Chandrayangutta,Claimant_FRA01031,CFR,4.39,Rejected,2025-12-03,2026-04-05,123,0,290
FRA01032,Telangana,D004,Hyderabad,Charminar,Chandrayangutta,Claimant_FRA01032,IFR,6.88,Approved,2025-10-21,2025-12-13,53,0,333
FRA01033,Telangana,D007,Jayashankar Bhupalpally,Regonda,Kannaram,Claimant_FRA01033,IFR,5.88,Pending,2024-07-14,,,797,797
FRA01034,Telangana,D001,Adilabad,Boath,Ghanpur,Claimant_FRA01034,CFR,1.34,Approved,2024-11-13,2026-07-06,600,0,675
FRA01035,Telangana,D013,Mahabubabad,Kuravi,Seerole,Claimant_FRA01035,CFR,5.18,Approved,2023-07-22,2024-06-30,344,0,1155
FRA01036,Telangana,D020,Nalgonda,Devarakonda,Chinthapally,Claimant_FRA01036,CFR,5.81,Approved,2025-06-14,2026-05-10,330,0,462
FRA01037,Telangana,D030,Vikarabad,Tandur,Kotbaspally,Claimant_FRA01037,CFR,5.18,Approved,2025-11-05,2026-04-18,164,0,318
FRA01038,Telangana,D019,Nagarkurnool,Amrabad,Mananur,Claimant_FRA01038,CFR,6.62,Pending,2024-04-26,,,876,876
FRA01039,Telangana,D001,Adilabad,Utnoor,Devapur,Claimant_FRA01039,CFR,3.43,Rejected,2022-12-15,2023-06-14,181,0,1374
FRA01040,Telangana,D001,Adilabad,Boath,Ghanpur,Claimant_FRA01040,CFR,0.55,Approved,2022-11-03,2025-08-29,1030,0,1416
FRA01041,Telangana,D018,Mulugu,Eturunagaram,Katapur,Claimant_FRA01041,IFR,3.82,Pending,2026-04-07,,,165,165
FRA01042,Telangana,D019,Nagarkurnool,Amrabad,Mananur,Claimant_FRA01042,IFR,3.2,Pending,2025-12-01,,,292,292
FRA01043,Telangana,D001,Adilabad,Boath,Ghanpur,Claimant_FRA01043,IFR,2.73,Approved,2025-10-18,2026-01-05,79,0,336
FRA01044,Telangana,D020,Nalgonda,Devarakonda,Chinthapally,Claimant_FRA01044,CFR,6.34,Approved,2024-02-13,2025-07-31,534,0,949
FRA01045,Telangana,D002,Bhadradri Kothagudem,Kothagudem,Regalla,Claimant_FRA01045,IFR,6.25,Approved,2022-05-26,2026-06-07,1473,0,1577
FRA01046,Telangana,D011,Khammam,Wyra,Gollapadu,Claimant_FRA01046,CFR,4.07,Pending,2024-10-07,,,712,712
FRA01047,Telangana,D020,Nalgonda,Devarakonda,Chinthapally,Claimant_FRA01047,IFR,3.18,Approved,2023-03-29,2025-08-15,870,0,1270
FRA01048,Telangana,D003,Hanumakonda,Atmakur,Chowdapur,Claimant_FRA01048,CFR,3.64,Approved,2024-01-12,2024-05-21,130,0,981
FRA01049,Telangana,D003,Hanumakonda,Atmakur,Chowdapur,Claimant_FRA01049,CFR,3.13,Rejected,2022-09-06,2025-06-02,1000,0,1474
FRA01050,Telangana,D013,Mahabubabad,Kuravi,Seerole,Claimant_FRA01050,CFR,2.81,Approved,2022-10-20,2023-07-03,256,0,1430
FRA01051,Telangana,D006,Jangaon,Jangaon,Pasumamula,Claimant_FRA01051,CFR,7.22,Approved,2023-09-28,2024-02-21,146,0,1087
FRA01052,Telangana,D028,Siddipet,Husnabad,Pothireddypet,Claimant_FRA01052,CFR,6.23,Approved,2022-03-01,2024-11-26,1001,0,1663
FRA01053,Telangana,D018,Mulugu,Venkatapur,Narsapur,Claimant_FRA01053,IFR,4.96,Approved,2026-07-21,2026-07-26,5,0,60
FRA01054,Telangana,D006,Jangaon,Jangaon,Pasumamula,Claimant_FRA01054,IFR,0.91,Rejected,2023-11-27,2024-10-10,318,0,1027
FRA01055,Telangana,D027,Sangareddy,Narayankhed,Kondapur,Claimant_FRA01055,IFR,3.22,Pending,2023-02-11,,,1316,1316
FRA01056,Telangana,D004,Hyderabad,Charminar,Chandrayangutta,Claimant_FRA01056,CFR,4.95,Approved,2025-01-25,2025-02-16,22,0,602
FRA01057,Telangana,D007,Jayashankar Bhupalpally,Chityal,Venkateshwarlapally,Claimant_FRA01057,IFR,7.77,Approved,2025-09-09,2026-05-06,239,0,375
FRA01058,Telangana,D002,Bhadradri Kothagudem,Kothagudem,Regalla,Claimant_FRA01058,IFR,3.37,Approved,2024-03-14,2026-08-31,900,0,919
FRA01059,Telangana,D011,Khammam,Kothagudem,Seetharampuram,Claimant_FRA01059,CFR,5.67,Approved,2022-02-02,2026-09-12,1683,0,1690
FRA01060,Telangana,D002,Bhadradri Kothagudem,Manuguru,Anantharam,Claimant_FRA01060,CFR,7.89,Pending,2026-03-31,,,172,172
FRA01061,Telangana,D023,Nizamabad,Armoor,Mendora,Claimant_FRA01061,IFR,3.94,Approved,2024-06-20,2024-11-06,139,0,821
FRA01062,Telangana,D030,Vikarabad,Tandur,Kotbaspally,Claimant_FRA01062,CFR,3.85,Approved,2022-02-16,2022-09-07,203,0,1676
FRA01063,Telangana,D011,Khammam,Wyra,Gollapadu,Claimant_FRA01063,CFR,6.4,Approved,2022-09-28,2022-12-29,92,0,1452
FRA01064,Telangana,D002,Bhadradri Kothagudem,Kothagudem,Regalla,Claimant_FRA01064,CFR,6.61,Approved,2026-04-12,2026-07-25,104,0,160
FRA01065,Telangana,D023,Nizamabad,Armoor,Mendora,Claimant_FRA01065,CFR,1.43,Pending,2025-02-12,,,584,584
FRA01066,Telangana,D018,Mulugu,Venkatapur,Narsapur,Claimant_FRA01066,IFR,4.15,Approved,2024-03-06,2024-09-01,179,0,927
FRA01067,Telangana,D006,Jangaon,Jangaon,Pasumamula,Claimant_FRA01067,IFR,4.09,Approved,2025-06-14,2025-06-27,13,0,462
FRA01068,Telangana,D033,Yadadri Bhuvanagiri,Bhongir,Anantharam,Claimant_FRA01068,IFR,0.99,Approved,2026-03-03,2026-03-27,24,0,200
FRA01069,Telangana,D004,Hyderabad,Charminar,Chandrayangutta,Claimant_FRA01069,CFR,6.64,Pending,2023-06-17,,,1190,1190
FRA01070,Telangana,D023,Nizamabad,Armoor,Mendora,Claimant_FRA01070,CFR,7.42,Pending,2022-02-25,,,1667,1667
FRA01071,Telangana,D004,Hyderabad,Charminar,Chandrayangutta,Claimant_FRA01071,IFR,4.54,Approved,2024-03-10,2025-11-13,613,0,923
FRA01072,Telangana,D002,Bhadradri Kothagudem,Manuguru,Anantharam,Claimant_FRA01072,CFR,4.76,Approved,2026-07-09,2026-09-07,60,0,72
FRA01073,Telangana,D007,Jayashankar Bhupalpally,Chityal,Venkateshwarlapally,Claimant_FRA01073,IFR,2.29,Rejected,2025-10-01,2026-03-06,156,0,353
FRA01074,Telangana,D032,Warangal,Narsampet,Madhira,Claimant_FRA01074,IFR,5.11,Approved,2023-07-17,2024-11-12,484,0,1160
FRA01075,Telangana,D011,Khammam,Kothagudem,Seetharampuram,Claimant_FRA01075,IFR,1.56,Pending,2025-08-30,,,385,385
FRA01076,Telangana,D007,Jayashankar Bhupalpally,Chityal,Venkateshwarlapally,Claimant_FRA01076,IFR,5.56,Approved,2023-02-08,2025-05-04,816,0,1319
FRA01077,Telangana,D018,Mulugu,Eturunagaram,Katapur,Claimant_FRA01077,CFR,1.98,Approved,2023-03-11,2026-02-28,1085,0,1288
FRA01078,Telangana,D001,Adilabad,Boath,Ghanpur,Claimant_FRA01078,CFR,2.34,Approved,2022-09-16,2024-10-01,746,0,1464
FRA01079,Telangana,D006,Jangaon,Jangaon,Pasumamula,Claimant_FRA01079,IFR,1.19,Pending,2022-11-23,,,1396,1396
FRA01080,Telangana,D028,Siddipet,Husnabad,Pothireddypet,Claimant_FRA01080,IFR,6.48,Approved,2023-10-02,2024-12-21,446,0,1083
FRA01081,Telangana,D026,Rangareddy,Shabad,Kesaram,Claimant_FRA01081,CFR,0.66,Pending,2022-12-19,,,1370,1370
FRA01082,Telangana,D011,Khammam,Wyra,Gollapadu,Claimant_FRA01082,CFR,6.5,Pending,2024-01-16,,,977,977
FRA01083,Telangana,D026,Rangareddy,Shabad,Kesaram,Claimant_FRA01083,IFR,7.56,Rejected,2022-09-21,2024-02-20,517,0,1459
FRA01084,Telangana,D006,Jangaon,Station Ghanpur,Chilpur,Claimant_FRA01084,IFR,6.21,Approved,2025-05-24,2025-09-18,117,0,483
FRA01085,Telangana,D023,Nizamabad,Armoor,Mendora,Claimant_FRA01085,CFR,3.43,Approved,2022-04-25,2024-09-21,880,0,1608
FRA01086,Telangana,D003,Hanumakonda,Atmakur,Chowdapur,Claimant_FRA01086,IFR,2.27,Pending,2023-02-12,,,1315,1315
FRA01087,Telangana,D011,Khammam,Kothagudem,Seetharampuram,Claimant_FRA01087,CFR,4.23,Rejected,2024-12-27,2026-03-05,433,0,631
FRA01088,Telangana,D032,Warangal,Narsampet,Madhira,Claimant_FRA01088,IFR,6.31,Approved,2023-07-18,2024-03-05,231,0,1159
FRA01089,Telangana,D032,Warangal,Narsampet,Madhira,Claimant_FRA01089,CFR,7.52,Approved,2025-11-19,2026-04-26,158,0,304
FRA01090,Telangana,D004,Hyderabad,Amberpet,Azampura,Claimant_FRA01090,IFR,7.9,Pending,2024-09-09,,,740,740
FRA01091,Telangana,D005,Jagtial,Metpally,Vellulla,Claimant_FRA01091,CFR,5.5,Rejected,2022-12-17,2026-09-12,1365,0,1372
FRA01092,Telangana,D013,Mahabubabad,Bayyaram,Garla,Claimant_FRA01092,CFR,2.89,Approved,2022-03-05,2023-11-21,626,0,1659
FRA01093,Telangana,D001,Adilabad,Boath,Ghanpur,Claimant_FRA01093,IFR,5.8,Pending,2024-03-16,,,917,917
FRA01094,Telangana,D007,Jayashankar Bhupalpally,Chityal,Venkateshwarlapally,Claimant_FRA01094,CFR,2.34,Pending,2024-01-05,,,988,988
FRA01095,Telangana,D013,Mahabubabad,Kuravi,Seerole,Claimant_FRA01095,CFR,5.19,Approved,2024-05-09,2025-12-04,574,0,863
FRA01096,Telangana,D001,Adilabad,Narnoor,Kothapalli,Claimant_FRA01096,IFR,2.01,Pending,2023-02-22,,,1305,1305
FRA01097,Telangana,D001,Adilabad,Boath,Ghanpur,Claimant_FRA01097,IFR,7.51,Approved,2022-04-24,2023-03-19,329,0,1609
FRA01098,Telangana,D001,Adilabad,Boath,Ghanpur,Claimant_FRA01098,CFR,4.0,Approved,2024-04-28,2026-05-31,763,0,874
FRA01099,Telangana,D006,Jangaon,Jangaon,Pasumamula,Claimant_FRA01099,CFR,4.37,Approved,2025-10-16,2026-06-12,239,0,338
FRA01100,Telangana,D013,Mahabubabad,Bayyaram,Garla,Claimant_FRA01100,IFR,5.7,Approved,2022-05-05,2025-08-23,1206,0,1598
FRA01101,Telangana,D002,Bhadradri Kothagudem,Bhadrachalam,Nellipaka,Claimant_FRA01101,CFR,7.96,Rejected,2025-05-09,2026-08-19,467,0,498
FRA01102,Telangana,D030,Vikarabad,Tandur,Kotbaspally,Claimant_FRA01102,CFR,2.61,Approved,2026-07-12,2026-09-11,61,0,69
FRA01103,Telangana,D011,Khammam,Wyra,Gollapadu,Claimant_FRA01103,CFR,2.11,Pending,2026-08-23,,,27,27
FRA01104,Telangana,D013,Mahabubabad,Bayyaram,Garla,Claimant_FRA01104,CFR,2.21,Approved,2022-11-02,2023-05-02,181,0,1417
FRA01105,Telangana,D006,Jangaon,Station Ghanpur,Chilpur,Claimant_FRA01105,CFR,0.94,Pending,2025-07-09,,,437,437
FRA01106,Telangana,D005,Jagtial,Korutla,Ailapur,Claimant_FRA01106,CFR,7.54,Approved,2024-07-10,2024-12-22,165,0,801
FRA01107,Telangana,D026,Rangareddy,Shabad,Kesaram,Claimant_FRA01107,CFR,5.81,Approved,2024-12-22,2025-12-25,368,0,636
FRA01108,Telangana,D006,Jangaon,Jangaon,Pasumamula,Claimant_FRA01108,CFR,1.52,Pending,2021-09-22,,,1823,1823
FRA01109,Telangana,D002,Bhadradri Kothagudem,Bhadrachalam,Nellipaka,Claimant_FRA01109,IFR,6.82,Approved,2024-09-27,2025-11-03,402,0,722
FRA01110,Telangana,D018,Mulugu,Venkatapur,Narsapur,Claimant_FRA01110,IFR,5.52,Approved,2023-06-26,2025-07-16,751,0,1181
FRA01111,Telangana,D011,Khammam,Wyra,Gollapadu,Claimant_FRA01111,IFR,2.65,Pending,2022-07-10,,,1532,1532
FRA01112,Telangana,D004,Hyderabad,Charminar,Chandrayangutta,Claimant_FRA01112,CFR,2.04,Approved,2026-08-09,2026-08-09,0,0,41
FRA01113,Telangana,D003,Hanumakonda,Dharmanagar,Mustial,Claimant_FRA01113,IFR,1.02,Approved,2025-08-08,2026-07-07,333,0,407
FRA01114,Telangana,D005,Jagtial,Metpally,Vellulla,Claimant_FRA01114,CFR,3.7,Approved,2025-08-10,2026-09-06,392,0,405
FRA01115,Telangana,D002,Bhadradri Kothagudem,Kothagudem,Regalla,Claimant_FRA01115,CFR,3.24,Approved,2025-07-27,2026-08-09,378,0,419
FRA01116,Telangana,D033,Yadadri Bhuvanagiri,Bhongir,Anantharam,Claimant_FRA01116,IFR,3.67,Approved,2023-03-23,2025-05-09,778,0,1276
FRA01117,Telangana,D003,Hanumakonda,Atmakur,Chowdapur,Claimant_FRA01117,CFR,7.64,Pending,2023-06-02,,,1205,1205
FRA01118,Telangana,D007,Jayashankar Bhupalpally,Chityal,Venkateshwarlapally,Claimant_FRA01118,CFR,3.96,Approved,2025-03-02,2026-05-12,436,0,566
FRA01119,Telangana,D004,Hyderabad,Amberpet,Azampura,Claimant_FRA01119,IFR,7.74,Approved,2022-08-30,2024-02-02,521,0,1481
FRA01120,Telangana,D023,Nizamabad,Armoor,Mendora,Claimant_FRA01120,IFR,6.46,Pending,2023-05-29,,,1209,1209
FRA01121,Telangana,D007,Jayashankar Bhupalpally,Chityal,Venkateshwarlapally,Claimant_FRA01121,CFR,4.57,Rejected,2024-05-14,2025-05-04,355,0,858
FRA01122,Telangana,D033,Yadadri Bhuvanagiri,Bhongir,Anantharam,Claimant_FRA01122,IFR,3.8,Approved,2024-04-19,2026-09-16,880,0,883
FRA01123,Telangana,D006,Jangaon,Jangaon,Pasumamula,Claimant_FRA01123,CFR,6.86,Pending,2024-10-19,,,700,700
FRA01124,Telangana,D005,Jagtial,Metpally,Vellulla,Claimant_FRA01124,IFR,6.86,Pending,2025-03-31,,,537,537
FRA01125,Telangana,D033,Yadadri Bhuvanagiri,Bhongir,Anantharam,Claimant_FRA01125,IFR,6.11,Pending,2024-09-21,,,728,728
FRA01126,Telangana,D003,Hanumakonda,Atmakur,Chowdapur,Claimant_FRA01126,IFR,5.75,Approved,2026-01-08,2026-07-09,182,0,254
FRA01127,Telangana,D005,Jagtial,Metpally,Vellulla,Claimant_FRA01127,CFR,0.98,Approved,2026-05-04,2026-05-27,23,0,138
FRA01128,Telangana,D002,Bhadradri Kothagudem,Kothagudem,Regalla,Claimant_FRA01128,IFR,1.51,Approved,2024-01-10,2025-04-05,451,0,983
FRA01129,Telangana,D018,Mulugu,Venkatapur,Narsapur,Claimant_FRA01129,CFR,2.78,Approved,2023-04-17,2023-08-20,125,0,1251
FRA01130,Telangana,D003,Hanumakonda,Dharmanagar,Mustial,Claimant_FRA01130,CFR,7.48,Approved,2024-02-20,2025-10-23,611,0,942
FRA01131,Telangana,D003,Hanumakonda,Atmakur,Chowdapur,Claimant_FRA01131,IFR,5.31,Approved,2023-09-27,2025-02-08,500,0,1088
FRA01132,Telangana,D003,Hanumakonda,Dharmanagar,Mustial,Claimant_FRA01132,IFR,3.78,Pending,2022-05-21,,,1582,1582
FRA01133,Telangana,D011,Khammam,Kothagudem,Seetharampuram,Claimant_FRA01133,CFR,7.35,Pending,2024-09-24,,,725,725
FRA01134,Telangana,D011,Khammam,Kothagudem,Seetharampuram,Claimant_FRA01134,IFR,5.14,Approved,2024-03-28,2026-06-22,816,0,905
FRA01135,Telangana,D018,Mulugu,Eturunagaram,Katapur,Claimant_FRA01135,IFR,3.42,Approved,2022-11-01,2024-12-14,774,0,1418
FRA01136,Telangana,D001,Adilabad,Boath,Ghanpur,Claimant_FRA01136,CFR,5.77,Approved,2026-03-30,2026-06-26,88,0,173
FRA01137,Telangana,D018,Mulugu,Venkatapur,Narsapur,Claimant_FRA01137,CFR,4.05,Pending,2024-01-14,,,979,979
FRA01138,Telangana,D013,Mahabubabad,Bayyaram,Garla,Claimant_FRA01138,CFR,4.33,Approved,2025-07-14,2026-06-04,325,0,432
FRA01139,Telangana,D007,Jayashankar Bhupalpally,Chityal,Venkateshwarlapally,Claimant_FRA01139,CFR,7.8,Pending,2022-01-30,,,1693,1693
FRA01140,Telangana,D028,Siddipet,Husnabad,Pothireddypet,Claimant_FRA01140,IFR,7.5,Approved,2023-06-11,2025-07-28,778,0,1196
FRA01141,Telangana,D011,Khammam,Wyra,Gollapadu,Claimant_FRA01141,IFR,7.65,Approved,2023-03-13,2024-12-01,629,0,1286
FRA01142,Telangana,D005,Jagtial,Korutla,Ailapur,Claimant_FRA01142,IFR,0.83,Rejected,2024-04-11,2024-08-17,128,0,891
FRA01143,Telangana,D027,Sangareddy,Narayankhed,Kondapur,Claimant_FRA01143,CFR,1.28,Approved,2024-05-07,2025-05-31,389,0,865
FRA01144,Telangana,D028,Siddipet,Husnabad,Pothireddypet,Claimant_FRA01144,CFR,6.27,Rejected,2021-12-28,2024-01-10,743,0,1726
FRA01145,Telangana,D026,Rangareddy,Shabad,Kesaram,Claimant_FRA01145,IFR,3.34,Approved,2022-10-16,2026-06-10,1333,0,1434
FRA01146,Telangana,D001,Adilabad,Boath,Ghanpur,Claimant_FRA01146,CFR,7.25,Pending,2026-02-25,,,206,206
FRA01147,Telangana,D002,Bhadradri Kothagudem,Bhadrachalam,Nellipaka,Claimant_FRA01147,CFR,3.27,Approved,2024-05-17,2024-07-17,61,0,855
FRA01148,Telangana,D004,Hyderabad,Amberpet,Azampura,Claimant_FRA01148,IFR,1.72,Pending,2025-01-25,,,602,602
FRA01149,Telangana,D007,Jayashankar Bhupalpally,Chityal,Venkateshwarlapally,Claimant_FRA01149,IFR,2.83,Pending,2025-12-04,,,289,289
FRA01150,Telangana,D002,Bhadradri Kothagudem,Bhadrachalam,Nellipaka,Claimant_FRA01150,IFR,2.4,Rejected,2023-09-28,2023-12-13,76,0,1087
FRA01151,Telangana,D013,Mahabubabad,Kuravi,Seerole,Claimant_FRA01151,CFR,6.19,Rejected,2026-08-25,2026-08-30,5,0,25
FRA01152,Telangana,D018,Mulugu,Venkatapur,Narsapur,Claimant_FRA01152,IFR,3.85,Approved,2023-09-12,2024-09-20,374,0,1103
FRA01153,Telangana,D003,Hanumakonda,Atmakur,Chowdapur,Claimant_FRA01153,CFR,5.41,Pending,2024-12-17,,,641,641
FRA01154,Telangana,D026,Rangareddy,Shabad,Kesaram,Claimant_FRA01154,IFR,7.39,Pending,2025-04-09,,,528,528
FRA01155,Telangana,D002,Bhadradri Kothagudem,Kothagudem,Regalla,Claimant_FRA01155,CFR,3.44,Pending,2025-03-17,,,551,551
FRA01156,Telangana,D003,Hanumakonda,Atmakur,Chowdapur,Claimant_FRA01156,IFR,1.93,Pending,2026-06-25,,,86,86
FRA01157,Telangana,D003,Hanumakonda,Dharmanagar,Mustial,Claimant_FRA01157,IFR,5.7,Approved,2025-09-10,2026-04-16,218,0,374
FRA01158,Telangana,D026,Rangareddy,Shabad,Kesaram,Claimant_FRA01158,IFR,1.82,Pending,2024-06-22,,,819,819
FRA01159,Telangana,D027,Sangareddy,Narayankhed,Kondapur,Claimant_FRA01159,CFR,4.37,Approved,2025-09-11,2026-05-18,249,0,373
FRA01160,Telangana,D011,Khammam,Kothagudem,Seetharampuram,Claimant_FRA01160,CFR,3.44,Pending,2023-11-13,,,1041,1041
FRA01161,Telangana,D011,Khammam,Kothagudem,Seetharampuram,Claimant_FRA01161,CFR,5.89,Approved,2024-03-10,2026-04-12,763,0,923
FRA01162,Telangana,D018,Mulugu,Eturunagaram,Katapur,Claimant_FRA01162,CFR,3.15,Pending,2026-01-06,,,256,256
FRA01163,Telangana,D018,Mulugu,Venkatapur,Narsapur,Claimant_FRA01163,IFR,3.58,Approved,2026-04-02,2026-08-16,136,0,170
FRA01164,Telangana,D013,Mahabubabad,Bayyaram,Garla,Claimant_FRA01164,IFR,5.36,Pending,2025-03-12,,,556,556
FRA01165,Telangana,D007,Jayashankar Bhupalpally,Chityal,Venkateshwarlapally,Claimant_FRA01165,CFR,1.01,Approved,2023-04-12,2026-02-27,1052,0,1256
FRA01166,Telangana,D003,Hanumakonda,Atmakur,Chowdapur,Claimant_FRA01166,IFR,4.61,Pending,2023-04-22,,,1246,1246
FRA01167,Telangana,D028,Siddipet,Husnabad,Pothireddypet,Claimant_FRA01167,CFR,0.75,Rejected,2024-10-30,2026-01-06,433,0,689
FRA01168,Telangana,D013,Mahabubabad,Bayyaram,Garla,Claimant_FRA01168,CFR,3.52,Rejected,2021-12-11,2023-01-30,415,0,1743
FRA01169,Telangana,D002,Bhadradri Kothagudem,Bhadrachalam,Nellipaka,Claimant_FRA01169,CFR,4.88,Approved,2026-04-07,2026-07-30,114,0,165
FRA01170,Telangana,D003,Hanumakonda,Dharmanagar,Mustial,Claimant_FRA01170,IFR,0.83,Approved,2023-05-27,2024-04-26,335,0,1211
FRA01171,Telangana,D004,Hyderabad,Charminar,Chandrayangutta,Claimant_FRA01171,IFR,4.82,Approved,2025-02-26,2025-09-11,197,0,570
FRA01172,Telangana,D030,Vikarabad,Tandur,Kotbaspally,Claimant_FRA01172,CFR,4.85,Approved,2025-12-06,2025-12-07,1,0,287
FRA01173,Telangana,D006,Jangaon,Jangaon,Pasumamula,Claimant_FRA01173,IFR,5.79,Approved,2024-05-11,2026-05-23,742,0,861
FRA01174,Telangana,D002,Bhadradri Kothagudem,Bhadrachalam,Nellipaka,Claimant_FRA01174,IFR,2.74,Approved,2025-09-27,2025-10-05,8,0,357
FRA01175,Telangana,D030,Vikarabad,Tandur,Kotbaspally,Claimant_FRA01175,CFR,1.07,Approved,2022-02-25,2025-08-30,1282,0,1667
FRA01176,Telangana,D007,Jayashankar Bhupalpally,Chityal,Venkateshwarlapally,Claimant_FRA01176,IFR,3.23,Approved,2023-12-23,2025-07-04,559,0,1001
FRA01177,Telangana,D001,Adilabad,Narnoor,Kothapalli,Claimant_FRA01177,IFR,3.85,Approved,2021-10-14,2026-08-24,1775,0,1801
FRA01178,Telangana,D003,Hanumakonda,Atmakur,Chowdapur,Claimant_FRA01178,CFR,0.76,Approved,2022-04-08,2024-11-23,960,0,1625
FRA01179,Telangana,D002,Bhadradri Kothagudem,Manuguru,Anantharam,Claimant_FRA01179,IFR,5.3,Approved,2023-01-28,2025-07-10,894,0,1330
FRA01180,Telangana,D002,Bhadradri Kothagudem,Manuguru,Anantharam,Claimant_FRA01180,CFR,3.23,Approved,2022-12-07,2024-05-01,511,0,1382
FRA01181,Telangana,D032,Warangal,Narsampet,Madhira,Claimant_FRA01181,CFR,7.05,Pending,2024-07-03,,,808,808
FRA01182,Telangana,D018,Mulugu,Eturunagaram,Katapur,Claimant_FRA01182,CFR,3.44,Approved,2022-02-28,2025-05-21,1178,0,1664
FRA01183,Telangana,D002,Bhadradri Kothagudem,Kothagudem,Regalla,Claimant_FRA01183,CFR,3.9,Approved,2022-01-28,2026-03-18,1510,0,1695
FRA01184,Telangana,D005,Jagtial,Korutla,Ailapur,Claimant_FRA01184,IFR,4.12,Approved,2024-02-12,2025-09-27,593,0,950
FRA01185,Telangana,D018,Mulugu,Eturunagaram,Katapur,Claimant_FRA01185,CFR,1.25,Pending,2022-02-03,,,1689,1689
FRA01186,Telangana,D001,Adilabad,Utnoor,Devapur,Claimant_FRA01186,IFR,3.26,Rejected,2021-11-16,2025-10-27,1441,0,1768
FRA01187,Telangana,D005,Jagtial,Metpally,Vellulla,Claimant_FRA01187,IFR,6.88,Approved,2023-04-04,2023-06-12,69,0,1264
FRA01188,Telangana,D011,Khammam,Kothagudem,Seetharampuram,Claimant_FRA01188,IFR,4.52,Approved,2025-04-08,2025-10-21,196,0,529
FRA01189,Telangana,D013,Mahabubabad,Kuravi,Seerole,Claimant_FRA01189,CFR,1.44,Rejected,2022-12-04,2025-05-08,886,0,1385
FRA01190,Telangana,D004,Hyderabad,Amberpet,Azampura,Claimant_FRA01190,IFR,3.0,Pending,2022-10-07,,,1443,1443
FRA01191,Telangana,D005,Jagtial,Metpally,Vellulla,Claimant_FRA01191,IFR,2.1,Approved,2023-06-22,2024-02-29,252,0,1185
FRA01192,Telangana,D003,Hanumakonda,Dharmanagar,Mustial,Claimant_FRA01192,CFR,7.17,Approved,2022-12-26,2025-09-10,989,0,1363
FRA01193,Telangana,D028,Siddipet,Husnabad,Pothireddypet,Claimant_FRA01193,IFR,2.55,Approved,2023-02-20,2024-08-08,535,0,1307
FRA01194,Telangana,D005,Jagtial,Metpally,Vellulla,Claimant_FRA01194,CFR,2.5,Approved,2026-02-14,2026-05-07,82,0,217
FRA01195,Telangana,D013,Mahabubabad,Kuravi,Seerole,Claimant_FRA01195,IFR,5.26,Approved,2025-03-30,2026-06-07,434,0,538
FRA01196,Telangana,D011,Khammam,Kothagudem,Seetharampuram,Claimant_FRA01196,IFR,2.22,Pending,2023-07-10,,,1167,1167
FRA01197,Telangana,D002,Bhadradri Kothagudem,Kothagudem,Regalla,Claimant_FRA01197,IFR,0.76,Approved,2024-03-24,2026-07-25,853,0,909
FRA01198,Telangana,D006,Jangaon,Station Ghanpur,Chilpur,Claimant_FRA01198,IFR,1.98,Approved,2025-09-06,2025-10-05,29,0,378
FRA01199,Telangana,D033,Yadadri Bhuvanagiri,Bhongir,Anantharam,Claimant_FRA01199,CFR,3.84,Pending,2025-06-02,,,474,474
FRA01200,Telangana,D003,Hanumakonda,Dharmanagar,Mustial,Claimant_FRA01200,CFR,3.8,Approved,2024-01-14,2024-09-18,248,0,979
FRA01201,Telangana,D001,Adilabad,Boath,Ghanpur,Claimant_FRA01201,CFR,2.65,Pending,2023-12-19,,,1005,1005
FRA01202,Telangana,D001,Adilabad,Utnoor,Devapur,Claimant_FRA01202,CFR,4.65,Pending,2025-11-19,,,304,304
FRA01203,Telangana,D002,Bhadradri Kothagudem,Bhadrachalam,Nellipaka,Claimant_FRA01203,CFR,5.72,Approved,2024-05-30,2025-01-08,223,0,842
FRA01204,Telangana,D033,Yadadri Bhuvanagiri,Bhongir,Anantharam,Claimant_FRA01204,CFR,2.39,Pending,2025-11-14,,,309,309
FRA01205,Telangana,D033,Yadadri Bhuvanagiri,Bhongir,Anantharam,Claimant_FRA01205,CFR,1.0,Rejected,2024-05-15,2024-11-18,187,0,857
FRA01206,Telangana,D005,Jagtial,Metpally,Vellulla,Claimant_FRA01206,IFR,5.15,Pending,2023-11-15,,,1039,1039
FRA01207,Telangana,D028,Siddipet,Husnabad,Pothireddypet,Claimant_FRA01207,CFR,0.57,Approved,2024-01-23,2025-02-15,389,0,970
FRA01208,Telangana,D011,Khammam,Wyra,Gollapadu,Claimant_FRA01208,CFR,5.56,Approved,2023-04-09,2026-08-16,1225,0,1259
FRA01209,Telangana,D011,Khammam,Kothagudem,Seetharampuram,Claimant_FRA01209,CFR,7.57,Pending,2023-02-04,,,1323,1323
FRA01210,Telangana,D004,Hyderabad,Charminar,Chandrayangutta,Claimant_FRA01210,CFR,2.45,Approved,2024-01-18,2024-03-27,69,0,975
FRA01211,Telangana,D002,Bhadradri Kothagudem,Manuguru,Anantharam,Claimant_FRA01211,IFR,7.62,Pending,2022-01-11,,,1712,1712
FRA01212,Telangana,D013,Mahabubabad,Kuravi,Seerole,Claimant_FRA01212,CFR,5.35,Approved,2023-04-30,2026-08-04,1192,0,1238
FRA01213,Telangana,D005,Jagtial,Korutla,Ailapur,Claimant_FRA01213,IFR,6.53,Pending,2025-10-29,,,325,325
FRA01214,Telangana,D007,Jayashankar Bhupalpally,Regonda,Kannaram,Claimant_FRA01214,CFR,5.18,Approved,2023-08-01,2025-12-24,876,0,1145
FRA01215,Telangana,D007,Jayashankar Bhupalpally,Regonda,Kannaram,Claimant_FRA01215,IFR,2.09,Approved,2022-09-04,2025-01-24,873,0,1476
FRA01216,Telangana,D005,Jagtial,Korutla,Ailapur,Claimant_FRA01216,CFR,2.04,Pending,2026-06-10,,,101,101
FRA01217,Telangana,D002,Bhadradri Kothagudem,Kothagudem,Regalla,Claimant_FRA01217,CFR,3.21,Rejected,2025-04-09,2025-11-21,226,0,528
FRA01218,Telangana,D002,Bhadradri Kothagudem,Manuguru,Anantharam,Claimant_FRA01218,CFR,3.81,Approved,2022-06-09,2024-06-18,740,0,1563
FRA01219,Telangana,D005,Jagtial,Metpally,Vellulla,Claimant_FRA01219,CFR,4.58,Rejected,2023-03-16,2023-06-17,93,0,1283
FRA01220,Telangana,D013,Mahabubabad,Kuravi,Seerole,Claimant_FRA01220,CFR,4.93,Approved,2026-03-02,2026-05-13,72,0,201
FRA01221,Telangana,D001,Adilabad,Utnoor,Devapur,Claimant_FRA01221,CFR,6.18,Approved,2022-10-13,2024-09-30,718,0,1437
FRA01222,Telangana,D033,Yadadri Bhuvanagiri,Bhongir,Anantharam,Claimant_FRA01222,CFR,4.49,Approved,2023-04-24,2023-09-26,155,0,1244
FRA01223,Telangana,D003,Hanumakonda,Atmakur,Chowdapur,Claimant_FRA01223,IFR,6.91,Pending,2022-03-05,,,1659,1659
FRA01224,Telangana,D004,Hyderabad,Amberpet,Azampura,Claimant_FRA01224,IFR,5.85,Approved,2023-08-13,2025-03-28,593,0,1133
FRA01225,Telangana,D005,Jagtial,Metpally,Vellulla,Claimant_FRA01225,CFR,2.83,Approved,2025-09-04,2026-03-30,207,0,380
FRA01226,Telangana,D007,Jayashankar Bhupalpally,Regonda,Kannaram,Claimant_FRA01226,CFR,1.73,Approved,2024-11-09,2025-03-21,132,0,679
FRA01227,Telangana,D004,Hyderabad,Charminar,Chandrayangutta,Claimant_FRA01227,CFR,2.65,Pending,2023-11-13,,,1041,1041
FRA01228,Telangana,D026,Rangareddy,Shabad,Kesaram,Claimant_FRA01228,CFR,0.54,Approved,2022-07-11,2023-12-29,536,0,1531
FRA01229,Telangana,D006,Jangaon,Jangaon,Pasumamula,Claimant_FRA01229,IFR,7.92,Pending,2025-01-06,,,621,621
FRA01230,Telangana,D005,Jagtial,Metpally,Vellulla,Claimant_FRA01230,CFR,5.32,Pending,2024-11-26,,,662,662
FRA01231,Telangana,D002,Bhadradri Kothagudem,Kothagudem,Regalla,Claimant_FRA01231,CFR,7.82,Approved,2026-02-22,2026-06-19,117,0,209
FRA01232,Telangana,D006,Jangaon,Station Ghanpur,Chilpur,Claimant_FRA01232,IFR,4.33,Pending,2023-03-16,,,1283,1283
FRA01233,Telangana,D033,Yadadri Bhuvanagiri,Bhongir,Anantharam,Claimant_FRA01233,CFR,7.79,Approved,2025-11-29,2026-06-26,209,0,294
FRA01234,Telangana,D005,Jagtial,Korutla,Ailapur,Claimant_FRA01234,CFR,2.63,Approved,2025-07-25,2025-11-01,99,0,421
FRA01235,Telangana,D011,Khammam,Kothagudem,Seetharampuram,Claimant_FRA01235,IFR,4.28,Approved,2025-04-10,2026-06-23,439,0,527
FRA01236,Telangana,D002,Bhadradri Kothagudem,Bhadrachalam,Nellipaka,Claimant_FRA01236,IFR,1.01,Approved,2026-01-12,2026-07-22,191,0,250
FRA01237,Telangana,D003,Hanumakonda,Dharmanagar,Mustial,Claimant_FRA01237,CFR,3.93,Rejected,2023-02-03,2023-07-30,177,0,1324
FRA01238,Telangana,D032,Warangal,Narsampet,Madhira,Claimant_FRA01238,IFR,7.12,Approved,2026-06-07,2026-07-17,40,0,104
FRA01239,Telangana,D023,Nizamabad,Armoor,Mendora,Claimant_FRA01239,IFR,0.76,Pending,2026-02-20,,,211,211
FRA01240,Telangana,D027,Sangareddy,Narayankhed,Kondapur,Claimant_FRA01240,IFR,3.08,Approved,2022-03-21,2022-07-18,119,0,1643
FRA01241,Telangana,D006,Jangaon,Jangaon,Pasumamula,Claimant_FRA01241,CFR,6.42,Rejected,2024-09-05,2025-04-20,227,0,744
FRA01242,Telangana,D002,Bhadradri Kothagudem,Manuguru,Anantharam,Claimant_FRA01242,CFR,7.76,Approved,2023-01-04,2026-08-08,1312,0,1354
FRA01243,Telangana,D002,Bhadradri Kothagudem,Bhadrachalam,Nellipaka,Claimant_FRA01243,IFR,3.67,Pending,2023-04-20,,,1248,1248
FRA01244,Telangana,D003,Hanumakonda,Dharmanagar,Mustial,Claimant_FRA01244,IFR,3.48,Pending,2022-02-19,,,1673,1673
FRA01245,Telangana,D001,Adilabad,Boath,Ghanpur,Claimant_FRA01245,CFR,0.74,Approved,2022-09-29,2026-01-10,1199,0,1451
FRA01246,Telangana,D018,Mulugu,Venkatapur,Narsapur,Claimant_FRA01246,IFR,1.22,Approved,2023-05-02,2024-09-13,500,0,1236
FRA01247,Telangana,D002,Bhadradri Kothagudem,Manuguru,Anantharam,Claimant_FRA01247,CFR,7.47,Approved,2025-08-25,2026-01-31,159,0,390
FRA01248,Telangana,D027,Sangareddy,Narayankhed,Kondapur,Claimant_FRA01248,CFR,0.99,Rejected,2023-02-01,2026-06-21,1236,0,1326
FRA01249,Telangana,D019,Nagarkurnool,Amrabad,Mananur,Claimant_FRA01249,IFR,2.72,Approved,2024-07-05,2024-11-14,132,0,806
FRA01250,Telangana,D007,Jayashankar Bhupalpally,Regonda,Kannaram,Claimant_FRA01250,CFR,5.85,Rejected,2022-12-15,2023-01-06,22,0,1374
FRA01251,Telangana,D004,Hyderabad,Amberpet,Azampura,Claimant_FRA01251,CFR,3.29,Rejected,2024-06-08,2025-05-12,338,0,833
FRA01252,Telangana,D018,Mulugu,Venkatapur,Narsapur,Claimant_FRA01252,IFR,7.72,Pending,2023-07-30,,,1147,1147
FRA01253,Telangana,D005,Jagtial,Metpally,Vellulla,Claimant_FRA01253,IFR,4.72,Approved,2021-09-18,2023-02-24,524,0,1827
FRA01254,Telangana,D007,Jayashankar Bhupalpally,Chityal,Venkateshwarlapally,Claimant_FRA01254,CFR,5.34,Pending,2025-08-11,,,404,404
FRA01255,Telangana,D013,Mahabubabad,Bayyaram,Garla,Claimant_FRA01255,CFR,0.76,Approved,2025-05-12,2026-01-18,251,0,495
FRA01256,Telangana,D005,Jagtial,Korutla,Ailapur,Claimant_FRA01256,CFR,0.93,Pending,2026-02-27,,,204,204
FRA01257,Telangana,D018,Mulugu,Eturunagaram,Katapur,Claimant_FRA01257,CFR,1.75,Approved,2023-09-09,2023-11-14,66,0,1106
FRA01258,Telangana,D004,Hyderabad,Amberpet,Azampura,Claimant_FRA01258,IFR,1.92,Approved,2026-09-01,2026-09-07,6,0,18
FRA01259,Telangana,D030,Vikarabad,Tandur,Kotbaspally,Claimant_FRA01259,CFR,5.14,Pending,2023-03-14,,,1285,1285
FRA01260,Telangana,D004,Hyderabad,Amberpet,Azampura,Claimant_FRA01260,CFR,3.18,Approved,2022-12-06,2024-04-11,492,0,1383
FRA01261,Telangana,D013,Mahabubabad,Kuravi,Seerole,Claimant_FRA01261,CFR,6.92,Approved,2023-07-06,2026-03-25,993,0,1171
FRA01262,Telangana,D033,Yadadri Bhuvanagiri,Bhongir,Anantharam,Claimant_FRA01262,IFR,3.16,Rejected,2026-03-20,2026-08-09,142,0,183
FRA01263,Telangana,D006,Jangaon,Jangaon,Pasumamula,Claimant_FRA01263,IFR,7.64,Pending,2022-08-27,,,1484,1484
FRA01264,Telangana,D026,Rangareddy,Shabad,Kesaram,Claimant_FRA01264,CFR,0.67,Pending,2022-09-18,,,1462,1462
FRA01265,Telangana,D006,Jangaon,Station Ghanpur,Chilpur,Claimant_FRA01265,CFR,6.96,Rejected,2025-05-25,2025-07-27,63,0,482
FRA01266,Telangana,D018,Mulugu,Venkatapur,Narsapur,Claimant_FRA01266,CFR,3.74,Approved,2022-03-15,2026-07-18,1586,0,1649
FRA01267,Telangana,D011,Khammam,Kothagudem,Seetharampuram,Claimant_FRA01267,CFR,4.55,Pending,2022-01-30,,,1693,1693
FRA01268,Telangana,D033,Yadadri Bhuvanagiri,Bhongir,Anantharam,Claimant_FRA01268,CFR,3.67,Approved,2023-04-08,2024-05-21,409,0,1260
FRA01269,Telangana,D028,Siddipet,Husnabad,Pothireddypet,Claimant_FRA01269,CFR,4.39,Approved,2023-04-09,2026-01-24,1021,0,1259
FRA01270,Telangana,D023,Nizamabad,Armoor,Mendora,Claimant_FRA01270,IFR,6.1,Pending,2025-11-27,,,296,296
FRA01271,Telangana,D023,Nizamabad,Armoor,Mendora,Claimant_FRA01271,CFR,7.69,Pending,2024-10-15,,,704,704
FRA01272,Telangana,D013,Mahabubabad,Kuravi,Seerole,Claimant_FRA01272,IFR,2.6,Approved,2026-09-15,2026-09-17,2,0,4
FRA01273,Telangana,D026,Rangareddy,Shabad,Kesaram,Claimant_FRA01273,CFR,1.46,Approved,2024-08-05,2024-10-23,79,0,775
FRA01274,Telangana,D032,Warangal,Narsampet,Madhira,Claimant_FRA01274,IFR,5.75,Approved,2023-10-24,2024-10-12,354,0,1061
FRA01275,Telangana,D030,Vikarabad,Tandur,Kotbaspally,Claimant_FRA01275,IFR,4.26,Rejected,2026-07-15,2026-08-21,37,0,66
FRA01276,Telangana,D018,Mulugu,Eturunagaram,Katapur,Claimant_FRA01276,CFR,3.29,Approved,2024-04-07,2025-06-08,427,0,895
FRA01277,Telangana,D011,Khammam,Kothagudem,Seetharampuram,Claimant_FRA01277,IFR,2.37,Rejected,2022-01-15,2023-01-14,364,0,1708
FRA01278,Telangana,D005,Jagtial,Korutla,Ailapur,Claimant_FRA01278,CFR,6.03,Approved,2023-10-17,2024-03-09,144,0,1068
FRA01279,Telangana,D032,Warangal,Narsampet,Madhira,Claimant_FRA01279,CFR,1.09,Approved,2024-05-06,2026-07-18,803,0,866
FRA01280,Telangana,D019,Nagarkurnool,Amrabad,Mananur,Claimant_FRA01280,CFR,7.64,Approved,2026-04-12,2026-08-12,122,0,160
FRA01281,Telangana,D002,Bhadradri Kothagudem,Bhadrachalam,Nellipaka,Claimant_FRA01281,CFR,3.6,Pending,2025-02-22,,,574,574
FRA01282,Telangana,D006,Jangaon,Station Ghanpur,Chilpur,Claimant_FRA01282,IFR,0.83,Approved,2025-10-29,2025-12-31,63,0,325
FRA01283,Telangana,D001,Adilabad,Narnoor,Kothapalli,Claimant_FRA01283,CFR,1.27,Pending,2024-07-03,,,808,808
FRA01284,Telangana,D001,Adilabad,Utnoor,Devapur,Claimant_FRA01284,IFR,6.81,Approved,2023-10-29,2026-02-09,834,0,1056
FRA01285,Telangana,D002,Bhadradri Kothagudem,Manuguru,Anantharam,Claimant_FRA01285,IFR,5.14,Pending,2023-02-16,,,1311,1311
FRA01286,Telangana,D005,Jagtial,Korutla,Ailapur,Claimant_FRA01286,IFR,6.34,Approved,2025-07-14,2026-04-09,269,0,432
FRA01287,Telangana,D005,Jagtial,Metpally,Vellulla,Claimant_FRA01287,IFR,1.05,Approved,2023-02-14,2026-09-08,1302,0,1313
FRA01288,Telangana,D023,Nizamabad,Armoor,Mendora,Claimant_FRA01288,IFR,2.39,Approved,2022-12-07,2025-05-26,901,0,1382
FRA01289,Telangana,D003,Hanumakonda,Dharmanagar,Mustial,Claimant_FRA01289,CFR,0.7,Approved,2026-08-14,2026-09-10,27,0,36
FRA01290,Telangana,D006,Jangaon,Jangaon,Pasumamula,Claimant_FRA01290,CFR,6.34,Pending,2026-06-06,,,105,105
FRA01291,Telangana,D002,Bhadradri Kothagudem,Manuguru,Anantharam,Claimant_FRA01291,CFR,3.99,Pending,2022-01-04,,,1719,1719
FRA01292,Telangana,D006,Jangaon,Station Ghanpur,Chilpur,Claimant_FRA01292,CFR,6.69,Approved,2025-08-08,2026-06-20,316,0,407
FRA01293,Telangana,D005,Jagtial,Korutla,Ailapur,Claimant_FRA01293,CFR,5.22,Approved,2025-09-11,2026-01-19,130,0,373
FRA01294,Telangana,D018,Mulugu,Eturunagaram,Katapur,Claimant_FRA01294,IFR,6.82,Approved,2026-01-31,2026-03-19,47,0,231
FRA01295,Telangana,D002,Bhadradri Kothagudem,Kothagudem,Regalla,Claimant_FRA01295,CFR,0.77,Rejected,2026-08-06,2026-09-05,30,0,44
FRA01296,Telangana,D013,Mahabubabad,Bayyaram,Garla,Claimant_FRA01296,IFR,2.74,Approved,2026-01-31,2026-07-28,178,0,231
FRA01297,Telangana,D023,Nizamabad,Armoor,Mendora,Claimant_FRA01297,IFR,4.94,Pending,2025-12-07,,,286,286
FRA01298,Telangana,D011,Khammam,Kothagudem,Seetharampuram,Claimant_FRA01298,IFR,5.17,Approved,2023-01-14,2023-12-09,329,0,1344
FRA01299,Telangana,D011,Khammam,Kothagudem,Seetharampuram,Claimant_FRA01299,IFR,3.38,Pending,2025-01-09,,,618,618
FRA01300,Telangana,D002,Bhadradri Kothagudem,Manuguru,Anantharam,Claimant_FRA01300,IFR,1.14,Approved,2023-11-06,2025-12-16,771,0,1048
FRA01301,Telangana,D007,Jayashankar Bhupalpally,Regonda,Kannaram,Claimant_FRA01301,IFR,2.67,Pending,2022-11-06,,,1413,1413
FRA01302,Telangana,D026,Rangareddy,Shabad,Kesaram,Claimant_FRA01302,IFR,0.92,Rejected,2024-02-07,2024-04-14,67,0,955
FRA01303,Telangana,D007,Jayashankar Bhupalpally,Chityal,Venkateshwarlapally,Claimant_FRA01303,CFR,4.7,Rejected,2022-06-24,2024-01-04,559,0,1548
FRA01304,Telangana,D019,Nagarkurnool,Amrabad,Mananur,Claimant_FRA01304,IFR,4.09,Rejected,2021-10-20,2025-07-16,1365,0,1795
FRA01305,Telangana,D007,Jayashankar Bhupalpally,Chityal,Venkateshwarlapally,Claimant_FRA01305,IFR,4.54,Pending,2023-10-27,,,1058,1058
FRA01306,Telangana,D005,Jagtial,Metpally,Vellulla,Claimant_FRA01306,CFR,4.4,Approved,2022-04-13,2026-07-19,1558,0,1620
FRA01307,Telangana,D028,Siddipet,Husnabad,Pothireddypet,Claimant_FRA01307,CFR,2.74,Approved,2022-01-07,2025-10-15,1377,0,1716
FRA01308,Telangana,D004,Hyderabad,Amberpet,Azampura,Claimant_FRA01308,IFR,1.68,Approved,2023-12-08,2024-10-24,321,0,1016
FRA01309,Telangana,D001,Adilabad,Utnoor,Devapur,Claimant_FRA01309,IFR,6.93,Approved,2021-09-23,2026-07-17,1758,0,1822
FRA01310,Telangana,D023,Nizamabad,Armoor,Mendora,Claimant_FRA01310,CFR,5.46,Pending,2021-12-03,,,1751,1751
FRA01311,Telangana,D028,Siddipet,Husnabad,Pothireddypet,Claimant_FRA01311,IFR,6.83,Pending,2025-06-02,,,474,474
FRA01312,Telangana,D032,Warangal,Narsampet,Madhira,Claimant_FRA01312,CFR,5.93,Approved,2025-01-20,2025-12-04,318,0,607
FRA01313,Telangana,D018,Mulugu,Venkatapur,Narsapur,Claimant_FRA01313,IFR,0.68,Pending,2026-05-01,,,141,141
FRA01314,Telangana,D004,Hyderabad,Charminar,Chandrayangutta,Claimant_FRA01314,CFR,2.24,Pending,2026-03-04,,,199,199
FRA01315,Telangana,D011,Khammam,Kothagudem,Seetharampuram,Claimant_FRA01315,IFR,6.13,Approved,2024-02-21,2025-10-25,612,0,941
FRA01316,Telangana,D019,Nagarkurnool,Amrabad,Mananur,Claimant_FRA01316,IFR,6.22,Approved,2026-05-22,2026-06-09,18,0,120
FRA01317,Telangana,D002,Bhadradri Kothagudem,Kothagudem,Regalla,Claimant_FRA01317,IFR,7.15,Approved,2024-06-02,2025-01-22,234,0,839
FRA01318,Telangana,D019,Nagarkurnool,Amrabad,Mananur,Claimant_FRA01318,IFR,4.52,Rejected,2024-03-21,2026-03-25,734,0,912
FRA01319,Telangana,D030,Vikarabad,Tandur,Kotbaspally,Claimant_FRA01319,CFR,6.31,Approved,2022-02-13,2025-04-29,1171,0,1679
FRA01320,Telangana,D019,Nagarkurnool,Amrabad,Mananur,Claimant_FRA01320,CFR,6.42,Approved,2022-01-05,2024-03-30,815,0,1718
FRA01321,Telangana,D032,Warangal,Narsampet,Madhira,Claimant_FRA01321,IFR,0.75,Pending,2022-10-13,,,1437,1437
FRA01322,Telangana,D004,Hyderabad,Amberpet,Azampura,Claimant_FRA01322,IFR,7.18,Approved,2025-07-19,2026-06-09,325,0,427
FRA01323,Telangana,D002,Bhadradri Kothagudem,Kothagudem,Regalla,Claimant_FRA01323,IFR,2.12,Approved,2024-12-12,2026-06-15,550,0,646
FRA01324,Telangana,D011,Khammam,Kothagudem,Seetharampuram,Claimant_FRA01324,IFR,1.71,Approved,2022-10-17,2025-02-17,854,0,1433
FRA01325,Telangana,D001,Adilabad,Narnoor,Kothapalli,Claimant_FRA01325,IFR,0.77,Rejected,2023-01-28,2024-03-12,409,0,1330
FRA01326,Telangana,D028,Siddipet,Husnabad,Pothireddypet,Claimant_FRA01326,CFR,1.97,Approved,2024-08-29,2026-08-30,731,0,751
FRA01327,Telangana,D001,Adilabad,Utnoor,Devapur,Claimant_FRA01327,CFR,2.83,Approved,2023-09-05,2026-05-21,989,0,1110
FRA01328,Telangana,D004,Hyderabad,Amberpet,Azampura,Claimant_FRA01328,CFR,2.66,Approved,2023-06-16,2023-09-26,102,0,1191
FRA01329,Telangana,D004,Hyderabad,Amberpet,Azampura,Claimant_FRA01329,IFR,1.38,Approved,2022-04-09,2026-07-09,1552,0,1624
FRA01330,Telangana,D002,Bhadradri Kothagudem,Kothagudem,Regalla,Claimant_FRA01330,CFR,2.28,Approved,2024-07-05,2026-05-31,695,0,806
FRA01331,Telangana,D011,Khammam,Kothagudem,Seetharampuram,Claimant_FRA01331,IFR,4.32,Rejected,2022-07-13,2026-08-30,1509,0,1529
FRA01332,Telangana,D001,Adilabad,Narnoor,Kothapalli,Claimant_FRA01332,IFR,2.62,Approved,2024-09-27,2025-01-13,108,0,722
FRA01333,Telangana,D001,Adilabad,Utnoor,Devapur,Claimant_FRA01333,CFR,3.56,Pending,2026-03-03,,,200,200
FRA01334,Telangana,D003,Hanumakonda,Atmakur,Chowdapur,Claimant_FRA01334,IFR,5.61,Approved,2022-10-13,2024-02-06,481,0,1437
FRA01335,Telangana,D030,Vikarabad,Tandur,Kotbaspally,Claimant_FRA01335,CFR,5.03,Pending,2023-12-14,,,1010,1010
FRA01336,Telangana,D027,Sangareddy,Narayankhed,Kondapur,Claimant_FRA01336,IFR,3.76,Approved,2023-09-18,2024-01-18,122,0,1097
FRA01337,Telangana,D001,Adilabad,Utnoor,Devapur,Claimant_FRA01337,IFR,4.32,Rejected,2024-12-01,2026-07-31,607,0,657
FRA01338,Telangana,D028,Siddipet,Husnabad,Pothireddypet,Claimant_FRA01338,IFR,3.85,Approved,2022-01-01,2023-11-09,677,0,1722
FRA01339,Telangana,D013,Mahabubabad,Bayyaram,Garla,Claimant_FRA01339,IFR,5.79,Approved,2023-12-17,2024-08-17,244,0,1007
FRA01340,Telangana,D001,Adilabad,Narnoor,Kothapalli,Claimant_FRA01340,IFR,0.7,Approved,2025-02-18,2025-07-29,161,0,578
FRA01341,Telangana,D011,Khammam,Wyra,Gollapadu,Claimant_FRA01341,IFR,2.73,Pending,2025-04-18,,,519,519
FRA01342,Telangana,D030,Vikarabad,Tandur,Kotbaspally,Claimant_FRA01342,IFR,1.01,Approved,2025-07-25,2026-03-26,244,0,421
FRA01343,Telangana,D027,Sangareddy,Narayankhed,Kondapur,Claimant_FRA01343,CFR,4.49,Approved,2023-03-31,2024-07-24,481,0,1268
FRA01344,Telangana,D003,Hanumakonda,Atmakur,Chowdapur,Claimant_FRA01344,CFR,5.46,Approved,2026-05-14,2026-06-07,24,0,128
FRA01345,Telangana,D023,Nizamabad,Armoor,Mendora,Claimant_FRA01345,IFR,5.12,Pending,2024-05-22,,,850,850
FRA01346,Telangana,D033,Yadadri Bhuvanagiri,Bhongir,Anantharam,Claimant_FRA01346,CFR,6.95,Pending,2025-08-01,,,414,414
FRA01347,Telangana,D018,Mulugu,Eturunagaram,Katapur,Claimant_FRA01347,IFR,5.73,Pending,2025-09-03,,,381,381
FRA01348,Telangana,D006,Jangaon,Jangaon,Pasumamula,Claimant_FRA01348,IFR,6.1,Approved,2025-01-02,2025-04-04,92,0,625
FRA01349,Telangana,D013,Mahabubabad,Bayyaram,Garla,Claimant_FRA01349,CFR,1.95,Approved,2023-01-25,2025-06-01,858,0,1333
FRA01350,Telangana,D030,Vikarabad,Tandur,Kotbaspally,Claimant_FRA01350,IFR,4.44,Approved,2025-02-27,2026-08-11,530,0,569
FRA01351,Telangana,D013,Mahabubabad,Bayyaram,Garla,Claimant_FRA01351,IFR,3.85,Approved,2022-11-08,2024-08-26,657,0,1411
FRA01352,Telangana,D002,Bhadradri Kothagudem,Bhadrachalam,Nellipaka,Claimant_FRA01352,CFR,3.48,Approved,2023-10-31,2024-03-17,138,0,1054
FRA01353,Telangana,D018,Mulugu,Venkatapur,Narsapur,Claimant_FRA01353,IFR,5.1,Approved,2025-06-15,2025-06-27,12,0,461
FRA01354,Telangana,D018,Mulugu,Venkatapur,Narsapur,Claimant_FRA01354,CFR,4.14,Pending,2023-04-20,,,1248,1248
FRA01355,Telangana,D002,Bhadradri Kothagudem,Kothagudem,Regalla,Claimant_FRA01355,IFR,2.26,Approved,2022-01-11,2025-11-22,1411,0,1712
FRA01356,Telangana,D007,Jayashankar Bhupalpally,Regonda,Kannaram,Claimant_FRA01356,IFR,4.08,Approved,2026-06-02,2026-08-10,69,0,109
FRA01357,Telangana,D020,Nalgonda,Devarakonda,Chinthapally,Claimant_FRA01357,IFR,1.39,Approved,2025-04-23,2025-12-05,226,0,514
FRA01358,Telangana,D006,Jangaon,Jangaon,Pasumamula,Claimant_FRA01358,CFR,1.94,Approved,2022-01-09,2023-01-02,358,0,1714
FRA01359,Telangana,D018,Mulugu,Eturunagaram,Katapur,Claimant_FRA01359,IFR,2.11,Approved,2023-04-06,2024-10-03,546,0,1262
FRA01360,Telangana,D011,Khammam,Kothagudem,Seetharampuram,Claimant_FRA01360,IFR,5.15,Pending,2024-01-26,,,967,967
FRA01361,Telangana,D032,Warangal,Narsampet,Madhira,Claimant_FRA01361,CFR,4.54,Approved,2026-06-12,2026-06-20,8,0,99
FRA01362,Telangana,D019,Nagarkurnool,Amrabad,Mananur,Claimant_FRA01362,IFR,5.11,Approved,2022-05-29,2026-07-12,1505,0,1574
FRA01363,Telangana,D002,Bhadradri Kothagudem,Kothagudem,Regalla,Claimant_FRA01363,CFR,6.19,Approved,2024-06-17,2025-08-23,432,0,824
FRA01364,Telangana,D013,Mahabubabad,Kuravi,Seerole,Claimant_FRA01364,IFR,2.36,Pending,2024-06-03,,,838,838
FRA01365,Telangana,D032,Warangal,Narsampet,Madhira,Claimant_FRA01365,IFR,7.56,Approved,2026-05-19,2026-06-29,41,0,123
FRA01366,Telangana,D007,Jayashankar Bhupalpally,Regonda,Kannaram,Claimant_FRA01366,IFR,3.33,Approved,2024-05-28,2025-11-06,527,0,844
FRA01367,Telangana,D002,Bhadradri Kothagudem,Kothagudem,Regalla,Claimant_FRA01367,IFR,5.33,Rejected,2024-03-12,2024-11-16,249,0,921
FRA01368,Telangana,D011,Khammam,Kothagudem,Seetharampuram,Claimant_FRA01368,IFR,4.91,Rejected,2022-03-06,2023-10-17,590,0,1658
FRA01369,Telangana,D026,Rangareddy,Shabad,Kesaram,Claimant_FRA01369,CFR,6.48,Pending,2024-01-09,,,984,984
FRA01370,Telangana,D005,Jagtial,Metpally,Vellulla,Claimant_FRA01370,CFR,1.34,Approved,2023-10-11,2024-01-04,85,0,1074
FRA01371,Telangana,D027,Sangareddy,Narayankhed,Kondapur,Claimant_FRA01371,CFR,5.52,Approved,2023-12-29,2025-05-05,493,0,995
FRA01372,Telangana,D018,Mulugu,Eturunagaram,Katapur,Claimant_FRA01372,IFR,3.26,Approved,2025-02-11,2025-06-27,136,0,585
FRA01373,Telangana,D023,Nizamabad,Armoor,Mendora,Claimant_FRA01373,CFR,5.52,Pending,2023-04-18,,,1250,1250
FRA01374,Telangana,D013,Mahabubabad,Bayyaram,Garla,Claimant_FRA01374,IFR,4.96,Approved,2022-07-31,2024-08-08,739,0,1511
FRA01375,Telangana,D004,Hyderabad,Charminar,Chandrayangutta,Claimant_FRA01375,CFR,4.74,Rejected,2024-01-08,2026-01-30,753,0,985
FRA01376,Telangana,D004,Hyderabad,Amberpet,Azampura,Claimant_FRA01376,IFR,7.24,Pending,2026-04-03,,,169,169
FRA01377,Telangana,D019,Nagarkurnool,Amrabad,Mananur,Claimant_FRA01377,IFR,6.24,Approved,2022-05-25,2025-04-28,1069,0,1578
FRA01378,Telangana,D013,Mahabubabad,Bayyaram,Garla,Claimant_FRA01378,CFR,5.39,Approved,2024-11-01,2025-09-05,308,0,687
FRA01379,Telangana,D002,Bhadradri Kothagudem,Kothagudem,Regalla,Claimant_FRA01379,CFR,1.44,Pending,2025-09-19,,,365,365
FRA01380,Telangana,D018,Mulugu,Eturunagaram,Katapur,Claimant_FRA01380,IFR,1.09,Rejected,2022-08-09,2025-05-30,1025,0,1502
FRA01381,Telangana,D026,Rangareddy,Shabad,Kesaram,Claimant_FRA01381,IFR,3.14,Pending,2024-10-27,,,692,692
FRA01382,Telangana,D005,Jagtial,Metpally,Vellulla,Claimant_FRA01382,CFR,4.21,Pending,2026-07-13,,,68,68
FRA01383,Telangana,D026,Rangareddy,Shabad,Kesaram,Claimant_FRA01383,CFR,7.04,Approved,2021-10-23,2023-04-17,541,0,1792
FRA01384,Telangana,D001,Adilabad,Boath,Ghanpur,Claimant_FRA01384,IFR,6.36,Approved,2024-01-04,2026-07-29,937,0,989
FRA01385,Telangana,D013,Mahabubabad,Bayyaram,Garla,Claimant_FRA01385,IFR,5.44,Rejected,2023-06-06,2025-05-07,701,0,1201
FRA01386,Telangana,D004,Hyderabad,Charminar,Chandrayangutta,Claimant_FRA01386,IFR,7.09,Pending,2023-07-09,,,1168,1168
FRA01387,Telangana,D005,Jagtial,Korutla,Ailapur,Claimant_FRA01387,IFR,2.63,Approved,2023-06-24,2025-03-01,616,0,1183
FRA01388,Telangana,D023,Nizamabad,Armoor,Mendora,Claimant_FRA01388,IFR,3.49,Rejected,2026-03-04,2026-03-14,10,0,199
FRA01389,Telangana,D002,Bhadradri Kothagudem,Manuguru,Anantharam,Claimant_FRA01389,CFR,0.52,Pending,2024-01-21,,,972,972
FRA01390,Telangana,D018,Mulugu,Venkatapur,Narsapur,Claimant_FRA01390,CFR,1.96,Approved,2023-03-15,2024-11-07,603,0,1284
FRA01391,Telangana,D023,Nizamabad,Armoor,Mendora,Claimant_FRA01391,IFR,1.89,Pending,2024-06-22,,,819,819
FRA01392,Telangana,D032,Warangal,Narsampet,Madhira,Claimant_FRA01392,IFR,7.85,Pending,2024-03-16,,,917,917
FRA01393,Telangana,D007,Jayashankar Bhupalpally,Chityal,Venkateshwarlapally,Claimant_FRA01393,CFR,0.64,Approved,2025-08-10,2025-12-22,134,0,405
FRA01394,Telangana,D011,Khammam,Kothagudem,Seetharampuram,Claimant_FRA01394,IFR,0.71,Approved,2022-11-02,2025-02-01,822,0,1417
FRA01395,Telangana,D019,Nagarkurnool,Amrabad,Mananur,Claimant_FRA01395,IFR,6.05,Approved,2026-04-10,2026-05-10,30,0,162
FRA01396,Telangana,D033,Yadadri Bhuvanagiri,Bhongir,Anantharam,Claimant_FRA01396,CFR,7.07,Rejected,2022-08-12,2024-08-10,729,0,1499
FRA01397,Telangana,D028,Siddipet,Husnabad,Pothireddypet,Claimant_FRA01397,CFR,1.38,Pending,2026-04-05,,,167,167
FRA01398,Telangana,D011,Khammam,Wyra,Gollapadu,Claimant_FRA01398,CFR,2.85,Approved,2025-09-02,2026-05-13,253,0,382
FRA01399,Telangana,D007,Jayashankar Bhupalpally,Chityal,Venkateshwarlapally,Claimant_FRA01399,CFR,6.08,Approved,2023-01-07,2024-09-18,620,0,1351
FRA01400,Telangana,D003,Hanumakonda,Dharmanagar,Mustial,Claimant_FRA01400,IFR,6.41,Approved,2024-02-18,2024-10-22,247,0,944
FRA01401,Telangana,D002,Bhadradri Kothagudem,Manuguru,Anantharam,Claimant_FRA01401,IFR,0.87,Approved,2024-07-26,2024-08-29,34,0,785
FRA01402,Telangana,D030,Vikarabad,Tandur,Kotbaspally,Claimant_FRA01402,IFR,5.04,Approved,2023-08-01,2024-12-02,489,0,1145
FRA01403,Telangana,D018,Mulugu,Venkatapur,Narsapur,Claimant_FRA01403,CFR,3.0,Approved,2023-04-25,2024-04-25,366,0,1243
FRA01404,Telangana,D028,Siddipet,Husnabad,Pothireddypet,Claimant_FRA01404,CFR,2.72,Rejected,2026-07-05,2026-09-03,60,0,76
FRA01405,Telangana,D018,Mulugu,Venkatapur,Narsapur,Claimant_FRA01405,IFR,3.47,Approved,2023-01-22,2024-04-15,449,0,1336
FRA01406,Telangana,D033,Yadadri Bhuvanagiri,Bhongir,Anantharam,Claimant_FRA01406,CFR,2.16,Approved,2026-03-15,2026-08-21,159,0,188
FRA01407,Telangana,D007,Jayashankar Bhupalpally,Chityal,Venkateshwarlapally,Claimant_FRA01407,IFR,5.13,Approved,2026-03-30,2026-07-31,123,0,173
FRA01408,Telangana,D020,Nalgonda,Devarakonda,Chinthapally,Claimant_FRA01408,CFR,1.42,Pending,2024-07-29,,,782,782
FRA01409,Telangana,D018,Mulugu,Venkatapur,Narsapur,Claimant_FRA01409,IFR,1.35,Approved,2023-01-29,2026-03-25,1151,0,1329
FRA01410,Telangana,D018,Mulugu,Venkatapur,Narsapur,Claimant_FRA01410,CFR,2.01,Approved,2021-10-26,2024-05-20,937,0,1789
FRA01411,Telangana,D006,Jangaon,Station Ghanpur,Chilpur,Claimant_FRA01411,IFR,0.65,Rejected,2024-08-07,2025-03-02,207,0,773
FRA01412,Telangana,D028,Siddipet,Husnabad,Pothireddypet,Claimant_FRA01412,CFR,8.0,Approved,2024-03-31,2026-04-09,739,0,902
FRA01413,Telangana,D003,Hanumakonda,Atmakur,Chowdapur,Claimant_FRA01413,CFR,6.77,Approved,2023-04-26,2026-02-19,1030,0,1242
FRA01414,Telangana,D004,Hyderabad,Amberpet,Azampura,Claimant_FRA01414,IFR,2.04,Approved,2026-04-15,2026-07-19,95,0,157
FRA01415,Telangana,D001,Adilabad,Narnoor,Kothapalli,Claimant_FRA01415,CFR,2.45,Rejected,2022-04-24,2023-09-11,505,0,1609
FRA01416,Telangana,D001,Adilabad,Narnoor,Kothapalli,Claimant_FRA01416,IFR,5.36,Approved,2026-09-06,2026-09-09,3,0,13
FRA01417,Telangana,D004,Hyderabad,Charminar,Chandrayangutta,Claimant_FRA01417,IFR,3.65,Pending,2024-08-29,,,751,751
FRA01418,Telangana,D019,Nagarkurnool,Amrabad,Mananur,Claimant_FRA01418,IFR,2.49,Approved,2026-09-15,2026-09-17,2,0,4
FRA01419,Telangana,D013,Mahabubabad,Bayyaram,Garla,Claimant_FRA01419,IFR,4.15,Pending,2025-07-08,,,438,438
FRA01420,Telangana,D018,Mulugu,Eturunagaram,Katapur,Claimant_FRA01420,IFR,3.91,Approved,2024-03-08,2024-06-04,88,0,925
FRA01421,Telangana,D011,Khammam,Wyra,Gollapadu,Claimant_FRA01421,CFR,4.28,Approved,2025-05-08,2026-01-13,250,0,499
FRA01422,Telangana,D007,Jayashankar Bhupalpally,Regonda,Kannaram,Claimant_FRA01422,IFR,5.2,Pending,2022-09-06,,,1474,1474
FRA01423,Telangana,D002,Bhadradri Kothagudem,Manuguru,Anantharam,Claimant_FRA01423,CFR,3.54,Rejected,2024-02-13,2026-04-15,792,0,949
FRA01424,Telangana,D001,Adilabad,Narnoor,Kothapalli,Claimant_FRA01424,IFR,3.57,Approved,2024-12-04,2026-06-04,547,0,654
FRA01425,Telangana,D002,Bhadradri Kothagudem,Manuguru,Anantharam,Claimant_FRA01425,IFR,7.76,Approved,2023-03-31,2023-04-29,29,0,1268
FRA01426,Telangana,D002,Bhadradri Kothagudem,Bhadrachalam,Nellipaka,Claimant_FRA01426,CFR,2.45,Pending,2025-10-02,,,352,352
FRA01427,Telangana,D005,Jagtial,Metpally,Vellulla,Claimant_FRA01427,IFR,1.53,Rejected,2023-12-20,2024-01-15,26,0,1004
FRA01428,Telangana,D013,Mahabubabad,Kuravi,Seerole,Claimant_FRA01428,CFR,4.2,Approved,2025-01-30,2026-03-26,420,0,597
FRA01429,Telangana,D007,Jayashankar Bhupalpally,Regonda,Kannaram,Claimant_FRA01429,CFR,4.4,Approved,2025-03-15,2025-11-12,242,0,553
FRA01430,Telangana,D004,Hyderabad,Charminar,Chandrayangutta,Claimant_FRA01430,CFR,3.93,Pending,2022-03-03,,,1661,1661
FRA01431,Telangana,D028,Siddipet,Husnabad,Pothireddypet,Claimant_FRA01431,CFR,6.07,Approved,2025-07-06,2026-01-21,199,0,440
FRA01432,Telangana,D030,Vikarabad,Tandur,Kotbaspally,Claimant_FRA01432,CFR,2.86,Pending,2021-11-19,,,1765,1765
FRA01433,Telangana,D005,Jagtial,Metpally,Vellulla,Claimant_FRA01433,IFR,1.51,Approved,2022-05-16,2026-01-21,1346,0,1587
FRA01434,Telangana,D020,Nalgonda,Devarakonda,Chinthapally,Claimant_FRA01434,IFR,1.45,Approved,2022-09-14,2022-11-14,61,0,1466
FRA01435,Telangana,D007,Jayashankar Bhupalpally,Chityal,Venkateshwarlapally,Claimant_FRA01435,CFR,1.56,Rejected,2022-10-23,2025-09-09,1052,0,1427
FRA01436,Telangana,D002,Bhadradri Kothagudem,Manuguru,Anantharam,Claimant_FRA01436,IFR,5.02,Pending,2026-07-08,,,73,73
FRA01437,Telangana,D004,Hyderabad,Charminar,Chandrayangutta,Claimant_FRA01437,IFR,5.42,Pending,2022-05-17,,,1586,1586
FRA01438,Telangana,D026,Rangareddy,Shabad,Kesaram,Claimant_FRA01438,CFR,0.67,Approved,2022-07-29,2025-02-03,920,0,1513
FRA01439,Telangana,D001,Adilabad,Boath,Ghanpur,Claimant_FRA01439,CFR,0.88,Approved,2024-06-28,2026-01-07,558,0,813
FRA01440,Telangana,D003,Hanumakonda,Dharmanagar,Mustial,Claimant_FRA01440,CFR,3.99,Approved,2021-10-07,2023-10-01,724,0,1808
FRA01441,Telangana,D001,Adilabad,Boath,Ghanpur,Claimant_FRA01441,CFR,5.65,Approved,2022-05-23,2025-10-03,1229,0,1580
FRA01442,Telangana,D011,Khammam,Kothagudem,Seetharampuram,Claimant_FRA01442,IFR,1.02,Pending,2024-10-17,,,702,702
FRA01443,Telangana,D027,Sangareddy,Narayankhed,Kondapur,Claimant_FRA01443,IFR,5.59,Rejected,2024-05-25,2025-06-28,399,0,847
FRA01444,Telangana,D018,Mulugu,Eturunagaram,Katapur,Claimant_FRA01444,CFR,6.77,Approved,2025-01-07,2025-02-24,48,0,620
FRA01445,Telangana,D005,Jagtial,Korutla,Ailapur,Claimant_FRA01445,CFR,6.96,Approved,2026-03-30,2026-06-12,74,0,173
FRA01446,Telangana,D032,Warangal,Narsampet,Madhira,Claimant_FRA01446,CFR,5.59,Approved,2021-10-27,2026-07-11,1718,0,1788
FRA01447,Telangana,D020,Nalgonda,Devarakonda,Chinthapally,Claimant_FRA01447,IFR,2.54,Approved,2023-09-05,2026-04-01,939,0,1110
FRA01448,Telangana,D011,Khammam,Kothagudem,Seetharampuram,Claimant_FRA01448,IFR,4.24,Approved,2024-11-03,2025-10-07,338,0,685
FRA01449,Telangana,D001,Adilabad,Utnoor,Devapur,Claimant_FRA01449,CFR,2.09,Approved,2025-05-19,2026-01-31,257,0,488
FRA01450,Telangana,D004,Hyderabad,Charminar,Chandrayangutta,Claimant_FRA01450,CFR,4.85,Approved,2023-07-25,2026-01-03,893,0,1152
FRA01451,Telangana,D028,Siddipet,Husnabad,Pothireddypet,Claimant_FRA01451,IFR,5.13,Rejected,2025-06-16,2026-06-21,370,0,460
FRA01452,Telangana,D020,Nalgonda,Devarakonda,Chinthapally,Claimant_FRA01452,IFR,5.51,Approved,2025-05-19,2025-07-27,69,0,488
FRA01453,Telangana,D019,Nagarkurnool,Amrabad,Mananur,Claimant_FRA01453,IFR,2.27,Approved,2024-08-07,2025-02-04,181,0,773
FRA01454,Telangana,D006,Jangaon,Station Ghanpur,Chilpur,Claimant_FRA01454,IFR,6.77,Pending,2025-05-27,,,480,480
FRA01455,Telangana,D006,Jangaon,Jangaon,Pasumamula,Claimant_FRA01455,IFR,0.87,Pending,2025-11-30,,,293,293
FRA01456,Telangana,D019,Nagarkurnool,Amrabad,Mananur,Claimant_FRA01456,CFR,2.91,Approved,2023-09-28,2026-09-18,1086,0,1087
FRA01457,Telangana,D023,Nizamabad,Armoor,Mendora,Claimant_FRA01457,IFR,0.61,Approved,2022-06-07,2024-06-23,747,0,1565
FRA01458,Telangana,D004,Hyderabad,Amberpet,Azampura,Claimant_FRA01458,CFR,4.12,Pending,2024-12-28,,,630,630
FRA01459,Telangana,D023,Nizamabad,Armoor,Mendora,Claimant_FRA01459,CFR,3.33,Rejected,2025-05-14,2025-06-13,30,0,493
FRA01460,Telangana,D026,Rangareddy,Shabad,Kesaram,Claimant_FRA01460,IFR,4.92,Pending,2022-12-27,,,1362,1362
FRA01461,Telangana,D001,Adilabad,Boath,Ghanpur,Claimant_FRA01461,CFR,6.53,Rejected,2023-03-11,2026-03-03,1088,0,1288
FRA01462,Telangana,D002,Bhadradri Kothagudem,Bhadrachalam,Nellipaka,Claimant_FRA01462,IFR,6.35,Pending,2024-05-04,,,868,868
FRA01463,Telangana,D020,Nalgonda,Devarakonda,Chinthapally,Claimant_FRA01463,IFR,7.53,Pending,2026-09-17,,,2,2
FRA01464,Telangana,D023,Nizamabad,Armoor,Mendora,Claimant_FRA01464,CFR,4.95,Approved,2023-03-05,2026-09-08,1283,0,1294
FRA01465,Telangana,D011,Khammam,Kothagudem,Seetharampuram,Claimant_FRA01465,IFR,6.29,Approved,2024-05-17,2026-04-22,705,0,855
FRA01466,Telangana,D003,Hanumakonda,Dharmanagar,Mustial,Claimant_FRA01466,IFR,1.4,Approved,2026-06-20,2026-07-14,24,0,91
FRA01467,Telangana,D018,Mulugu,Venkatapur,Narsapur,Claimant_FRA01467,IFR,3.41,Approved,2024-11-02,2024-12-21,49,0,686
FRA01468,Telangana,D002,Bhadradri Kothagudem,Bhadrachalam,Nellipaka,Claimant_FRA01468,CFR,2.75,Approved,2025-01-15,2026-08-08,570,0,612
FRA01469,Telangana,D033,Yadadri Bhuvanagiri,Bhongir,Anantharam,Claimant_FRA01469,IFR,7.47,Pending,2025-12-28,,,265,265
FRA01470,Telangana,D005,Jagtial,Korutla,Ailapur,Claimant_FRA01470,CFR,6.83,Pending,2026-04-07,,,165,165
FRA01471,Telangana,D002,Bhadradri Kothagudem,Manuguru,Anantharam,Claimant_FRA01471,CFR,3.96,Approved,2025-06-28,2026-05-21,327,0,448
FRA01472,Telangana,D033,Yadadri Bhuvanagiri,Bhongir,Anantharam,Claimant_FRA01472,IFR,1.85,Pending,2022-04-10,,,1623,1623
FRA01473,Telangana,D011,Khammam,Wyra,Gollapadu,Claimant_FRA01473,IFR,1.71,Pending,2023-12-28,,,996,996
FRA01474,Telangana,D018,Mulugu,Venkatapur,Narsapur,Claimant_FRA01474,CFR,5.31,Rejected,2025-01-18,2026-06-14,512,0,609
FRA01475,Telangana,D002,Bhadradri Kothagudem,Manuguru,Anantharam,Claimant_FRA01475,CFR,4.67,Pending,2024-05-18,,,854,854
FRA01476,Telangana,D018,Mulugu,Venkatapur,Narsapur,Claimant_FRA01476,CFR,5.47,Pending,2026-02-18,,,213,213
FRA01477,Telangana,D001,Adilabad,Utnoor,Devapur,Claimant_FRA01477,CFR,5.19,Approved,2023-08-16,2025-02-28,562,0,1130
FRA01478,Telangana,D020,Nalgonda,Devarakonda,Chinthapally,Claimant_FRA01478,IFR,7.53,Rejected,2026-01-28,2026-02-27,30,0,234
FRA01479,Telangana,D011,Khammam,Kothagudem,Seetharampuram,Claimant_FRA01479,CFR,6.42,Pending,2023-10-02,,,1083,1083
FRA01480,Telangana,D003,Hanumakonda,Atmakur,Chowdapur,Claimant_FRA01480,CFR,7.02,Pending,2022-07-20,,,1522,1522
FRA01481,Telangana,D018,Mulugu,Venkatapur,Narsapur,Claimant_FRA01481,IFR,6.54,Pending,2022-09-05,,,1475,1475
FRA01482,Telangana,D030,Vikarabad,Tandur,Kotbaspally,Claimant_FRA01482,CFR,1.28,Approved,2022-09-11,2025-07-23,1046,0,1469
FRA01483,Telangana,D001,Adilabad,Boath,Ghanpur,Claimant_FRA01483,IFR,2.87,Approved,2025-08-21,2026-05-07,259,0,394
FRA01484,Telangana,D005,Jagtial,Korutla,Ailapur,Claimant_FRA01484,CFR,3.45,Approved,2025-05-03,2026-06-01,394,0,504
FRA01485,Telangana,D013,Mahabubabad,Bayyaram,Garla,Claimant_FRA01485,IFR,7.2,Rejected,2023-11-18,2026-01-28,802,0,1036
FRA01486,Telangana,D006,Jangaon,Jangaon,Pasumamula,Claimant_FRA01486,CFR,4.4,Rejected,2024-06-27,2025-11-26,517,0,814
FRA01487,Telangana,D028,Siddipet,Husnabad,Pothireddypet,Claimant_FRA01487,IFR,3.01,Approved,2026-07-14,2026-08-12,29,0,67
FRA01488,Telangana,D032,Warangal,Narsampet,Madhira,Claimant_FRA01488,CFR,5.69,Rejected,2025-12-08,2026-05-15,158,0,285
FRA01489,Telangana,D020,Nalgonda,Devarakonda,Chinthapally,Claimant_FRA01489,IFR,6.16,Pending,2026-04-19,,,153,153
FRA01490,Telangana,D032,Warangal,Narsampet,Madhira,Claimant_FRA01490,IFR,2.03,Rejected,2022-12-08,2023-11-19,346,0,1381
FRA01491,Telangana,D020,Nalgonda,Devarakonda,Chinthapally,Claimant_FRA01491,IFR,5.45,Approved,2026-02-04,2026-07-30,176,0,227
FRA01492,Telangana,D020,Nalgonda,Devarakonda,Chinthapally,Claimant_FRA01492,IFR,3.75,Approved,2024-07-03,2025-09-13,437,0,808
FRA01493,Telangana,D002,Bhadradri Kothagudem,Bhadrachalam,Nellipaka,Claimant_FRA01493,CFR,4.81,Approved,2024-11-14,2026-08-23,647,0,674
FRA01494,Telangana,D002,Bhadradri Kothagudem,Bhadrachalam,Nellipaka,Claimant_FRA01494,IFR,6.52,Pending,2025-07-27,,,419,419
FRA01495,Telangana,D023,Nizamabad,Armoor,Mendora,Claimant_FRA01495,CFR,7.89,Approved,2022-05-01,2024-03-18,687,0,1602
FRA01496,Telangana,D003,Hanumakonda,Atmakur,Chowdapur,Claimant_FRA01496,CFR,7.09,Approved,2026-07-09,2026-07-21,12,0,72
FRA01497,Telangana,D003,Hanumakonda,Dharmanagar,Mustial,Claimant_FRA01497,IFR,6.74,Approved,2022-08-05,2022-12-30,147,0,1506
FRA01498,Telangana,D006,Jangaon,Jangaon,Pasumamula,Claimant_FRA01498,IFR,7.82,Pending,2025-08-11,,,404,404
FRA01499,Telangana,D006,Jangaon,Jangaon,Pasumamula,Claimant_FRA01499,IFR,2.1,Approved,2026-04-01,2026-07-19,109,0,171
FRA01500,Telangana,D004,Hyderabad,Charminar,Chandrayangutta,Claimant_FRA01500,CFR,3.68,Rejected,2025-09-11,2025-09-11,0,0,373
FRA01501,Telangana,D002,Bhadradri Kothagudem,Kothagudem,Regalla,Claimant_FRA01501,CFR,6.2,Approved,2024-05-26,2024-08-20,86,0,846
FRA01502,Telangana,D006,Jangaon,Station Ghanpur,Chilpur,Claimant_FRA01502,CFR,6.82,Approved,2024-06-03,2026-03-07,642,0,838
FRA01503,Telangana,D028,Siddipet,Husnabad,Pothireddypet,Claimant_FRA01503,CFR,5.45,Approved,2025-06-27,2025-11-01,127,0,449
FRA01504,Telangana,D002,Bhadradri Kothagudem,Manuguru,Anantharam,Claimant_FRA01504,CFR,2.02,Pending,2022-08-22,,,1489,1489
FRA01505,Telangana,D002,Bhadradri Kothagudem,Manuguru,Anantharam,Claimant_FRA01505,IFR,2.73,Approved,2026-03-25,2026-07-30,127,0,178
FRA01506,Telangana,D002,Bhadradri Kothagudem,Manuguru,Anantharam,Claimant_FRA01506,IFR,6.85,Pending,2025-02-08,,,588,588
FRA01507,Telangana,D020,Nalgonda,Devarakonda,Chinthapally,Claimant_FRA01507,IFR,7.89,Approved,2025-11-13,2025-12-18,35,0,310
FRA01508,Telangana,D027,Sangareddy,Narayankhed,Kondapur,Claimant_FRA01508,CFR,1.26,Approved,2023-09-21,2024-12-04,440,0,1094
FRA01509,Telangana,D003,Hanumakonda,Atmakur,Chowdapur,Claimant_FRA01509,IFR,6.54,Approved,2023-09-05,2026-01-11,859,0,1110
FRA01510,Telangana,D003,Hanumakonda,Dharmanagar,Mustial,Claimant_FRA01510,IFR,1.15,Rejected,2022-05-17,2024-12-19,947,0,1586
FRA01511,Telangana,D019,Nagarkurnool,Amrabad,Mananur,Claimant_FRA01511,IFR,7.08,Pending,2026-01-12,,,250,250
FRA01512,Telangana,D001,Adilabad,Narnoor,Kothapalli,Claimant_FRA01512,IFR,2.46,Approved,2022-05-03,2023-06-03,396,0,1600
FRA01513,Telangana,D018,Mulugu,Eturunagaram,Katapur,Claimant_FRA01513,CFR,0.89,Pending,2026-02-20,,,211,211
FRA01514,Telangana,D003,Hanumakonda,Dharmanagar,Mustial,Claimant_FRA01514,CFR,6.92,Rejected,2026-01-12,2026-07-26,195,0,250
FRA01515,Telangana,D026,Rangareddy,Shabad,Kesaram,Claimant_FRA01515,IFR,5.39,Pending,2022-05-04,,,1599,1599
FRA01516,Telangana,D026,Rangareddy,Shabad,Kesaram,Claimant_FRA01516,CFR,1.28,Approved,2024-10-18,2025-12-22,430,0,701
FRA01517,Telangana,D011,Khammam,Kothagudem,Seetharampuram,Claimant_FRA01517,IFR,6.62,Approved,2025-03-23,2026-02-18,332,0,545
FRA01518,Telangana,D011,Khammam,Kothagudem,Seetharampuram,Claimant_FRA01518,IFR,2.04,Approved,2022-12-26,2024-05-28,519,0,1363
FRA01519,Telangana,D006,Jangaon,Station Ghanpur,Chilpur,Claimant_FRA01519,CFR,5.8,Pending,2022-01-14,,,1709,1709
FRA01520,Telangana,D001,Adilabad,Utnoor,Devapur,Claimant_FRA01520,CFR,5.42,Approved,2025-01-30,2025-08-29,211,0,597
FRA01521,Telangana,D003,Hanumakonda,Atmakur,Chowdapur,Claimant_FRA01521,IFR,3.33,Approved,2025-11-22,2026-04-20,149,0,301
FRA01522,Telangana,D013,Mahabubabad,Bayyaram,Garla,Claimant_FRA01522,CFR,4.41,Approved,2025-09-30,2026-06-07,250,0,354
FRA01523,Telangana,D032,Warangal,Narsampet,Madhira,Claimant_FRA01523,CFR,6.07,Approved,2024-03-28,2025-07-26,485,0,905
FRA01524,Telangana,D018,Mulugu,Venkatapur,Narsapur,Claimant_FRA01524,IFR,4.02,Approved,2023-11-07,2024-06-24,230,0,1047
FRA01525,Telangana,D013,Mahabubabad,Kuravi,Seerole,Claimant_FRA01525,CFR,2.18,Approved,2022-09-26,2024-02-10,502,0,1454
FRA01526,Telangana,D030,Vikarabad,Tandur,Kotbaspally,Claimant_FRA01526,IFR,7.68,Approved,2024-03-17,2024-11-01,229,0,916
FRA01527,Telangana,D006,Jangaon,Jangaon,Pasumamula,Claimant_FRA01527,CFR,4.0,Rejected,2024-07-07,2026-08-18,772,0,804
FRA01528,Telangana,D030,Vikarabad,Tandur,Kotbaspally,Claimant_FRA01528,CFR,7.92,Pending,2026-01-08,,,254,254
FRA01529,Telangana,D026,Rangareddy,Shabad,Kesaram,Claimant_FRA01529,CFR,1.47,Pending,2022-06-09,,,1563,1563
FRA01530,Telangana,D005,Jagtial,Korutla,Ailapur,Claimant_FRA01530,CFR,4.11,Approved,2021-11-24,2022-01-17,54,0,1760
FRA01531,Telangana,D005,Jagtial,Korutla,Ailapur,Claimant_FRA01531,CFR,4.92,Approved,2022-08-01,2025-02-20,934,0,1510
FRA01532,Telangana,D013,Mahabubabad,Bayyaram,Garla,Claimant_FRA01532,CFR,7.06,Approved,2026-04-13,2026-06-05,53,0,159
FRA01533,Telangana,D004,Hyderabad,Amberpet,Azampura,Claimant_FRA01533,CFR,7.13,Approved,2023-08-24,2024-12-24,488,0,1122
FRA01534,Telangana,D004,Hyderabad,Amberpet,Azampura,Claimant_FRA01534,CFR,5.38,Approved,2024-07-05,2024-08-15,41,0,806
FRA01535,Telangana,D007,Jayashankar Bhupalpally,Chityal,Venkateshwarlapally,Claimant_FRA01535,CFR,7.86,Approved,2026-07-23,2026-08-02,10,0,58
FRA01536,Telangana,D020,Nalgonda,Devarakonda,Chinthapally,Claimant_FRA01536,IFR,1.39,Pending,2024-12-14,,,644,644
FRA01537,Telangana,D001,Adilabad,Utnoor,Devapur,Claimant_FRA01537,IFR,0.5,Approved,2026-01-19,2026-03-20,60,0,243
FRA01538,Telangana,D011,Khammam,Kothagudem,Seetharampuram,Claimant_FRA01538,IFR,3.59,Approved,2023-04-08,2024-03-31,358,0,1260
FRA01539,Telangana,D033,Yadadri Bhuvanagiri,Bhongir,Anantharam,Claimant_FRA01539,CFR,1.36,Pending,2023-08-07,,,1139,1139
FRA01540,Telangana,D007,Jayashankar Bhupalpally,Regonda,Kannaram,Claimant_FRA01540,CFR,4.75,Rejected,2026-09-12,2026-09-17,5,0,7
FRA01541,Telangana,D011,Khammam,Wyra,Gollapadu,Claimant_FRA01541,IFR,1.7,Pending,2024-01-12,,,981,981
FRA01542,Telangana,D026,Rangareddy,Shabad,Kesaram,Claimant_FRA01542,CFR,6.63,Pending,2023-06-17,,,1190,1190
FRA01543,Telangana,D002,Bhadradri Kothagudem,Bhadrachalam,Nellipaka,Claimant_FRA01543,CFR,5.07,Rejected,2023-06-12,2026-05-01,1054,0,1195
FRA01544,Telangana,D002,Bhadradri Kothagudem,Kothagudem,Regalla,Claimant_FRA01544,CFR,1.21,Pending,2023-05-09,,,1229,1229
FRA01545,Telangana,D005,Jagtial,Korutla,Ailapur,Claimant_FRA01545,IFR,2.14,Approved,2026-06-01,2026-07-26,55,0,110
FRA01546,Telangana,D005,Jagtial,Metpally,Vellulla,Claimant_FRA01546,IFR,7.17,Approved,2023-12-29,2024-10-01,277,0,995
FRA01547,Telangana,D013,Mahabubabad,Bayyaram,Garla,Claimant_FRA01547,IFR,0.79,Approved,2024-03-07,2024-05-16,70,0,926
FRA01548,Telangana,D001,Adilabad,Narnoor,Kothapalli,Claimant_FRA01548,IFR,0.89,Approved,2021-09-26,2025-04-21,1303,0,1819
FRA01549,Telangana,D013,Mahabubabad,Bayyaram,Garla,Claimant_FRA01549,CFR,2.17,Approved,2024-09-04,2025-12-30,482,0,745
FRA01550,Telangana,D013,Mahabubabad,Bayyaram,Garla,Claimant_FRA01550,IFR,7.74,Rejected,2025-05-12,2026-04-11,334,0,495
FRA01551,Telangana,D005,Jagtial,Metpally,Vellulla,Claimant_FRA01551,IFR,5.67,Approved,2023-04-27,2023-09-18,144,0,1241
FRA01552,Telangana,D002,Bhadradri Kothagudem,Manuguru,Anantharam,Claimant_FRA01552,CFR,3.25,Approved,2023-04-13,2025-08-26,866,0,1255
FRA01553,Telangana,D019,Nagarkurnool,Amrabad,Mananur,Claimant_FRA01553,CFR,1.56,Approved,2025-06-04,2025-10-02,120,0,472
FRA01554,Telangana,D005,Jagtial,Korutla,Ailapur,Claimant_FRA01554,IFR,7.17,Pending,2024-11-26,,,662,662
FRA01555,Telangana,D002,Bhadradri Kothagudem,Bhadrachalam,Nellipaka,Claimant_FRA01555,CFR,3.91,Approved,2025-05-23,2026-07-05,408,0,484
FRA01556,Telangana,D004,Hyderabad,Charminar,Chandrayangutta,Claimant_FRA01556,IFR,4.54,Approved,2025-09-23,2026-05-26,245,0,361
FRA01557,Telangana,D013,Mahabubabad,Kuravi,Seerole,Claimant_FRA01557,CFR,4.35,Pending,2021-11-01,,,1783,1783
FRA01558,Telangana,D030,Vikarabad,Tandur,Kotbaspally,Claimant_FRA01558,CFR,6.99,Approved,2023-11-07,2026-05-04,909,0,1047
FRA01559,Telangana,D011,Khammam,Kothagudem,Seetharampuram,Claimant_FRA01559,IFR,1.73,Pending,2024-04-11,,,891,891
FRA01560,Telangana,D007,Jayashankar Bhupalpally,Chityal,Venkateshwarlapally,Claimant_FRA01560,CFR,6.76,Approved,2021-12-14,2024-10-30,1051,0,1740
FRA01561,Telangana,D018,Mulugu,Venkatapur,Narsapur,Claimant_FRA01561,IFR,2.14,Approved,2025-03-14,2025-04-17,34,0,554
FRA01562,Telangana,D023,Nizamabad,Armoor,Mendora,Claimant_FRA01562,IFR,5.49,Rejected,2023-12-11,2024-12-06,361,0,1013
FRA01563,Telangana,D027,Sangareddy,Narayankhed,Kondapur,Claimant_FRA01563,IFR,2.05,Pending,2021-11-28,,,1756,1756
FRA01564,Telangana,D001,Adilabad,Narnoor,Kothapalli,Claimant_FRA01564,CFR,6.23,Rejected,2022-05-14,2023-11-23,558,0,1589
FRA01565,Telangana,D004,Hyderabad,Charminar,Chandrayangutta,Claimant_FRA01565,CFR,4.49,Approved,2023-05-24,2026-08-15,1179,0,1214
FRA01566,Telangana,D004,Hyderabad,Charminar,Chandrayangutta,Claimant_FRA01566,CFR,4.82,Pending,2026-09-12,,,7,7
FRA01567,Telangana,D030,Vikarabad,Tandur,Kotbaspally,Claimant_FRA01567,CFR,3.41,Approved,2025-05-08,2026-05-28,385,0,499
FRA01568,Telangana,D020,Nalgonda,Devarakonda,Chinthapally,Claimant_FRA01568,CFR,7.5,Approved,2025-10-30,2026-08-18,292,0,324
FRA01569,Telangana,D011,Khammam,Kothagudem,Seetharampuram,Claimant_FRA01569,CFR,5.66,Approved,2025-10-24,2026-09-04,315,0,330
FRA01570,Telangana,D007,Jayashankar Bhupalpally,Chityal,Venkateshwarlapally,Claimant_FRA01570,CFR,0.71,Pending,2026-02-16,,,215,215
FRA01571,Telangana,D007,Jayashankar Bhupalpally,Chityal,Venkateshwarlapally,Claimant_FRA01571,IFR,7.17,Pending,2023-11-09,,,1045,1045
FRA01572,Telangana,D013,Mahabubabad,Kuravi,Seerole,Claimant_FRA01572,CFR,3.57,Rejected,2021-10-18,2022-06-27,252,0,1797
FRA01573,Telangana,D013,Mahabubabad,Bayyaram,Garla,Claimant_FRA01573,IFR,4.36,Approved,2026-01-08,2026-04-22,104,0,254
FRA01574,Telangana,D003,Hanumakonda,Atmakur,Chowdapur,Claimant_FRA01574,CFR,3.72,Approved,2024-01-10,2024-11-27,322,0,983
FRA01575,Telangana,D003,Hanumakonda,Dharmanagar,Mustial,Claimant_FRA01575,CFR,4.4,Rejected,2025-07-19,2025-09-18,61,0,427
FRA01576,Telangana,D006,Jangaon,Station Ghanpur,Chilpur,Claimant_FRA01576,IFR,2.29,Rejected,2022-11-07,2025-04-15,890,0,1412
FRA01577,Telangana,D011,Khammam,Wyra,Gollapadu,Claimant_FRA01577,IFR,5.5,Approved,2022-02-17,2024-12-30,1047,0,1675
FRA01578,Telangana,D019,Nagarkurnool,Amrabad,Mananur,Claimant_FRA01578,CFR,0.62,Pending,2023-06-17,,,1190,1190
FRA01579,Telangana,D003,Hanumakonda,Dharmanagar,Mustial,Claimant_FRA01579,CFR,3.38,Approved,2024-05-23,2025-08-04,438,0,849
FRA01580,Telangana,D002,Bhadradri Kothagudem,Bhadrachalam,Nellipaka,Claimant_FRA01580,CFR,4.11,Pending,2024-05-01,,,871,871
FRA01581,Telangana,D006,Jangaon,Jangaon,Pasumamula,Claimant_FRA01581,IFR,5.61,Approved,2021-10-24,2022-10-05,346,0,1791
FRA01582,Telangana,D006,Jangaon,Station Ghanpur,Chilpur,Claimant_FRA01582,IFR,3.03,Rejected,2024-04-06,2026-06-10,795,0,896
FRA01583,Telangana,D033,Yadadri Bhuvanagiri,Bhongir,Anantharam,Claimant_FRA01583,CFR,3.24,Pending,2023-05-21,,,1217,1217
FRA01584,Telangana,D002,Bhadradri Kothagudem,Manuguru,Anantharam,Claimant_FRA01584,CFR,5.4,Pending,2021-12-07,,,1747,1747
FRA01585,Telangana,D001,Adilabad,Boath,Ghanpur,Claimant_FRA01585,IFR,0.79,Approved,2026-05-28,2026-09-12,107,0,114
FRA01586,Telangana,D005,Jagtial,Metpally,Vellulla,Claimant_FRA01586,CFR,3.93,Approved,2026-07-22,2026-09-05,45,0,59
FRA01587,Telangana,D020,Nalgonda,Devarakonda,Chinthapally,Claimant_FRA01587,IFR,3.4,Approved,2021-11-21,2026-06-15,1667,0,1763
FRA01588,Telangana,D020,Nalgonda,Devarakonda,Chinthapally,Claimant_FRA01588,IFR,6.25,Pending,2025-05-31,,,476,476
FRA01589,Telangana,D013,Mahabubabad,Kuravi,Seerole,Claimant_FRA01589,IFR,3.02,Approved,2022-07-24,2025-01-28,919,0,1518
FRA01590,Telangana,D001,Adilabad,Utnoor,Devapur,Claimant_FRA01590,IFR,2.67,Rejected,2024-01-06,2024-07-30,206,0,987
FRA01591,Telangana,D007,Jayashankar Bhupalpally,Chityal,Venkateshwarlapally,Claimant_FRA01591,IFR,6.6,Approved,2024-07-05,2026-03-17,620,0,806
FRA01592,Telangana,D013,Mahabubabad,Kuravi,Seerole,Claimant_FRA01592,CFR,5.27,Approved,2026-07-15,2026-08-21,37,0,66
FRA01593,Telangana,D013,Mahabubabad,Bayyaram,Garla,Claimant_FRA01593,IFR,1.14,Pending,2025-11-24,,,299,299
FRA01594,Telangana,D007,Jayashankar Bhupalpally,Chityal,Venkateshwarlapally,Claimant_FRA01594,IFR,1.68,Approved,2024-09-22,2025-08-20,332,0,727
FRA01595,Telangana,D027,Sangareddy,Narayankhed,Kondapur,Claimant_FRA01595,CFR,1.55,Approved,2024-03-10,2026-08-16,889,0,923
FRA01596,Telangana,D007,Jayashankar Bhupalpally,Regonda,Kannaram,Claimant_FRA01596,CFR,5.39,Pending,2024-03-27,,,906,906
FRA01597,Telangana,D018,Mulugu,Venkatapur,Narsapur,Claimant_FRA01597,CFR,1.78,Approved,2026-07-15,2026-08-09,25,0,66
FRA01598,Telangana,D006,Jangaon,Station Ghanpur,Chilpur,Claimant_FRA01598,CFR,5.92,Pending,2026-04-05,,,167,167
FRA01599,Telangana,D007,Jayashankar Bhupalpally,Chityal,Venkateshwarlapally,Claimant_FRA01599,IFR,5.01,Approved,2024-01-04,2026-04-17,834,0,989
FRA01600,Telangana,D019,Nagarkurnool,Amrabad,Mananur,Claimant_FRA01600,CFR,2.92,Approved,2025-01-23,2025-03-22,58,0,604
FRA01601,Telangana,D001,Adilabad,Utnoor,Devapur,Claimant_FRA01601,IFR,4.99,Rejected,2024-03-25,2025-04-06,377,0,908
FRA01602,Telangana,D023,Nizamabad,Armoor,Mendora,Claimant_FRA01602,IFR,1.77,Pending,2025-07-28,,,418,418
FRA01603,Telangana,D001,Adilabad,Narnoor,Kothapalli,Claimant_FRA01603,CFR,0.87,Pending,2023-07-25,,,1152,1152
FRA01604,Telangana,D020,Nalgonda,Devarakonda,Chinthapally,Claimant_FRA01604,IFR,6.99,Rejected,2025-09-16,2026-08-29,347,0,368
FRA01605,Telangana,D007,Jayashankar Bhupalpally,Chityal,Venkateshwarlapally,Claimant_FRA01605,IFR,1.14,Approved,2025-11-01,2025-11-10,9,0,322
FRA01606,Telangana,D002,Bhadradri Kothagudem,Manuguru,Anantharam,Claimant_FRA01606,IFR,1.24,Pending,2022-06-04,,,1568,1568
FRA01607,Telangana,D013,Mahabubabad,Kuravi,Seerole,Claimant_FRA01607,IFR,7.49,Approved,2026-06-04,2026-09-04,92,0,107
FRA01608,Telangana,D006,Jangaon,Station Ghanpur,Chilpur,Claimant_FRA01608,CFR,2.17,Pending,2026-06-22,,,89,89
FRA01609,Telangana,D018,Mulugu,Eturunagaram,Katapur,Claimant_FRA01609,CFR,6.98,Approved,2024-07-01,2025-06-15,349,0,810
FRA01610,Telangana,D001,Adilabad,Narnoor,Kothapalli,Claimant_FRA01610,CFR,7.96,Rejected,2022-08-13,2025-06-07,1029,0,1498
FRA01611,Telangana,D028,Siddipet,Husnabad,Pothireddypet,Claimant_FRA01611,CFR,2.46,Approved,2024-10-05,2026-06-26,629,0,714
FRA01612,Telangana,D005,Jagtial,Korutla,Ailapur,Claimant_FRA01612,CFR,7.84,Approved,2025-10-01,2025-12-10,70,0,353
FRA01613,Telangana,D013,Mahabubabad,Bayyaram,Garla,Claimant_FRA01613,CFR,2.42,Pending,2025-12-29,,,264,264
FRA01614,Telangana,D018,Mulugu,Venkatapur,Narsapur,Claimant_FRA01614,IFR,6.58,Approved,2022-10-02,2025-09-26,1090,0,1448
FRA01615,Telangana,D032,Warangal,Narsampet,Madhira,Claimant_FRA01615,CFR,3.71,Pending,2024-07-23,,,788,788
FRA01616,Telangana,D004,Hyderabad,Amberpet,Azampura,Claimant_FRA01616,CFR,6.82,Approved,2025-09-27,2026-04-13,198,0,357
FRA01617,Telangana,D011,Khammam,Kothagudem,Seetharampuram,Claimant_FRA01617,IFR,1.71,Approved,2025-07-01,2026-02-22,236,0,445
FRA01618,Telangana,D001,Adilabad,Boath,Ghanpur,Claimant_FRA01618,CFR,1.4,Rejected,2024-11-17,2024-11-30,13,0,671
FRA01619,Telangana,D011,Khammam,Wyra,Gollapadu,Claimant_FRA01619,CFR,5.93,Rejected,2026-08-10,2026-08-22,12,0,40
FRA01620,Telangana,D011,Khammam,Kothagudem,Seetharampuram,Claimant_FRA01620,CFR,3.1,Pending,2022-03-13,,,1651,1651
FRA01621,Telangana,D023,Nizamabad,Armoor,Mendora,Claimant_FRA01621,CFR,3.34,Approved,2025-03-14,2025-05-13,60,0,554
FRA01622,Telangana,D033,Yadadri Bhuvanagiri,Bhongir,Anantharam,Claimant_FRA01622,IFR,3.62,Rejected,2023-01-22,2025-11-30,1043,0,1336
FRA01623,Telangana,D011,Khammam,Wyra,Gollapadu,Claimant_FRA01623,CFR,3.85,Pending,2022-09-12,,,1468,1468
FRA01624,Telangana,D002,Bhadradri Kothagudem,Bhadrachalam,Nellipaka,Claimant_FRA01624,IFR,2.04,Pending,2023-09-14,,,1101,1101
FRA01625,Telangana,D030,Vikarabad,Tandur,Kotbaspally,Claimant_FRA01625,CFR,3.9,Rejected,2023-02-17,2023-03-08,19,0,1310
FRA01626,Telangana,D006,Jangaon,Jangaon,Pasumamula,Claimant_FRA01626,CFR,2.75,Rejected,2025-11-24,2026-07-30,248,0,299
FRA01627,Telangana,D004,Hyderabad,Amberpet,Azampura,Claimant_FRA01627,CFR,2.99,Approved,2022-10-15,2026-06-21,1345,0,1435
FRA01628,Telangana,D020,Nalgonda,Devarakonda,Chinthapally,Claimant_FRA01628,IFR,2.57,Pending,2022-04-17,,,1616,1616
FRA01629,Telangana,D004,Hyderabad,Amberpet,Azampura,Claimant_FRA01629,IFR,1.87,Approved,2026-04-19,2026-09-10,144,0,153
FRA01630,Telangana,D007,Jayashankar Bhupalpally,Chityal,Venkateshwarlapally,Claimant_FRA01630,IFR,5.94,Pending,2023-08-25,,,1121,1121
FRA01631,Telangana,D001,Adilabad,Narnoor,Kothapalli,Claimant_FRA01631,CFR,0.75,Rejected,2024-01-11,2024-09-03,236,0,982
FRA01632,Telangana,D026,Rangareddy,Shabad,Kesaram,Claimant_FRA01632,CFR,6.07,Approved,2024-02-26,2025-09-23,575,0,936
FRA01633,Telangana,D027,Sangareddy,Narayankhed,Kondapur,Claimant_FRA01633,IFR,3.84,Pending,2023-02-09,,,1318,1318
FRA01634,Telangana,D011,Khammam,Wyra,Gollapadu,Claimant_FRA01634,IFR,7.48,Approved,2025-07-22,2026-02-16,209,0,424
FRA01635,Telangana,D004,Hyderabad,Amberpet,Azampura,Claimant_FRA01635,CFR,7.14,Approved,2021-12-20,2022-05-01,132,0,1734
FRA01636,Telangana,D006,Jangaon,Jangaon,Pasumamula,Claimant_FRA01636,CFR,1.9,Pending,2021-12-04,,,1750,1750
FRA01637,Telangana,D018,Mulugu,Venkatapur,Narsapur,Claimant_FRA01637,IFR,4.04,Rejected,2025-06-10,2026-09-04,451,0,466
FRA01638,Telangana,D006,Jangaon,Station Ghanpur,Chilpur,Claimant_FRA01638,CFR,2.76,Pending,2023-06-13,,,1194,1194
FRA01639,Telangana,D018,Mulugu,Eturunagaram,Katapur,Claimant_FRA01639,IFR,3.8,Approved,2026-07-13,2026-07-15,2,0,68
FRA01640,Telangana,D006,Jangaon,Jangaon,Pasumamula,Claimant_FRA01640,CFR,7.04,Approved,2024-04-06,2025-06-25,445,0,896
FRA01641,Telangana,D033,Yadadri Bhuvanagiri,Bhongir,Anantharam,Claimant_FRA01641,CFR,2.23,Approved,2025-01-28,2026-03-24,420,0,599
FRA01642,Telangana,D020,Nalgonda,Devarakonda,Chinthapally,Claimant_FRA01642,CFR,7.81,Approved,2024-12-12,2025-03-01,79,0,646
FRA01643,Telangana,D006,Jangaon,Station Ghanpur,Chilpur,Claimant_FRA01643,IFR,0.56,Approved,2022-01-12,2025-11-23,1411,0,1711
FRA01644,Telangana,D020,Nalgonda,Devarakonda,Chinthapally,Claimant_FRA01644,IFR,7.46,Approved,2022-05-25,2023-06-19,390,0,1578
FRA01645,Telangana,D019,Nagarkurnool,Amrabad,Mananur,Claimant_FRA01645,IFR,5.76,Approved,2024-08-07,2025-09-10,399,0,773
FRA01646,Telangana,D032,Warangal,Narsampet,Madhira,Claimant_FRA01646,CFR,4.98,Approved,2022-11-18,2026-02-20,1190,0,1401
FRA01647,Telangana,D030,Vikarabad,Tandur,Kotbaspally,Claimant_FRA01647,CFR,7.25,Approved,2022-10-19,2026-01-24,1193,0,1431
FRA01648,Telangana,D026,Rangareddy,Shabad,Kesaram,Claimant_FRA01648,IFR,3.91,Approved,2026-08-22,2026-08-23,1,0,28
FRA01649,Telangana,D013,Mahabubabad,Bayyaram,Garla,Claimant_FRA01649,IFR,4.97,Approved,2025-03-31,2025-10-10,193,0,537
FRA01650,Telangana,D005,Jagtial,Metpally,Vellulla,Claimant_FRA01650,CFR,7.06,Approved,2026-01-21,2026-03-29,67,0,241
FRA01651,Telangana,D001,Adilabad,Utnoor,Devapur,Claimant_FRA01651,IFR,5.52,Pending,2025-08-30,,,385,385
FRA01652,Telangana,D005,Jagtial,Metpally,Vellulla,Claimant_FRA01652,CFR,7.42,Approved,2026-06-16,2026-06-24,8,0,95
FRA01653,Telangana,D006,Jangaon,Station Ghanpur,Chilpur,Claimant_FRA01653,IFR,1.06,Approved,2024-12-26,2025-04-18,113,0,632
FRA01654,Telangana,D018,Mulugu,Venkatapur,Narsapur,Claimant_FRA01654,IFR,7.82,Approved,2023-01-01,2025-05-20,870,0,1357
FRA01655,Telangana,D007,Jayashankar Bhupalpally,Regonda,Kannaram,Claimant_FRA01655,CFR,6.42,Approved,2024-12-31,2026-06-16,532,0,627
FRA01656,Telangana,D011,Khammam,Kothagudem,Seetharampuram,Claimant_FRA01656,IFR,5.71,Pending,2025-05-08,,,499,499
FRA01657,Telangana,D005,Jagtial,Metpally,Vellulla,Claimant_FRA01657,IFR,1.99,Approved,2022-01-06,2026-05-19,1594,0,1717
FRA01658,Telangana,D006,Jangaon,Jangaon,Pasumamula,Claimant_FRA01658,IFR,2.51,Approved,2024-11-18,2026-03-25,492,0,670
FRA01659,Telangana,D013,Mahabubabad,Kuravi,Seerole,Claimant_FRA01659,CFR,4.68,Pending,2026-02-10,,,221,221
FRA01660,Telangana,D030,Vikarabad,Tandur,Kotbaspally,Claimant_FRA01660,CFR,6.78,Approved,2026-03-16,2026-03-20,4,0,187
FRA01661,Telangana,D023,Nizamabad,Armoor,Mendora,Claimant_FRA01661,CFR,2.96,Approved,2024-01-12,2025-03-18,431,0,981
FRA01662,Telangana,D023,Nizamabad,Armoor,Mendora,Claimant_FRA01662,IFR,7.58,Approved,2026-07-05,2026-09-04,61,0,76
FRA01663,Telangana,D001,Adilabad,Boath,Ghanpur,Claimant_FRA01663,CFR,7.66,Rejected,2024-11-06,2025-05-27,202,0,682
FRA01664,Telangana,D005,Jagtial,Korutla,Ailapur,Claimant_FRA01664,CFR,6.19,Pending,2025-01-25,,,602,602
FRA01665,Telangana,D007,Jayashankar Bhupalpally,Chityal,Venkateshwarlapally,Claimant_FRA01665,IFR,5.21,Approved,2026-09-18,2026-09-18,0,0,1
FRA01666,Telangana,D019,Nagarkurnool,Amrabad,Mananur,Claimant_FRA01666,IFR,5.71,Pending,2026-03-20,,,183,183
FRA01667,Telangana,D003,Hanumakonda,Dharmanagar,Mustial,Claimant_FRA01667,IFR,3.68,Approved,2021-09-28,2022-08-06,312,0,1817
FRA01668,Telangana,D011,Khammam,Kothagudem,Seetharampuram,Claimant_FRA01668,CFR,6.07,Approved,2022-04-15,2025-04-26,1107,0,1618
FRA01669,Telangana,D023,Nizamabad,Armoor,Mendora,Claimant_FRA01669,IFR,2.15,Approved,2026-05-29,2026-07-16,48,0,113
FRA01670,Telangana,D027,Sangareddy,Narayankhed,Kondapur,Claimant_FRA01670,CFR,1.64,Approved,2025-01-23,2026-05-18,480,0,604
FRA01671,Telangana,D011,Khammam,Wyra,Gollapadu,Claimant_FRA01671,IFR,1.6,Approved,2023-02-22,2025-07-11,870,0,1305
FRA01672,Telangana,D004,Hyderabad,Amberpet,Azampura,Claimant_FRA01672,CFR,5.09,Approved,2026-05-16,2026-06-15,30,0,126
FRA01673,Telangana,D002,Bhadradri Kothagudem,Bhadrachalam,Nellipaka,Claimant_FRA01673,CFR,6.07,Approved,2024-10-02,2025-07-19,290,0,717
FRA01674,Telangana,D023,Nizamabad,Armoor,Mendora,Claimant_FRA01674,IFR,3.0,Approved,2021-12-20,2022-01-12,23,0,1734
FRA01675,Telangana,D007,Jayashankar Bhupalpally,Regonda,Kannaram,Claimant_FRA01675,CFR,2.37,Approved,2026-09-17,2026-09-18,1,0,2
FRA01676,Telangana,D006,Jangaon,Jangaon,Pasumamula,Claimant_FRA01676,IFR,7.8,Approved,2022-04-04,2023-06-15,437,0,1629
FRA01677,Telangana,D004,Hyderabad,Charminar,Chandrayangutta,Claimant_FRA01677,CFR,6.36,Approved,2022-02-05,2025-06-29,1240,0,1687
FRA01678,Telangana,D002,Bhadradri Kothagudem,Manuguru,Anantharam,Claimant_FRA01678,IFR,2.24,Pending,2024-07-17,,,794,794
FRA01679,Telangana,D003,Hanumakonda,Dharmanagar,Mustial,Claimant_FRA01679,IFR,0.62,Approved,2024-03-28,2025-07-14,473,0,905
FRA01680,Telangana,D026,Rangareddy,Shabad,Kesaram,Claimant_FRA01680,IFR,4.72,Pending,2025-09-19,,,365,365
FRA01681,Telangana,D019,Nagarkurnool,Amrabad,Mananur,Claimant_FRA01681,IFR,4.17,Approved,2022-07-10,2022-08-11,32,0,1532
FRA01682,Telangana,D033,Yadadri Bhuvanagiri,Bhongir,Anantharam,Claimant_FRA01682,IFR,1.82,Approved,2023-02-16,2025-11-15,1003,0,1311
FRA01683,Telangana,D001,Adilabad,Narnoor,Kothapalli,Claimant_FRA01683,CFR,1.52,Pending,2026-08-22,,,28,28
FRA01684,Telangana,D005,Jagtial,Metpally,Vellulla,Claimant_FRA01684,IFR,1.77,Pending,2022-02-17,,,1675,1675
FRA01685,Telangana,D033,Yadadri Bhuvanagiri,Bhongir,Anantharam,Claimant_FRA01685,IFR,4.09,Pending,2023-09-18,,,1097,1097
FRA01686,Telangana,D013,Mahabubabad,Bayyaram,Garla,Claimant_FRA01686,IFR,7.13,Approved,2024-09-27,2025-10-11,379,0,722
FRA01687,Telangana,D026,Rangareddy,Shabad,Kesaram,Claimant_FRA01687,IFR,6.9,Approved,2023-08-15,2023-08-16,1,0,1131
FRA01688,Telangana,D005,Jagtial,Metpally,Vellulla,Claimant_FRA01688,CFR,7.14,Approved,2022-05-26,2023-04-22,331,0,1577
FRA01689,Telangana,D032,Warangal,Narsampet,Madhira,Claimant_FRA01689,CFR,2.31,Approved,2024-09-21,2024-12-24,94,0,728
FRA01690,Telangana,D005,Jagtial,Metpally,Vellulla,Claimant_FRA01690,IFR,2.58,Approved,2025-10-09,2026-06-10,244,0,345
FRA01691,Telangana,D002,Bhadradri Kothagudem,Kothagudem,Regalla,Claimant_FRA01691,IFR,3.78,Approved,2026-04-23,2026-06-24,62,0,149
FRA01692,Telangana,D033,Yadadri Bhuvanagiri,Bhongir,Anantharam,Claimant_FRA01692,IFR,5.44,Pending,2024-01-17,,,976,976
FRA01693,Telangana,D030,Vikarabad,Tandur,Kotbaspally,Claimant_FRA01693,CFR,6.75,Pending,2025-09-02,,,382,382
FRA01694,Telangana,D002,Bhadradri Kothagudem,Manuguru,Anantharam,Claimant_FRA01694,IFR,7.26,Approved,2026-02-01,2026-03-04,31,0,230
FRA01695,Telangana,D004,Hyderabad,Charminar,Chandrayangutta,Claimant_FRA01695,IFR,5.03,Approved,2023-06-19,2025-07-10,752,0,1188
FRA01696,Telangana,D027,Sangareddy,Narayankhed,Kondapur,Claimant_FRA01696,IFR,3.38,Approved,2025-12-14,2026-08-12,241,0,279
FRA01697,Telangana,D004,Hyderabad,Amberpet,Azampura,Claimant_FRA01697,IFR,3.78,Approved,2024-03-03,2026-06-28,847,0,930
FRA01698,Telangana,D002,Bhadradri Kothagudem,Manuguru,Anantharam,Claimant_FRA01698,IFR,0.56,Pending,2026-02-03,,,228,228
FRA01699,Telangana,D011,Khammam,Wyra,Gollapadu,Claimant_FRA01699,IFR,6.46,Approved,2022-04-02,2026-01-19,1388,0,1631
FRA01700,Telangana,D001,Adilabad,Boath,Ghanpur,Claimant_FRA01700,CFR,5.12,Approved,2022-06-24,2023-09-10,443,0,1548
FRA01701,Telangana,D002,Bhadradri Kothagudem,Manuguru,Anantharam,Claimant_FRA01701,IFR,3.87,Approved,2022-12-28,2024-03-30,458,0,1361
FRA01702,Telangana,D001,Adilabad,Boath,Ghanpur,Claimant_FRA01702,IFR,3.1,Pending,2023-01-02,,,1356,1356
FRA01703,Telangana,D001,Adilabad,Utnoor,Devapur,Claimant_FRA01703,CFR,6.15,Approved,2023-01-31,2025-11-06,1010,0,1327
FRA01704,Telangana,D023,Nizamabad,Armoor,Mendora,Claimant_FRA01704,IFR,7.98,Approved,2025-04-17,2025-08-19,124,0,520
FRA01705,Telangana,D030,Vikarabad,Tandur,Kotbaspally,Claimant_FRA01705,IFR,4.74,Rejected,2026-05-01,2026-06-18,48,0,141
FRA01706,Telangana,D013,Mahabubabad,Kuravi,Seerole,Claimant_FRA01706,CFR,7.32,Approved,2023-11-07,2024-09-24,322,0,1047
FRA01707,Telangana,D013,Mahabubabad,Kuravi,Seerole,Claimant_FRA01707,IFR,6.39,Pending,2024-11-06,,,682,682
FRA01708,Telangana,D018,Mulugu,Venkatapur,Narsapur,Claimant_FRA01708,IFR,0.81,Pending,2022-04-18,,,1615,1615
FRA01709,Telangana,D001,Adilabad,Utnoor,Devapur,Claimant_FRA01709,IFR,0.65,Rejected,2026-01-12,2026-07-19,188,0,250
FRA01710,Telangana,D002,Bhadradri Kothagudem,Manuguru,Anantharam,Claimant_FRA01710,IFR,4.08,Approved,2024-07-20,2025-07-19,364,0,791
FRA01711,Telangana,D007,Jayashankar Bhupalpally,Regonda,Kannaram,Claimant_FRA01711,CFR,1.72,Approved,2025-02-02,2026-07-08,521,0,594
FRA01712,Telangana,D002,Bhadradri Kothagudem,Kothagudem,Regalla,Claimant_FRA01712,IFR,6.95,Approved,2023-04-12,2023-09-17,158,0,1256
FRA01713,Telangana,D006,Jangaon,Jangaon,Pasumamula,Claimant_FRA01713,IFR,4.22,Rejected,2025-05-09,2025-05-31,22,0,498
FRA01714,Telangana,D002,Bhadradri Kothagudem,Bhadrachalam,Nellipaka,Claimant_FRA01714,CFR,1.47,Approved,2023-02-08,2026-05-22,1199,0,1319
FRA01715,Telangana,D001,Adilabad,Boath,Ghanpur,Claimant_FRA01715,CFR,2.08,Approved,2021-10-24,2023-09-19,695,0,1791
FRA01716,Telangana,D004,Hyderabad,Charminar,Chandrayangutta,Claimant_FRA01716,IFR,3.38,Approved,2024-10-06,2025-01-13,99,0,713
FRA01717,Telangana,D006,Jangaon,Jangaon,Pasumamula,Claimant_FRA01717,IFR,0.52,Approved,2022-01-09,2024-06-14,887,0,1714
FRA01718,Telangana,D006,Jangaon,Jangaon,Pasumamula,Claimant_FRA01718,IFR,7.68,Pending,2025-04-04,,,533,533
FRA01719,Telangana,D002,Bhadradri Kothagudem,Kothagudem,Regalla,Claimant_FRA01719,IFR,7.67,Approved,2026-03-29,2026-08-14,138,0,174
FRA01720,Telangana,D002,Bhadradri Kothagudem,Kothagudem,Regalla,Claimant_FRA01720,CFR,5.99,Rejected,2025-03-05,2026-07-29,511,0,563
FRA01721,Telangana,D027,Sangareddy,Narayankhed,Kondapur,Claimant_FRA01721,CFR,6.46,Rejected,2022-07-27,2025-02-04,923,0,1515
FRA01722,Telangana,D018,Mulugu,Venkatapur,Narsapur,Claimant_FRA01722,IFR,1.98,Approved,2025-07-16,2025-12-07,144,0,430
FRA01723,Telangana,D011,Khammam,Wyra,Gollapadu,Claimant_FRA01723,CFR,4.92,Approved,2022-07-21,2025-05-21,1035,0,1521
FRA01724,Telangana,D028,Siddipet,Husnabad,Pothireddypet,Claimant_FRA01724,CFR,6.77,Approved,2024-04-15,2025-08-23,495,0,887
FRA01725,Telangana,D006,Jangaon,Station Ghanpur,Chilpur,Claimant_FRA01725,CFR,0.96,Approved,2024-04-06,2026-02-26,691,0,896
FRA01726,Telangana,D007,Jayashankar Bhupalpally,Chityal,Venkateshwarlapally,Claimant_FRA01726,CFR,7.17,Pending,2025-08-24,,,391,391
FRA01727,Telangana,D018,Mulugu,Venkatapur,Narsapur,Claimant_FRA01727,CFR,5.75,Pending,2026-08-31,,,19,19
FRA01728,Telangana,D007,Jayashankar Bhupalpally,Chityal,Venkateshwarlapally,Claimant_FRA01728,IFR,3.82,Approved,2023-01-05,2023-02-17,43,0,1353
FRA01729,Telangana,D001,Adilabad,Utnoor,Devapur,Claimant_FRA01729,IFR,4.38,Rejected,2025-11-24,2026-02-05,73,0,299
FRA01730,Telangana,D001,Adilabad,Utnoor,Devapur,Claimant_FRA01730,IFR,4.42,Approved,2026-02-17,2026-02-18,1,0,214
FRA01731,Telangana,D001,Adilabad,Utnoor,Devapur,Claimant_FRA01731,CFR,2.71,Pending,2023-06-03,,,1204,1204
FRA01732,Telangana,D002,Bhadradri Kothagudem,Kothagudem,Regalla,Claimant_FRA01732,CFR,6.73,Approved,2023-07-25,2025-01-23,548,0,1152
FRA01733,Telangana,D001,Adilabad,Utnoor,Devapur,Claimant_FRA01733,CFR,7.35,Pending,2024-11-12,,,676,676
FRA01734,Telangana,D004,Hyderabad,Amberpet,Azampura,Claimant_FRA01734,IFR,6.14,Rejected,2023-05-05,2023-08-30,117,0,1233
FRA01735,Telangana,D028,Siddipet,Husnabad,Pothireddypet,Claimant_FRA01735,IFR,3.67,Approved,2026-04-18,2026-04-20,2,0,154
FRA01736,Telangana,D002,Bhadradri Kothagudem,Manuguru,Anantharam,Claimant_FRA01736,CFR,2.75,Approved,2022-11-30,2025-07-28,971,0,1389
FRA01737,Telangana,D001,Adilabad,Boath,Ghanpur,Claimant_FRA01737,CFR,2.03,Approved,2021-11-14,2024-02-23,831,0,1770
FRA01738,Telangana,D011,Khammam,Kothagudem,Seetharampuram,Claimant_FRA01738,IFR,0.7,Approved,2024-10-08,2025-05-14,218,0,711
FRA01739,Telangana,D004,Hyderabad,Amberpet,Azampura,Claimant_FRA01739,CFR,6.28,Approved,2024-09-01,2024-10-07,36,0,748
FRA01740,Telangana,D013,Mahabubabad,Kuravi,Seerole,Claimant_FRA01740,IFR,4.1,Rejected,2025-06-12,2025-07-10,28,0,464
FRA01741,Telangana,D013,Mahabubabad,Kuravi,Seerole,Claimant_FRA01741,CFR,6.25,Approved,2026-07-22,2026-08-27,36,0,59
FRA01742,Telangana,D003,Hanumakonda,Atmakur,Chowdapur,Claimant_FRA01742,IFR,5.4,Approved,2024-01-30,2024-12-28,333,0,963
FRA01743,Telangana,D013,Mahabubabad,Kuravi,Seerole,Claimant_FRA01743,IFR,7.93,Approved,2023-01-14,2024-04-19,461,0,1344
FRA01744,Telangana,D013,Mahabubabad,Bayyaram,Garla,Claimant_FRA01744,CFR,0.86,Approved,2024-01-02,2024-09-27,269,0,991
FRA01745,Telangana,D004,Hyderabad,Amberpet,Azampura,Claimant_FRA01745,IFR,3.69,Approved,2024-07-28,2025-08-19,387,0,783
FRA01746,Telangana,D030,Vikarabad,Tandur,Kotbaspally,Claimant_FRA01746,IFR,4.0,Approved,2026-03-23,2026-04-18,26,0,180
FRA01747,Telangana,D006,Jangaon,Jangaon,Pasumamula,Claimant_FRA01747,CFR,2.53,Rejected,2026-03-15,2026-07-30,137,0,188
FRA01748,Telangana,D013,Mahabubabad,Kuravi,Seerole,Claimant_FRA01748,IFR,3.2,Approved,2024-01-18,2025-01-29,377,0,975
FRA01749,Telangana,D011,Khammam,Wyra,Gollapadu,Claimant_FRA01749,CFR,3.95,Approved,2023-09-02,2024-12-18,473,0,1113
FRA01750,Telangana,D023,Nizamabad,Armoor,Mendora,Claimant_FRA01750,CFR,5.45,Rejected,2022-08-22,2023-06-06,288,0,1489
FRA01751,Telangana,D006,Jangaon,Jangaon,Pasumamula,Claimant_FRA01751,IFR,7.89,Approved,2025-11-21,2026-03-19,118,0,302
FRA01752,Telangana,D002,Bhadradri Kothagudem,Kothagudem,Regalla,Claimant_FRA01752,CFR,6.92,Approved,2025-01-18,2025-10-10,265,0,609
FRA01753,Telangana,D028,Siddipet,Husnabad,Pothireddypet,Claimant_FRA01753,IFR,5.64,Approved,2025-06-17,2025-09-07,82,0,459
FRA01754,Telangana,D018,Mulugu,Venkatapur,Narsapur,Claimant_FRA01754,CFR,7.19,Pending,2023-05-20,,,1218,1218
FRA01755,Telangana,D026,Rangareddy,Shabad,Kesaram,Claimant_FRA01755,CFR,4.12,Approved,2022-10-01,2024-10-08,738,0,1449
FRA01756,Telangana,D003,Hanumakonda,Atmakur,Chowdapur,Claimant_FRA01756,CFR,6.34,Approved,2024-03-04,2024-10-23,233,0,929
FRA01757,Telangana,D030,Vikarabad,Tandur,Kotbaspally,Claimant_FRA01757,IFR,5.75,Rejected,2026-05-14,2026-08-04,82,0,128
FRA01758,Telangana,D013,Mahabubabad,Kuravi,Seerole,Claimant_FRA01758,IFR,4.04,Approved,2025-11-02,2025-11-07,5,0,321
FRA01759,Telangana,D004,Hyderabad,Amberpet,Azampura,Claimant_FRA01759,CFR,0.99,Approved,2021-10-13,2022-10-26,378,0,1802
FRA01760,Telangana,D003,Hanumakonda,Atmakur,Chowdapur,Claimant_FRA01760,IFR,3.95,Pending,2026-08-12,,,38,38
FRA01761,Telangana,D006,Jangaon,Station Ghanpur,Chilpur,Claimant_FRA01761,CFR,2.63,Rejected,2023-07-24,2023-08-10,17,0,1153
FRA01762,Telangana,D003,Hanumakonda,Atmakur,Chowdapur,Claimant_FRA01762,IFR,1.56,Pending,2024-10-20,,,699,699
FRA01763,Telangana,D028,Siddipet,Husnabad,Pothireddypet,Claimant_FRA01763,CFR,2.06,Rejected,2024-02-20,2026-05-13,813,0,942
FRA01764,Telangana,D020,Nalgonda,Devarakonda,Chinthapally,Claimant_FRA01764,CFR,7.83,Pending,2022-02-26,,,1666,1666
FRA01765,Telangana,D002,Bhadradri Kothagudem,Kothagudem,Regalla,Claimant_FRA01765,IFR,4.49,Pending,2023-05-23,,,1215,1215
FRA01766,Telangana,D020,Nalgonda,Devarakonda,Chinthapally,Claimant_FRA01766,CFR,2.65,Pending,2022-01-11,,,1712,1712
FRA01767,Telangana,D004,Hyderabad,Amberpet,Azampura,Claimant_FRA01767,CFR,3.62,Pending,2025-10-21,,,333,333
FRA01768,Telangana,D013,Mahabubabad,Kuravi,Seerole,Claimant_FRA01768,CFR,6.86,Pending,2023-04-14,,,1254,1254
FRA01769,Telangana,D018,Mulugu,Venkatapur,Narsapur,Claimant_FRA01769,IFR,4.68,Approved,2024-05-05,2026-01-18,623,0,867
FRA01770,Telangana,D001,Adilabad,Narnoor,Kothapalli,Claimant_FRA01770,IFR,5.26,Approved,2022-08-08,2022-11-01,85,0,1503
FRA01771,Telangana,D023,Nizamabad,Armoor,Mendora,Claimant_FRA01771,CFR,6.13,Pending,2024-12-28,,,630,630
FRA01772,Telangana,D003,Hanumakonda,Dharmanagar,Mustial,Claimant_FRA01772,CFR,3.37,Approved,2026-01-26,2026-03-10,43,0,236
FRA01773,Telangana,D028,Siddipet,Husnabad,Pothireddypet,Claimant_FRA01773,CFR,1.71,Pending,2022-12-20,,,1369,1369
FRA01774,Telangana,D001,Adilabad,Narnoor,Kothapalli,Claimant_FRA01774,IFR,0.75,Rejected,2023-08-04,2026-07-05,1066,0,1142
FRA01775,Telangana,D030,Vikarabad,Tandur,Kotbaspally,Claimant_FRA01775,CFR,2.75,Approved,2024-10-14,2025-05-15,213,0,705
FRA01776,Telangana,D011,Khammam,Wyra,Gollapadu,Claimant_FRA01776,CFR,2.48,Approved,2025-10-26,2026-01-24,90,0,328
FRA01777,Telangana,D028,Siddipet,Husnabad,Pothireddypet,Claimant_FRA01777,IFR,6.5,Approved,2021-12-16,2026-01-30,1506,0,1738
FRA01778,Telangana,D028,Siddipet,Husnabad,Pothireddypet,Claimant_FRA01778,CFR,3.38,Approved,2024-04-15,2025-12-23,617,0,887
FRA01779,Telangana,D028,Siddipet,Husnabad,Pothireddypet,Claimant_FRA01779,IFR,6.19,Pending,2023-09-08,,,1107,1107
FRA01780,Telangana,D005,Jagtial,Metpally,Vellulla,Claimant_FRA01780,IFR,2.46,Pending,2023-05-11,,,1227,1227
FRA01781,Telangana,D003,Hanumakonda,Dharmanagar,Mustial,Claimant_FRA01781,IFR,1.5,Rejected,2022-04-28,2024-06-24,788,0,1605
FRA01782,Telangana,D013,Mahabubabad,Bayyaram,Garla,Claimant_FRA01782,IFR,7.28,Pending,2025-12-28,,,265,265
FRA01783,Telangana,D002,Bhadradri Kothagudem,Kothagudem,Regalla,Claimant_FRA01783,CFR,3.13,Approved,2026-03-21,2026-07-07,108,0,182
FRA01784,Telangana,D003,Hanumakonda,Atmakur,Chowdapur,Claimant_FRA01784,IFR,0.61,Rejected,2023-05-30,2023-10-12,135,0,1208
FRA01785,Telangana,D018,Mulugu,Venkatapur,Narsapur,Claimant_FRA01785,IFR,3.92,Approved,2021-12-16,2022-06-05,171,0,1738
FRA01786,Telangana,D011,Khammam,Kothagudem,Seetharampuram,Claimant_FRA01786,IFR,4.34,Pending,2024-06-21,,,820,820
FRA01787,Telangana,D007,Jayashankar Bhupalpally,Chityal,Venkateshwarlapally,Claimant_FRA01787,CFR,4.16,Pending,2024-06-22,,,819,819
FRA01788,Telangana,D002,Bhadradri Kothagudem,Kothagudem,Regalla,Claimant_FRA01788,CFR,6.85,Rejected,2021-11-30,2023-10-24,693,0,1754
FRA01789,Telangana,D005,Jagtial,Korutla,Ailapur,Claimant_FRA01789,IFR,3.71,Pending,2022-03-12,,,1652,1652
FRA01790,Telangana,D006,Jangaon,Station Ghanpur,Chilpur,Claimant_FRA01790,IFR,4.52,Pending,2025-09-17,,,367,367
FRA01791,Telangana,D002,Bhadradri Kothagudem,Bhadrachalam,Nellipaka,Claimant_FRA01791,IFR,6.27,Approved,2024-01-29,2025-10-09,619,0,964
FRA01792,Telangana,D005,Jagtial,Metpally,Vellulla,Claimant_FRA01792,CFR,3.1,Approved,2024-05-07,2024-06-09,33,0,865
FRA01793,Telangana,D011,Khammam,Kothagudem,Seetharampuram,Claimant_FRA01793,CFR,3.85,Approved,2024-03-19,2025-08-24,523,0,914
FRA01794,Telangana,D026,Rangareddy,Shabad,Kesaram,Claimant_FRA01794,IFR,3.07,Approved,2024-07-18,2024-08-17,30,0,793
FRA01795,Telangana,D007,Jayashankar Bhupalpally,Regonda,Kannaram,Claimant_FRA01795,CFR,3.86,Rejected,2024-08-07,2026-02-08,550,0,773
FRA01796,Telangana,D013,Mahabubabad,Kuravi,Seerole,Claimant_FRA01796,CFR,5.69,Pending,2024-10-13,,,706,706
FRA01797,Telangana,D001,Adilabad,Utnoor,Devapur,Claimant_FRA01797,IFR,5.3,Approved,2023-12-25,2025-07-29,582,0,999
FRA01798,Telangana,D006,Jangaon,Station Ghanpur,Chilpur,Claimant_FRA01798,CFR,3.7,Pending,2022-03-07,,,1657,1657
FRA01799,Telangana,D007,Jayashankar Bhupalpally,Chityal,Venkateshwarlapally,Claimant_FRA01799,CFR,2.36,Pending,2022-08-28,,,1483,1483
FRA01800,Telangana,D001,Adilabad,Narnoor,Kothapalli,Claimant_FRA01800,IFR,5.06,Approved,2023-12-30,2026-06-04,887,0,994
FRA01801,Telangana,D028,Siddipet,Husnabad,Pothireddypet,Claimant_FRA01801,CFR,7.86,Pending,2026-08-05,,,45,45
FRA01802,Telangana,D019,Nagarkurnool,Amrabad,Mananur,Claimant_FRA01802,IFR,6.43,Rejected,2024-12-04,2025-08-11,250,0,654
FRA01803,Telangana,D003,Hanumakonda,Dharmanagar,Mustial,Claimant_FRA01803,IFR,4.15,Approved,2022-03-23,2023-01-03,286,0,1641
FRA01804,Telangana,D001,Adilabad,Narnoor,Kothapalli,Claimant_FRA01804,CFR,6.44,Pending,2024-02-17,,,945,945
FRA01805,Telangana,D006,Jangaon,Station Ghanpur,Chilpur,Claimant_FRA01805,CFR,6.77,Pending,2022-10-30,,,1420,1420
FRA01806,Telangana,D018,Mulugu,Eturunagaram,Katapur,Claimant_FRA01806,CFR,4.29,Pending,2021-10-28,,,1787,1787
FRA01807,Telangana,D005,Jagtial,Korutla,Ailapur,Claimant_FRA01807,CFR,4.95,Rejected,2022-05-16,2023-08-09,450,0,1587
FRA01808,Telangana,D004,Hyderabad,Amberpet,Azampura,Claimant_FRA01808,CFR,5.6,Pending,2023-07-17,,,1160,1160
FRA01809,Telangana,D030,Vikarabad,Tandur,Kotbaspally,Claimant_FRA01809,IFR,4.73,Approved,2022-10-30,2025-10-25,1091,0,1420
FRA01810,Telangana,D028,Siddipet,Husnabad,Pothireddypet,Claimant_FRA01810,IFR,5.81,Approved,2022-10-16,2023-04-08,174,0,1434
FRA01811,Telangana,D032,Warangal,Narsampet,Madhira,Claimant_FRA01811,IFR,4.21,Approved,2026-04-26,2026-06-03,38,0,146
FRA01812,Telangana,D001,Adilabad,Narnoor,Kothapalli,Claimant_FRA01812,IFR,7.76,Rejected,2024-06-25,2026-02-27,612,0,816
FRA01813,Telangana,D013,Mahabubabad,Bayyaram,Garla,Claimant_FRA01813,CFR,2.42,Approved,2024-06-22,2024-08-20,59,0,819
FRA01814,Telangana,D027,Sangareddy,Narayankhed,Kondapur,Claimant_FRA01814,IFR,5.89,Pending,2022-01-31,,,1692,1692
FRA01815,Telangana,D003,Hanumakonda,Dharmanagar,Mustial,Claimant_FRA01815,CFR,2.24,Approved,2022-04-11,2025-07-10,1186,0,1622
FRA01816,Telangana,D028,Siddipet,Husnabad,Pothireddypet,Claimant_FRA01816,IFR,6.73,Approved,2022-03-31,2026-07-05,1557,0,1633
FRA01817,Telangana,D004,Hyderabad,Amberpet,Azampura,Claimant_FRA01817,CFR,3.29,Approved,2024-03-23,2025-08-05,500,0,910
FRA01818,Telangana,D011,Khammam,Wyra,Gollapadu,Claimant_FRA01818,IFR,6.23,Pending,2025-10-14,,,340,340
FRA01819,Telangana,D002,Bhadradri Kothagudem,Bhadrachalam,Nellipaka,Claimant_FRA01819,CFR,3.49,Approved,2024-05-20,2025-08-23,460,0,852
FRA01820,Telangana,D005,Jagtial,Korutla,Ailapur,Claimant_FRA01820,CFR,2.74,Pending,2023-04-18,,,1250,1250
FRA01821,Telangana,D027,Sangareddy,Narayankhed,Kondapur,Claimant_FRA01821,IFR,1.99,Rejected,2022-12-05,2026-07-20,1323,0,1384
FRA01822,Telangana,D002,Bhadradri Kothagudem,Bhadrachalam,Nellipaka,Claimant_FRA01822,CFR,5.65,Approved,2021-11-08,2025-09-27,1419,0,1776
FRA01823,Telangana,D019,Nagarkurnool,Amrabad,Mananur,Claimant_FRA01823,CFR,7.09,Rejected,2022-08-26,2025-07-23,1062,0,1485
FRA01824,Telangana,D020,Nalgonda,Devarakonda,Chinthapally,Claimant_FRA01824,IFR,5.28,Approved,2023-09-03,2026-04-11,951,0,1112
FRA01825,Telangana,D013,Mahabubabad,Bayyaram,Garla,Claimant_FRA01825,CFR,3.61,Approved,2022-03-05,2022-09-16,195,0,1659
FRA01826,Telangana,D002,Bhadradri Kothagudem,Bhadrachalam,Nellipaka,Claimant_FRA01826,CFR,4.64,Pending,2024-01-01,,,992,992
FRA01827,Telangana,D011,Khammam,Wyra,Gollapadu,Claimant_FRA01827,CFR,6.17,Pending,2023-06-05,,,1202,1202
FRA01828,Telangana,D002,Bhadradri Kothagudem,Kothagudem,Regalla,Claimant_FRA01828,IFR,6.43,Pending,2024-06-17,,,824,824
FRA01829,Telangana,D011,Khammam,Wyra,Gollapadu,Claimant_FRA01829,IFR,5.54,Approved,2022-09-19,2023-11-08,415,0,1461
FRA01830,Telangana,D003,Hanumakonda,Dharmanagar,Mustial,Claimant_FRA01830,IFR,2.16,Rejected,2025-01-19,2025-10-04,258,0,608
FRA01831,Telangana,D030,Vikarabad,Tandur,Kotbaspally,Claimant_FRA01831,IFR,2.17,Approved,2024-10-03,2025-12-25,448,0,716
FRA01832,Telangana,D019,Nagarkurnool,Amrabad,Mananur,Claimant_FRA01832,IFR,5.93,Pending,2026-02-25,,,206,206
FRA01833,Telangana,D005,Jagtial,Korutla,Ailapur,Claimant_FRA01833,IFR,2.19,Approved,2024-06-19,2026-07-23,764,0,822
FRA01834,Telangana,D013,Mahabubabad,Bayyaram,Garla,Claimant_FRA01834,CFR,6.95,Approved,2024-11-10,2025-01-29,80,0,678
FRA01835,Telangana,D030,Vikarabad,Tandur,Kotbaspally,Claimant_FRA01835,CFR,1.76,Approved,2022-04-27,2024-04-04,708,0,1606
FRA01836,Telangana,D004,Hyderabad,Amberpet,Azampura,Claimant_FRA01836,CFR,7.41,Approved,2022-06-22,2023-04-25,307,0,1550
FRA01837,Telangana,D027,Sangareddy,Narayankhed,Kondapur,Claimant_FRA01837,CFR,7.03,Pending,2023-11-25,,,1029,1029
FRA01838,Telangana,D028,Siddipet,Husnabad,Pothireddypet,Claimant_FRA01838,IFR,7.3,Approved,2025-02-15,2026-07-16,516,0,581
FRA01839,Telangana,D032,Warangal,Narsampet,Madhira,Claimant_FRA01839,CFR,7.99,Pending,2025-05-05,,,502,502
FRA01840,Telangana,D028,Siddipet,Husnabad,Pothireddypet,Claimant_FRA01840,CFR,4.75,Approved,2022-06-12,2023-06-26,379,0,1560
FRA01841,Telangana,D001,Adilabad,Utnoor,Devapur,Claimant_FRA01841,CFR,6.68,Approved,2022-11-11,2024-12-03,753,0,1408
FRA01842,Telangana,D003,Hanumakonda,Atmakur,Chowdapur,Claimant_FRA01842,CFR,3.38,Approved,2025-01-26,2026-07-16,536,0,601
FRA01843,Telangana,D011,Khammam,Wyra,Gollapadu,Claimant_FRA01843,IFR,2.45,Approved,2021-11-25,2025-10-04,1409,0,1759
FRA01844,Telangana,D001,Adilabad,Utnoor,Devapur,Claimant_FRA01844,IFR,2.23,Approved,2023-12-23,2025-04-25,489,0,1001
FRA01845,Telangana,D005,Jagtial,Metpally,Vellulla,Claimant_FRA01845,CFR,2.48,Approved,2026-07-06,2026-07-06,0,0,75
FRA01846,Telangana,D020,Nalgonda,Devarakonda,Chinthapally,Claimant_FRA01846,IFR,3.15,Rejected,2022-02-05,2023-06-17,497,0,1687
FRA01847,Telangana,D004,Hyderabad,Charminar,Chandrayangutta,Claimant_FRA01847,CFR,4.47,Approved,2021-11-23,2026-09-04,1746,0,1761
FRA01848,Telangana,D032,Warangal,Narsampet,Madhira,Claimant_FRA01848,CFR,5.42,Approved,2023-03-01,2024-03-10,375,0,1298
FRA01849,Telangana,D001,Adilabad,Utnoor,Devapur,Claimant_FRA01849,CFR,2.68,Rejected,2022-01-24,2022-11-01,281,0,1699
FRA01850,Telangana,D019,Nagarkurnool,Amrabad,Mananur,Claimant_FRA01850,IFR,0.61,Approved,2025-10-18,2026-07-19,274,0,336
FRA01851,Telangana,D004,Hyderabad,Amberpet,Azampura,Claimant_FRA01851,CFR,5.64,Approved,2021-12-16,2025-04-24,1225,0,1738
FRA01852,Telangana,D002,Bhadradri Kothagudem,Kothagudem,Regalla,Claimant_FRA01852,IFR,4.14,Rejected,2023-08-24,2026-01-10,870,0,1122
FRA01853,Telangana,D027,Sangareddy,Narayankhed,Kondapur,Claimant_FRA01853,CFR,0.99,Approved,2022-12-30,2023-12-10,345,0,1359
FRA01854,Telangana,D011,Khammam,Kothagudem,Seetharampuram,Claimant_FRA01854,IFR,4.35,Approved,2022-09-05,2026-09-07,1463,0,1475
FRA01855,Telangana,D001,Adilabad,Narnoor,Kothapalli,Claimant_FRA01855,CFR,3.2,Approved,2021-11-05,2024-03-02,848,0,1779
FRA01856,Telangana,D027,Sangareddy,Narayankhed,Kondapur,Claimant_FRA01856,CFR,2.41,Approved,2024-02-06,2026-03-28,781,0,956
FRA01857,Telangana,D005,Jagtial,Metpally,Vellulla,Claimant_FRA01857,CFR,6.05,Approved,2024-06-29,2026-05-04,674,0,812
FRA01858,Telangana,D019,Nagarkurnool,Amrabad,Mananur,Claimant_FRA01858,CFR,7.46,Rejected,2025-08-10,2025-09-15,36,0,405
FRA01859,Telangana,D027,Sangareddy,Narayankhed,Kondapur,Claimant_FRA01859,IFR,3.33,Approved,2022-03-31,2024-05-01,762,0,1633
FRA01860,Telangana,D013,Mahabubabad,Kuravi,Seerole,Claimant_FRA01860,IFR,1.95,Rejected,2026-04-25,2026-07-26,92,0,147
FRA01861,Telangana,D023,Nizamabad,Armoor,Mendora,Claimant_FRA01861,IFR,1.31,Rejected,2022-04-23,2022-10-22,182,0,1610
FRA01862,Telangana,D020,Nalgonda,Devarakonda,Chinthapally,Claimant_FRA01862,IFR,2.95,Pending,2024-02-17,,,945,945
FRA01863,Telangana,D018,Mulugu,Eturunagaram,Katapur,Claimant_FRA01863,IFR,4.53,Pending,2023-09-14,,,1101,1101
FRA01864,Telangana,D003,Hanumakonda,Atmakur,Chowdapur,Claimant_FRA01864,IFR,5.64,Rejected,2024-07-18,2025-02-27,224,0,793
FRA01865,Telangana,D030,Vikarabad,Tandur,Kotbaspally,Claimant_FRA01865,CFR,4.89,Pending,2024-04-04,,,898,898
FRA01866,Telangana,D005,Jagtial,Metpally,Vellulla,Claimant_FRA01866,IFR,5.71,Approved,2024-04-27,2025-04-05,343,0,875
FRA01867,Telangana,D007,Jayashankar Bhupalpally,Chityal,Venkateshwarlapally,Claimant_FRA01867,CFR,4.19,Pending,2026-05-26,,,116,116
FRA01868,Telangana,D030,Vikarabad,Tandur,Kotbaspally,Claimant_FRA01868,IFR,3.69,Pending,2022-09-10,,,1470,1470
FRA01869,Telangana,D018,Mulugu,Eturunagaram,Katapur,Claimant_FRA01869,IFR,3.11,Approved,2022-05-20,2025-05-20,1096,0,1583
FRA01870,Telangana,D020,Nalgonda,Devarakonda,Chinthapally,Claimant_FRA01870,CFR,2.84,Approved,2026-09-13,2026-09-18,5,0,6
FRA01871,Telangana,D002,Bhadradri Kothagudem,Manuguru,Anantharam,Claimant_FRA01871,IFR,3.16,Approved,2022-01-10,2024-09-13,977,0,1713
FRA01872,Telangana,D006,Jangaon,Jangaon,Pasumamula,Claimant_FRA01872,CFR,5.32,Pending,2023-07-24,,,1153,1153
FRA01873,Telangana,D011,Khammam,Wyra,Gollapadu,Claimant_FRA01873,IFR,7.48,Rejected,2021-11-24,2024-01-28,795,0,1760
FRA01874,Telangana,D033,Yadadri Bhuvanagiri,Bhongir,Anantharam,Claimant_FRA01874,CFR,1.11,Approved,2025-08-03,2025-11-13,102,0,412
FRA01875,Telangana,D002,Bhadradri Kothagudem,Bhadrachalam,Nellipaka,Claimant_FRA01875,CFR,3.58,Approved,2026-01-27,2026-09-07,223,0,235
FRA01876,Telangana,D006,Jangaon,Station Ghanpur,Chilpur,Claimant_FRA01876,IFR,4.92,Approved,2023-05-05,2025-12-31,971,0,1233
FRA01877,Telangana,D001,Adilabad,Narnoor,Kothapalli,Claimant_FRA01877,IFR,1.01,Approved,2022-01-30,2023-01-31,366,0,1693
FRA01878,Telangana,D011,Khammam,Wyra,Gollapadu,Claimant_FRA01878,IFR,2.18,Pending,2025-02-27,,,569,569
FRA01879,Telangana,D026,Rangareddy,Shabad,Kesaram,Claimant_FRA01879,IFR,7.43,Pending,2021-12-27,,,1727,1727
FRA01880,Telangana,D030,Vikarabad,Tandur,Kotbaspally,Claimant_FRA01880,IFR,1.99,Approved,2023-02-20,2023-05-15,84,0,1307
FRA01881,Telangana,D011,Khammam,Wyra,Gollapadu,Claimant_FRA01881,IFR,5.16,Approved,2025-01-20,2025-01-22,2,0,607
FRA01882,Telangana,D032,Warangal,Narsampet,Madhira,Claimant_FRA01882,CFR,5.35,Pending,2026-09-17,,,2,2
FRA01883,Telangana,D027,Sangareddy,Narayankhed,Kondapur,Claimant_FRA01883,CFR,4.98,Pending,2024-07-09,,,802,802
FRA01884,Telangana,D007,Jayashankar Bhupalpally,Regonda,Kannaram,Claimant_FRA01884,CFR,5.85,Approved,2025-06-01,2026-05-06,339,0,475
FRA01885,Telangana,D013,Mahabubabad,Bayyaram,Garla,Claimant_FRA01885,IFR,5.03,Approved,2025-04-29,2025-06-29,61,0,508
FRA01886,Telangana,D028,Siddipet,Husnabad,Pothireddypet,Claimant_FRA01886,IFR,3.87,Approved,2024-03-14,2025-10-18,583,0,919
FRA01887,Telangana,D020,Nalgonda,Devarakonda,Chinthapally,Claimant_FRA01887,CFR,5.0,Pending,2026-07-31,,,50,50
FRA01888,Telangana,D011,Khammam,Kothagudem,Seetharampuram,Claimant_FRA01888,CFR,3.42,Rejected,2023-02-28,2025-11-27,1003,0,1299
FRA01889,Telangana,D003,Hanumakonda,Dharmanagar,Mustial,Claimant_FRA01889,IFR,5.53,Approved,2022-12-11,2024-07-26,593,0,1378
FRA01890,Telangana,D007,Jayashankar Bhupalpally,Regonda,Kannaram,Claimant_FRA01890,CFR,3.15,Rejected,2025-10-18,2026-07-24,279,0,336
FRA01891,Telangana,D004,Hyderabad,Charminar,Chandrayangutta,Claimant_FRA01891,IFR,3.2,Pending,2025-08-22,,,393,393
FRA01892,Telangana,D028,Siddipet,Husnabad,Pothireddypet,Claimant_FRA01892,IFR,3.48,Approved,2023-11-29,2024-11-28,365,0,1025
FRA01893,Telangana,D002,Bhadradri Kothagudem,Manuguru,Anantharam,Claimant_FRA01893,IFR,4.77,Pending,2026-03-15,,,188,188
FRA01894,Telangana,D006,Jangaon,Station Ghanpur,Chilpur,Claimant_FRA01894,CFR,4.64,Approved,2025-01-14,2025-06-12,149,0,613
FRA01895,Telangana,D007,Jayashankar Bhupalpally,Regonda,Kannaram,Claimant_FRA01895,IFR,6.47,Approved,2022-07-08,2025-02-28,966,0,1534
FRA01896,Telangana,D007,Jayashankar Bhupalpally,Chityal,Venkateshwarlapally,Claimant_FRA01896,CFR,6.36,Approved,2022-01-22,2025-09-20,1337,0,1701
FRA01897,Telangana,D011,Khammam,Kothagudem,Seetharampuram,Claimant_FRA01897,IFR,2.11,Approved,2022-09-16,2023-08-26,344,0,1464
FRA01898,Telangana,D023,Nizamabad,Armoor,Mendora,Claimant_FRA01898,IFR,2.65,Pending,2025-08-28,,,387,387
FRA01899,Telangana,D027,Sangareddy,Narayankhed,Kondapur,Claimant_FRA01899,CFR,3.91,Approved,2025-12-03,2026-09-02,273,0,290
FRA01900,Telangana,D027,Sangareddy,Narayankhed,Kondapur,Claimant_FRA01900,IFR,2.28,Pending,2025-09-06,,,378,378
FRA01901,Telangana,D011,Khammam,Wyra,Gollapadu,Claimant_FRA01901,IFR,5.06,Rejected,2024-05-05,2024-08-10,97,0,867
FRA01902,Telangana,D018,Mulugu,Eturunagaram,Katapur,Claimant_FRA01902,CFR,0.94,Pending,2022-10-15,,,1435,1435
FRA01903,Telangana,D013,Mahabubabad,Bayyaram,Garla,Claimant_FRA01903,IFR,2.71,Approved,2023-05-28,2025-02-07,621,0,1210
FRA01904,Telangana,D001,Adilabad,Narnoor,Kothapalli,Claimant_FRA01904,IFR,1.91,Approved,2022-10-16,2025-07-20,1008,0,1434
FRA01905,Telangana,D028,Siddipet,Husnabad,Pothireddypet,Claimant_FRA01905,IFR,5.54,Pending,2026-04-23,,,149,149
FRA01906,Telangana,D005,Jagtial,Korutla,Ailapur,Claimant_FRA01906,CFR,3.38,Rejected,2024-06-01,2024-12-19,201,0,840
FRA01907,Telangana,D027,Sangareddy,Narayankhed,Kondapur,Claimant_FRA01907,CFR,7.0,Approved,2022-05-17,2023-09-01,472,0,1586
FRA01908,Telangana,D003,Hanumakonda,Dharmanagar,Mustial,Claimant_FRA01908,IFR,4.8,Approved,2024-08-02,2025-11-24,479,0,778
FRA01909,Telangana,D001,Adilabad,Narnoor,Kothapalli,Claimant_FRA01909,IFR,4.75,Rejected,2024-05-27,2025-01-10,228,0,845
FRA01910,Telangana,D019,Nagarkurnool,Amrabad,Mananur,Claimant_FRA01910,CFR,5.67,Approved,2024-08-12,2025-09-12,396,0,768
FRA01911,Telangana,D002,Bhadradri Kothagudem,Manuguru,Anantharam,Claimant_FRA01911,CFR,6.37,Pending,2026-08-16,,,34,34
FRA01912,Telangana,D007,Jayashankar Bhupalpally,Chityal,Venkateshwarlapally,Claimant_FRA01912,CFR,1.03,Pending,2025-02-11,,,585,585
FRA01913,Telangana,D028,Siddipet,Husnabad,Pothireddypet,Claimant_FRA01913,IFR,4.32,Pending,2023-09-12,,,1103,1103
FRA01914,Telangana,D011,Khammam,Wyra,Gollapadu,Claimant_FRA01914,CFR,3.14,Pending,2026-02-21,,,210,210
FRA01915,Telangana,D004,Hyderabad,Charminar,Chandrayangutta,Claimant_FRA01915,CFR,1.98,Approved,2026-07-09,2026-08-11,33,0,72
FRA01916,Telangana,D026,Rangareddy,Shabad,Kesaram,Claimant_FRA01916,CFR,2.17,Approved,2023-08-22,2023-11-10,80,0,1124
FRA01917,Telangana,D002,Bhadradri Kothagudem,Manuguru,Anantharam,Claimant_FRA01917,IFR,5.51,Pending,2025-07-24,,,422,422
FRA01918,Telangana,D032,Warangal,Narsampet,Madhira,Claimant_FRA01918,CFR,4.48,Approved,2023-07-08,2024-07-14,372,0,1169
FRA01919,Telangana,D018,Mulugu,Eturunagaram,Katapur,Claimant_FRA01919,CFR,5.33,Approved,2022-04-22,2025-05-25,1129,0,1611
FRA01920,Telangana,D005,Jagtial,Korutla,Ailapur,Claimant_FRA01920,CFR,6.79,Rejected,2026-08-10,2026-09-09,30,0,40
FRA01921,Telangana,D001,Adilabad,Utnoor,Devapur,Claimant_FRA01921,CFR,5.17,Approved,2022-01-25,2026-01-25,1461,0,1698
FRA01922,Telangana,D013,Mahabubabad,Bayyaram,Garla,Claimant_FRA01922,CFR,1.31,Approved,2026-06-21,2026-07-13,22,0,90
FRA01923,Telangana,D004,Hyderabad,Charminar,Chandrayangutta,Claimant_FRA01923,IFR,2.75,Approved,2023-08-24,2026-08-18,1090,0,1122
FRA01924,Telangana,D006,Jangaon,Jangaon,Pasumamula,Claimant_FRA01924,IFR,7.37,Pending,2026-05-26,,,116,116
FRA01925,Telangana,D026,Rangareddy,Shabad,Kesaram,Claimant_FRA01925,IFR,7.45,Rejected,2024-05-01,2025-05-24,388,0,871
FRA01926,Telangana,D002,Bhadradri Kothagudem,Kothagudem,Regalla,Claimant_FRA01926,IFR,1.2,Approved,2023-09-10,2026-05-15,978,0,1105
FRA01927,Telangana,D007,Jayashankar Bhupalpally,Chityal,Venkateshwarlapally,Claimant_FRA01927,IFR,6.63,Pending,2025-09-05,,,379,379
FRA01928,Telangana,D011,Khammam,Kothagudem,Seetharampuram,Claimant_FRA01928,IFR,3.82,Pending,2026-02-20,,,211,211
FRA01929,Telangana,D006,Jangaon,Station Ghanpur,Chilpur,Claimant_FRA01929,IFR,3.59,Pending,2021-11-20,,,1764,1764
FRA01930,Telangana,D011,Khammam,Kothagudem,Seetharampuram,Claimant_FRA01930,CFR,3.66,Pending,2022-07-13,,,1529,1529
FRA01931,Telangana,D001,Adilabad,Boath,Ghanpur,Claimant_FRA01931,IFR,4.56,Rejected,2026-05-27,2026-06-13,17,0,115
FRA01932,Telangana,D013,Mahabubabad,Bayyaram,Garla,Claimant_FRA01932,CFR,2.05,Approved,2025-05-14,2025-06-18,35,0,493
FRA01933,Telangana,D013,Mahabubabad,Bayyaram,Garla,Claimant_FRA01933,CFR,2.54,Pending,2025-10-29,,,325,325
FRA01934,Telangana,D023,Nizamabad,Armoor,Mendora,Claimant_FRA01934,IFR,3.34,Approved,2021-11-06,2025-04-28,1269,0,1778
FRA01935,Telangana,D004,Hyderabad,Charminar,Chandrayangutta,Claimant_FRA01935,IFR,5.17,Rejected,2025-01-03,2026-01-16,378,0,624
FRA01936,Telangana,D001,Adilabad,Boath,Ghanpur,Claimant_FRA01936,CFR,3.7,Approved,2025-06-01,2026-08-01,426,0,475
FRA01937,Telangana,D006,Jangaon,Jangaon,Pasumamula,Claimant_FRA01937,IFR,4.46,Approved,2022-02-02,2026-06-14,1593,0,1690
FRA01938,Telangana,D004,Hyderabad,Amberpet,Azampura,Claimant_FRA01938,IFR,4.83,Pending,2024-07-16,,,795,795
FRA01939,Telangana,D026,Rangareddy,Shabad,Kesaram,Claimant_FRA01939,IFR,4.98,Pending,2022-08-15,,,1496,1496
FRA01940,Telangana,D011,Khammam,Wyra,Gollapadu,Claimant_FRA01940,IFR,6.14,Approved,2025-06-05,2026-02-15,255,0,471
FRA01941,Telangana,D003,Hanumakonda,Dharmanagar,Mustial,Claimant_FRA01941,IFR,1.3,Pending,2023-12-02,,,1022,1022
FRA01942,Telangana,D032,Warangal,Narsampet,Madhira,Claimant_FRA01942,IFR,7.59,Pending,2022-06-10,,,1562,1562
FRA01943,Telangana,D002,Bhadradri Kothagudem,Bhadrachalam,Nellipaka,Claimant_FRA01943,CFR,4.79,Rejected,2022-10-22,2024-06-12,599,0,1428
FRA01944,Telangana,D003,Hanumakonda,Atmakur,Chowdapur,Claimant_FRA01944,IFR,3.31,Approved,2025-04-03,2026-01-17,289,0,534
FRA01945,Telangana,D001,Adilabad,Boath,Ghanpur,Claimant_FRA01945,CFR,6.56,Approved,2022-01-09,2025-05-26,1233,0,1714
FRA01946,Telangana,D004,Hyderabad,Charminar,Chandrayangutta,Claimant_FRA01946,CFR,4.35,Approved,2022-03-15,2025-08-10,1244,0,1649
FRA01947,Telangana,D002,Bhadradri Kothagudem,Bhadrachalam,Nellipaka,Claimant_FRA01947,IFR,1.75,Pending,2023-08-12,,,1134,1134
FRA01948,Telangana,D002,Bhadradri Kothagudem,Manuguru,Anantharam,Claimant_FRA01948,CFR,1.15,Approved,2022-12-23,2023-03-01,68,0,1366
FRA01949,Telangana,D004,Hyderabad,Charminar,Chandrayangutta,Claimant_FRA01949,CFR,3.13,Rejected,2024-02-10,2024-10-19,252,0,952
FRA01950,Telangana,D005,Jagtial,Metpally,Vellulla,Claimant_FRA01950,IFR,3.83,Rejected,2023-03-01,2024-04-21,417,0,1298
FRA01951,Telangana,D001,Adilabad,Utnoor,Devapur,Claimant_FRA01951,CFR,6.93,Approved,2024-03-17,2026-06-19,824,0,916
FRA01952,Telangana,D033,Yadadri Bhuvanagiri,Bhongir,Anantharam,Claimant_FRA01952,CFR,7.08,Pending,2022-09-06,,,1474,1474
FRA01953,Telangana,D001,Adilabad,Utnoor,Devapur,Claimant_FRA01953,CFR,3.8,Pending,2022-09-10,,,1470,1470
FRA01954,Telangana,D032,Warangal,Narsampet,Madhira,Claimant_FRA01954,IFR,0.89,Approved,2025-11-09,2026-02-10,93,0,314
FRA01955,Telangana,D023,Nizamabad,Armoor,Mendora,Claimant_FRA01955,CFR,4.87,Approved,2025-04-28,2025-07-04,67,0,509
FRA01956,Telangana,D033,Yadadri Bhuvanagiri,Bhongir,Anantharam,Claimant_FRA01956,IFR,1.24,Approved,2023-06-25,2024-09-03,436,0,1182
FRA01957,Telangana,D003,Hanumakonda,Atmakur,Chowdapur,Claimant_FRA01957,CFR,4.19,Rejected,2026-05-26,2026-08-19,85,0,116
FRA01958,Telangana,D003,Hanumakonda,Atmakur,Chowdapur,Claimant_FRA01958,IFR,3.22,Approved,2023-03-01,2026-03-12,1107,0,1298
FRA01959,Telangana,D032,Warangal,Narsampet,Madhira,Claimant_FRA01959,CFR,4.01,Pending,2026-06-08,,,103,103
FRA01960,Telangana,D020,Nalgonda,Devarakonda,Chinthapally,Claimant_FRA01960,CFR,2.66,Approved,2025-12-12,2026-09-03,265,0,281
FRA01961,Telangana,D001,Adilabad,Utnoor,Devapur,Claimant_FRA01961,CFR,3.42,Rejected,2024-11-30,2025-03-09,99,0,658
FRA01962,Telangana,D001,Adilabad,Utnoor,Devapur,Claimant_FRA01962,IFR,7.3,Approved,2023-03-14,2025-08-01,871,0,1285
FRA01963,Telangana,D026,Rangareddy,Shabad,Kesaram,Claimant_FRA01963,IFR,3.62,Approved,2023-03-25,2024-10-30,585,0,1274
FRA01964,Telangana,D018,Mulugu,Eturunagaram,Katapur,Claimant_FRA01964,IFR,5.33,Approved,2022-04-30,2023-12-04,583,0,1603
FRA01965,Telangana,D013,Mahabubabad,Kuravi,Seerole,Claimant_FRA01965,CFR,7.09,Approved,2024-07-07,2025-05-05,302,0,804
FRA01966,Telangana,D023,Nizamabad,Armoor,Mendora,Claimant_FRA01966,IFR,6.37,Approved,2021-10-22,2021-12-12,51,0,1793
FRA01967,Telangana,D001,Adilabad,Utnoor,Devapur,Claimant_FRA01967,IFR,7.73,Pending,2024-05-04,,,868,868
FRA01968,Telangana,D032,Warangal,Narsampet,Madhira,Claimant_FRA01968,CFR,4.06,Pending,2024-03-29,,,904,904
FRA01969,Telangana,D018,Mulugu,Venkatapur,Narsapur,Claimant_FRA01969,IFR,6.26,Approved,2022-12-22,2025-12-22,1096,0,1367
FRA01970,Telangana,D026,Rangareddy,Shabad,Kesaram,Claimant_FRA01970,CFR,5.14,Approved,2021-09-19,2025-10-06,1478,0,1826
FRA01971,Telangana,D019,Nagarkurnool,Amrabad,Mananur,Claimant_FRA01971,IFR,4.79,Pending,2023-05-19,,,1219,1219
FRA01972,Telangana,D005,Jagtial,Metpally,Vellulla,Claimant_FRA01972,CFR,7.6,Approved,2022-07-06,2026-04-18,1382,0,1536
FRA01973,Telangana,D032,Warangal,Narsampet,Madhira,Claimant_FRA01973,IFR,1.03,Approved,2023-07-12,2026-06-24,1078,0,1165
FRA01974,Telangana,D002,Bhadradri Kothagudem,Kothagudem,Regalla,Claimant_FRA01974,IFR,6.8,Approved,2023-04-16,2025-01-18,643,0,1252
FRA01975,Telangana,D007,Jayashankar Bhupalpally,Chityal,Venkateshwarlapally,Claimant_FRA01975,IFR,6.77,Rejected,2024-04-04,2025-03-23,353,0,898
FRA01976,Telangana,D004,Hyderabad,Charminar,Chandrayangutta,Claimant_FRA01976,IFR,1.39,Approved,2022-05-20,2025-06-23,1130,0,1583
FRA01977,Telangana,D004,Hyderabad,Charminar,Chandrayangutta,Claimant_FRA01977,CFR,2.67,Rejected,2023-03-23,2023-04-11,19,0,1276
FRA01978,Telangana,D013,Mahabubabad,Bayyaram,Garla,Claimant_FRA01978,CFR,7.11,Pending,2022-08-18,,,1493,1493
FRA01979,Telangana,D007,Jayashankar Bhupalpally,Regonda,Kannaram,Claimant_FRA01979,IFR,4.55,Rejected,2024-11-13,2025-08-20,280,0,675
FRA01980,Telangana,D018,Mulugu,Venkatapur,Narsapur,Claimant_FRA01980,CFR,4.98,Rejected,2025-01-08,2026-01-18,375,0,619
FRA01981,Telangana,D004,Hyderabad,Amberpet,Azampura,Claimant_FRA01981,IFR,3.39,Approved,2021-12-06,2023-08-16,618,0,1748
FRA01982,Telangana,D020,Nalgonda,Devarakonda,Chinthapally,Claimant_FRA01982,CFR,6.85,Rejected,2022-09-07,2023-01-30,145,0,1473
FRA01983,Telangana,D020,Nalgonda,Devarakonda,Chinthapally,Claimant_FRA01983,IFR,7.14,Approved,2024-05-11,2025-12-29,597,0,861
FRA01984,Telangana,D001,Adilabad,Narnoor,Kothapalli,Claimant_FRA01984,CFR,5.24,Pending,2023-07-30,,,1147,1147
FRA01985,Telangana,D005,Jagtial,Metpally,Vellulla,Claimant_FRA01985,IFR,1.94,Pending,2026-05-16,,,126,126
FRA01986,Telangana,D018,Mulugu,Eturunagaram,Katapur,Claimant_FRA01986,CFR,2.29,Approved,2026-07-05,2026-09-15,72,0,76
FRA01987,Telangana,D013,Mahabubabad,Kuravi,Seerole,Claimant_FRA01987,CFR,6.76,Rejected,2024-02-22,2025-12-11,658,0,940
FRA01988,Telangana,D002,Bhadradri Kothagudem,Manuguru,Anantharam,Claimant_FRA01988,IFR,5.72,Approved,2023-03-18,2024-11-08,601,0,1281
FRA01989,Telangana,D001,Adilabad,Boath,Ghanpur,Claimant_FRA01989,CFR,3.37,Approved,2023-05-23,2025-11-02,894,0,1215
FRA01990,Telangana,D013,Mahabubabad,Bayyaram,Garla,Claimant_FRA01990,IFR,3.84,Approved,2026-06-06,2026-07-20,44,0,105
FRA01991,Telangana,D006,Jangaon,Station Ghanpur,Chilpur,Claimant_FRA01991,CFR,6.53,Pending,2025-08-16,,,399,399
FRA01992,Telangana,D030,Vikarabad,Tandur,Kotbaspally,Claimant_FRA01992,IFR,1.15,Approved,2023-08-10,2024-09-26,413,0,1136
FRA01993,Telangana,D026,Rangareddy,Shabad,Kesaram,Claimant_FRA01993,IFR,4.99,Rejected,2025-12-14,2026-07-12,210,0,279
FRA01994,Telangana,D001,Adilabad,Narnoor,Kothapalli,Claimant_FRA01994,IFR,2.92,Approved,2022-02-18,2025-12-17,1398,0,1674
FRA01995,Telangana,D007,Jayashankar Bhupalpally,Chityal,Venkateshwarlapally,Claimant_FRA01995,IFR,2.4,Rejected,2022-07-16,2026-03-25,1348,0,1526
FRA01996,Telangana,D004,Hyderabad,Charminar,Chandrayangutta,Claimant_FRA01996,IFR,5.64,Rejected,2022-11-22,2023-05-26,185,0,1397
FRA01997,Telangana,D013,Mahabubabad,Kuravi,Seerole,Claimant_FRA01997,CFR,5.14,Approved,2023-11-26,2026-04-09,865,0,1028
FRA01998,Telangana,D001,Adilabad,Narnoor,Kothapalli,Claimant_FRA01998,CFR,7.9,Rejected,2024-09-15,2026-05-29,621,0,734
FRA01999,Telangana,D003,Hanumakonda,Atmakur,Chowdapur,Claimant_FRA01999,CFR,3.17,Approved,2022-01-05,2023-04-15,465,0,1718
FRA02000,Telangana,D001,Adilabad,Utnoor,Devapur,Claimant_FRA02000,CFR,0.82,Pending,2021-11-04,,,1780,1780
FRA02001,Telangana,D027,Sangareddy,Narayankhed,Kondapur,Claimant_FRA02001,CFR,2.59,Approved,2023-07-02,2024-06-04,338,0,1175
FRA02002,Telangana,D013,Mahabubabad,Kuravi,Seerole,Claimant_FRA02002,IFR,7.35,Approved,2022-12-09,2026-09-18,1379,0,1380
FRA02003,Telangana,D032,Warangal,Narsampet,Madhira,Claimant_FRA02003,CFR,1.2,Approved,2023-09-30,2023-11-06,37,0,1085
FRA02004,Telangana,D020,Nalgonda,Devarakonda,Chinthapally,Claimant_FRA02004,IFR,1.0,Rejected,2025-12-21,2026-07-03,194,0,272
FRA02005,Telangana,D003,Hanumakonda,Atmakur,Chowdapur,Claimant_FRA02005,IFR,1.95,Approved,2025-03-24,2025-10-15,205,0,544
FRA02006,Telangana,D003,Hanumakonda,Atmakur,Chowdapur,Claimant_FRA02006,CFR,6.18,Approved,2022-09-05,2024-12-10,827,0,1475
FRA02007,Telangana,D019,Nagarkurnool,Amrabad,Mananur,Claimant_FRA02007,IFR,1.23,Pending,2024-04-02,,,900,900
FRA02008,Telangana,D001,Adilabad,Utnoor,Devapur,Claimant_FRA02008,IFR,3.05,Pending,2022-09-03,,,1477,1477
FRA02009,Telangana,D002,Bhadradri Kothagudem,Kothagudem,Regalla,Claimant_FRA02009,IFR,7.24,Approved,2023-11-20,2025-06-21,579,0,1034
FRA02010,Telangana,D019,Nagarkurnool,Amrabad,Mananur,Claimant_FRA02010,CFR,4.15,Pending,2022-08-30,,,1481,1481
FRA02011,Telangana,D023,Nizamabad,Armoor,Mendora,Claimant_FRA02011,CFR,1.04,Approved,2022-10-16,2025-01-08,815,0,1434
FRA02012,Telangana,D001,Adilabad,Narnoor,Kothapalli,Claimant_FRA02012,IFR,1.07,Approved,2025-06-28,2025-12-13,168,0,448
FRA02013,Telangana,D001,Adilabad,Narnoor,Kothapalli,Claimant_FRA02013,CFR,0.7,Approved,2025-08-02,2026-05-07,278,0,413
FRA02014,Telangana,D030,Vikarabad,Tandur,Kotbaspally,Claimant_FRA02014,CFR,3.4,Pending,2026-06-15,,,96,96
FRA02015,Telangana,D007,Jayashankar Bhupalpally,Chityal,Venkateshwarlapally,Claimant_FRA02015,CFR,2.9,Rejected,2023-03-08,2025-06-21,836,0,1291
FRA02016,Telangana,D028,Siddipet,Husnabad,Pothireddypet,Claimant_FRA02016,CFR,4.31,Pending,2026-05-11,,,131,131
FRA02017,Telangana,D005,Jagtial,Metpally,Vellulla,Claimant_FRA02017,CFR,1.28,Pending,2022-09-07,,,1473,1473
FRA02018,Telangana,D018,Mulugu,Eturunagaram,Katapur,Claimant_FRA02018,CFR,5.63,Approved,2024-05-10,2026-07-24,805,0,862
FRA02019,Telangana,D002,Bhadradri Kothagudem,Manuguru,Anantharam,Claimant_FRA02019,CFR,2.25,Approved,2023-05-02,2024-06-17,412,0,1236
FRA02020,Telangana,D026,Rangareddy,Shabad,Kesaram,Claimant_FRA02020,CFR,2.64,Pending,2023-12-13,,,1011,1011
FRA02021,Telangana,D006,Jangaon,Jangaon,Pasumamula,Claimant_FRA02021,CFR,7.58,Pending,2025-07-21,,,425,425
FRA02022,Telangana,D019,Nagarkurnool,Amrabad,Mananur,Claimant_FRA02022,IFR,1.08,Pending,2021-11-17,,,1767,1767
FRA02023,Telangana,D005,Jagtial,Metpally,Vellulla,Claimant_FRA02023,CFR,5.56,Pending,2024-10-07,,,712,712
FRA02024,Telangana,D019,Nagarkurnool,Amrabad,Mananur,Claimant_FRA02024,IFR,3.67,Approved,2022-12-22,2024-04-04,469,0,1367
FRA02025,Telangana,D019,Nagarkurnool,Amrabad,Mananur,Claimant_FRA02025,CFR,1.37,Pending,2026-08-08,,,42,42
FRA02026,Telangana,D023,Nizamabad,Armoor,Mendora,Claimant_FRA02026,IFR,2.06,Approved,2026-03-29,2026-07-29,122,0,174
FRA02027,Telangana,D011,Khammam,Wyra,Gollapadu,Claimant_FRA02027,IFR,5.72,Pending,2024-03-30,,,903,903
FRA02028,Telangana,D023,Nizamabad,Armoor,Mendora,Claimant_FRA02028,IFR,2.83,Approved,2026-06-08,2026-08-08,61,0,103
FRA02029,Telangana,D023,Nizamabad,Armoor,Mendora,Claimant_FRA02029,CFR,3.81,Approved,2022-11-02,2023-01-29,88,0,1417
FRA02030,Telangana,D011,Khammam,Kothagudem,Seetharampuram,Claimant_FRA02030,CFR,4.03,Approved,2021-11-16,2022-01-06,51,0,1768
FRA02031,Telangana,D032,Warangal,Narsampet,Madhira,Claimant_FRA02031,IFR,4.63,Pending,2025-07-25,,,421,421
FRA02032,Telangana,D020,Nalgonda,Devarakonda,Chinthapally,Claimant_FRA02032,CFR,1.8,Rejected,2025-06-30,2026-07-28,393,0,446
FRA02033,Telangana,D006,Jangaon,Station Ghanpur,Chilpur,Claimant_FRA02033,CFR,7.23,Pending,2023-02-15,,,1312,1312
FRA02034,Telangana,D020,Nalgonda,Devarakonda,Chinthapally,Claimant_FRA02034,CFR,3.73,Pending,2022-05-10,,,1593,1593
FRA02035,Telangana,D026,Rangareddy,Shabad,Kesaram,Claimant_FRA02035,IFR,5.23,Rejected,2023-07-12,2024-04-11,274,0,1165
FRA02036,Telangana,D003,Hanumakonda,Atmakur,Chowdapur,Claimant_FRA02036,IFR,1.92,Pending,2025-05-08,,,499,499
FRA02037,Telangana,D018,Mulugu,Venkatapur,Narsapur,Claimant_FRA02037,CFR,2.97,Approved,2024-04-23,2026-01-12,629,0,879
FRA02038,Telangana,D007,Jayashankar Bhupalpally,Regonda,Kannaram,Claimant_FRA02038,CFR,7.45,Approved,2022-10-24,2024-11-02,740,0,1426
FRA02039,Telangana,D030,Vikarabad,Tandur,Kotbaspally,Claimant_FRA02039,IFR,6.75,Pending,2026-02-08,,,223,223
FRA02040,Telangana,D001,Adilabad,Utnoor,Devapur,Claimant_FRA02040,IFR,7.1,Approved,2025-12-04,2026-02-18,76,0,289
FRA02041,Telangana,D003,Hanumakonda,Dharmanagar,Mustial,Claimant_FRA02041,IFR,5.84,Rejected,2025-08-29,2025-11-16,79,0,386
FRA02042,Telangana,D023,Nizamabad,Armoor,Mendora,Claimant_FRA02042,IFR,1.69,Rejected,2024-11-20,2025-03-14,114,0,668
FRA02043,Telangana,D013,Mahabubabad,Kuravi,Seerole,Claimant_FRA02043,CFR,3.97,Approved,2025-08-09,2026-08-18,374,0,406
FRA02044,Telangana,D011,Khammam,Wyra,Gollapadu,Claimant_FRA02044,CFR,1.11,Approved,2023-01-28,2025-11-30,1037,0,1330
FRA02045,Telangana,D026,Rangareddy,Shabad,Kesaram,Claimant_FRA02045,IFR,7.56,Approved,2023-05-30,2025-01-16,597,0,1208
FRA02046,Telangana,D033,Yadadri Bhuvanagiri,Bhongir,Anantharam,Claimant_FRA02046,IFR,2.07,Rejected,2024-06-10,2026-06-21,741,0,831
FRA02047,Telangana,D007,Jayashankar Bhupalpally,Chityal,Venkateshwarlapally,Claimant_FRA02047,CFR,4.02,Pending,2021-10-05,,,1810,1810
FRA02048,Telangana,D002,Bhadradri Kothagudem,Bhadrachalam,Nellipaka,Claimant_FRA02048,CFR,0.98,Approved,2022-06-27,2026-05-28,1431,0,1545
FRA02049,Telangana,D013,Mahabubabad,Bayyaram,Garla,Claimant_FRA02049,CFR,5.7,Approved,2021-11-12,2025-09-12,1400,0,1772
FRA02050,Telangana,D011,Khammam,Wyra,Gollapadu,Claimant_FRA02050,IFR,4.25,Approved,2022-06-30,2025-03-11,985,0,1542
FRA02051,Telangana,D013,Mahabubabad,Bayyaram,Garla,Claimant_FRA02051,CFR,1.92,Pending,2024-05-06,,,866,866
FRA02052,Telangana,D027,Sangareddy,Narayankhed,Kondapur,Claimant_FRA02052,CFR,6.23,Approved,2022-09-22,2026-04-02,1288,0,1458
FRA02053,Telangana,D007,Jayashankar Bhupalpally,Regonda,Kannaram,Claimant_FRA02053,IFR,0.88,Pending,2026-01-06,,,256,256
FRA02054,Telangana,D013,Mahabubabad,Bayyaram,Garla,Claimant_FRA02054,CFR,6.7,Approved,2025-12-08,2026-07-11,215,0,285
FRA02055,Telangana,D011,Khammam,Kothagudem,Seetharampuram,Claimant_FRA02055,IFR,4.37,Pending,2026-03-07,,,196,196
FRA02056,Telangana,D030,Vikarabad,Tandur,Kotbaspally,Claimant_FRA02056,CFR,6.44,Rejected,2022-10-11,2026-04-08,1275,0,1439
FRA02057,Telangana,D006,Jangaon,Station Ghanpur,Chilpur,Claimant_FRA02057,CFR,5.4,Pending,2025-05-27,,,480,480
FRA02058,Telangana,D028,Siddipet,Husnabad,Pothireddypet,Claimant_FRA02058,CFR,6.73,Pending,2022-07-26,,,1516,1516
FRA02059,Telangana,D004,Hyderabad,Amberpet,Azampura,Claimant_FRA02059,IFR,1.88,Pending,2024-11-21,,,667,667
FRA02060,Telangana,D033,Yadadri Bhuvanagiri,Bhongir,Anantharam,Claimant_FRA02060,CFR,5.12,Pending,2022-01-11,,,1712,1712
FRA02061,Telangana,D004,Hyderabad,Amberpet,Azampura,Claimant_FRA02061,IFR,3.61,Approved,2023-11-26,2023-12-19,23,0,1028
FRA02062,Telangana,D013,Mahabubabad,Kuravi,Seerole,Claimant_FRA02062,CFR,7.67,Approved,2022-12-11,2023-07-20,221,0,1378
FRA02063,Telangana,D013,Mahabubabad,Kuravi,Seerole,Claimant_FRA02063,IFR,4.74,Pending,2022-05-03,,,1600,1600
FRA02064,Telangana,D006,Jangaon,Station Ghanpur,Chilpur,Claimant_FRA02064,IFR,2.44,Pending,2024-01-02,,,991,991
FRA02065,Telangana,D019,Nagarkurnool,Amrabad,Mananur,Claimant_FRA02065,CFR,0.84,Rejected,2025-07-14,2026-03-10,239,0,432
FRA02066,Telangana,D004,Hyderabad,Charminar,Chandrayangutta,Claimant_FRA02066,IFR,3.4,Pending,2023-01-11,,,1347,1347
FRA02067,Telangana,D003,Hanumakonda,Dharmanagar,Mustial,Claimant_FRA02067,CFR,3.02,Approved,2023-12-05,2024-10-18,318,0,1019
FRA02068,Telangana,D026,Rangareddy,Shabad,Kesaram,Claimant_FRA02068,IFR,7.13,Approved,2026-02-23,2026-06-22,119,0,208
FRA02069,Telangana,D006,Jangaon,Jangaon,Pasumamula,Claimant_FRA02069,CFR,6.85,Approved,2022-10-11,2023-05-17,218,0,1439
FRA02070,Telangana,D005,Jagtial,Metpally,Vellulla,Claimant_FRA02070,IFR,5.89,Approved,2022-06-27,2022-08-05,39,0,1545
FRA02071,Telangana,D011,Khammam,Wyra,Gollapadu,Claimant_FRA02071,CFR,6.98,Approved,2026-03-20,2026-04-04,15,0,183
FRA02072,Telangana,D002,Bhadradri Kothagudem,Manuguru,Anantharam,Claimant_FRA02072,CFR,6.73,Approved,2024-08-13,2025-06-14,305,0,767
FRA02073,Telangana,D001,Adilabad,Boath,Ghanpur,Claimant_FRA02073,IFR,4.0,Approved,2022-05-23,2023-01-19,241,0,1580
FRA02074,Telangana,D032,Warangal,Narsampet,Madhira,Claimant_FRA02074,IFR,5.16,Approved,2025-09-11,2026-01-19,130,0,373
FRA02075,Telangana,D013,Mahabubabad,Kuravi,Seerole,Claimant_FRA02075,IFR,6.88,Rejected,2024-02-27,2024-09-19,205,0,935
FRA02076,Telangana,D020,Nalgonda,Devarakonda,Chinthapally,Claimant_FRA02076,IFR,0.61,Approved,2024-05-03,2025-10-02,517,0,869
FRA02077,Telangana,D002,Bhadradri Kothagudem,Kothagudem,Regalla,Claimant_FRA02077,IFR,7.38,Pending,2025-10-04,,,350,350
FRA02078,Telangana,D006,Jangaon,Jangaon,Pasumamula,Claimant_FRA02078,CFR,0.77,Approved,2024-01-21,2026-02-09,750,0,972
FRA02079,Telangana,D001,Adilabad,Utnoor,Devapur,Claimant_FRA02079,IFR,2.5,Approved,2026-04-09,2026-04-13,4,0,163
FRA02080,Telangana,D011,Khammam,Wyra,Gollapadu,Claimant_FRA02080,IFR,6.45,Pending,2024-10-19,,,700,700
FRA02081,Telangana,D023,Nizamabad,Armoor,Mendora,Claimant_FRA02081,CFR,3.51,Pending,2025-10-23,,,331,331
FRA02082,Telangana,D032,Warangal,Narsampet,Madhira,Claimant_FRA02082,IFR,1.81,Pending,2021-10-10,,,1805,1805
FRA02083,Telangana,D023,Nizamabad,Armoor,Mendora,Claimant_FRA02083,CFR,3.81,Pending,2022-12-27,,,1362,1362
FRA02084,Telangana,D001,Adilabad,Narnoor,Kothapalli,Claimant_FRA02084,CFR,3.08,Rejected,2022-05-29,2025-02-25,1003,0,1574
FRA02085,Telangana,D001,Adilabad,Boath,Ghanpur,Claimant_FRA02085,CFR,0.89,Approved,2025-07-12,2026-01-12,184,0,434
FRA02086,Telangana,D001,Adilabad,Narnoor,Kothapalli,Claimant_FRA02086,CFR,7.9,Approved,2021-10-13,2025-10-27,1475,0,1802
FRA02087,Telangana,D003,Hanumakonda,Atmakur,Chowdapur,Claimant_FRA02087,IFR,3.76,Approved,2023-08-22,2025-12-01,832,0,1124
FRA02088,Telangana,D004,Hyderabad,Amberpet,Azampura,Claimant_FRA02088,CFR,5.69,Approved,2024-03-05,2024-10-15,224,0,928
FRA02089,Telangana,D026,Rangareddy,Shabad,Kesaram,Claimant_FRA02089,IFR,0.52,Approved,2025-10-04,2026-04-05,183,0,350
FRA02090,Telangana,D004,Hyderabad,Amberpet,Azampura,Claimant_FRA02090,CFR,2.79,Rejected,2021-09-21,2026-01-01,1563,0,1824
FRA02091,Telangana,D026,Rangareddy,Shabad,Kesaram,Claimant_FRA02091,IFR,3.0,Approved,2023-07-24,2025-12-04,864,0,1153
FRA02092,Telangana,D003,Hanumakonda,Dharmanagar,Mustial,Claimant_FRA02092,IFR,0.77,Pending,2022-03-26,,,1638,1638
FRA02093,Telangana,D013,Mahabubabad,Bayyaram,Garla,Claimant_FRA02093,CFR,1.28,Approved,2022-11-04,2023-09-24,324,0,1415
FRA02094,Telangana,D001,Adilabad,Utnoor,Devapur,Claimant_FRA02094,IFR,6.18,Approved,2021-11-20,2022-06-02,194,0,1764
FRA02095,Telangana,D013,Mahabubabad,Kuravi,Seerole,Claimant_FRA02095,IFR,6.21,Approved,2026-05-08,2026-06-28,51,0,134
FRA02096,Telangana,D007,Jayashankar Bhupalpally,Regonda,Kannaram,Claimant_FRA02096,IFR,6.83,Approved,2024-01-06,2025-08-29,601,0,987
FRA02097,Telangana,D001,Adilabad,Utnoor,Devapur,Claimant_FRA02097,CFR,5.8,Approved,2022-10-13,2023-06-24,254,0,1437
FRA02098,Telangana,D004,Hyderabad,Charminar,Chandrayangutta,Claimant_FRA02098,CFR,2.16,Approved,2023-05-12,2023-09-05,116,0,1226
FRA02099,Telangana,D004,Hyderabad,Charminar,Chandrayangutta,Claimant_FRA02099,CFR,5.3,Rejected,2024-04-07,2024-09-20,166,0,895
FRA02100,Telangana,D011,Khammam,Kothagudem,Seetharampuram,Claimant_FRA02100,CFR,2.44,Approved,2024-08-31,2024-10-27,57,0,749
FRA02101,Telangana,D005,Jagtial,Metpally,Vellulla,Claimant_FRA02101,CFR,5.55,Approved,2021-10-14,2024-11-08,1121,0,1801
FRA02102,Telangana,D026,Rangareddy,Shabad,Kesaram,Claimant_FRA02102,CFR,3.64,Pending,2025-05-14,,,493,493
FRA02103,Telangana,D027,Sangareddy,Narayankhed,Kondapur,Claimant_FRA02103,CFR,4.84,Approved,2025-06-23,2025-09-10,79,0,453
FRA02104,Telangana,D001,Adilabad,Narnoor,Kothapalli,Claimant_FRA02104,CFR,1.03,Approved,2026-08-15,2026-09-06,22,0,35
FRA02105,Telangana,D033,Yadadri Bhuvanagiri,Bhongir,Anantharam,Claimant_FRA02105,IFR,2.3,Pending,2022-12-30,,,1359,1359
FRA02106,Telangana,D006,Jangaon,Jangaon,Pasumamula,Claimant_FRA02106,IFR,4.04,Pending,2022-12-17,,,1372,1372
FRA02107,Telangana,D032,Warangal,Narsampet,Madhira,Claimant_FRA02107,CFR,5.45,Pending,2026-08-03,,,47,47
FRA02108,Telangana,D004,Hyderabad,Amberpet,Azampura,Claimant_FRA02108,CFR,2.82,Rejected,2022-01-04,2025-10-09,1374,0,1719
FRA02109,Telangana,D019,Nagarkurnool,Amrabad,Mananur,Claimant_FRA02109,IFR,1.57,Approved,2025-05-31,2026-07-14,409,0,476
FRA02110,Telangana,D003,Hanumakonda,Dharmanagar,Mustial,Claimant_FRA02110,IFR,4.04,Approved,2024-02-20,2025-10-11,599,0,942
FRA02111,Telangana,D030,Vikarabad,Tandur,Kotbaspally,Claimant_FRA02111,IFR,7.45,Approved,2022-03-03,2025-10-17,1324,0,1661
FRA02112,Telangana,D006,Jangaon,Jangaon,Pasumamula,Claimant_FRA02112,CFR,3.44,Approved,2026-04-21,2026-07-03,73,0,151
FRA02113,Telangana,D004,Hyderabad,Charminar,Chandrayangutta,Claimant_FRA02113,CFR,3.38,Pending,2022-10-04,,,1446,1446
FRA02114,Telangana,D013,Mahabubabad,Bayyaram,Garla,Claimant_FRA02114,CFR,3.31,Approved,2022-07-26,2024-12-10,868,0,1516
FRA02115,Telangana,D003,Hanumakonda,Dharmanagar,Mustial,Claimant_FRA02115,IFR,4.52,Approved,2024-11-06,2026-05-21,561,0,682
FRA02116,Telangana,D019,Nagarkurnool,Amrabad,Mananur,Claimant_FRA02116,IFR,7.13,Approved,2023-06-10,2025-10-05,848,0,1197
FRA02117,Telangana,D019,Nagarkurnool,Amrabad,Mananur,Claimant_FRA02117,CFR,4.9,Approved,2024-05-29,2024-11-02,157,0,843
FRA02118,Telangana,D001,Adilabad,Utnoor,Devapur,Claimant_FRA02118,IFR,6.59,Approved,2022-09-07,2025-09-08,1097,0,1473
FRA02119,Telangana,D001,Adilabad,Narnoor,Kothapalli,Claimant_FRA02119,CFR,6.83,Approved,2026-03-24,2026-04-23,30,0,179
FRA02120,Telangana,D018,Mulugu,Eturunagaram,Katapur,Claimant_FRA02120,CFR,6.79,Pending,2024-02-04,,,958,958
FRA02121,Telangana,D001,Adilabad,Narnoor,Kothapalli,Claimant_FRA02121,CFR,2.42,Approved,2022-04-10,2024-08-15,858,0,1623
FRA02122,Telangana,D030,Vikarabad,Tandur,Kotbaspally,Claimant_FRA02122,CFR,7.85,Approved,2024-08-24,2025-09-04,376,0,756
FRA02123,Telangana,D032,Warangal,Narsampet,Madhira,Claimant_FRA02123,IFR,6.39,Pending,2026-09-08,,,11,11
FRA02124,Telangana,D005,Jagtial,Korutla,Ailapur,Claimant_FRA02124,IFR,4.15,Rejected,2023-06-09,2023-10-29,142,0,1198
FRA02125,Telangana,D003,Hanumakonda,Atmakur,Chowdapur,Claimant_FRA02125,CFR,1.04,Approved,2022-11-17,2024-07-02,593,0,1402
FRA02126,Telangana,D019,Nagarkurnool,Amrabad,Mananur,Claimant_FRA02126,CFR,4.58,Pending,2026-05-04,,,138,138
FRA02127,Telangana,D028,Siddipet,Husnabad,Pothireddypet,Claimant_FRA02127,CFR,0.94,Rejected,2026-06-02,2026-06-18,16,0,109
FRA02128,Telangana,D011,Khammam,Kothagudem,Seetharampuram,Claimant_FRA02128,CFR,0.79,Pending,2022-05-07,,,1596,1596
FRA02129,Telangana,D002,Bhadradri Kothagudem,Bhadrachalam,Nellipaka,Claimant_FRA02129,CFR,5.71,Pending,2024-07-19,,,792,792
FRA02130,Telangana,D002,Bhadradri Kothagudem,Kothagudem,Regalla,Claimant_FRA02130,IFR,0.53,Rejected,2022-04-25,2026-01-16,1362,0,1608
FRA02131,Telangana,D001,Adilabad,Boath,Ghanpur,Claimant_FRA02131,CFR,4.34,Approved,2023-01-12,2025-07-21,921,0,1346
FRA02132,Telangana,D002,Bhadradri Kothagudem,Manuguru,Anantharam,Claimant_FRA02132,CFR,6.1,Pending,2022-08-14,,,1497,1497
FRA02133,Telangana,D004,Hyderabad,Charminar,Chandrayangutta,Claimant_FRA02133,IFR,4.3,Approved,2022-12-01,2026-07-28,1335,0,1388
FRA02134,Telangana,D033,Yadadri Bhuvanagiri,Bhongir,Anantharam,Claimant_FRA02134,CFR,3.11,Approved,2022-02-08,2026-01-02,1424,0,1684
FRA02135,Telangana,D033,Yadadri Bhuvanagiri,Bhongir,Anantharam,Claimant_FRA02135,CFR,5.06,Pending,2026-09-09,,,10,10
FRA02136,Telangana,D001,Adilabad,Narnoor,Kothapalli,Claimant_FRA02136,CFR,6.05,Pending,2024-09-03,,,746,746
FRA02137,Telangana,D005,Jagtial,Metpally,Vellulla,Claimant_FRA02137,CFR,4.75,Approved,2026-07-16,2026-07-30,14,0,65
FRA02138,Telangana,D032,Warangal,Narsampet,Madhira,Claimant_FRA02138,CFR,6.75,Pending,2025-01-16,,,611,611
FRA02139,Telangana,D007,Jayashankar Bhupalpally,Chityal,Venkateshwarlapally,Claimant_FRA02139,CFR,7.41,Pending,2024-02-22,,,940,940
FRA02140,Telangana,D002,Bhadradri Kothagudem,Kothagudem,Regalla,Claimant_FRA02140,CFR,4.05,Approved,2021-10-02,2025-11-15,1505,0,1813
FRA02141,Telangana,D032,Warangal,Narsampet,Madhira,Claimant_FRA02141,IFR,5.91,Rejected,2023-02-13,2023-12-13,303,0,1314
FRA02142,Telangana,D018,Mulugu,Eturunagaram,Katapur,Claimant_FRA02142,IFR,7.54,Pending,2023-11-06,,,1048,1048
FRA02143,Telangana,D013,Mahabubabad,Kuravi,Seerole,Claimant_FRA02143,CFR,2.75,Rejected,2025-07-14,2026-04-16,276,0,432
FRA02144,Telangana,D005,Jagtial,Metpally,Vellulla,Claimant_FRA02144,IFR,1.19,Approved,2023-04-16,2026-08-20,1222,0,1252
FRA02145,Telangana,D004,Hyderabad,Amberpet,Azampura,Claimant_FRA02145,CFR,6.91,Approved,2023-03-10,2025-12-14,1010,0,1289
FRA02146,Telangana,D006,Jangaon,Jangaon,Pasumamula,Claimant_FRA02146,IFR,6.51,Rejected,2023-05-14,2025-09-13,853,0,1224
FRA02147,Telangana,D006,Jangaon,Station Ghanpur,Chilpur,Claimant_FRA02147,CFR,3.13,Approved,2023-03-26,2025-02-18,695,0,1273
FRA02148,Telangana,D030,Vikarabad,Tandur,Kotbaspally,Claimant_FRA02148,IFR,3.82,Pending,2023-10-30,,,1055,1055
FRA02149,Telangana,D032,Warangal,Narsampet,Madhira,Claimant_FRA02149,IFR,6.3,Approved,2023-07-20,2023-12-05,138,0,1157
FRA02150,Telangana,D003,Hanumakonda,Atmakur,Chowdapur,Claimant_FRA02150,IFR,6.03,Approved,2023-06-10,2026-04-12,1037,0,1197
FRA02151,Telangana,D019,Nagarkurnool,Amrabad,Mananur,Claimant_FRA02151,CFR,6.35,Approved,2022-04-07,2025-09-12,1254,0,1626
FRA02152,Telangana,D004,Hyderabad,Charminar,Chandrayangutta,Claimant_FRA02152,IFR,6.65,Pending,2022-06-02,,,1570,1570
FRA02153,Telangana,D032,Warangal,Narsampet,Madhira,Claimant_FRA02153,CFR,5.69,Pending,2026-03-19,,,184,184
FRA02154,Telangana,D004,Hyderabad,Charminar,Chandrayangutta,Claimant_FRA02154,IFR,5.31,Approved,2022-03-06,2023-04-04,394,0,1658
FRA02155,Telangana,D023,Nizamabad,Armoor,Mendora,Claimant_FRA02155,IFR,5.13,Approved,2023-06-16,2024-05-24,343,0,1191
FRA02156,Telangana,D011,Khammam,Kothagudem,Seetharampuram,Claimant_FRA02156,CFR,0.74,Rejected,2022-05-22,2026-02-07,1357,0,1581
FRA02157,Telangana,D027,Sangareddy,Narayankhed,Kondapur,Claimant_FRA02157,CFR,6.79,Rejected,2025-08-21,2026-04-20,242,0,394
FRA02158,Telangana,D005,Jagtial,Metpally,Vellulla,Claimant_FRA02158,CFR,4.71,Rejected,2021-10-18,2022-01-29,103,0,1797
FRA02159,Telangana,D018,Mulugu,Eturunagaram,Katapur,Claimant_FRA02159,CFR,1.82,Approved,2022-01-29,2022-09-10,224,0,1694
FRA02160,Telangana,D002,Bhadradri Kothagudem,Bhadrachalam,Nellipaka,Claimant_FRA02160,IFR,5.68,Rejected,2023-03-22,2024-05-06,411,0,1277
FRA02161,Telangana,D005,Jagtial,Metpally,Vellulla,Claimant_FRA02161,IFR,6.9,Pending,2023-08-25,,,1121,1121
FRA02162,Telangana,D001,Adilabad,Boath,Ghanpur,Claimant_FRA02162,CFR,1.66,Pending,2022-02-27,,,1665,1665
FRA02163,Telangana,D007,Jayashankar Bhupalpally,Regonda,Kannaram,Claimant_FRA02163,CFR,6.69,Approved,2026-06-25,2026-08-26,62,0,86
FRA02164,Telangana,D003,Hanumakonda,Dharmanagar,Mustial,Claimant_FRA02164,CFR,2.16,Rejected,2023-10-25,2024-03-04,131,0,1060
FRA02165,Telangana,D030,Vikarabad,Tandur,Kotbaspally,Claimant_FRA02165,CFR,2.68,Approved,2026-08-17,2026-08-30,13,0,33
FRA02166,Telangana,D001,Adilabad,Boath,Ghanpur,Claimant_FRA02166,IFR,6.02,Approved,2023-01-01,2025-11-19,1053,0,1357
FRA02167,Telangana,D028,Siddipet,Husnabad,Pothireddypet,Claimant_FRA02167,CFR,7.59,Approved,2025-09-17,2025-10-29,42,0,367
FRA02168,Telangana,D032,Warangal,Narsampet,Madhira,Claimant_FRA02168,IFR,1.53,Approved,2025-08-19,2026-07-23,338,0,396
FRA02169,Telangana,D018,Mulugu,Venkatapur,Narsapur,Claimant_FRA02169,IFR,3.38,Approved,2023-02-27,2024-12-28,670,0,1300
FRA02170,Telangana,D001,Adilabad,Narnoor,Kothapalli,Claimant_FRA02170,IFR,7.52,Approved,2025-08-05,2025-11-01,88,0,410
FRA02171,Telangana,D032,Warangal,Narsampet,Madhira,Claimant_FRA02171,CFR,2.72,Approved,2024-05-21,2025-11-16,544,0,851
FRA02172,Telangana,D033,Yadadri Bhuvanagiri,Bhongir,Anantharam,Claimant_FRA02172,CFR,4.38,Rejected,2022-12-06,2024-06-27,569,0,1383
FRA02173,Telangana,D002,Bhadradri Kothagudem,Kothagudem,Regalla,Claimant_FRA02173,CFR,5.04,Approved,2026-08-26,2026-09-15,20,0,24
FRA02174,Telangana,D011,Khammam,Kothagudem,Seetharampuram,Claimant_FRA02174,CFR,7.85,Pending,2021-12-02,,,1752,1752
FRA02175,Telangana,D030,Vikarabad,Tandur,Kotbaspally,Claimant_FRA02175,IFR,3.0,Pending,2026-07-07,,,74,74
FRA02176,Telangana,D011,Khammam,Wyra,Gollapadu,Claimant_FRA02176,CFR,3.79,Approved,2024-01-11,2025-01-06,361,0,982
FRA02177,Telangana,D027,Sangareddy,Narayankhed,Kondapur,Claimant_FRA02177,CFR,1.05,Approved,2022-01-26,2026-09-01,1679,0,1697
FRA02178,Telangana,D007,Jayashankar Bhupalpally,Regonda,Kannaram,Claimant_FRA02178,IFR,4.29,Pending,2023-11-03,,,1051,1051
FRA02179,Telangana,D020,Nalgonda,Devarakonda,Chinthapally,Claimant_FRA02179,CFR,6.11,Pending,2023-05-30,,,1208,1208
FRA02180,Telangana,D018,Mulugu,Venkatapur,Narsapur,Claimant_FRA02180,IFR,6.43,Approved,2025-02-19,2025-10-08,231,0,577
FRA02181,Telangana,D032,Warangal,Narsampet,Madhira,Claimant_FRA02181,CFR,6.17,Pending,2023-10-15,,,1070,1070
FRA02182,Telangana,D001,Adilabad,Narnoor,Kothapalli,Claimant_FRA02182,CFR,4.68,Approved,2023-01-08,2025-12-13,1070,0,1350
FRA02183,Telangana,D006,Jangaon,Station Ghanpur,Chilpur,Claimant_FRA02183,CFR,3.69,Approved,2022-09-08,2025-07-20,1046,0,1472
FRA02184,Telangana,D007,Jayashankar Bhupalpally,Regonda,Kannaram,Claimant_FRA02184,IFR,1.51,Approved,2023-07-26,2025-01-05,529,0,1151
FRA02185,Telangana,D001,Adilabad,Boath,Ghanpur,Claimant_FRA02185,CFR,7.11,Approved,2025-07-22,2025-11-08,109,0,424
FRA02186,Telangana,D001,Adilabad,Utnoor,Devapur,Claimant_FRA02186,CFR,4.55,Pending,2025-06-09,,,467,467
FRA02187,Telangana,D002,Bhadradri Kothagudem,Manuguru,Anantharam,Claimant_FRA02187,CFR,4.07,Pending,2021-10-07,,,1808,1808
FRA02188,Telangana,D001,Adilabad,Utnoor,Devapur,Claimant_FRA02188,CFR,4.46,Approved,2021-12-31,2022-06-25,176,0,1723
FRA02189,Telangana,D018,Mulugu,Venkatapur,Narsapur,Claimant_FRA02189,IFR,0.71,Approved,2023-05-04,2026-06-20,1143,0,1234
FRA02190,Telangana,D001,Adilabad,Boath,Ghanpur,Claimant_FRA02190,IFR,4.24,Approved,2026-07-26,2026-08-10,15,0,55
FRA02191,Telangana,D001,Adilabad,Utnoor,Devapur,Claimant_FRA02191,IFR,4.86,Approved,2024-03-16,2026-09-09,907,0,917
FRA02192,Telangana,D023,Nizamabad,Armoor,Mendora,Claimant_FRA02192,IFR,7.09,Pending,2024-05-31,,,841,841
FRA02193,Telangana,D005,Jagtial,Korutla,Ailapur,Claimant_FRA02193,IFR,4.09,Approved,2024-07-29,2024-10-09,72,0,782
FRA02194,Telangana,D002,Bhadradri Kothagudem,Manuguru,Anantharam,Claimant_FRA02194,IFR,2.39,Approved,2023-02-24,2024-02-12,353,0,1303
FRA02195,Telangana,D018,Mulugu,Eturunagaram,Katapur,Claimant_FRA02195,IFR,4.39,Approved,2026-01-23,2026-01-30,7,0,239
FRA02196,Telangana,D028,Siddipet,Husnabad,Pothireddypet,Claimant_FRA02196,CFR,2.5,Pending,2023-10-18,,,1067,1067
FRA02197,Telangana,D004,Hyderabad,Amberpet,Azampura,Claimant_FRA02197,CFR,3.06,Rejected,2022-06-15,2024-05-04,689,0,1557
FRA02198,Telangana,D011,Khammam,Kothagudem,Seetharampuram,Claimant_FRA02198,CFR,4.05,Pending,2022-09-10,,,1470,1470
FRA02199,Telangana,D002,Bhadradri Kothagudem,Bhadrachalam,Nellipaka,Claimant_FRA02199,IFR,1.43,Approved,2023-09-11,2024-12-08,454,0,1104
FRA02200,Telangana,D003,Hanumakonda,Atmakur,Chowdapur,Claimant_FRA02200,IFR,6.41,Approved,2024-10-16,2026-01-03,444,0,703
FRA02201,Telangana,D023,Nizamabad,Armoor,Mendora,Claimant_FRA02201,CFR,7.87,Approved,2023-01-10,2025-03-26,806,0,1348
FRA02202,Telangana,D006,Jangaon,Jangaon,Pasumamula,Claimant_FRA02202,CFR,7.31,Approved,2025-05-12,2025-06-13,32,0,495
FRA02203,Telangana,D004,Hyderabad,Amberpet,Azampura,Claimant_FRA02203,CFR,4.54,Pending,2022-06-10,,,1562,1562
FRA02204,Telangana,D013,Mahabubabad,Kuravi,Seerole,Claimant_FRA02204,IFR,1.33,Approved,2026-05-16,2026-06-30,45,0,126
FRA02205,Telangana,D011,Khammam,Wyra,Gollapadu,Claimant_FRA02205,IFR,3.38,Approved,2022-10-29,2022-11-17,19,0,1421
FRA02206,Telangana,D002,Bhadradri Kothagudem,Bhadrachalam,Nellipaka,Claimant_FRA02206,CFR,5.38,Approved,2025-03-27,2026-07-10,470,0,541
FRA02207,Telangana,D026,Rangareddy,Shabad,Kesaram,Claimant_FRA02207,IFR,6.74,Approved,2021-12-10,2022-11-06,331,0,1744
FRA02208,Telangana,D007,Jayashankar Bhupalpally,Regonda,Kannaram,Claimant_FRA02208,IFR,7.44,Approved,2023-08-21,2026-07-12,1056,0,1125
FRA02209,Telangana,D030,Vikarabad,Tandur,Kotbaspally,Claimant_FRA02209,IFR,5.23,Approved,2025-08-04,2025-12-02,120,0,411
FRA02210,Telangana,D007,Jayashankar Bhupalpally,Regonda,Kannaram,Claimant_FRA02210,CFR,3.66,Rejected,2023-12-10,2026-02-10,793,0,1014
FRA02211,Telangana,D002,Bhadradri Kothagudem,Manuguru,Anantharam,Claimant_FRA02211,IFR,2.99,Pending,2024-01-23,,,970,970
FRA02212,Telangana,D033,Yadadri Bhuvanagiri,Bhongir,Anantharam,Claimant_FRA02212,IFR,4.94,Pending,2025-09-26,,,358,358
FRA02213,Telangana,D019,Nagarkurnool,Amrabad,Mananur,Claimant_FRA02213,IFR,2.14,Approved,2023-04-29,2025-03-09,680,0,1239
FRA02214,Telangana,D011,Khammam,Kothagudem,Seetharampuram,Claimant_FRA02214,CFR,4.32,Approved,2023-03-19,2025-09-27,923,0,1280
FRA02215,Telangana,D005,Jagtial,Korutla,Ailapur,Claimant_FRA02215,IFR,2.12,Rejected,2025-01-20,2026-06-07,503,0,607
FRA02216,Telangana,D001,Adilabad,Utnoor,Devapur,Claimant_FRA02216,IFR,5.8,Rejected,2024-11-18,2024-12-02,14,0,670
FRA02217,Telangana,D018,Mulugu,Venkatapur,Narsapur,Claimant_FRA02217,IFR,6.45,Pending,2024-06-24,,,817,817
FRA02218,Telangana,D007,Jayashankar Bhupalpally,Regonda,Kannaram,Claimant_FRA02218,CFR,4.0,Approved,2024-12-06,2026-05-15,525,0,652
FRA02219,Telangana,D013,Mahabubabad,Kuravi,Seerole,Claimant_FRA02219,CFR,5.95,Pending,2023-03-17,,,1282,1282
FRA02220,Telangana,D002,Bhadradri Kothagudem,Manuguru,Anantharam,Claimant_FRA02220,CFR,5.65,Pending,2024-04-04,,,898,898
FRA02221,Telangana,D033,Yadadri Bhuvanagiri,Bhongir,Anantharam,Claimant_FRA02221,IFR,5.22,Rejected,2023-09-20,2025-08-08,688,0,1095
FRA02222,Telangana,D019,Nagarkurnool,Amrabad,Mananur,Claimant_FRA02222,CFR,3.35,Pending,2026-03-22,,,181,181
FRA02223,Telangana,D028,Siddipet,Husnabad,Pothireddypet,Claimant_FRA02223,IFR,3.52,Approved,2022-11-23,2026-07-04,1319,0,1396
FRA02224,Telangana,D032,Warangal,Narsampet,Madhira,Claimant_FRA02224,IFR,6.42,Approved,2024-02-29,2025-10-04,583,0,933
FRA02225,Telangana,D018,Mulugu,Eturunagaram,Katapur,Claimant_FRA02225,CFR,1.36,Approved,2022-07-23,2024-08-11,750,0,1519
FRA02226,Telangana,D018,Mulugu,Eturunagaram,Katapur,Claimant_FRA02226,CFR,5.65,Rejected,2022-08-07,2026-09-08,1493,0,1504
FRA02227,Telangana,D026,Rangareddy,Shabad,Kesaram,Claimant_FRA02227,IFR,5.85,Approved,2023-09-04,2024-02-01,150,0,1111
FRA02228,Telangana,D032,Warangal,Narsampet,Madhira,Claimant_FRA02228,IFR,2.12,Pending,2025-06-11,,,465,465
FRA02229,Telangana,D011,Khammam,Wyra,Gollapadu,Claimant_FRA02229,IFR,3.64,Approved,2023-12-11,2025-09-15,644,0,1013
FRA02230,Telangana,D018,Mulugu,Venkatapur,Narsapur,Claimant_FRA02230,IFR,5.64,Approved,2023-09-04,2026-07-14,1044,0,1111
FRA02231,Telangana,D002,Bhadradri Kothagudem,Kothagudem,Regalla,Claimant_FRA02231,CFR,7.34,Pending,2022-10-18,,,1432,1432
FRA02232,Telangana,D013,Mahabubabad,Kuravi,Seerole,Claimant_FRA02232,CFR,5.88,Pending,2026-05-14,,,128,128
FRA02233,Telangana,D002,Bhadradri Kothagudem,Kothagudem,Regalla,Claimant_FRA02233,IFR,1.97,Pending,2025-12-09,,,284,284
FRA02234,Telangana,D011,Khammam,Kothagudem,Seetharampuram,Claimant_FRA02234,CFR,5.12,Pending,2025-12-19,,,274,274
FRA02235,Telangana,D028,Siddipet,Husnabad,Pothireddypet,Claimant_FRA02235,CFR,4.86,Rejected,2023-05-26,2024-08-24,456,0,1212
FRA02236,Telangana,D002,Bhadradri Kothagudem,Kothagudem,Regalla,Claimant_FRA02236,CFR,5.51,Pending,2022-03-30,,,1634,1634
FRA02237,Telangana,D011,Khammam,Kothagudem,Seetharampuram,Claimant_FRA02237,CFR,6.91,Approved,2022-01-03,2023-07-12,555,0,1720
FRA02238,Telangana,D013,Mahabubabad,Kuravi,Seerole,Claimant_FRA02238,CFR,1.84,Approved,2026-01-06,2026-08-03,209,0,256
FRA02239,Telangana,D005,Jagtial,Metpally,Vellulla,Claimant_FRA02239,IFR,7.05,Approved,2024-11-14,2026-02-11,454,0,674
FRA02240,Telangana,D027,Sangareddy,Narayankhed,Kondapur,Claimant_FRA02240,CFR,6.95,Pending,2025-06-26,,,450,450
FRA02241,Telangana,D004,Hyderabad,Amberpet,Azampura,Claimant_FRA02241,CFR,5.11,Rejected,2025-10-08,2025-10-25,17,0,346
FRA02242,Telangana,D018,Mulugu,Eturunagaram,Katapur,Claimant_FRA02242,IFR,1.61,Approved,2024-05-30,2025-10-07,495,0,842
FRA02243,Telangana,D005,Jagtial,Metpally,Vellulla,Claimant_FRA02243,IFR,7.08,Approved,2025-01-31,2025-05-10,99,0,596
FRA02244,Telangana,D002,Bhadradri Kothagudem,Manuguru,Anantharam,Claimant_FRA02244,CFR,0.72,Approved,2025-08-30,2025-12-06,98,0,385
FRA02245,Telangana,D004,Hyderabad,Charminar,Chandrayangutta,Claimant_FRA02245,CFR,7.18,Approved,2025-01-11,2025-09-07,239,0,616
FRA02246,Telangana,D001,Adilabad,Narnoor,Kothapalli,Claimant_FRA02246,CFR,7.32,Pending,2026-07-07,,,74,74
FRA02247,Telangana,D002,Bhadradri Kothagudem,Kothagudem,Regalla,Claimant_FRA02247,IFR,6.78,Pending,2023-10-04,,,1081,1081
FRA02248,Telangana,D023,Nizamabad,Armoor,Mendora,Claimant_FRA02248,CFR,5.56,Pending,2022-04-14,,,1619,1619
FRA02249,Telangana,D002,Bhadradri Kothagudem,Manuguru,Anantharam,Claimant_FRA02249,IFR,3.18,Approved,2022-01-21,2022-07-21,181,0,1702
FRA02250,Telangana,D002,Bhadradri Kothagudem,Kothagudem,Regalla,Claimant_FRA02250,IFR,2.36,Pending,2022-07-22,,,1520,1520
FRA02251,Telangana,D026,Rangareddy,Shabad,Kesaram,Claimant_FRA02251,CFR,5.19,Approved,2025-08-07,2026-03-04,209,0,408
FRA02252,Telangana,D026,Rangareddy,Shabad,Kesaram,Claimant_FRA02252,CFR,6.6,Pending,2025-02-17,,,579,579
FRA02253,Telangana,D018,Mulugu,Venkatapur,Narsapur,Claimant_FRA02253,IFR,7.2,Pending,2023-01-08,,,1350,1350
FRA02254,Telangana,D003,Hanumakonda,Dharmanagar,Mustial,Claimant_FRA02254,CFR,5.16,Approved,2025-10-29,2026-02-09,103,0,325
FRA02255,Telangana,D032,Warangal,Narsampet,Madhira,Claimant_FRA02255,CFR,3.34,Approved,2021-09-24,2022-03-27,184,0,1821
FRA02256,Telangana,D028,Siddipet,Husnabad,Pothireddypet,Claimant_FRA02256,IFR,1.48,Approved,2025-03-29,2025-10-28,213,0,539
FRA02257,Telangana,D019,Nagarkurnool,Amrabad,Mananur,Claimant_FRA02257,IFR,3.96,Approved,2026-08-13,2026-08-18,5,0,37
FRA02258,Telangana,D026,Rangareddy,Shabad,Kesaram,Claimant_FRA02258,IFR,3.77,Approved,2026-03-08,2026-06-26,110,0,195
FRA02259,Telangana,D020,Nalgonda,Devarakonda,Chinthapally,Claimant_FRA02259,CFR,5.86,Approved,2024-09-21,2025-10-08,382,0,728
FRA02260,Telangana,D013,Mahabubabad,Bayyaram,Garla,Claimant_FRA02260,IFR,7.23,Pending,2023-08-26,,,1120,1120
FRA02261,Telangana,D001,Adilabad,Narnoor,Kothapalli,Claimant_FRA02261,CFR,7.4,Pending,2025-06-03,,,473,473
FRA02262,Telangana,D007,Jayashankar Bhupalpally,Chityal,Venkateshwarlapally,Claimant_FRA02262,CFR,6.43,Approved,2026-06-25,2026-09-14,81,0,86
FRA02263,Telangana,D007,Jayashankar Bhupalpally,Regonda,Kannaram,Claimant_FRA02263,IFR,2.0,Pending,2024-12-31,,,627,627
FRA02264,Telangana,D013,Mahabubabad,Bayyaram,Garla,Claimant_FRA02264,IFR,0.61,Approved,2024-01-29,2024-10-31,276,0,964
FRA02265,Telangana,D003,Hanumakonda,Dharmanagar,Mustial,Claimant_FRA02265,IFR,0.75,Pending,2023-03-14,,,1285,1285
FRA02266,Telangana,D004,Hyderabad,Charminar,Chandrayangutta,Claimant_FRA02266,IFR,1.46,Approved,2022-07-28,2025-08-01,1100,0,1514
FRA02267,Telangana,D004,Hyderabad,Charminar,Chandrayangutta,Claimant_FRA02267,IFR,1.5,Approved,2023-08-08,2024-01-07,152,0,1138
FRA02268,Telangana,D011,Khammam,Wyra,Gollapadu,Claimant_FRA02268,CFR,7.77,Pending,2025-08-29,,,386,386
FRA02269,Telangana,D032,Warangal,Narsampet,Madhira,Claimant_FRA02269,IFR,1.36,Pending,2025-12-01,,,292,292
FRA02270,Telangana,D007,Jayashankar Bhupalpally,Chityal,Venkateshwarlapally,Claimant_FRA02270,CFR,4.19,Approved,2025-09-23,2025-10-08,15,0,361
FRA02271,Telangana,D001,Adilabad,Narnoor,Kothapalli,Claimant_FRA02271,IFR,4.62,Pending,2021-11-03,,,1781,1781
FRA02272,Telangana,D002,Bhadradri Kothagudem,Bhadrachalam,Nellipaka,Claimant_FRA02272,IFR,6.16,Rejected,2024-10-30,2026-03-27,513,0,689
FRA02273,Telangana,D001,Adilabad,Boath,Ghanpur,Claimant_FRA02273,IFR,7.94,Approved,2024-05-11,2026-07-06,786,0,861
FRA02274,Telangana,D006,Jangaon,Station Ghanpur,Chilpur,Claimant_FRA02274,IFR,2.01,Approved,2025-12-23,2026-03-12,79,0,270
FRA02275,Telangana,D003,Hanumakonda,Atmakur,Chowdapur,Claimant_FRA02275,IFR,7.49,Approved,2026-09-01,2026-09-06,5,0,18
FRA02276,Telangana,D005,Jagtial,Metpally,Vellulla,Claimant_FRA02276,IFR,5.76,Pending,2026-01-18,,,244,244
FRA02277,Telangana,D020,Nalgonda,Devarakonda,Chinthapally,Claimant_FRA02277,IFR,4.24,Pending,2023-03-19,,,1280,1280
FRA02278,Telangana,D011,Khammam,Wyra,Gollapadu,Claimant_FRA02278,CFR,6.31,Pending,2023-07-23,,,1154,1154
FRA02279,Telangana,D028,Siddipet,Husnabad,Pothireddypet,Claimant_FRA02279,CFR,2.89,Pending,2025-09-30,,,354,354
FRA02280,Telangana,D003,Hanumakonda,Dharmanagar,Mustial,Claimant_FRA02280,CFR,7.78,Rejected,2024-01-15,2024-07-08,175,0,978
FRA02281,Telangana,D004,Hyderabad,Charminar,Chandrayangutta,Claimant_FRA02281,IFR,3.23,Pending,2023-02-15,,,1312,1312
FRA02282,Telangana,D018,Mulugu,Eturunagaram,Katapur,Claimant_FRA02282,CFR,1.82,Approved,2024-10-25,2025-10-22,362,0,694
FRA02283,Telangana,D005,Jagtial,Metpally,Vellulla,Claimant_FRA02283,IFR,6.67,Approved,2025-07-11,2025-07-14,3,0,435
FRA02284,Telangana,D004,Hyderabad,Amberpet,Azampura,Claimant_FRA02284,CFR,0.61,Rejected,2023-03-16,2026-03-04,1084,0,1283
FRA02285,Telangana,D032,Warangal,Narsampet,Madhira,Claimant_FRA02285,CFR,5.31,Pending,2026-09-13,,,6,6
FRA02286,Telangana,D002,Bhadradri Kothagudem,Manuguru,Anantharam,Claimant_FRA02286,CFR,6.43,Pending,2024-03-24,,,909,909
FRA02287,Telangana,D002,Bhadradri Kothagudem,Bhadrachalam,Nellipaka,Claimant_FRA02287,CFR,3.83,Pending,2025-01-21,,,606,606
FRA02288,Telangana,D032,Warangal,Narsampet,Madhira,Claimant_FRA02288,CFR,4.86,Pending,2026-05-07,,,135,135
FRA02289,Telangana,D023,Nizamabad,Armoor,Mendora,Claimant_FRA02289,CFR,4.69,Pending,2024-05-22,,,850,850
FRA02290,Telangana,D032,Warangal,Narsampet,Madhira,Claimant_FRA02290,IFR,7.39,Approved,2023-02-05,2023-08-02,178,0,1322
FRA02291,Telangana,D004,Hyderabad,Charminar,Chandrayangutta,Claimant_FRA02291,CFR,5.97,Approved,2025-09-02,2026-04-02,212,0,382
FRA02292,Telangana,D013,Mahabubabad,Bayyaram,Garla,Claimant_FRA02292,CFR,7.98,Approved,2022-07-25,2023-05-04,283,0,1517
FRA02293,Telangana,D033,Yadadri Bhuvanagiri,Bhongir,Anantharam,Claimant_FRA02293,CFR,7.88,Approved,2022-02-27,2023-05-07,434,0,1665
FRA02294,Telangana,D028,Siddipet,Husnabad,Pothireddypet,Claimant_FRA02294,IFR,4.94,Rejected,2024-09-28,2025-04-12,196,0,721
FRA02295,Telangana,D013,Mahabubabad,Kuravi,Seerole,Claimant_FRA02295,IFR,6.54,Approved,2024-12-09,2026-03-10,456,0,649
FRA02296,Telangana,D019,Nagarkurnool,Amrabad,Mananur,Claimant_FRA02296,CFR,6.66,Approved,2021-10-05,2022-11-28,419,0,1810
FRA02297,Telangana,D026,Rangareddy,Shabad,Kesaram,Claimant_FRA02297,IFR,0.85,Approved,2021-10-10,2023-07-02,630,0,1805
FRA02298,Telangana,D019,Nagarkurnool,Amrabad,Mananur,Claimant_FRA02298,CFR,7.97,Approved,2026-05-10,2026-05-25,15,0,132
FRA02299,Telangana,D003,Hanumakonda,Atmakur,Chowdapur,Claimant_FRA02299,CFR,4.1,Rejected,2023-02-02,2025-04-19,807,0,1325
FRA02300,Telangana,D002,Bhadradri Kothagudem,Manuguru,Anantharam,Claimant_FRA02300,IFR,1.4,Approved,2023-06-28,2023-09-25,89,0,1179
FRA02301,Telangana,D011,Khammam,Wyra,Gollapadu,Claimant_FRA02301,CFR,3.3,Approved,2022-05-31,2025-09-05,1193,0,1572
FRA02302,Telangana,D033,Yadadri Bhuvanagiri,Bhongir,Anantharam,Claimant_FRA02302,IFR,3.41,Approved,2025-04-16,2026-03-18,336,0,521
FRA02303,Telangana,D023,Nizamabad,Armoor,Mendora,Claimant_FRA02303,IFR,1.45,Approved,2024-10-20,2026-08-26,675,0,699
FRA02304,Telangana,D005,Jagtial,Metpally,Vellulla,Claimant_FRA02304,CFR,5.0,Approved,2025-10-12,2026-04-08,178,0,342
FRA02305,Telangana,D003,Hanumakonda,Dharmanagar,Mustial,Claimant_FRA02305,CFR,4.4,Pending,2025-02-17,,,579,579
FRA02306,Telangana,D023,Nizamabad,Armoor,Mendora,Claimant_FRA02306,IFR,3.14,Pending,2023-01-04,,,1354,1354
FRA02307,Telangana,D018,Mulugu,Eturunagaram,Katapur,Claimant_FRA02307,CFR,1.16,Pending,2023-05-09,,,1229,1229
FRA02308,Telangana,D007,Jayashankar Bhupalpally,Regonda,Kannaram,Claimant_FRA02308,IFR,3.39,Approved,2024-06-26,2026-02-07,591,0,815
FRA02309,Telangana,D002,Bhadradri Kothagudem,Manuguru,Anantharam,Claimant_FRA02309,IFR,1.68,Pending,2023-09-23,,,1092,1092
FRA02310,Telangana,D003,Hanumakonda,Atmakur,Chowdapur,Claimant_FRA02310,CFR,3.21,Approved,2024-06-13,2025-07-01,383,0,828
FRA02311,Telangana,D019,Nagarkurnool,Amrabad,Mananur,Claimant_FRA02311,CFR,1.98,Approved,2021-10-08,2025-09-02,1425,0,1807
FRA02312,Telangana,D002,Bhadradri Kothagudem,Kothagudem,Regalla,Claimant_FRA02312,IFR,0.71,Rejected,2022-10-19,2022-12-20,62,0,1431
FRA02313,Telangana,D019,Nagarkurnool,Amrabad,Mananur,Claimant_FRA02313,CFR,2.53,Approved,2022-07-23,2023-07-03,345,0,1519
FRA02314,Telangana,D001,Adilabad,Utnoor,Devapur,Claimant_FRA02314,CFR,2.01,Approved,2025-03-17,2025-11-17,245,0,551
FRA02315,Telangana,D002,Bhadradri Kothagudem,Bhadrachalam,Nellipaka,Claimant_FRA02315,IFR,0.65,Rejected,2022-04-09,2024-01-15,646,0,1624
FRA02316,Telangana,D004,Hyderabad,Charminar,Chandrayangutta,Claimant_FRA02316,IFR,1.32,Pending,2022-04-10,,,1623,1623
FRA02317,Telangana,D001,Adilabad,Utnoor,Devapur,Claimant_FRA02317,IFR,6.63,Pending,2023-01-11,,,1347,1347
FRA02318,Telangana,D013,Mahabubabad,Bayyaram,Garla,Claimant_FRA02318,CFR,4.91,Approved,2024-09-13,2026-04-12,576,0,736
FRA02319,Telangana,D005,Jagtial,Korutla,Ailapur,Claimant_FRA02319,IFR,1.92,Approved,2025-08-31,2026-08-11,345,0,384
FRA02320,Telangana,D018,Mulugu,Venkatapur,Narsapur,Claimant_FRA02320,IFR,5.9,Approved,2024-04-08,2025-05-27,414,0,894
FRA02321,Telangana,D032,Warangal,Narsampet,Madhira,Claimant_FRA02321,IFR,6.13,Approved,2022-11-14,2024-12-29,776,0,1405
FRA02322,Telangana,D018,Mulugu,Eturunagaram,Katapur,Claimant_FRA02322,CFR,5.22,Rejected,2024-03-10,2025-04-21,407,0,923
FRA02323,Telangana,D007,Jayashankar Bhupalpally,Regonda,Kannaram,Claimant_FRA02323,IFR,3.93,Approved,2022-11-22,2023-06-12,202,0,1397
FRA02324,Telangana,D001,Adilabad,Narnoor,Kothapalli,Claimant_FRA02324,CFR,5.55,Pending,2022-12-24,,,1365,1365
FRA02325,Telangana,D013,Mahabubabad,Bayyaram,Garla,Claimant_FRA02325,IFR,7.93,Approved,2024-05-17,2025-03-15,302,0,855
FRA02326,Telangana,D005,Jagtial,Metpally,Vellulla,Claimant_FRA02326,IFR,5.1,Approved,2022-04-19,2023-03-05,320,0,1614
FRA02327,Telangana,D032,Warangal,Narsampet,Madhira,Claimant_FRA02327,IFR,7.44,Approved,2023-08-05,2024-05-27,296,0,1141
FRA02328,Telangana,D033,Yadadri Bhuvanagiri,Bhongir,Anantharam,Claimant_FRA02328,CFR,3.65,Approved,2022-07-14,2024-01-02,537,0,1528
FRA02329,Telangana,D013,Mahabubabad,Kuravi,Seerole,Claimant_FRA02329,CFR,3.21,Pending,2022-11-08,,,1411,1411
FRA02330,Telangana,D006,Jangaon,Jangaon,Pasumamula,Claimant_FRA02330,IFR,0.91,Pending,2024-02-06,,,956,956
FRA02331,Telangana,D005,Jagtial,Korutla,Ailapur,Claimant_FRA02331,CFR,2.83,Pending,2023-07-11,,,1166,1166
FRA02332,Telangana,D004,Hyderabad,Amberpet,Azampura,Claimant_FRA02332,CFR,4.22,Approved,2025-05-10,2026-04-16,341,0,497
FRA02333,Telangana,D002,Bhadradri Kothagudem,Manuguru,Anantharam,Claimant_FRA02333,IFR,0.57,Pending,2022-05-08,,,1595,1595
FRA02334,Telangana,D001,Adilabad,Boath,Ghanpur,Claimant_FRA02334,IFR,7.71,Approved,2026-01-24,2026-04-12,78,0,238
FRA02335,Telangana,D006,Jangaon,Jangaon,Pasumamula,Claimant_FRA02335,CFR,2.35,Pending,2022-12-01,,,1388,1388
FRA02336,Telangana,D027,Sangareddy,Narayankhed,Kondapur,Claimant_FRA02336,CFR,2.31,Pending,2025-12-15,,,278,278
FRA02337,Telangana,D002,Bhadradri Kothagudem,Bhadrachalam,Nellipaka,Claimant_FRA02337,IFR,0.88,Approved,2024-04-17,2025-06-30,439,0,885
FRA02338,Telangana,D011,Khammam,Kothagudem,Seetharampuram,Claimant_FRA02338,CFR,7.8,Approved,2024-02-23,2026-04-14,781,0,939
FRA02339,Telangana,D019,Nagarkurnool,Amrabad,Mananur,Claimant_FRA02339,CFR,1.68,Approved,2023-05-05,2025-05-09,735,0,1233
FRA02340,Telangana,D033,Yadadri Bhuvanagiri,Bhongir,Anantharam,Claimant_FRA02340,CFR,3.35,Pending,2023-03-24,,,1275,1275
FRA02341,Telangana,D001,Adilabad,Utnoor,Devapur,Claimant_FRA02341,IFR,5.77,Pending,2022-11-28,,,1391,1391
FRA02342,Telangana,D013,Mahabubabad,Bayyaram,Garla,Claimant_FRA02342,IFR,4.65,Rejected,2022-09-16,2024-12-29,835,0,1464
FRA02343,Telangana,D007,Jayashankar Bhupalpally,Chityal,Venkateshwarlapally,Claimant_FRA02343,CFR,4.97,Pending,2025-10-20,,,334,334
FRA02344,Telangana,D028,Siddipet,Husnabad,Pothireddypet,Claimant_FRA02344,CFR,0.73,Approved,2022-11-04,2024-08-20,655,0,1415
FRA02345,Telangana,D023,Nizamabad,Armoor,Mendora,Claimant_FRA02345,IFR,3.09,Approved,2024-11-25,2025-06-01,188,0,663
FRA02346,Telangana,D011,Khammam,Wyra,Gollapadu,Claimant_FRA02346,CFR,1.86,Approved,2023-06-29,2024-04-23,299,0,1178
FRA02347,Telangana,D001,Adilabad,Narnoor,Kothapalli,Claimant_FRA02347,IFR,6.9,Approved,2023-10-28,2024-12-10,409,0,1057
FRA02348,Telangana,D004,Hyderabad,Charminar,Chandrayangutta,Claimant_FRA02348,IFR,1.24,Approved,2026-04-03,2026-09-18,168,0,169
FRA02349,Telangana,D026,Rangareddy,Shabad,Kesaram,Claimant_FRA02349,IFR,4.22,Rejected,2022-05-26,2023-04-27,336,0,1577
FRA02350,Telangana,D001,Adilabad,Utnoor,Devapur,Claimant_FRA02350,CFR,1.01,Approved,2024-08-30,2025-06-26,300,0,750
FRA02351,Telangana,D023,Nizamabad,Armoor,Mendora,Claimant_FRA02351,IFR,0.99,Approved,2025-02-19,2026-09-02,560,0,577
FRA02352,Telangana,D001,Adilabad,Narnoor,Kothapalli,Claimant_FRA02352,CFR,1.43,Approved,2021-12-16,2023-08-05,597,0,1738
FRA02353,Telangana,D018,Mulugu,Venkatapur,Narsapur,Claimant_FRA02353,IFR,5.05,Pending,2024-11-22,,,666,666
FRA02354,Telangana,D006,Jangaon,Station Ghanpur,Chilpur,Claimant_FRA02354,IFR,4.0,Approved,2022-01-06,2022-10-23,290,0,1717
FRA02355,Telangana,D033,Yadadri Bhuvanagiri,Bhongir,Anantharam,Claimant_FRA02355,CFR,5.45,Approved,2021-11-28,2025-06-23,1303,0,1756
FRA02356,Telangana,D032,Warangal,Narsampet,Madhira,Claimant_FRA02356,IFR,4.82,Pending,2026-02-01,,,230,230
FRA02357,Telangana,D005,Jagtial,Metpally,Vellulla,Claimant_FRA02357,IFR,2.07,Approved,2026-03-06,2026-05-02,57,0,197
FRA02358,Telangana,D027,Sangareddy,Narayankhed,Kondapur,Claimant_FRA02358,IFR,0.62,Approved,2024-01-25,2025-09-25,609,0,968
FRA02359,Telangana,D030,Vikarabad,Tandur,Kotbaspally,Claimant_FRA02359,IFR,3.67,Approved,2024-11-13,2026-09-16,672,0,675
FRA02360,Telangana,D013,Mahabubabad,Bayyaram,Garla,Claimant_FRA02360,CFR,2.68,Approved,2026-06-29,2026-06-29,0,0,82
FRA02361,Telangana,D027,Sangareddy,Narayankhed,Kondapur,Claimant_FRA02361,IFR,5.02,Approved,2022-11-08,2026-05-21,1290,0,1411
FRA02362,Telangana,D003,Hanumakonda,Atmakur,Chowdapur,Claimant_FRA02362,CFR,6.14,Pending,2026-09-18,,,1,1
FRA02363,Telangana,D032,Warangal,Narsampet,Madhira,Claimant_FRA02363,CFR,6.99,Rejected,2026-02-02,2026-05-13,100,0,229
FRA02364,Telangana,D027,Sangareddy,Narayankhed,Kondapur,Claimant_FRA02364,IFR,4.97,Approved,2022-12-13,2026-03-27,1200,0,1376
FRA02365,Telangana,D026,Rangareddy,Shabad,Kesaram,Claimant_FRA02365,CFR,6.59,Approved,2021-09-21,2022-11-18,423,0,1824
FRA02366,Telangana,D013,Mahabubabad,Bayyaram,Garla,Claimant_FRA02366,CFR,5.34,Approved,2023-11-30,2025-06-10,558,0,1024
FRA02367,Telangana,D030,Vikarabad,Tandur,Kotbaspally,Claimant_FRA02367,IFR,3.87,Rejected,2022-06-29,2026-08-25,1518,0,1543
FRA02368,Telangana,D019,Nagarkurnool,Amrabad,Mananur,Claimant_FRA02368,CFR,3.96,Rejected,2026-04-25,2026-05-08,13,0,147
FRA02369,Telangana,D032,Warangal,Narsampet,Madhira,Claimant_FRA02369,IFR,6.9,Approved,2021-10-21,2025-12-20,1521,0,1794
FRA02370,Telangana,D019,Nagarkurnool,Amrabad,Mananur,Claimant_FRA02370,CFR,3.08,Pending,2025-06-24,,,452,452
FRA02371,Telangana,D027,Sangareddy,Narayankhed,Kondapur,Claimant_FRA02371,IFR,3.14,Approved,2025-12-25,2026-04-02,98,0,268
FRA02372,Telangana,D030,Vikarabad,Tandur,Kotbaspally,Claimant_FRA02372,CFR,5.7,Approved,2022-12-20,2023-07-31,223,0,1369
FRA02373,Telangana,D018,Mulugu,Venkatapur,Narsapur,Claimant_FRA02373,CFR,2.23,Pending,2026-06-24,,,87,87
FRA02374,Telangana,D032,Warangal,Narsampet,Madhira,Claimant_FRA02374,IFR,5.25,Approved,2026-04-14,2026-04-28,14,0,158
FRA02375,Telangana,D003,Hanumakonda,Atmakur,Chowdapur,Claimant_FRA02375,CFR,4.54,Approved,2026-08-17,2026-08-23,6,0,33
FRA02376,Telangana,D013,Mahabubabad,Kuravi,Seerole,Claimant_FRA02376,CFR,1.16,Approved,2023-12-08,2026-06-17,922,0,1016
FRA02377,Telangana,D011,Khammam,Kothagudem,Seetharampuram,Claimant_FRA02377,CFR,1.62,Pending,2023-03-01,,,1298,1298
FRA02378,Telangana,D004,Hyderabad,Charminar,Chandrayangutta,Claimant_FRA02378,CFR,4.77,Rejected,2025-09-02,2025-11-29,88,0,382
FRA02379,Telangana,D028,Siddipet,Husnabad,Pothireddypet,Claimant_FRA02379,IFR,7.15,Rejected,2024-07-02,2025-03-17,258,0,809
FRA02380,Telangana,D002,Bhadradri Kothagudem,Bhadrachalam,Nellipaka,Claimant_FRA02380,CFR,6.08,Approved,2024-06-20,2024-07-31,41,0,821
FRA02381,Telangana,D005,Jagtial,Korutla,Ailapur,Claimant_FRA02381,CFR,2.07,Rejected,2022-02-08,2024-09-23,958,0,1684
FRA02382,Telangana,D018,Mulugu,Venkatapur,Narsapur,Claimant_FRA02382,IFR,6.34,Approved,2026-01-30,2026-03-31,60,0,232
FRA02383,Telangana,D002,Bhadradri Kothagudem,Bhadrachalam,Nellipaka,Claimant_FRA02383,CFR,1.62,Approved,2026-02-07,2026-06-23,136,0,224
FRA02384,Telangana,D033,Yadadri Bhuvanagiri,Bhongir,Anantharam,Claimant_FRA02384,IFR,4.89,Approved,2023-02-09,2024-08-16,554,0,1318
FRA02385,Telangana,D001,Adilabad,Utnoor,Devapur,Claimant_FRA02385,IFR,3.32,Approved,2025-12-14,2026-02-09,57,0,279
FRA02386,Telangana,D020,Nalgonda,Devarakonda,Chinthapally,Claimant_FRA02386,CFR,5.08,Rejected,2023-02-27,2024-06-06,465,0,1300
FRA02387,Telangana,D001,Adilabad,Utnoor,Devapur,Claimant_FRA02387,CFR,5.05,Approved,2025-09-18,2026-07-02,287,0,366
FRA02388,Telangana,D002,Bhadradri Kothagudem,Manuguru,Anantharam,Claimant_FRA02388,IFR,3.3,Approved,2022-11-26,2024-05-06,527,0,1393
FRA02389,Telangana,D023,Nizamabad,Armoor,Mendora,Claimant_FRA02389,IFR,7.32,Pending,2023-09-05,,,1110,1110
FRA02390,Telangana,D002,Bhadradri Kothagudem,Bhadrachalam,Nellipaka,Claimant_FRA02390,IFR,3.34,Rejected,2023-12-26,2025-09-08,622,0,998
FRA02391,Telangana,D033,Yadadri Bhuvanagiri,Bhongir,Anantharam,Claimant_FRA02391,CFR,2.23,Pending,2026-03-07,,,196,196
FRA02392,Telangana,D006,Jangaon,Station Ghanpur,Chilpur,Claimant_FRA02392,IFR,3.58,Approved,2024-01-13,2025-07-17,551,0,980
FRA02393,Telangana,D018,Mulugu,Eturunagaram,Katapur,Claimant_FRA02393,IFR,2.03,Pending,2025-12-07,,,286,286
FRA02394,Telangana,D013,Mahabubabad,Kuravi,Seerole,Claimant_FRA02394,IFR,1.35,Approved,2026-05-10,2026-05-29,19,0,132
FRA02395,Telangana,D019,Nagarkurnool,Amrabad,Mananur,Claimant_FRA02395,IFR,5.67,Approved,2024-11-16,2025-04-18,153,0,672
FRA02396,Telangana,D001,Adilabad,Narnoor,Kothapalli,Claimant_FRA02396,IFR,3.94,Pending,2023-01-12,,,1346,1346
FRA02397,Telangana,D007,Jayashankar Bhupalpally,Regonda,Kannaram,Claimant_FRA02397,CFR,4.29,Rejected,2025-02-10,2025-03-27,45,0,586
FRA02398,Telangana,D006,Jangaon,Station Ghanpur,Chilpur,Claimant_FRA02398,CFR,4.7,Rejected,2026-09-18,2026-09-18,0,0,1
FRA02399,Telangana,D013,Mahabubabad,Kuravi,Seerole,Claimant_FRA02399,CFR,4.6,Approved,2021-12-20,2023-09-19,638,0,1734
FRA02400,Telangana,D007,Jayashankar Bhupalpally,Regonda,Kannaram,Claimant_FRA02400,CFR,3.91,Approved,2024-08-27,2026-05-06,617,0,753
FRA02401,Telangana,D011,Khammam,Wyra,Gollapadu,Claimant_FRA02401,IFR,2.83,Approved,2023-03-08,2025-05-09,793,0,1291
FRA02402,Telangana,D013,Mahabubabad,Kuravi,Seerole,Claimant_FRA02402,IFR,5.69,Approved,2024-09-04,2026-03-15,557,0,745
FRA02403,Telangana,D018,Mulugu,Eturunagaram,Katapur,Claimant_FRA02403,CFR,1.58,Pending,2022-10-23,,,1427,1427
FRA02404,Telangana,D002,Bhadradri Kothagudem,Bhadrachalam,Nellipaka,Claimant_FRA02404,IFR,2.68,Pending,2023-09-07,,,1108,1108
FRA02405,Telangana,D002,Bhadradri Kothagudem,Bhadrachalam,Nellipaka,Claimant_FRA02405,IFR,1.56,Pending,2021-10-20,,,1795,1795
FRA02406,Telangana,D001,Adilabad,Narnoor,Kothapalli,Claimant_FRA02406,CFR,1.36,Approved,2026-02-26,2026-09-01,187,0,205
FRA02407,Telangana,D001,Adilabad,Narnoor,Kothapalli,Claimant_FRA02407,CFR,5.15,Approved,2021-11-02,2026-03-21,1600,0,1782
FRA02408,Telangana,D028,Siddipet,Husnabad,Pothireddypet,Claimant_FRA02408,CFR,7.53,Pending,2024-01-21,,,972,972
FRA02409,Telangana,D018,Mulugu,Venkatapur,Narsapur,Claimant_FRA02409,CFR,7.02,Approved,2025-08-19,2026-03-28,221,0,396
FRA02410,Telangana,D005,Jagtial,Korutla,Ailapur,Claimant_FRA02410,CFR,6.99,Approved,2025-07-14,2025-11-16,125,0,432
FRA02411,Telangana,D020,Nalgonda,Devarakonda,Chinthapally,Claimant_FRA02411,IFR,1.27,Approved,2022-07-06,2022-07-27,21,0,1536
FRA02412,Telangana,D019,Nagarkurnool,Amrabad,Mananur,Claimant_FRA02412,IFR,1.03,Approved,2025-10-11,2026-09-04,328,0,343
FRA02413,Telangana,D013,Mahabubabad,Kuravi,Seerole,Claimant_FRA02413,IFR,7.15,Rejected,2025-06-15,2026-07-30,410,0,461
FRA02414,Telangana,D020,Nalgonda,Devarakonda,Chinthapally,Claimant_FRA02414,CFR,6.74,Approved,2023-07-19,2023-09-07,50,0,1158
FRA02415,Telangana,D002,Bhadradri Kothagudem,Kothagudem,Regalla,Claimant_FRA02415,IFR,6.91,Pending,2022-07-04,,,1538,1538
FRA02416,Telangana,D006,Jangaon,Station Ghanpur,Chilpur,Claimant_FRA02416,IFR,2.43,Approved,2021-11-01,2026-01-15,1536,0,1783
FRA02417,Telangana,D004,Hyderabad,Charminar,Chandrayangutta,Claimant_FRA02417,CFR,6.16,Rejected,2024-01-06,2025-07-01,542,0,987
FRA02418,Telangana,D032,Warangal,Narsampet,Madhira,Claimant_FRA02418,CFR,5.45,Pending,2023-04-26,,,1242,1242
FRA02419,Telangana,D006,Jangaon,Station Ghanpur,Chilpur,Claimant_FRA02419,CFR,2.18,Rejected,2024-03-11,2025-05-19,434,0,922
FRA02420,Telangana,D005,Jagtial,Metpally,Vellulla,Claimant_FRA02420,CFR,1.77,Approved,2026-05-02,2026-07-02,61,0,140
FRA02421,Telangana,D018,Mulugu,Venkatapur,Narsapur,Claimant_FRA02421,IFR,4.32,Pending,2025-11-09,,,314,314
FRA02422,Telangana,D001,Adilabad,Boath,Ghanpur,Claimant_FRA02422,CFR,7.87,Pending,2026-04-09,,,163,163
FRA02423,Telangana,D018,Mulugu,Eturunagaram,Katapur,Claimant_FRA02423,CFR,0.69,Pending,2023-11-16,,,1038,1038
FRA02424,Telangana,D018,Mulugu,Venkatapur,Narsapur,Claimant_FRA02424,IFR,7.34,Approved,2023-06-19,2023-09-24,97,0,1188
FRA02425,Telangana,D001,Adilabad,Narnoor,Kothapalli,Claimant_FRA02425,CFR,0.7,Approved,2025-11-25,2026-07-27,244,0,298
FRA02426,Telangana,D018,Mulugu,Eturunagaram,Katapur,Claimant_FRA02426,IFR,7.43,Rejected,2024-12-16,2025-08-27,254,0,642
FRA02427,Telangana,D013,Mahabubabad,Bayyaram,Garla,Claimant_FRA02427,IFR,5.1,Approved,2024-06-04,2025-11-18,532,0,837
FRA02428,Telangana,D005,Jagtial,Metpally,Vellulla,Claimant_FRA02428,CFR,5.33,Rejected,2023-08-22,2025-04-11,598,0,1124
FRA02429,Telangana,D003,Hanumakonda,Dharmanagar,Mustial,Claimant_FRA02429,IFR,6.69,Pending,2023-10-07,,,1078,1078
FRA02430,Telangana,D002,Bhadradri Kothagudem,Kothagudem,Regalla,Claimant_FRA02430,IFR,5.8,Approved,2023-12-04,2024-10-16,317,0,1020
FRA02431,Telangana,D026,Rangareddy,Shabad,Kesaram,Claimant_FRA02431,CFR,1.6,Approved,2022-07-14,2023-03-06,235,0,1528
FRA02432,Telangana,D002,Bhadradri Kothagudem,Manuguru,Anantharam,Claimant_FRA02432,CFR,7.09,Pending,2024-05-23,,,849,849
FRA02433,Telangana,D002,Bhadradri Kothagudem,Kothagudem,Regalla,Claimant_FRA02433,CFR,3.59,Approved,2026-05-14,2026-05-25,11,0,128
FRA02434,Telangana,D019,Nagarkurnool,Amrabad,Mananur,Claimant_FRA02434,CFR,4.79,Approved,2026-03-24,2026-05-05,42,0,179
FRA02435,Telangana,D001,Adilabad,Boath,Ghanpur,Claimant_FRA02435,IFR,1.82,Pending,2022-11-06,,,1413,1413
FRA02436,Telangana,D001,Adilabad,Utnoor,Devapur,Claimant_FRA02436,IFR,6.96,Approved,2025-04-27,2026-03-07,314,0,510
FRA02437,Telangana,D011,Khammam,Kothagudem,Seetharampuram,Claimant_FRA02437,CFR,6.17,Approved,2024-04-22,2024-12-13,235,0,880
FRA02438,Telangana,D027,Sangareddy,Narayankhed,Kondapur,Claimant_FRA02438,IFR,7.58,Approved,2022-01-30,2023-10-02,610,0,1693
FRA02439,Telangana,D004,Hyderabad,Charminar,Chandrayangutta,Claimant_FRA02439,IFR,4.39,Approved,2023-06-29,2025-12-31,916,0,1178
FRA02440,Telangana,D013,Mahabubabad,Bayyaram,Garla,Claimant_FRA02440,CFR,2.11,Approved,2024-03-09,2026-01-07,669,0,924
FRA02441,Telangana,D004,Hyderabad,Charminar,Chandrayangutta,Claimant_FRA02441,IFR,3.75,Approved,2025-09-06,2026-03-30,205,0,378
FRA02442,Telangana,D004,Hyderabad,Charminar,Chandrayangutta,Claimant_FRA02442,IFR,7.94,Rejected,2024-06-24,2024-12-08,167,0,817
FRA02443,Telangana,D011,Khammam,Wyra,Gollapadu,Claimant_FRA02443,IFR,5.25,Approved,2021-12-23,2026-01-25,1494,0,1731
FRA02444,Telangana,D013,Mahabubabad,Kuravi,Seerole,Claimant_FRA02444,IFR,3.86,Pending,2023-02-08,,,1319,1319
FRA02445,Telangana,D030,Vikarabad,Tandur,Kotbaspally,Claimant_FRA02445,IFR,4.92,Approved,2024-07-06,2026-03-04,606,0,805
FRA02446,Telangana,D002,Bhadradri Kothagudem,Kothagudem,Regalla,Claimant_FRA02446,CFR,4.89,Pending,2022-11-14,,,1405,1405
FRA02447,Telangana,D011,Khammam,Kothagudem,Seetharampuram,Claimant_FRA02447,IFR,3.0,Approved,2022-05-13,2026-02-01,1360,0,1590
FRA02448,Telangana,D004,Hyderabad,Charminar,Chandrayangutta,Claimant_FRA02448,CFR,6.31,Pending,2021-11-18,,,1766,1766
FRA02449,Telangana,D028,Siddipet,Husnabad,Pothireddypet,Claimant_FRA02449,IFR,4.81,Approved,2022-08-08,2023-01-24,169,0,1503
FRA02450,Telangana,D011,Khammam,Wyra,Gollapadu,Claimant_FRA02450,CFR,2.51,Approved,2023-10-19,2024-09-02,319,0,1066
FRA02451,Telangana,D013,Mahabubabad,Bayyaram,Garla,Claimant_FRA02451,IFR,2.92,Rejected,2024-03-23,2025-09-27,553,0,910
FRA02452,Telangana,D019,Nagarkurnool,Amrabad,Mananur,Claimant_FRA02452,IFR,3.76,Approved,2025-05-04,2026-05-15,376,0,503
FRA02453,Telangana,D006,Jangaon,Jangaon,Pasumamula,Claimant_FRA02453,IFR,3.7,Approved,2023-10-31,2025-01-14,441,0,1054
FRA02454,Telangana,D002,Bhadradri Kothagudem,Manuguru,Anantharam,Claimant_FRA02454,IFR,4.87,Approved,2024-01-20,2026-02-05,747,0,973
FRA02455,Telangana,D028,Siddipet,Husnabad,Pothireddypet,Claimant_FRA02455,CFR,1.2,Pending,2024-07-09,,,802,802
FRA02456,Telangana,D019,Nagarkurnool,Amrabad,Mananur,Claimant_FRA02456,CFR,0.75,Approved,2025-04-11,2025-09-08,150,0,526
FRA02457,Telangana,D018,Mulugu,Venkatapur,Narsapur,Claimant_FRA02457,IFR,7.55,Approved,2025-05-21,2026-03-26,309,0,486
FRA02458,Telangana,D027,Sangareddy,Narayankhed,Kondapur,Claimant_FRA02458,IFR,7.52,Rejected,2026-06-30,2026-08-30,61,0,81
FRA02459,Telangana,D020,Nalgonda,Devarakonda,Chinthapally,Claimant_FRA02459,IFR,7.26,Pending,2023-04-12,,,1256,1256
FRA02460,Telangana,D032,Warangal,Narsampet,Madhira,Claimant_FRA02460,CFR,3.07,Approved,2025-09-02,2026-02-28,179,0,382
FRA02461,Telangana,D002,Bhadradri Kothagudem,Kothagudem,Regalla,Claimant_FRA02461,CFR,7.24,Rejected,2022-05-09,2024-03-11,672,0,1594
FRA02462,Telangana,D005,Jagtial,Korutla,Ailapur,Claimant_FRA02462,IFR,7.58,Pending,2026-01-04,,,258,258
FRA02463,Telangana,D026,Rangareddy,Shabad,Kesaram,Claimant_FRA02463,CFR,6.91,Approved,2022-01-08,2022-11-01,297,0,1715
FRA02464,Telangana,D028,Siddipet,Husnabad,Pothireddypet,Claimant_FRA02464,CFR,6.27,Approved,2023-06-14,2023-07-17,33,0,1193
FRA02465,Telangana,D006,Jangaon,Station Ghanpur,Chilpur,Claimant_FRA02465,CFR,7.72,Approved,2025-09-28,2026-05-27,241,0,356
FRA02466,Telangana,D002,Bhadradri Kothagudem,Kothagudem,Regalla,Claimant_FRA02466,IFR,3.25,Approved,2026-08-16,2026-09-01,16,0,34
FRA02467,Telangana,D033,Yadadri Bhuvanagiri,Bhongir,Anantharam,Claimant_FRA02467,CFR,3.86,Pending,2024-09-14,,,735,735
FRA02468,Telangana,D007,Jayashankar Bhupalpally,Chityal,Venkateshwarlapally,Claimant_FRA02468,IFR,5.62,Approved,2025-08-26,2026-02-07,165,0,389
FRA02469,Telangana,D006,Jangaon,Station Ghanpur,Chilpur,Claimant_FRA02469,IFR,4.37,Approved,2025-04-22,2025-10-08,169,0,515
FRA02470,Telangana,D002,Bhadradri Kothagudem,Bhadrachalam,Nellipaka,Claimant_FRA02470,CFR,2.17,Approved,2025-03-23,2025-04-05,13,0,545
FRA02471,Telangana,D033,Yadadri Bhuvanagiri,Bhongir,Anantharam,Claimant_FRA02471,IFR,6.15,Pending,2023-10-13,,,1072,1072
FRA02472,Telangana,D005,Jagtial,Metpally,Vellulla,Claimant_FRA02472,CFR,6.07,Approved,2026-05-05,2026-06-03,29,0,137
FRA02473,Telangana,D002,Bhadradri Kothagudem,Kothagudem,Regalla,Claimant_FRA02473,IFR,6.04,Approved,2023-04-02,2024-11-06,584,0,1266
FRA02474,Telangana,D001,Adilabad,Narnoor,Kothapalli,Claimant_FRA02474,CFR,2.6,Rejected,2024-06-25,2026-04-28,672,0,816
FRA02475,Telangana,D032,Warangal,Narsampet,Madhira,Claimant_FRA02475,IFR,4.83,Pending,2025-04-18,,,519,519
FRA02476,Telangana,D011,Khammam,Wyra,Gollapadu,Claimant_FRA02476,IFR,2.34,Rejected,2026-07-31,2026-08-21,21,0,50
FRA02477,Telangana,D026,Rangareddy,Shabad,Kesaram,Claimant_FRA02477,CFR,4.96,Rejected,2024-11-02,2026-04-30,544,0,686
FRA02478,Telangana,D001,Adilabad,Boath,Ghanpur,Claimant_FRA02478,IFR,7.59,Pending,2026-01-04,,,258,258
FRA02479,Telangana,D028,Siddipet,Husnabad,Pothireddypet,Claimant_FRA02479,CFR,1.98,Approved,2024-01-16,2026-05-25,860,0,977
FRA02480,Telangana,D002,Bhadradri Kothagudem,Bhadrachalam,Nellipaka,Claimant_FRA02480,CFR,6.63,Pending,2024-03-13,,,920,920
FRA02481,Telangana,D011,Khammam,Kothagudem,Seetharampuram,Claimant_FRA02481,CFR,0.79,Pending,2024-04-04,,,898,898
FRA02482,Telangana,D007,Jayashankar Bhupalpally,Chityal,Venkateshwarlapally,Claimant_FRA02482,IFR,1.63,Approved,2026-08-25,2026-09-08,14,0,25
FRA02483,Telangana,D023,Nizamabad,Armoor,Mendora,Claimant_FRA02483,IFR,1.86,Approved,2024-07-16,2025-04-03,261,0,795
FRA02484,Telangana,D027,Sangareddy,Narayankhed,Kondapur,Claimant_FRA02484,CFR,2.0,Approved,2022-12-25,2023-03-13,78,0,1364
FRA02485,Telangana,D013,Mahabubabad,Kuravi,Seerole,Claimant_FRA02485,CFR,1.71,Approved,2024-02-05,2025-10-26,629,0,957
FRA02486,Telangana,D028,Siddipet,Husnabad,Pothireddypet,Claimant_FRA02486,IFR,5.39,Pending,2022-07-05,,,1537,1537
FRA02487,Telangana,D005,Jagtial,Metpally,Vellulla,Claimant_FRA02487,IFR,2.11,Pending,2026-06-19,,,92,92
FRA02488,Telangana,D013,Mahabubabad,Kuravi,Seerole,Claimant_FRA02488,IFR,7.33,Approved,2026-01-01,2026-06-16,166,0,261
FRA02489,Telangana,D023,Nizamabad,Armoor,Mendora,Claimant_FRA02489,CFR,3.17,Approved,2024-08-03,2025-02-22,203,0,777
FRA02490,Telangana,D011,Khammam,Kothagudem,Seetharampuram,Claimant_FRA02490,CFR,5.75,Approved,2023-03-26,2026-07-28,1220,0,1273
FRA02491,Telangana,D003,Hanumakonda,Dharmanagar,Mustial,Claimant_FRA02491,CFR,1.42,Rejected,2025-03-20,2025-11-14,239,0,548
FRA02492,Telangana,D005,Jagtial,Metpally,Vellulla,Claimant_FRA02492,CFR,6.13,Approved,2021-12-24,2025-12-09,1446,0,1730
FRA02493,Telangana,D002,Bhadradri Kothagudem,Manuguru,Anantharam,Claimant_FRA02493,CFR,1.7,Approved,2026-03-20,2026-07-18,120,0,183
FRA02494,Telangana,D003,Hanumakonda,Dharmanagar,Mustial,Claimant_FRA02494,IFR,1.09,Rejected,2023-04-04,2026-08-15,1229,0,1264
FRA02495,Telangana,D005,Jagtial,Korutla,Ailapur,Claimant_FRA02495,IFR,3.31,Pending,2025-11-17,,,306,306
FRA02496,Telangana,D001,Adilabad,Boath,Ghanpur,Claimant_FRA02496,IFR,5.19,Approved,2025-04-15,2025-09-27,165,0,522
FRA02497,Telangana,D002,Bhadradri Kothagudem,Bhadrachalam,Nellipaka,Claimant_FRA02497,IFR,4.5,Approved,2022-02-16,2025-09-05,1297,0,1676
FRA02498,Telangana,D032,Warangal,Narsampet,Madhira,Claimant_FRA02498,IFR,0.53,Pending,2023-10-25,,,1060,1060
FRA02499,Telangana,D002,Bhadradri Kothagudem,Manuguru,Anantharam,Claimant_FRA02499,IFR,7.21,Pending,2025-04-06,,,531,531
FRA02500,Telangana,D001,Adilabad,Boath,Ghanpur,Claimant_FRA02500,CFR,6.6,Approved,2026-07-19,2026-08-15,27,0,62
FRA02501,Telangana,D028,Siddipet,Husnabad,Pothireddypet,Claimant_FRA02501,CFR,4.49,Approved,2024-05-20,2025-08-23,460,0,852
FRA02502,Telangana,D006,Jangaon,Station Ghanpur,Chilpur,Claimant_FRA02502,IFR,5.4,Approved,2023-12-17,2024-12-05,354,0,1007
FRA02503,Telangana,D011,Khammam,Wyra,Gollapadu,Claimant_FRA02503,IFR,1.33,Pending,2024-02-18,,,944,944
FRA02504,Telangana,D007,Jayashankar Bhupalpally,Chityal,Venkateshwarlapally,Claimant_FRA02504,CFR,2.7,Pending,2022-04-30,,,1603,1603
FRA02505,Telangana,D033,Yadadri Bhuvanagiri,Bhongir,Anantharam,Claimant_FRA02505,CFR,3.35,Approved,2026-09-11,2026-09-18,7,0,8
FRA02506,Telangana,D007,Jayashankar Bhupalpally,Chityal,Venkateshwarlapally,Claimant_FRA02506,CFR,6.7,Pending,2024-07-25,,,786,786
FRA02507,Telangana,D002,Bhadradri Kothagudem,Kothagudem,Regalla,Claimant_FRA02507,IFR,7.0,Pending,2025-06-30,,,446,446
FRA02508,Telangana,D032,Warangal,Narsampet,Madhira,Claimant_FRA02508,CFR,4.86,Approved,2022-04-13,2022-10-28,198,0,1620
FRA02509,Telangana,D020,Nalgonda,Devarakonda,Chinthapally,Claimant_FRA02509,IFR,1.42,Pending,2024-11-21,,,667,667
FRA02510,Telangana,D003,Hanumakonda,Atmakur,Chowdapur,Claimant_FRA02510,IFR,2.57,Approved,2024-08-16,2026-07-15,698,0,764
FRA02511,Telangana,D004,Hyderabad,Charminar,Chandrayangutta,Claimant_FRA02511,CFR,3.45,Rejected,2025-12-20,2026-04-20,121,0,273
FRA02512,Telangana,D013,Mahabubabad,Bayyaram,Garla,Claimant_FRA02512,CFR,7.4,Rejected,2022-03-06,2024-01-02,667,0,1658
FRA02513,Telangana,D002,Bhadradri Kothagudem,Kothagudem,Regalla,Claimant_FRA02513,IFR,0.99,Pending,2022-09-04,,,1476,1476
FRA02514,Telangana,D001,Adilabad,Utnoor,Devapur,Claimant_FRA02514,CFR,7.69,Approved,2026-08-22,2026-08-22,0,0,28
FRA02515,Telangana,D033,Yadadri Bhuvanagiri,Bhongir,Anantharam,Claimant_FRA02515,CFR,3.19,Rejected,2023-03-25,2023-11-24,244,0,1274
FRA02516,Telangana,D002,Bhadradri Kothagudem,Manuguru,Anantharam,Claimant_FRA02516,CFR,3.66,Approved,2026-07-30,2026-08-25,26,0,51
FRA02517,Telangana,D002,Bhadradri Kothagudem,Manuguru,Anantharam,Claimant_FRA02517,CFR,4.96,Rejected,2024-06-12,2025-07-31,414,0,829
FRA02518,Telangana,D013,Mahabubabad,Bayyaram,Garla,Claimant_FRA02518,IFR,6.9,Pending,2023-05-14,,,1224,1224
FRA02519,Telangana,D018,Mulugu,Eturunagaram,Katapur,Claimant_FRA02519,CFR,3.17,Pending,2023-06-23,,,1184,1184
FRA02520,Telangana,D032,Warangal,Narsampet,Madhira,Claimant_FRA02520,CFR,5.76,Pending,2022-04-21,,,1612,1612
FRA02521,Telangana,D033,Yadadri Bhuvanagiri,Bhongir,Anantharam,Claimant_FRA02521,IFR,5.52,Approved,2026-05-07,2026-07-03,57,0,135
FRA02522,Telangana,D001,Adilabad,Boath,Ghanpur,Claimant_FRA02522,CFR,4.62,Pending,2025-05-17,,,490,490
FRA02523,Telangana,D019,Nagarkurnool,Amrabad,Mananur,Claimant_FRA02523,CFR,3.27,Approved,2024-10-06,2025-02-03,120,0,713
FRA02524,Telangana,D002,Bhadradri Kothagudem,Manuguru,Anantharam,Claimant_FRA02524,IFR,2.02,Approved,2026-03-30,2026-08-30,153,0,173
FRA02525,Telangana,D006,Jangaon,Jangaon,Pasumamula,Claimant_FRA02525,IFR,4.62,Approved,2022-03-28,2024-02-25,699,0,1636
FRA02526,Telangana,D019,Nagarkurnool,Amrabad,Mananur,Claimant_FRA02526,CFR,4.02,Pending,2024-02-12,,,950,950
FRA02527,Telangana,D013,Mahabubabad,Kuravi,Seerole,Claimant_FRA02527,IFR,4.95,Pending,2022-05-18,,,1585,1585
FRA02528,Telangana,D030,Vikarabad,Tandur,Kotbaspally,Claimant_FRA02528,CFR,0.62,Approved,2023-08-11,2025-12-15,857,0,1135
FRA02529,Telangana,D001,Adilabad,Boath,Ghanpur,Claimant_FRA02529,IFR,5.18,Rejected,2021-10-28,2023-01-01,430,0,1787
FRA02530,Telangana,D011,Khammam,Kothagudem,Seetharampuram,Claimant_FRA02530,CFR,2.8,Pending,2025-10-11,,,343,343
FRA02531,Telangana,D006,Jangaon,Station Ghanpur,Chilpur,Claimant_FRA02531,CFR,6.98,Pending,2022-05-16,,,1587,1587
FRA02532,Telangana,D030,Vikarabad,Tandur,Kotbaspally,Claimant_FRA02532,CFR,3.93,Approved,2021-11-02,2022-08-19,290,0,1782
FRA02533,Telangana,D011,Khammam,Kothagudem,Seetharampuram,Claimant_FRA02533,CFR,6.44,Rejected,2023-11-18,2026-05-30,924,0,1036
FRA02534,Telangana,D001,Adilabad,Narnoor,Kothapalli,Claimant_FRA02534,CFR,5.31,Approved,2024-09-28,2025-01-07,101,0,721
FRA02535,Telangana,D026,Rangareddy,Shabad,Kesaram,Claimant_FRA02535,CFR,4.35,Approved,2025-02-13,2026-03-05,385,0,583
FRA02536,Telangana,D027,Sangareddy,Narayankhed,Kondapur,Claimant_FRA02536,CFR,5.18,Approved,2022-07-17,2025-01-16,914,0,1525
FRA02537,Telangana,D006,Jangaon,Jangaon,Pasumamula,Claimant_FRA02537,CFR,2.35,Pending,2025-11-01,,,322,322
FRA02538,Telangana,D032,Warangal,Narsampet,Madhira,Claimant_FRA02538,IFR,3.05,Rejected,2026-08-19,2026-09-01,13,0,31
FRA02539,Telangana,D032,Warangal,Narsampet,Madhira,Claimant_FRA02539,CFR,6.2,Approved,2022-03-26,2025-06-28,1190,0,1638
FRA02540,Telangana,D013,Mahabubabad,Bayyaram,Garla,Claimant_FRA02540,CFR,7.13,Rejected,2026-05-12,2026-09-09,120,0,130
FRA02541,Telangana,D004,Hyderabad,Charminar,Chandrayangutta,Claimant_FRA02541,IFR,5.68,Approved,2024-08-12,2024-08-17,5,0,768
FRA02542,Telangana,D026,Rangareddy,Shabad,Kesaram,Claimant_FRA02542,CFR,1.49,Pending,2025-05-12,,,495,495
FRA02543,Telangana,D028,Siddipet,Husnabad,Pothireddypet,Claimant_FRA02543,CFR,0.77,Pending,2025-01-24,,,603,603
FRA02544,Telangana,D030,Vikarabad,Tandur,Kotbaspally,Claimant_FRA02544,IFR,2.28,Pending,2024-07-22,,,789,789
FRA02545,Telangana,D006,Jangaon,Station Ghanpur,Chilpur,Claimant_FRA02545,IFR,6.33,Pending,2023-12-12,,,1012,1012
FRA02546,Telangana,D002,Bhadradri Kothagudem,Bhadrachalam,Nellipaka,Claimant_FRA02546,IFR,6.96,Approved,2025-03-21,2025-09-03,166,0,547
FRA02547,Telangana,D018,Mulugu,Venkatapur,Narsapur,Claimant_FRA02547,IFR,5.28,Approved,2025-02-19,2026-06-29,495,0,577
FRA02548,Telangana,D006,Jangaon,Jangaon,Pasumamula,Claimant_FRA02548,IFR,4.06,Approved,2024-09-10,2025-04-04,206,0,739
FRA02549,Telangana,D018,Mulugu,Venkatapur,Narsapur,Claimant_FRA02549,IFR,1.4,Pending,2023-03-08,,,1291,1291
FRA02550,Telangana,D002,Bhadradri Kothagudem,Bhadrachalam,Nellipaka,Claimant_FRA02550,IFR,0.82,Approved,2025-05-23,2025-08-08,77,0,484
FRA02551,Telangana,D007,Jayashankar Bhupalpally,Chityal,Venkateshwarlapally,Claimant_FRA02551,IFR,6.33,Approved,2026-05-25,2026-06-06,12,0,117
FRA02552,Telangana,D007,Jayashankar Bhupalpally,Chityal,Venkateshwarlapally,Claimant_FRA02552,CFR,3.78,Approved,2026-08-05,2026-08-24,19,0,45
FRA02553,Telangana,D002,Bhadradri Kothagudem,Manuguru,Anantharam,Claimant_FRA02553,CFR,0.67,Pending,2022-12-03,,,1386,1386
FRA02554,Telangana,D001,Adilabad,Narnoor,Kothapalli,Claimant_FRA02554,IFR,5.11,Approved,2021-09-20,2026-06-23,1737,0,1825
FRA02555,Telangana,D030,Vikarabad,Tandur,Kotbaspally,Claimant_FRA02555,IFR,2.62,Approved,2022-11-27,2026-05-22,1272,0,1392
FRA02556,Telangana,D028,Siddipet,Husnabad,Pothireddypet,Claimant_FRA02556,CFR,0.6,Pending,2023-08-19,,,1127,1127
FRA02557,Telangana,D026,Rangareddy,Shabad,Kesaram,Claimant_FRA02557,IFR,7.33,Approved,2022-11-17,2026-07-25,1346,0,1402
FRA02558,Telangana,D001,Adilabad,Utnoor,Devapur,Claimant_FRA02558,IFR,4.8,Approved,2024-02-08,2025-03-22,408,0,954
FRA02559,Telangana,D002,Bhadradri Kothagudem,Bhadrachalam,Nellipaka,Claimant_FRA02559,IFR,4.47,Rejected,2024-10-19,2026-01-03,441,0,700
FRA02560,Telangana,D026,Rangareddy,Shabad,Kesaram,Claimant_FRA02560,IFR,1.55,Approved,2022-01-06,2022-09-14,251,0,1717
FRA02561,Telangana,D003,Hanumakonda,Atmakur,Chowdapur,Claimant_FRA02561,CFR,5.2,Approved,2022-06-03,2022-08-14,72,0,1569
FRA02562,Telangana,D030,Vikarabad,Tandur,Kotbaspally,Claimant_FRA02562,CFR,3.24,Approved,2022-10-07,2024-06-09,611,0,1443
FRA02563,Telangana,D026,Rangareddy,Shabad,Kesaram,Claimant_FRA02563,CFR,1.48,Pending,2024-11-21,,,667,667
FRA02564,Telangana,D005,Jagtial,Metpally,Vellulla,Claimant_FRA02564,IFR,4.46,Approved,2023-11-29,2025-03-09,466,0,1025
FRA02565,Telangana,D005,Jagtial,Korutla,Ailapur,Claimant_FRA02565,CFR,7.91,Approved,2026-08-31,2026-09-11,11,0,19
FRA02566,Telangana,D027,Sangareddy,Narayankhed,Kondapur,Claimant_FRA02566,IFR,3.69,Approved,2024-03-20,2025-07-09,476,0,913
FRA02567,Telangana,D033,Yadadri Bhuvanagiri,Bhongir,Anantharam,Claimant_FRA02567,CFR,4.18,Rejected,2024-11-05,2026-07-22,624,0,683
FRA02568,Telangana,D018,Mulugu,Eturunagaram,Katapur,Claimant_FRA02568,IFR,7.05,Approved,2025-10-15,2026-03-01,137,0,339
FRA02569,Telangana,D006,Jangaon,Station Ghanpur,Chilpur,Claimant_FRA02569,IFR,3.97,Approved,2024-11-02,2024-12-02,30,0,686
FRA02570,Telangana,D033,Yadadri Bhuvanagiri,Bhongir,Anantharam,Claimant_FRA02570,CFR,4.98,Approved,2025-04-02,2025-04-09,7,0,535
FRA02571,Telangana,D011,Khammam,Kothagudem,Seetharampuram,Claimant_FRA02571,CFR,6.66,Pending,2023-05-04,,,1234,1234
FRA02572,Telangana,D023,Nizamabad,Armoor,Mendora,Claimant_FRA02572,CFR,1.49,Approved,2024-04-08,2025-07-13,461,0,894
FRA02573,Telangana,D007,Jayashankar Bhupalpally,Chityal,Venkateshwarlapally,Claimant_FRA02573,IFR,5.44,Pending,2023-01-28,,,1330,1330
FRA02574,Telangana,D032,Warangal,Narsampet,Madhira,Claimant_FRA02574,IFR,6.82,Rejected,2022-04-12,2026-03-18,1436,0,1621
FRA02575,Telangana,D023,Nizamabad,Armoor,Mendora,Claimant_FRA02575,CFR,5.89,Pending,2024-02-16,,,946,946
FRA02576,Telangana,D011,Khammam,Wyra,Gollapadu,Claimant_FRA02576,IFR,1.41,Pending,2023-09-13,,,1102,1102
FRA02577,Telangana,D001,Adilabad,Narnoor,Kothapalli,Claimant_FRA02577,CFR,6.48,Approved,2021-12-29,2025-01-22,1120,0,1725
FRA02578,Telangana,D033,Yadadri Bhuvanagiri,Bhongir,Anantharam,Claimant_FRA02578,CFR,5.14,Pending,2023-09-30,,,1085,1085
FRA02579,Telangana,D001,Adilabad,Boath,Ghanpur,Claimant_FRA02579,CFR,3.42,Approved,2026-08-22,2026-08-30,8,0,28
FRA02580,Telangana,D013,Mahabubabad,Kuravi,Seerole,Claimant_FRA02580,IFR,2.98,Approved,2023-05-14,2026-08-10,1184,0,1224
FRA02581,Telangana,D011,Khammam,Wyra,Gollapadu,Claimant_FRA02581,CFR,5.23,Rejected,2023-06-19,2024-08-16,424,0,1188
FRA02582,Telangana,D028,Siddipet,Husnabad,Pothireddypet,Claimant_FRA02582,CFR,2.9,Approved,2026-08-17,2026-08-17,0,0,33
FRA02583,Telangana,D003,Hanumakonda,Atmakur,Chowdapur,Claimant_FRA02583,CFR,4.77,Pending,2024-11-01,,,687,687
FRA02584,Telangana,D011,Khammam,Wyra,Gollapadu,Claimant_FRA02584,CFR,4.52,Approved,2022-10-26,2025-08-21,1030,0,1424
FRA02585,Telangana,D020,Nalgonda,Devarakonda,Chinthapally,Claimant_FRA02585,IFR,1.1,Approved,2023-02-28,2023-03-31,31,0,1299
FRA02586,Telangana,D001,Adilabad,Narnoor,Kothapalli,Claimant_FRA02586,IFR,1.77,Approved,2026-08-07,2026-08-13,6,0,43
FRA02587,Telangana,D001,Adilabad,Boath,Ghanpur,Claimant_FRA02587,CFR,3.68,Pending,2025-06-11,,,465,465
FRA02588,Telangana,D028,Siddipet,Husnabad,Pothireddypet,Claimant_FRA02588,CFR,5.75,Pending,2022-10-01,,,1449,1449
FRA02589,Telangana,D003,Hanumakonda,Atmakur,Chowdapur,Claimant_FRA02589,IFR,2.94,Approved,2024-10-14,2024-11-16,33,0,705
FRA02590,Telangana,D020,Nalgonda,Devarakonda,Chinthapally,Claimant_FRA02590,CFR,4.0,Pending,2025-03-18,,,550,550
FRA02591,Telangana,D007,Jayashankar Bhupalpally,Chityal,Venkateshwarlapally,Claimant_FRA02591,IFR,4.46,Approved,2025-11-23,2026-04-17,145,0,300
FRA02592,Telangana,D007,Jayashankar Bhupalpally,Chityal,Venkateshwarlapally,Claimant_FRA02592,IFR,1.5,Pending,2024-09-17,,,732,732
FRA02593,Telangana,D006,Jangaon,Station Ghanpur,Chilpur,Claimant_FRA02593,CFR,2.63,Approved,2024-05-29,2025-03-10,285,0,843
FRA02594,Telangana,D001,Adilabad,Narnoor,Kothapalli,Claimant_FRA02594,CFR,2.32,Approved,2021-11-19,2026-02-20,1554,0,1765
FRA02595,Telangana,D028,Siddipet,Husnabad,Pothireddypet,Claimant_FRA02595,IFR,3.85,Approved,2024-11-09,2025-03-22,133,0,679
FRA02596,Telangana,D013,Mahabubabad,Kuravi,Seerole,Claimant_FRA02596,CFR,4.41,Approved,2023-02-25,2024-04-23,423,0,1302
FRA02597,Telangana,D011,Khammam,Wyra,Gollapadu,Claimant_FRA02597,CFR,6.35,Approved,2026-07-23,2026-09-03,42,0,58
FRA02598,Telangana,D003,Hanumakonda,Dharmanagar,Mustial,Claimant_FRA02598,CFR,6.21,Pending,2023-01-12,,,1346,1346
FRA02599,Telangana,D033,Yadadri Bhuvanagiri,Bhongir,Anantharam,Claimant_FRA02599,CFR,7.12,Pending,2024-11-19,,,669,669
FRA02600,Telangana,D004,Hyderabad,Amberpet,Azampura,Claimant_FRA02600,CFR,5.15,Approved,2021-12-06,2022-10-22,320,0,1748
FRA02601,Telangana,D001,Adilabad,Utnoor,Devapur,Claimant_FRA02601,IFR,6.75,Approved,2023-01-14,2023-09-07,236,0,1344
FRA02602,Telangana,D023,Nizamabad,Armoor,Mendora,Claimant_FRA02602,IFR,6.44,Pending,2021-09-23,,,1822,1822
FRA02603,Telangana,D033,Yadadri Bhuvanagiri,Bhongir,Anantharam,Claimant_FRA02603,CFR,5.89,Approved,2023-02-06,2023-08-02,177,0,1321
FRA02604,Telangana,D027,Sangareddy,Narayankhed,Kondapur,Claimant_FRA02604,CFR,3.78,Approved,2026-04-30,2026-08-10,102,0,142
FRA02605,Telangana,D032,Warangal,Narsampet,Madhira,Claimant_FRA02605,IFR,2.5,Pending,2021-11-01,,,1783,1783
FRA02606,Telangana,D013,Mahabubabad,Kuravi,Seerole,Claimant_FRA02606,IFR,7.92,Approved,2024-10-30,2025-03-13,134,0,689
FRA02607,Telangana,D003,Hanumakonda,Dharmanagar,Mustial,Claimant_FRA02607,CFR,4.19,Approved,2025-12-02,2025-12-17,15,0,291
FRA02608,Telangana,D006,Jangaon,Station Ghanpur,Chilpur,Claimant_FRA02608,IFR,4.35,Pending,2023-05-12,,,1226,1226
FRA02609,Telangana,D003,Hanumakonda,Atmakur,Chowdapur,Claimant_FRA02609,CFR,5.2,Approved,2024-07-10,2026-08-25,776,0,801
FRA02610,Telangana,D003,Hanumakonda,Atmakur,Chowdapur,Claimant_FRA02610,IFR,7.32,Approved,2023-02-23,2025-06-19,847,0,1304
FRA02611,Telangana,D003,Hanumakonda,Dharmanagar,Mustial,Claimant_FRA02611,IFR,6.76,Rejected,2021-12-22,2023-08-06,592,0,1732
FRA02612,Telangana,D032,Warangal,Narsampet,Madhira,Claimant_FRA02612,IFR,1.36,Pending,2021-11-23,,,1761,1761
FRA02613,Telangana,D011,Khammam,Wyra,Gollapadu,Claimant_FRA02613,IFR,3.73,Approved,2024-09-16,2026-02-23,525,0,733
FRA02614,Telangana,D002,Bhadradri Kothagudem,Kothagudem,Regalla,Claimant_FRA02614,CFR,3.11,Approved,2025-09-18,2026-01-18,122,0,366
FRA02615,Telangana,D026,Rangareddy,Shabad,Kesaram,Claimant_FRA02615,CFR,0.71,Approved,2024-10-24,2025-11-02,374,0,695
FRA02616,Telangana,D006,Jangaon,Jangaon,Pasumamula,Claimant_FRA02616,CFR,4.41,Approved,2024-10-25,2025-12-02,403,0,694
FRA02617,Telangana,D005,Jagtial,Metpally,Vellulla,Claimant_FRA02617,CFR,0.83,Rejected,2021-09-20,2023-07-01,649,0,1825
FRA02618,Telangana,D028,Siddipet,Husnabad,Pothireddypet,Claimant_FRA02618,CFR,2.23,Pending,2024-06-24,,,817,817
FRA02619,Telangana,D005,Jagtial,Metpally,Vellulla,Claimant_FRA02619,CFR,5.59,Rejected,2026-06-07,2026-06-22,15,0,104
FRA02620,Telangana,D032,Warangal,Narsampet,Madhira,Claimant_FRA02620,IFR,5.68,Pending,2022-04-13,,,1620,1620
FRA02621,Telangana,D018,Mulugu,Eturunagaram,Katapur,Claimant_FRA02621,CFR,7.7,Pending,2025-03-27,,,541,541
FRA02622,Telangana,D033,Yadadri Bhuvanagiri,Bhongir,Anantharam,Claimant_FRA02622,CFR,5.59,Approved,2023-03-12,2025-06-12,823,0,1287
FRA02623,Telangana,D001,Adilabad,Boath,Ghanpur,Claimant_FRA02623,IFR,5.26,Approved,2024-07-20,2026-02-27,587,0,791
FRA02624,Telangana,D011,Khammam,Wyra,Gollapadu,Claimant_FRA02624,CFR,7.12,Approved,2026-01-15,2026-02-07,23,0,247
FRA02625,Telangana,D005,Jagtial,Metpally,Vellulla,Claimant_FRA02625,CFR,1.99,Rejected,2022-10-10,2024-03-09,516,0,1440
FRA02626,Telangana,D011,Khammam,Kothagudem,Seetharampuram,Claimant_FRA02626,IFR,6.46,Approved,2026-03-10,2026-03-13,3,0,193
FRA02627,Telangana,D011,Khammam,Wyra,Gollapadu,Claimant_FRA02627,CFR,0.95,Pending,2025-05-21,,,486,486
FRA02628,Telangana,D027,Sangareddy,Narayankhed,Kondapur,Claimant_FRA02628,CFR,5.7,Approved,2025-08-19,2025-12-31,134,0,396
FRA02629,Telangana,D003,Hanumakonda,Dharmanagar,Mustial,Claimant_FRA02629,CFR,2.36,Approved,2025-09-12,2025-10-30,48,0,372
FRA02630,Telangana,D013,Mahabubabad,Bayyaram,Garla,Claimant_FRA02630,IFR,2.29,Approved,2022-09-12,2024-11-01,781,0,1468
FRA02631,Telangana,D028,Siddipet,Husnabad,Pothireddypet,Claimant_FRA02631,IFR,5.04,Pending,2022-02-25,,,1667,1667
FRA02632,Telangana,D005,Jagtial,Korutla,Ailapur,Claimant_FRA02632,CFR,4.24,Pending,2022-07-10,,,1532,1532
FRA02633,Telangana,D018,Mulugu,Venkatapur,Narsapur,Claimant_FRA02633,IFR,5.29,Approved,2026-04-29,2026-07-17,79,0,143
FRA02634,Telangana,D004,Hyderabad,Amberpet,Azampura,Claimant_FRA02634,IFR,4.53,Approved,2025-04-19,2025-06-22,64,0,518
FRA02635,Telangana,D005,Jagtial,Korutla,Ailapur,Claimant_FRA02635,IFR,4.52,Pending,2026-06-12,,,99,99
FRA02636,Telangana,D013,Mahabubabad,Kuravi,Seerole,Claimant_FRA02636,IFR,3.77,Pending,2025-07-03,,,443,443
FRA02637,Telangana,D013,Mahabubabad,Kuravi,Seerole,Claimant_FRA02637,CFR,0.57,Pending,2024-03-10,,,923,923
FRA02638,Telangana,D001,Adilabad,Boath,Ghanpur,Claimant_FRA02638,IFR,6.43,Approved,2022-06-05,2025-05-06,1066,0,1567
FRA02639,Telangana,D033,Yadadri Bhuvanagiri,Bhongir,Anantharam,Claimant_FRA02639,CFR,3.0,Rejected,2024-07-11,2025-09-18,434,0,800
FRA02640,Telangana,D005,Jagtial,Metpally,Vellulla,Claimant_FRA02640,CFR,7.69,Pending,2024-06-15,,,826,826
FRA02641,Telangana,D020,Nalgonda,Devarakonda,Chinthapally,Claimant_FRA02641,CFR,6.1,Approved,2026-04-03,2026-09-07,157,0,169
FRA02642,Telangana,D001,Adilabad,Narnoor,Kothapalli,Claimant_FRA02642,CFR,4.27,Approved,2022-11-15,2025-11-26,1107,0,1404
FRA02643,Telangana,D018,Mulugu,Eturunagaram,Katapur,Claimant_FRA02643,IFR,1.16,Approved,2024-12-09,2025-04-19,131,0,649
FRA02644,Telangana,D001,Adilabad,Narnoor,Kothapalli,Claimant_FRA02644,IFR,6.32,Pending,2025-07-18,,,428,428
FRA02645,Telangana,D003,Hanumakonda,Dharmanagar,Mustial,Claimant_FRA02645,IFR,2.19,Pending,2022-11-03,,,1416,1416
FRA02646,Telangana,D018,Mulugu,Eturunagaram,Katapur,Claimant_FRA02646,CFR,3.85,Approved,2022-11-13,2023-11-01,353,0,1406
FRA02647,Telangana,D020,Nalgonda,Devarakonda,Chinthapally,Claimant_FRA02647,CFR,7.06,Approved,2022-07-23,2025-08-06,1110,0,1519
FRA02648,Telangana,D002,Bhadradri Kothagudem,Kothagudem,Regalla,Claimant_FRA02648,IFR,1.89,Pending,2022-11-14,,,1405,1405
FRA02649,Telangana,D018,Mulugu,Venkatapur,Narsapur,Claimant_FRA02649,CFR,0.55,Approved,2025-02-03,2025-12-09,309,0,593
FRA02650,Telangana,D032,Warangal,Narsampet,Madhira,Claimant_FRA02650,CFR,2.94,Rejected,2026-06-03,2026-07-02,29,0,108
FRA02651,Telangana,D019,Nagarkurnool,Amrabad,Mananur,Claimant_FRA02651,IFR,7.65,Approved,2024-05-13,2024-11-22,193,0,859
FRA02652,Telangana,D005,Jagtial,Metpally,Vellulla,Claimant_FRA02652,CFR,4.38,Approved,2026-08-06,2026-08-21,15,0,44
FRA02653,Telangana,D002,Bhadradri Kothagudem,Kothagudem,Regalla,Claimant_FRA02653,IFR,3.03,Approved,2022-03-03,2026-06-19,1569,0,1661
FRA02654,Telangana,D005,Jagtial,Metpally,Vellulla,Claimant_FRA02654,IFR,3.49,Approved,2022-03-20,2023-08-24,522,0,1644
FRA02655,Telangana,D006,Jangaon,Jangaon,Pasumamula,Claimant_FRA02655,IFR,7.87,Pending,2022-03-14,,,1650,1650
FRA02656,Telangana,D002,Bhadradri Kothagudem,Bhadrachalam,Nellipaka,Claimant_FRA02656,CFR,4.64,Pending,2023-11-08,,,1046,1046
FRA02657,Telangana,D011,Khammam,Wyra,Gollapadu,Claimant_FRA02657,CFR,7.51,Approved,2025-11-29,2025-12-26,27,0,294
FRA02658,Telangana,D033,Yadadri Bhuvanagiri,Bhongir,Anantharam,Claimant_FRA02658,IFR,7.71,Approved,2026-08-03,2026-08-28,25,0,47
FRA02659,Telangana,D013,Mahabubabad,Kuravi,Seerole,Claimant_FRA02659,CFR,6.64,Pending,2024-09-21,,,728,728
FRA02660,Telangana,D004,Hyderabad,Amberpet,Azampura,Claimant_FRA02660,CFR,2.45,Approved,2025-11-10,2026-09-10,304,0,313
FRA02661,Telangana,D018,Mulugu,Venkatapur,Narsapur,Claimant_FRA02661,CFR,2.45,Approved,2025-01-19,2025-09-13,237,0,608
FRA02662,Telangana,D030,Vikarabad,Tandur,Kotbaspally,Claimant_FRA02662,IFR,6.0,Pending,2025-11-18,,,305,305
FRA02663,Telangana,D002,Bhadradri Kothagudem,Bhadrachalam,Nellipaka,Claimant_FRA02663,CFR,4.71,Pending,2023-06-21,,,1186,1186
FRA02664,Telangana,D019,Nagarkurnool,Amrabad,Mananur,Claimant_FRA02664,CFR,3.48,Approved,2023-03-17,2024-12-23,647,0,1282
FRA02665,Telangana,D018,Mulugu,Venkatapur,Narsapur,Claimant_FRA02665,CFR,2.86,Pending,2026-05-10,,,132,132
FRA02666,Telangana,D013,Mahabubabad,Kuravi,Seerole,Claimant_FRA02666,IFR,1.92,Pending,2023-02-22,,,1305,1305
FRA02667,Telangana,D023,Nizamabad,Armoor,Mendora,Claimant_FRA02667,CFR,1.14,Pending,2025-11-09,,,314,314
FRA02668,Telangana,D005,Jagtial,Metpally,Vellulla,Claimant_FRA02668,IFR,2.76,Approved,2023-11-11,2025-10-24,713,0,1043
FRA02669,Telangana,D018,Mulugu,Eturunagaram,Katapur,Claimant_FRA02669,IFR,0.97,Approved,2024-12-16,2025-12-16,365,0,642
FRA02670,Telangana,D018,Mulugu,Eturunagaram,Katapur,Claimant_FRA02670,IFR,7.43,Rejected,2023-03-11,2024-03-31,386,0,1288
FRA02671,Telangana,D018,Mulugu,Venkatapur,Narsapur,Claimant_FRA02671,CFR,7.85,Approved,2024-09-29,2026-06-24,633,0,720
FRA02672,Telangana,D001,Adilabad,Narnoor,Kothapalli,Claimant_FRA02672,CFR,2.54,Approved,2022-05-25,2023-01-06,226,0,1578
FRA02673,Telangana,D006,Jangaon,Station Ghanpur,Chilpur,Claimant_FRA02673,CFR,4.67,Approved,2026-04-05,2026-04-27,22,0,167
FRA02674,Telangana,D007,Jayashankar Bhupalpally,Chityal,Venkateshwarlapally,Claimant_FRA02674,IFR,0.56,Pending,2023-01-20,,,1338,1338
FRA02675,Telangana,D019,Nagarkurnool,Amrabad,Mananur,Claimant_FRA02675,IFR,1.43,Pending,2022-06-06,,,1566,1566
FRA02676,Telangana,D011,Khammam,Kothagudem,Seetharampuram,Claimant_FRA02676,CFR,3.34,Pending,2026-01-10,,,252,252
FRA02677,Telangana,D028,Siddipet,Husnabad,Pothireddypet,Claimant_FRA02677,CFR,1.16,Pending,2024-04-14,,,888,888
FRA02678,Telangana,D001,Adilabad,Boath,Ghanpur,Claimant_FRA02678,IFR,6.7,Approved,2026-07-21,2026-08-19,29,0,60
FRA02679,Telangana,D018,Mulugu,Venkatapur,Narsapur,Claimant_FRA02679,IFR,3.92,Approved,2022-07-13,2026-02-24,1322,0,1529
FRA02680,Telangana,D032,Warangal,Narsampet,Madhira,Claimant_FRA02680,IFR,4.66,Rejected,2025-01-21,2026-08-29,585,0,606
FRA02681,Telangana,D007,Jayashankar Bhupalpally,Regonda,Kannaram,Claimant_FRA02681,IFR,0.73,Pending,2023-12-07,,,1017,1017
FRA02682,Telangana,D018,Mulugu,Venkatapur,Narsapur,Claimant_FRA02682,CFR,1.42,Pending,2026-02-14,,,217,217
FRA02683,Telangana,D018,Mulugu,Venkatapur,Narsapur,Claimant_FRA02683,IFR,6.83,Pending,2024-08-22,,,758,758
FRA02684,Telangana,D001,Adilabad,Narnoor,Kothapalli,Claimant_FRA02684,IFR,3.61,Approved,2022-12-10,2024-04-28,505,0,1379
FRA02685,Telangana,D028,Siddipet,Husnabad,Pothireddypet,Claimant_FRA02685,CFR,7.77,Approved,2025-07-07,2025-10-16,101,0,439
FRA02686,Telangana,D013,Mahabubabad,Kuravi,Seerole,Claimant_FRA02686,CFR,0.78,Pending,2026-08-07,,,43,43
FRA02687,Telangana,D001,Adilabad,Narnoor,Kothapalli,Claimant_FRA02687,IFR,5.43,Approved,2023-04-14,2026-01-18,1010,0,1254
FRA02688,Telangana,D011,Khammam,Wyra,Gollapadu,Claimant_FRA02688,CFR,7.33,Approved,2025-09-25,2026-03-27,183,0,359
FRA02689,Telangana,D013,Mahabubabad,Bayyaram,Garla,Claimant_FRA02689,CFR,3.32,Approved,2026-04-22,2026-07-24,93,0,150
FRA02690,Telangana,D001,Adilabad,Boath,Ghanpur,Claimant_FRA02690,IFR,1.58,Approved,2023-01-20,2024-03-06,411,0,1338
FRA02691,Telangana,D030,Vikarabad,Tandur,Kotbaspally,Claimant_FRA02691,CFR,7.9,Approved,2021-11-22,2025-05-03,1258,0,1762
FRA02692,Telangana,D011,Khammam,Kothagudem,Seetharampuram,Claimant_FRA02692,IFR,6.04,Approved,2023-07-26,2026-04-21,1000,0,1151
FRA02693,Telangana,D007,Jayashankar Bhupalpally,Chityal,Venkateshwarlapally,Claimant_FRA02693,CFR,4.82,Approved,2025-05-31,2026-07-04,399,0,476
FRA02694,Telangana,D028,Siddipet,Husnabad,Pothireddypet,Claimant_FRA02694,CFR,5.04,Approved,2021-11-22,2024-10-06,1049,0,1762
FRA02695,Telangana,D007,Jayashankar Bhupalpally,Chityal,Venkateshwarlapally,Claimant_FRA02695,CFR,0.65,Rejected,2023-10-20,2025-04-29,557,0,1065
FRA02696,Telangana,D027,Sangareddy,Narayankhed,Kondapur,Claimant_FRA02696,IFR,2.51,Approved,2024-06-01,2025-09-02,458,0,840
FRA02697,Telangana,D007,Jayashankar Bhupalpally,Chityal,Venkateshwarlapally,Claimant_FRA02697,CFR,5.63,Rejected,2023-04-03,2023-04-22,19,0,1265
FRA02698,Telangana,D001,Adilabad,Utnoor,Devapur,Claimant_FRA02698,CFR,6.17,Pending,2024-03-18,,,915,915
FRA02699,Telangana,D030,Vikarabad,Tandur,Kotbaspally,Claimant_FRA02699,CFR,5.14,Approved,2023-07-09,2023-08-02,24,0,1168
FRA02700,Telangana,D005,Jagtial,Metpally,Vellulla,Claimant_FRA02700,CFR,5.51,Pending,2024-02-10,,,952,952
FRA02701,Telangana,D018,Mulugu,Eturunagaram,Katapur,Claimant_FRA02701,CFR,4.41,Pending,2025-03-06,,,562,562
FRA02702,Telangana,D006,Jangaon,Station Ghanpur,Chilpur,Claimant_FRA02702,CFR,3.16,Approved,2026-01-08,2026-05-02,114,0,254
FRA02703,Telangana,D028,Siddipet,Husnabad,Pothireddypet,Claimant_FRA02703,IFR,1.95,Pending,2025-09-30,,,354,354
FRA02704,Telangana,D018,Mulugu,Venkatapur,Narsapur,Claimant_FRA02704,IFR,1.27,Approved,2026-06-26,2026-09-09,75,0,85
FRA02705,Telangana,D007,Jayashankar Bhupalpally,Regonda,Kannaram,Claimant_FRA02705,IFR,6.26,Approved,2023-01-29,2026-05-12,1199,0,1329
FRA02706,Telangana,D001,Adilabad,Narnoor,Kothapalli,Claimant_FRA02706,IFR,1.87,Pending,2023-05-14,,,1224,1224
FRA02707,Telangana,D003,Hanumakonda,Atmakur,Chowdapur,Claimant_FRA02707,IFR,2.07,Approved,2026-05-27,2026-07-23,57,0,115
FRA02708,Telangana,D005,Jagtial,Korutla,Ailapur,Claimant_FRA02708,IFR,7.87,Approved,2023-05-23,2025-04-21,699,0,1215
FRA02709,Telangana,D001,Adilabad,Boath,Ghanpur,Claimant_FRA02709,CFR,6.58,Approved,2023-09-16,2025-05-06,598,0,1099
FRA02710,Telangana,D013,Mahabubabad,Bayyaram,Garla,Claimant_FRA02710,CFR,5.28,Approved,2023-07-18,2026-08-13,1122,0,1159
FRA02711,Telangana,D011,Khammam,Kothagudem,Seetharampuram,Claimant_FRA02711,IFR,3.98,Approved,2022-06-18,2024-08-03,777,0,1554
FRA02712,Telangana,D013,Mahabubabad,Bayyaram,Garla,Claimant_FRA02712,IFR,6.29,Approved,2021-10-10,2023-07-21,649,0,1805
FRA02713,Telangana,D018,Mulugu,Eturunagaram,Katapur,Claimant_FRA02713,IFR,7.85,Rejected,2024-02-02,2025-01-07,340,0,960
FRA02714,Telangana,D033,Yadadri Bhuvanagiri,Bhongir,Anantharam,Claimant_FRA02714,IFR,4.62,Pending,2025-11-01,,,322,322
FRA02715,Telangana,D003,Hanumakonda,Atmakur,Chowdapur,Claimant_FRA02715,IFR,4.69,Approved,2026-09-12,2026-09-12,0,0,7
FRA02716,Telangana,D006,Jangaon,Station Ghanpur,Chilpur,Claimant_FRA02716,IFR,4.45,Approved,2025-02-14,2025-03-05,19,0,582
FRA02717,Telangana,D006,Jangaon,Jangaon,Pasumamula,Claimant_FRA02717,IFR,6.37,Rejected,2024-11-15,2024-11-23,8,0,673
FRA02718,Telangana,D005,Jagtial,Metpally,Vellulla,Claimant_FRA02718,IFR,6.34,Approved,2025-08-09,2026-07-18,343,0,406
FRA02719,Telangana,D020,Nalgonda,Devarakonda,Chinthapally,Claimant_FRA02719,CFR,3.32,Pending,2021-12-07,,,1747,1747
FRA02720,Telangana,D018,Mulugu,Eturunagaram,Katapur,Claimant_FRA02720,IFR,4.83,Pending,2022-01-10,,,1713,1713
FRA02721,Telangana,D002,Bhadradri Kothagudem,Bhadrachalam,Nellipaka,Claimant_FRA02721,CFR,4.78,Pending,2023-01-29,,,1329,1329
FRA02722,Telangana,D007,Jayashankar Bhupalpally,Chityal,Venkateshwarlapally,Claimant_FRA02722,CFR,5.15,Approved,2023-01-10,2023-02-16,37,0,1348
FRA02723,Telangana,D033,Yadadri Bhuvanagiri,Bhongir,Anantharam,Claimant_FRA02723,IFR,3.19,Approved,2021-12-01,2025-06-01,1278,0,1753
FRA02724,Telangana,D013,Mahabubabad,Bayyaram,Garla,Claimant_FRA02724,IFR,1.44,Approved,2023-06-20,2024-06-16,362,0,1187
FRA02725,Telangana,D001,Adilabad,Utnoor,Devapur,Claimant_FRA02725,CFR,4.92,Rejected,2022-08-15,2025-05-15,1004,0,1496
FRA02726,Telangana,D026,Rangareddy,Shabad,Kesaram,Claimant_FRA02726,CFR,5.01,Rejected,2023-09-22,2025-10-05,744,0,1093
FRA02727,Telangana,D011,Khammam,Wyra,Gollapadu,Claimant_FRA02727,CFR,2.53,Approved,2022-05-25,2025-02-26,1008,0,1578
FRA02728,Telangana,D004,Hyderabad,Charminar,Chandrayangutta,Claimant_FRA02728,IFR,7.95,Approved,2024-01-15,2024-09-07,236,0,978
FRA02729,Telangana,D033,Yadadri Bhuvanagiri,Bhongir,Anantharam,Claimant_FRA02729,IFR,6.14,Pending,2023-12-16,,,1008,1008
FRA02730,Telangana,D020,Nalgonda,Devarakonda,Chinthapally,Claimant_FRA02730,IFR,2.66,Pending,2022-11-12,,,1407,1407
FRA02731,Telangana,D011,Khammam,Wyra,Gollapadu,Claimant_FRA02731,IFR,1.68,Approved,2025-09-26,2026-03-02,157,0,358
FRA02732,Telangana,D019,Nagarkurnool,Amrabad,Mananur,Claimant_FRA02732,CFR,2.51,Approved,2025-05-24,2026-06-05,377,0,483
FRA02733,Telangana,D013,Mahabubabad,Kuravi,Seerole,Claimant_FRA02733,IFR,1.05,Rejected,2025-08-06,2026-08-12,371,0,409
FRA02734,Telangana,D005,Jagtial,Metpally,Vellulla,Claimant_FRA02734,CFR,2.64,Approved,2025-12-05,2025-12-27,22,0,288
FRA02735,Telangana,D013,Mahabubabad,Kuravi,Seerole,Claimant_FRA02735,IFR,5.48,Approved,2025-09-20,2026-05-01,223,0,364
FRA02736,Telangana,D027,Sangareddy,Narayankhed,Kondapur,Claimant_FRA02736,CFR,5.85,Pending,2026-09-07,,,12,12
FRA02737,Telangana,D023,Nizamabad,Armoor,Mendora,Claimant_FRA02737,IFR,4.52,Rejected,2025-06-27,2026-08-11,410,0,449
FRA02738,Telangana,D003,Hanumakonda,Atmakur,Chowdapur,Claimant_FRA02738,IFR,7.06,Pending,2022-12-10,,,1379,1379
FRA02739,Telangana,D027,Sangareddy,Narayankhed,Kondapur,Claimant_FRA02739,IFR,7.61,Rejected,2023-07-01,2024-06-01,336,0,1176
FRA02740,Telangana,D003,Hanumakonda,Dharmanagar,Mustial,Claimant_FRA02740,CFR,7.06,Approved,2023-08-09,2025-03-28,597,0,1137
FRA02741,Telangana,D023,Nizamabad,Armoor,Mendora,Claimant_FRA02741,CFR,1.22,Rejected,2023-02-22,2025-04-27,795,0,1305
FRA02742,Telangana,D006,Jangaon,Station Ghanpur,Chilpur,Claimant_FRA02742,IFR,3.76,Approved,2025-02-10,2025-11-03,266,0,586
FRA02743,Telangana,D003,Hanumakonda,Dharmanagar,Mustial,Claimant_FRA02743,CFR,6.63,Approved,2025-07-13,2025-07-23,10,0,433
FRA02744,Telangana,D003,Hanumakonda,Atmakur,Chowdapur,Claimant_FRA02744,CFR,0.62,Pending,2022-05-24,,,1579,1579
FRA02745,Telangana,D001,Adilabad,Narnoor,Kothapalli,Claimant_FRA02745,IFR,6.18,Approved,2025-04-05,2025-11-16,225,0,532
FRA02746,Telangana,D007,Jayashankar Bhupalpally,Regonda,Kannaram,Claimant_FRA02746,IFR,5.13,Approved,2026-09-08,2026-09-10,2,0,11
FRA02747,Telangana,D033,Yadadri Bhuvanagiri,Bhongir,Anantharam,Claimant_FRA02747,CFR,7.31,Approved,2026-04-12,2026-07-11,90,0,160
FRA02748,Telangana,D005,Jagtial,Korutla,Ailapur,Claimant_FRA02748,CFR,6.46,Approved,2022-09-04,2026-08-10,1436,0,1476
FRA02749,Telangana,D002,Bhadradri Kothagudem,Kothagudem,Regalla,Claimant_FRA02749,CFR,5.38,Approved,2025-02-22,2025-02-23,1,0,574
FRA02750,Telangana,D011,Khammam,Wyra,Gollapadu,Claimant_FRA02750,IFR,5.8,Approved,2023-07-21,2024-07-06,351,0,1156
FRA02751,Telangana,D011,Khammam,Wyra,Gollapadu,Claimant_FRA02751,CFR,7.01,Approved,2022-01-08,2022-11-28,324,0,1715
FRA02752,Telangana,D032,Warangal,Narsampet,Madhira,Claimant_FRA02752,CFR,5.75,Pending,2023-11-05,,,1049,1049
FRA02753,Telangana,D003,Hanumakonda,Atmakur,Chowdapur,Claimant_FRA02753,CFR,6.27,Pending,2024-11-29,,,659,659
FRA02754,Telangana,D030,Vikarabad,Tandur,Kotbaspally,Claimant_FRA02754,IFR,3.23,Pending,2021-12-04,,,1750,1750
FRA02755,Telangana,D002,Bhadradri Kothagudem,Manuguru,Anantharam,Claimant_FRA02755,CFR,1.28,Pending,2022-06-23,,,1549,1549
FRA02756,Telangana,D018,Mulugu,Eturunagaram,Katapur,Claimant_FRA02756,CFR,1.58,Pending,2024-11-25,,,663,663
FRA02757,Telangana,D027,Sangareddy,Narayankhed,Kondapur,Claimant_FRA02757,IFR,5.3,Pending,2025-02-24,,,572,572
FRA02758,Telangana,D001,Adilabad,Utnoor,Devapur,Claimant_FRA02758,CFR,2.88,Approved,2023-06-17,2026-08-26,1166,0,1190
FRA02759,Telangana,D003,Hanumakonda,Dharmanagar,Mustial,Claimant_FRA02759,CFR,4.0,Pending,2023-09-20,,,1095,1095
FRA02760,Telangana,D005,Jagtial,Korutla,Ailapur,Claimant_FRA02760,IFR,4.24,Approved,2025-12-20,2026-08-10,233,0,273
FRA02761,Telangana,D004,Hyderabad,Amberpet,Azampura,Claimant_FRA02761,IFR,2.67,Pending,2022-08-15,,,1496,1496
FRA02762,Telangana,D002,Bhadradri Kothagudem,Bhadrachalam,Nellipaka,Claimant_FRA02762,IFR,2.95,Approved,2022-03-05,2024-01-21,687,0,1659
FRA02763,Telangana,D020,Nalgonda,Devarakonda,Chinthapally,Claimant_FRA02763,IFR,2.12,Pending,2026-06-14,,,97,97
FRA02764,Telangana,D011,Khammam,Kothagudem,Seetharampuram,Claimant_FRA02764,CFR,1.11,Approved,2023-08-30,2026-07-20,1055,0,1116
FRA02765,Telangana,D006,Jangaon,Station Ghanpur,Chilpur,Claimant_FRA02765,CFR,5.77,Rejected,2025-01-06,2026-06-19,529,0,621
FRA02766,Telangana,D011,Khammam,Kothagudem,Seetharampuram,Claimant_FRA02766,IFR,2.71,Approved,2025-10-30,2026-05-28,210,0,324
FRA02767,Telangana,D007,Jayashankar Bhupalpally,Regonda,Kannaram,Claimant_FRA02767,IFR,7.28,Approved,2025-01-09,2025-07-28,200,0,618
FRA02768,Telangana,D001,Adilabad,Boath,Ghanpur,Claimant_FRA02768,IFR,2.69,Approved,2025-08-06,2026-05-29,296,0,409
FRA02769,Telangana,D033,Yadadri Bhuvanagiri,Bhongir,Anantharam,Claimant_FRA02769,IFR,1.13,Pending,2024-06-25,,,816,816
FRA02770,Telangana,D011,Khammam,Wyra,Gollapadu,Claimant_FRA02770,CFR,0.55,Rejected,2024-08-05,2025-04-03,241,0,775
FRA02771,Telangana,D004,Hyderabad,Charminar,Chandrayangutta,Claimant_FRA02771,IFR,4.8,Pending,2023-08-27,,,1119,1119
FRA02772,Telangana,D013,Mahabubabad,Bayyaram,Garla,Claimant_FRA02772,IFR,4.31,Rejected,2023-04-24,2024-11-08,564,0,1244
FRA02773,Telangana,D030,Vikarabad,Tandur,Kotbaspally,Claimant_FRA02773,IFR,0.98,Pending,2024-01-14,,,979,979
FRA02774,Telangana,D011,Khammam,Wyra,Gollapadu,Claimant_FRA02774,CFR,7.76,Pending,2023-01-25,,,1333,1333
FRA02775,Telangana,D001,Adilabad,Boath,Ghanpur,Claimant_FRA02775,CFR,1.81,Rejected,2025-08-25,2025-08-31,6,0,390
FRA02776,Telangana,D001,Adilabad,Utnoor,Devapur,Claimant_FRA02776,IFR,3.24,Approved,2021-12-30,2025-05-21,1238,0,1724
FRA02777,Telangana,D011,Khammam,Kothagudem,Seetharampuram,Claimant_FRA02777,IFR,2.94,Approved,2023-05-29,2025-10-02,857,0,1209
FRA02778,Telangana,D020,Nalgonda,Devarakonda,Chinthapally,Claimant_FRA02778,IFR,5.74,Rejected,2023-02-24,2024-08-16,539,0,1303
FRA02779,Telangana,D005,Jagtial,Metpally,Vellulla,Claimant_FRA02779,IFR,1.11,Approved,2021-10-30,2024-04-02,885,0,1785
FRA02780,Telangana,D032,Warangal,Narsampet,Madhira,Claimant_FRA02780,IFR,4.87,Pending,2023-10-21,,,1064,1064
FRA02781,Telangana,D004,Hyderabad,Amberpet,Azampura,Claimant_FRA02781,IFR,5.9,Pending,2023-07-28,,,1149,1149
FRA02782,Telangana,D001,Adilabad,Narnoor,Kothapalli,Claimant_FRA02782,IFR,4.26,Approved,2025-06-06,2025-07-10,34,0,470
FRA02783,Telangana,D028,Siddipet,Husnabad,Pothireddypet,Claimant_FRA02783,IFR,6.48,Approved,2026-02-23,2026-07-30,157,0,208
FRA02784,Telangana,D004,Hyderabad,Charminar,Chandrayangutta,Claimant_FRA02784,IFR,6.4,Approved,2024-03-15,2024-05-08,54,0,918
FRA02785,Telangana,D023,Nizamabad,Armoor,Mendora,Claimant_FRA02785,CFR,3.21,Approved,2024-08-31,2026-09-16,746,0,749
FRA02786,Telangana,D002,Bhadradri Kothagudem,Bhadrachalam,Nellipaka,Claimant_FRA02786,IFR,3.62,Approved,2022-10-06,2025-04-11,918,0,1444
FRA02787,Telangana,D005,Jagtial,Korutla,Ailapur,Claimant_FRA02787,IFR,2.62,Pending,2024-06-16,,,825,825
FRA02788,Telangana,D018,Mulugu,Venkatapur,Narsapur,Claimant_FRA02788,IFR,1.82,Approved,2025-10-04,2025-12-04,61,0,350
FRA02789,Telangana,D006,Jangaon,Station Ghanpur,Chilpur,Claimant_FRA02789,IFR,7.54,Approved,2026-02-24,2026-02-25,1,0,207
FRA02790,Telangana,D003,Hanumakonda,Dharmanagar,Mustial,Claimant_FRA02790,CFR,2.1,Approved,2022-02-12,2025-07-24,1258,0,1680
FRA02791,Telangana,D006,Jangaon,Jangaon,Pasumamula,Claimant_FRA02791,CFR,5.74,Pending,2022-11-13,,,1406,1406
FRA02792,Telangana,D020,Nalgonda,Devarakonda,Chinthapally,Claimant_FRA02792,CFR,6.3,Approved,2021-10-03,2023-10-07,734,0,1812
FRA02793,Telangana,D005,Jagtial,Metpally,Vellulla,Claimant_FRA02793,IFR,1.68,Approved,2022-06-26,2026-08-18,1514,0,1546
FRA02794,Telangana,D013,Mahabubabad,Kuravi,Seerole,Claimant_FRA02794,CFR,6.45,Pending,2026-04-02,,,170,170
FRA02795,Telangana,D013,Mahabubabad,Kuravi,Seerole,Claimant_FRA02795,IFR,7.99,Rejected,2022-09-03,2023-01-15,134,0,1477
FRA02796,Telangana,D007,Jayashankar Bhupalpally,Chityal,Venkateshwarlapally,Claimant_FRA02796,IFR,1.25,Approved,2024-06-13,2025-09-17,461,0,828
FRA02797,Telangana,D018,Mulugu,Venkatapur,Narsapur,Claimant_FRA02797,IFR,4.94,Rejected,2025-07-02,2025-10-23,113,0,444
FRA02798,Telangana,D026,Rangareddy,Shabad,Kesaram,Claimant_FRA02798,CFR,5.2,Approved,2024-10-23,2025-02-24,124,0,696
FRA02799,Telangana,D002,Bhadradri Kothagudem,Bhadrachalam,Nellipaka,Claimant_FRA02799,CFR,7.33,Pending,2024-05-11,,,861,861
FRA02800,Telangana,D006,Jangaon,Station Ghanpur,Chilpur,Claimant_FRA02800,IFR,3.18,Approved,2024-07-08,2024-08-22,45,0,803
FRA02801,Telangana,D002,Bhadradri Kothagudem,Kothagudem,Regalla,Claimant_FRA02801,CFR,2.26,Approved,2022-06-10,2022-07-07,27,0,1562
FRA02802,Telangana,D006,Jangaon,Jangaon,Pasumamula,Claimant_FRA02802,CFR,2.23,Approved,2024-01-18,2025-02-06,385,0,975
FRA02803,Telangana,D003,Hanumakonda,Dharmanagar,Mustial,Claimant_FRA02803,IFR,0.54,Pending,2022-09-14,,,1466,1466
FRA02804,Telangana,D032,Warangal,Narsampet,Madhira,Claimant_FRA02804,IFR,6.8,Pending,2024-10-25,,,694,694
FRA02805,Telangana,D030,Vikarabad,Tandur,Kotbaspally,Claimant_FRA02805,CFR,5.05,Pending,2023-06-15,,,1192,1192
FRA02806,Telangana,D019,Nagarkurnool,Amrabad,Mananur,Claimant_FRA02806,IFR,5.48,Pending,2023-11-25,,,1029,1029
FRA02807,Telangana,D001,Adilabad,Utnoor,Devapur,Claimant_FRA02807,CFR,2.28,Approved,2026-07-17,2026-09-10,55,0,64
FRA02808,Telangana,D004,Hyderabad,Amberpet,Azampura,Claimant_FRA02808,IFR,3.17,Pending,2024-12-29,,,629,629
FRA02809,Telangana,D019,Nagarkurnool,Amrabad,Mananur,Claimant_FRA02809,IFR,2.11,Approved,2024-07-07,2026-01-29,571,0,804
FRA02810,Telangana,D011,Khammam,Kothagudem,Seetharampuram,Claimant_FRA02810,IFR,3.89,Pending,2024-03-11,,,922,922
FRA02811,Telangana,D004,Hyderabad,Charminar,Chandrayangutta,Claimant_FRA02811,IFR,5.68,Approved,2022-07-05,2022-10-01,88,0,1537
FRA02812,Telangana,D018,Mulugu,Venkatapur,Narsapur,Claimant_FRA02812,IFR,4.59,Approved,2022-08-30,2024-12-04,827,0,1481
FRA02813,Telangana,D033,Yadadri Bhuvanagiri,Bhongir,Anantharam,Claimant_FRA02813,IFR,6.88,Approved,2024-10-23,2025-01-28,97,0,696
FRA02814,Telangana,D004,Hyderabad,Amberpet,Azampura,Claimant_FRA02814,IFR,2.2,Pending,2024-12-06,,,652,652
FRA02815,Telangana,D006,Jangaon,Jangaon,Pasumamula,Claimant_FRA02815,CFR,4.93,Approved,2023-01-08,2023-12-26,352,0,1350
FRA02816,Telangana,D011,Khammam,Kothagudem,Seetharampuram,Claimant_FRA02816,IFR,0.86,Pending,2024-07-14,,,797,797
FRA02817,Telangana,D002,Bhadradri Kothagudem,Manuguru,Anantharam,Claimant_FRA02817,IFR,0.69,Approved,2024-04-20,2025-08-04,471,0,882
FRA02818,Telangana,D018,Mulugu,Venkatapur,Narsapur,Claimant_FRA02818,CFR,6.09,Approved,2022-04-24,2023-01-30,281,0,1609
FRA02819,Telangana,D019,Nagarkurnool,Amrabad,Mananur,Claimant_FRA02819,CFR,1.63,Approved,2024-11-21,2025-10-08,321,0,667
FRA02820,Telangana,D003,Hanumakonda,Atmakur,Chowdapur,Claimant_FRA02820,CFR,6.43,Approved,2023-03-18,2024-03-02,350,0,1281
FRA02821,Telangana,D011,Khammam,Wyra,Gollapadu,Claimant_FRA02821,IFR,0.64,Rejected,2024-12-13,2026-08-24,619,0,645
FRA02822,Telangana,D006,Jangaon,Jangaon,Pasumamula,Claimant_FRA02822,IFR,0.64,Approved,2022-04-15,2026-06-19,1526,0,1618
FRA02823,Telangana,D007,Jayashankar Bhupalpally,Regonda,Kannaram,Claimant_FRA02823,IFR,1.14,Approved,2022-02-28,2023-02-09,346,0,1664
FRA02824,Telangana,D011,Khammam,Wyra,Gollapadu,Claimant_FRA02824,IFR,6.62,Approved,2024-01-16,2025-12-17,701,0,977
FRA02825,Telangana,D027,Sangareddy,Narayankhed,Kondapur,Claimant_FRA02825,IFR,3.65,Pending,2022-11-23,,,1396,1396
FRA02826,Telangana,D002,Bhadradri Kothagudem,Manuguru,Anantharam,Claimant_FRA02826,CFR,4.75,Approved,2025-07-28,2026-07-04,341,0,418
FRA02827,Telangana,D027,Sangareddy,Narayankhed,Kondapur,Claimant_FRA02827,CFR,5.58,Approved,2022-10-21,2026-04-07,1264,0,1429
FRA02828,Telangana,D007,Jayashankar Bhupalpally,Regonda,Kannaram,Claimant_FRA02828,IFR,6.73,Approved,2023-08-14,2025-10-31,809,0,1132
FRA02829,Telangana,D028,Siddipet,Husnabad,Pothireddypet,Claimant_FRA02829,IFR,4.45,Approved,2022-09-18,2026-01-24,1224,0,1462
FRA02830,Telangana,D011,Khammam,Wyra,Gollapadu,Claimant_FRA02830,CFR,0.65,Rejected,2025-01-25,2026-07-14,535,0,602
FRA02831,Telangana,D005,Jagtial,Korutla,Ailapur,Claimant_FRA02831,CFR,1.01,Rejected,2026-08-03,2026-08-25,22,0,47
FRA02832,Telangana,D020,Nalgonda,Devarakonda,Chinthapally,Claimant_FRA02832,IFR,2.83,Approved,2024-10-12,2024-12-22,71,0,707
FRA02833,Telangana,D002,Bhadradri Kothagudem,Kothagudem,Regalla,Claimant_FRA02833,CFR,2.75,Approved,2026-07-11,2026-07-14,3,0,70
FRA02834,Telangana,D013,Mahabubabad,Kuravi,Seerole,Claimant_FRA02834,CFR,6.59,Approved,2024-07-05,2025-04-05,274,0,806
FRA02835,Telangana,D033,Yadadri Bhuvanagiri,Bhongir,Anantharam,Claimant_FRA02835,CFR,1.71,Approved,2026-04-29,2026-09-06,130,0,143
FRA02836,Telangana,D018,Mulugu,Venkatapur,Narsapur,Claimant_FRA02836,CFR,7.74,Approved,2023-02-07,2025-04-10,793,0,1320
FRA02837,Telangana,D006,Jangaon,Station Ghanpur,Chilpur,Claimant_FRA02837,IFR,5.9,Pending,2024-07-25,,,786,786
FRA02838,Telangana,D004,Hyderabad,Charminar,Chandrayangutta,Claimant_FRA02838,CFR,5.97,Approved,2025-01-01,2025-09-29,271,0,626
FRA02839,Telangana,D006,Jangaon,Jangaon,Pasumamula,Claimant_FRA02839,IFR,3.32,Approved,2022-04-08,2025-02-14,1043,0,1625
FRA02840,Telangana,D006,Jangaon,Jangaon,Pasumamula,Claimant_FRA02840,IFR,2.49,Approved,2022-01-19,2024-03-18,789,0,1704
FRA02841,Telangana,D007,Jayashankar Bhupalpally,Chityal,Venkateshwarlapally,Claimant_FRA02841,IFR,2.79,Rejected,2023-08-17,2026-01-01,868,0,1129
FRA02842,Telangana,D020,Nalgonda,Devarakonda,Chinthapally,Claimant_FRA02842,CFR,7.69,Approved,2022-01-06,2024-03-12,796,0,1717
FRA02843,Telangana,D001,Adilabad,Utnoor,Devapur,Claimant_FRA02843,CFR,5.28,Approved,2024-06-23,2026-05-27,703,0,818
FRA02844,Telangana,D001,Adilabad,Narnoor,Kothapalli,Claimant_FRA02844,CFR,5.88,Pending,2025-07-25,,,421,421
FRA02845,Telangana,D013,Mahabubabad,Kuravi,Seerole,Claimant_FRA02845,IFR,7.97,Pending,2024-05-06,,,866,866
FRA02846,Telangana,D027,Sangareddy,Narayankhed,Kondapur,Claimant_FRA02846,IFR,5.54,Approved,2025-07-18,2025-12-11,146,0,428
FRA02847,Telangana,D020,Nalgonda,Devarakonda,Chinthapally,Claimant_FRA02847,CFR,2.77,Rejected,2025-03-10,2025-06-16,98,0,558
FRA02848,Telangana,D001,Adilabad,Narnoor,Kothapalli,Claimant_FRA02848,IFR,2.08,Pending,2025-01-13,,,614,614
FRA02849,Telangana,D023,Nizamabad,Armoor,Mendora,Claimant_FRA02849,CFR,3.03,Approved,2026-04-08,2026-07-03,86,0,164
FRA02850,Telangana,D027,Sangareddy,Narayankhed,Kondapur,Claimant_FRA02850,CFR,5.04,Pending,2024-10-18,,,701,701
FRA02851,Telangana,D023,Nizamabad,Armoor,Mendora,Claimant_FRA02851,IFR,2.82,Approved,2021-11-01,2024-07-11,983,0,1783
FRA02852,Telangana,D007,Jayashankar Bhupalpally,Regonda,Kannaram,Claimant_FRA02852,CFR,2.01,Pending,2026-06-14,,,97,97
FRA02853,Telangana,D013,Mahabubabad,Kuravi,Seerole,Claimant_FRA02853,IFR,2.43,Rejected,2022-05-25,2022-10-06,134,0,1578
FRA02854,Telangana,D001,Adilabad,Narnoor,Kothapalli,Claimant_FRA02854,IFR,3.63,Approved,2026-04-17,2026-08-21,126,0,155
FRA02855,Telangana,D019,Nagarkurnool,Amrabad,Mananur,Claimant_FRA02855,IFR,5.68,Approved,2022-11-11,2022-12-17,36,0,1408
FRA02856,Telangana,D002,Bhadradri Kothagudem,Manuguru,Anantharam,Claimant_FRA02856,CFR,2.86,Pending,2025-04-30,,,507,507
FRA02857,Telangana,D001,Adilabad,Narnoor,Kothapalli,Claimant_FRA02857,IFR,1.97,Approved,2025-06-20,2025-09-21,93,0,456
FRA02858,Telangana,D003,Hanumakonda,Dharmanagar,Mustial,Claimant_FRA02858,CFR,1.53,Approved,2023-06-29,2024-08-22,420,0,1178
FRA02859,Telangana,D033,Yadadri Bhuvanagiri,Bhongir,Anantharam,Claimant_FRA02859,IFR,0.86,Approved,2025-08-15,2026-09-07,388,0,400
FRA02860,Telangana,D032,Warangal,Narsampet,Madhira,Claimant_FRA02860,IFR,1.4,Approved,2023-05-16,2025-08-24,831,0,1222
FRA02861,Telangana,D007,Jayashankar Bhupalpally,Chityal,Venkateshwarlapally,Claimant_FRA02861,IFR,5.24,Pending,2024-10-28,,,691,691
FRA02862,Telangana,D030,Vikarabad,Tandur,Kotbaspally,Claimant_FRA02862,CFR,7.42,Rejected,2024-11-02,2026-05-07,551,0,686
FRA02863,Telangana,D005,Jagtial,Korutla,Ailapur,Claimant_FRA02863,IFR,0.62,Approved,2024-01-07,2024-03-26,79,0,986
FRA02864,Telangana,D013,Mahabubabad,Kuravi,Seerole,Claimant_FRA02864,IFR,2.57,Pending,2023-08-13,,,1133,1133
FRA02865,Telangana,D011,Khammam,Wyra,Gollapadu,Claimant_FRA02865,IFR,7.52,Approved,2025-01-20,2025-08-18,210,0,607
FRA02866,Telangana,D002,Bhadradri Kothagudem,Manuguru,Anantharam,Claimant_FRA02866,CFR,2.4,Approved,2022-02-15,2022-03-15,28,0,1677
FRA02867,Telangana,D001,Adilabad,Utnoor,Devapur,Claimant_FRA02867,CFR,7.45,Rejected,2026-03-25,2026-04-08,14,0,178
FRA02868,Telangana,D006,Jangaon,Station Ghanpur,Chilpur,Claimant_FRA02868,IFR,7.17,Rejected,2022-07-27,2026-03-14,1326,0,1515
FRA02869,Telangana,D018,Mulugu,Eturunagaram,Katapur,Claimant_FRA02869,CFR,0.85,Pending,2024-02-10,,,952,952
FRA02870,Telangana,D018,Mulugu,Eturunagaram,Katapur,Claimant_FRA02870,CFR,5.44,Approved,2024-11-16,2025-03-26,130,0,672
FRA02871,Telangana,D005,Jagtial,Korutla,Ailapur,Claimant_FRA02871,CFR,1.43,Pending,2023-09-24,,,1091,1091
FRA02872,Telangana,D002,Bhadradri Kothagudem,Bhadrachalam,Nellipaka,Claimant_FRA02872,IFR,2.93,Rejected,2022-01-03,2025-03-29,1181,0,1720
FRA02873,Telangana,D011,Khammam,Kothagudem,Seetharampuram,Claimant_FRA02873,IFR,3.73,Approved,2022-10-22,2023-01-04,74,0,1428
FRA02874,Telangana,D032,Warangal,Narsampet,Madhira,Claimant_FRA02874,CFR,6.05,Approved,2022-06-18,2022-07-02,14,0,1554
FRA02875,Telangana,D018,Mulugu,Eturunagaram,Katapur,Claimant_FRA02875,CFR,0.72,Approved,2025-12-24,2026-02-12,50,0,269
FRA02876,Telangana,D007,Jayashankar Bhupalpally,Chityal,Venkateshwarlapally,Claimant_FRA02876,CFR,6.78,Pending,2024-08-13,,,767,767
FRA02877,Telangana,D006,Jangaon,Jangaon,Pasumamula,Claimant_FRA02877,IFR,7.5,Pending,2025-11-13,,,310,310
FRA02878,Telangana,D003,Hanumakonda,Atmakur,Chowdapur,Claimant_FRA02878,IFR,1.08,Pending,2021-10-15,,,1800,1800
FRA02879,Telangana,D001,Adilabad,Narnoor,Kothapalli,Claimant_FRA02879,CFR,1.56,Pending,2021-11-21,,,1763,1763
FRA02880,Telangana,D011,Khammam,Kothagudem,Seetharampuram,Claimant_FRA02880,IFR,2.29,Approved,2022-06-21,2025-10-09,1206,0,1551
FRA02881,Telangana,D023,Nizamabad,Armoor,Mendora,Claimant_FRA02881,CFR,7.74,Rejected,2022-01-25,2025-11-15,1390,0,1698
FRA02882,Telangana,D004,Hyderabad,Charminar,Chandrayangutta,Claimant_FRA02882,IFR,2.02,Approved,2025-05-27,2026-09-09,470,0,480
FRA02883,Telangana,D011,Khammam,Wyra,Gollapadu,Claimant_FRA02883,CFR,1.65,Pending,2025-10-05,,,349,349
FRA02884,Telangana,D004,Hyderabad,Amberpet,Azampura,Claimant_FRA02884,CFR,2.78,Approved,2022-07-02,2026-05-06,1404,0,1540
FRA02885,Telangana,D001,Adilabad,Boath,Ghanpur,Claimant_FRA02885,IFR,2.7,Pending,2021-10-06,,,1809,1809
FRA02886,Telangana,D027,Sangareddy,Narayankhed,Kondapur,Claimant_FRA02886,IFR,7.19,Approved,2023-10-28,2025-07-10,621,0,1057
FRA02887,Telangana,D006,Jangaon,Station Ghanpur,Chilpur,Claimant_FRA02887,CFR,3.83,Approved,2023-10-30,2026-02-04,828,0,1055
FRA02888,Telangana,D001,Adilabad,Utnoor,Devapur,Claimant_FRA02888,IFR,2.17,Pending,2024-10-30,,,689,689
FRA02889,Telangana,D027,Sangareddy,Narayankhed,Kondapur,Claimant_FRA02889,IFR,3.42,Pending,2024-12-29,,,629,629
FRA02890,Telangana,D020,Nalgonda,Devarakonda,Chinthapally,Claimant_FRA02890,IFR,7.92,Approved,2025-07-13,2026-06-26,348,0,433
FRA02891,Telangana,D006,Jangaon,Station Ghanpur,Chilpur,Claimant_FRA02891,CFR,2.37,Approved,2022-10-29,2025-01-13,807,0,1421
FRA02892,Telangana,D001,Adilabad,Boath,Ghanpur,Claimant_FRA02892,CFR,3.56,Approved,2026-07-30,2026-08-03,4,0,51
FRA02893,Telangana,D001,Adilabad,Utnoor,Devapur,Claimant_FRA02893,IFR,2.03,Approved,2023-02-17,2024-12-06,658,0,1310
FRA02894,Telangana,D007,Jayashankar Bhupalpally,Chityal,Venkateshwarlapally,Claimant_FRA02894,CFR,2.55,Approved,2025-05-15,2026-07-21,432,0,492
FRA02895,Telangana,D019,Nagarkurnool,Amrabad,Mananur,Claimant_FRA02895,IFR,3.2,Approved,2024-06-19,2026-06-20,731,0,822
FRA02896,Telangana,D027,Sangareddy,Narayankhed,Kondapur,Claimant_FRA02896,CFR,0.92,Approved,2026-01-23,2026-06-29,157,0,239
FRA02897,Telangana,D033,Yadadri Bhuvanagiri,Bhongir,Anantharam,Claimant_FRA02897,CFR,2.04,Pending,2024-04-16,,,886,886
FRA02898,Telangana,D007,Jayashankar Bhupalpally,Chityal,Venkateshwarlapally,Claimant_FRA02898,IFR,4.21,Approved,2025-03-11,2026-07-16,492,0,557
FRA02899,Telangana,D026,Rangareddy,Shabad,Kesaram,Claimant_FRA02899,CFR,2.02,Approved,2024-08-06,2025-05-30,297,0,774
FRA02900,Telangana,D006,Jangaon,Jangaon,Pasumamula,Claimant_FRA02900,CFR,5.26,Rejected,2023-07-04,2025-07-09,736,0,1173
FRA02901,Telangana,D005,Jagtial,Korutla,Ailapur,Claimant_FRA02901,CFR,7.62,Rejected,2026-03-24,2026-04-15,22,0,179
FRA02902,Telangana,D032,Warangal,Narsampet,Madhira,Claimant_FRA02902,IFR,5.46,Approved,2024-06-05,2025-01-22,231,0,836
FRA02903,Telangana,D033,Yadadri Bhuvanagiri,Bhongir,Anantharam,Claimant_FRA02903,CFR,7.97,Approved,2026-05-02,2026-05-24,22,0,140
FRA02904,Telangana,D002,Bhadradri Kothagudem,Kothagudem,Regalla,Claimant_FRA02904,IFR,7.88,Approved,2025-10-01,2025-11-15,45,0,353
FRA02905,Telangana,D004,Hyderabad,Charminar,Chandrayangutta,Claimant_FRA02905,IFR,7.64,Approved,2023-07-10,2023-09-30,82,0,1167
FRA02906,Telangana,D023,Nizamabad,Armoor,Mendora,Claimant_FRA02906,IFR,0.63,Approved,2022-01-24,2024-10-26,1006,0,1699
FRA02907,Telangana,D018,Mulugu,Eturunagaram,Katapur,Claimant_FRA02907,IFR,4.43,Approved,2024-02-17,2025-05-22,460,0,945
FRA02908,Telangana,D001,Adilabad,Utnoor,Devapur,Claimant_FRA02908,CFR,7.06,Approved,2024-02-06,2026-08-19,925,0,956
FRA02909,Telangana,D007,Jayashankar Bhupalpally,Regonda,Kannaram,Claimant_FRA02909,IFR,3.48,Approved,2026-08-25,2026-09-15,21,0,25
FRA02910,Telangana,D026,Rangareddy,Shabad,Kesaram,Claimant_FRA02910,IFR,7.29,Approved,2025-08-13,2025-09-04,22,0,402
FRA02911,Telangana,D002,Bhadradri Kothagudem,Manuguru,Anantharam,Claimant_FRA02911,IFR,1.87,Pending,2024-03-24,,,909,909
FRA02912,Telangana,D004,Hyderabad,Charminar,Chandrayangutta,Claimant_FRA02912,CFR,6.07,Approved,2024-01-16,2025-05-26,496,0,977
FRA02913,Telangana,D003,Hanumakonda,Atmakur,Chowdapur,Claimant_FRA02913,CFR,3.02,Pending,2023-12-15,,,1009,1009
FRA02914,Telangana,D001,Adilabad,Narnoor,Kothapalli,Claimant_FRA02914,CFR,4.91,Approved,2022-03-14,2024-08-30,900,0,1650
FRA02915,Telangana,D030,Vikarabad,Tandur,Kotbaspally,Claimant_FRA02915,CFR,4.77,Approved,2023-01-01,2025-09-16,989,0,1357
FRA02916,Telangana,D007,Jayashankar Bhupalpally,Chityal,Venkateshwarlapally,Claimant_FRA02916,IFR,0.64,Rejected,2026-03-01,2026-08-19,171,0,202
FRA02917,Telangana,D026,Rangareddy,Shabad,Kesaram,Claimant_FRA02917,CFR,7.81,Approved,2026-09-15,2026-09-16,1,0,4
FRA02918,Telangana,D013,Mahabubabad,Bayyaram,Garla,Claimant_FRA02918,CFR,2.33,Approved,2025-03-05,2026-09-02,546,0,563
FRA02919,Telangana,D001,Adilabad,Utnoor,Devapur,Claimant_FRA02919,CFR,6.36,Rejected,2022-12-20,2026-01-28,1135,0,1369
FRA02920,Telangana,D001,Adilabad,Utnoor,Devapur,Claimant_FRA02920,IFR,3.9,Approved,2022-08-30,2025-07-06,1041,0,1481
FRA02921,Telangana,D005,Jagtial,Korutla,Ailapur,Claimant_FRA02921,CFR,2.15,Approved,2025-09-12,2026-06-07,268,0,372
FRA02922,Telangana,D033,Yadadri Bhuvanagiri,Bhongir,Anantharam,Claimant_FRA02922,IFR,5.74,Pending,2022-09-15,,,1465,1465
FRA02923,Telangana,D028,Siddipet,Husnabad,Pothireddypet,Claimant_FRA02923,IFR,1.7,Pending,2024-11-30,,,658,658
FRA02924,Telangana,D001,Adilabad,Boath,Ghanpur,Claimant_FRA02924,CFR,2.05,Approved,2026-02-06,2026-05-16,99,0,225
FRA02925,Telangana,D011,Khammam,Wyra,Gollapadu,Claimant_FRA02925,IFR,5.78,Pending,2023-03-14,,,1285,1285
FRA02926,Telangana,D013,Mahabubabad,Kuravi,Seerole,Claimant_FRA02926,IFR,0.62,Approved,2025-07-11,2026-01-22,195,0,435
FRA02927,Telangana,D003,Hanumakonda,Dharmanagar,Mustial,Claimant_FRA02927,IFR,6.84,Approved,2024-05-13,2024-10-15,155,0,859
FRA02928,Telangana,D026,Rangareddy,Shabad,Kesaram,Claimant_FRA02928,CFR,3.11,Pending,2021-12-09,,,1745,1745
FRA02929,Telangana,D002,Bhadradri Kothagudem,Kothagudem,Regalla,Claimant_FRA02929,CFR,1.95,Approved,2022-05-17,2022-06-10,24,0,1586
FRA02930,Telangana,D001,Adilabad,Narnoor,Kothapalli,Claimant_FRA02930,IFR,3.08,Approved,2025-02-07,2026-08-19,558,0,589
FRA02931,Telangana,D005,Jagtial,Korutla,Ailapur,Claimant_FRA02931,IFR,6.17,Pending,2026-01-23,,,239,239
FRA02932,Telangana,D013,Mahabubabad,Kuravi,Seerole,Claimant_FRA02932,CFR,3.43,Approved,2026-01-25,2026-03-16,50,0,237
FRA02933,Telangana,D013,Mahabubabad,Kuravi,Seerole,Claimant_FRA02933,CFR,7.55,Approved,2021-12-16,2025-11-12,1427,0,1738
FRA02934,Telangana,D002,Bhadradri Kothagudem,Manuguru,Anantharam,Claimant_FRA02934,IFR,5.51,Approved,2025-09-06,2026-04-02,208,0,378
FRA02935,Telangana,D019,Nagarkurnool,Amrabad,Mananur,Claimant_FRA02935,IFR,5.66,Rejected,2023-02-08,2026-06-04,1212,0,1319
FRA02936,Telangana,D011,Khammam,Kothagudem,Seetharampuram,Claimant_FRA02936,CFR,7.27,Rejected,2022-03-29,2024-01-16,658,0,1635
FRA02937,Telangana,D032,Warangal,Narsampet,Madhira,Claimant_FRA02937,IFR,4.75,Rejected,2022-03-12,2024-05-15,795,0,1652
FRA02938,Telangana,D026,Rangareddy,Shabad,Kesaram,Claimant_FRA02938,CFR,1.45,Approved,2024-10-06,2026-05-28,599,0,713
FRA02939,Telangana,D003,Hanumakonda,Dharmanagar,Mustial,Claimant_FRA02939,CFR,5.98,Pending,2022-10-09,,,1441,1441
FRA02940,Telangana,D030,Vikarabad,Tandur,Kotbaspally,Claimant_FRA02940,CFR,2.59,Approved,2026-03-14,2026-04-10,27,0,189
FRA02941,Telangana,D026,Rangareddy,Shabad,Kesaram,Claimant_FRA02941,CFR,1.18,Rejected,2026-02-21,2026-05-12,80,0,210
FRA02942,Telangana,D007,Jayashankar Bhupalpally,Regonda,Kannaram,Claimant_FRA02942,IFR,1.42,Pending,2024-04-04,,,898,898
FRA02943,Telangana,D027,Sangareddy,Narayankhed,Kondapur,Claimant_FRA02943,CFR,7.2,Approved,2025-03-19,2025-08-03,137,0,549
FRA02944,Telangana,D002,Bhadradri Kothagudem,Kothagudem,Regalla,Claimant_FRA02944,IFR,3.72,Pending,2026-01-02,,,260,260
FRA02945,Telangana,D032,Warangal,Narsampet,Madhira,Claimant_FRA02945,IFR,4.74,Approved,2026-06-27,2026-07-21,24,0,84
FRA02946,Telangana,D018,Mulugu,Eturunagaram,Katapur,Claimant_FRA02946,IFR,2.55,Approved,2024-09-09,2025-03-07,179,0,740
FRA02947,Telangana,D006,Jangaon,Station Ghanpur,Chilpur,Claimant_FRA02947,CFR,5.47,Pending,2024-01-04,,,989,989
FRA02948,Telangana,D004,Hyderabad,Charminar,Chandrayangutta,Claimant_FRA02948,IFR,1.09,Approved,2026-01-13,2026-05-23,130,0,249
FRA02949,Telangana,D001,Adilabad,Utnoor,Devapur,Claimant_FRA02949,IFR,2.87,Approved,2025-05-04,2025-06-06,33,0,503
FRA02950,Telangana,D005,Jagtial,Korutla,Ailapur,Claimant_FRA02950,IFR,4.12,Pending,2022-08-27,,,1484,1484
FRA02951,Telangana,D013,Mahabubabad,Kuravi,Seerole,Claimant_FRA02951,IFR,1.1,Pending,2023-12-13,,,1011,1011
FRA02952,Telangana,D032,Warangal,Narsampet,Madhira,Claimant_FRA02952,CFR,0.56,Approved,2026-09-13,2026-09-17,4,0,6
FRA02953,Telangana,D004,Hyderabad,Charminar,Chandrayangutta,Claimant_FRA02953,IFR,6.38,Approved,2021-12-02,2022-04-23,142,0,1752
FRA02954,Telangana,D030,Vikarabad,Tandur,Kotbaspally,Claimant_FRA02954,CFR,2.86,Pending,2023-03-24,,,1275,1275
FRA02955,Telangana,D006,Jangaon,Station Ghanpur,Chilpur,Claimant_FRA02955,IFR,3.6,Rejected,2023-05-14,2023-05-16,2,0,1224
FRA02956,Telangana,D030,Vikarabad,Tandur,Kotbaspally,Claimant_FRA02956,CFR,0.86,Approved,2024-02-28,2025-12-04,645,0,934
FRA02957,Telangana,D026,Rangareddy,Shabad,Kesaram,Claimant_FRA02957,CFR,1.2,Pending,2024-12-05,,,653,653
FRA02958,Telangana,D032,Warangal,Narsampet,Madhira,Claimant_FRA02958,IFR,3.26,Rejected,2025-08-22,2026-03-10,200,0,393
FRA02959,Telangana,D002,Bhadradri Kothagudem,Kothagudem,Regalla,Claimant_FRA02959,CFR,2.38,Approved,2023-01-15,2025-12-25,1075,0,1343
FRA02960,Telangana,D011,Khammam,Wyra,Gollapadu,Claimant_FRA02960,CFR,2.44,Approved,2025-08-10,2026-01-24,167,0,405
FRA02961,Telangana,D006,Jangaon,Jangaon,Pasumamula,Claimant_FRA02961,CFR,3.63,Approved,2025-01-27,2025-03-10,42,0,600
FRA02962,Telangana,D030,Vikarabad,Tandur,Kotbaspally,Claimant_FRA02962,CFR,3.91,Approved,2026-07-27,2026-09-03,38,0,54
FRA02963,Telangana,D011,Khammam,Kothagudem,Seetharampuram,Claimant_FRA02963,CFR,2.29,Rejected,2025-05-14,2026-05-20,371,0,493
FRA02964,Telangana,D013,Mahabubabad,Bayyaram,Garla,Claimant_FRA02964,IFR,5.25,Approved,2025-09-28,2026-03-21,174,0,356
FRA02965,Telangana,D004,Hyderabad,Charminar,Chandrayangutta,Claimant_FRA02965,CFR,5.69,Pending,2022-06-19,,,1553,1553
FRA02966,Telangana,D030,Vikarabad,Tandur,Kotbaspally,Claimant_FRA02966,CFR,7.84,Pending,2024-12-14,,,644,644
FRA02967,Telangana,D001,Adilabad,Narnoor,Kothapalli,Claimant_FRA02967,CFR,4.65,Approved,2023-09-03,2023-10-22,49,0,1112
FRA02968,Telangana,D003,Hanumakonda,Atmakur,Chowdapur,Claimant_FRA02968,CFR,6.37,Pending,2025-09-16,,,368,368
FRA02969,Telangana,D001,Adilabad,Narnoor,Kothapalli,Claimant_FRA02969,CFR,7.53,Approved,2022-04-10,2024-12-04,969,0,1623
FRA02970,Telangana,D005,Jagtial,Korutla,Ailapur,Claimant_FRA02970,IFR,6.39,Approved,2024-11-30,2025-10-30,334,0,658
FRA02971,Telangana,D001,Adilabad,Boath,Ghanpur,Claimant_FRA02971,CFR,7.6,Approved,2022-12-26,2024-03-12,442,0,1363
FRA02972,Telangana,D018,Mulugu,Venkatapur,Narsapur,Claimant_FRA02972,CFR,2.65,Approved,2026-04-30,2026-05-17,17,0,142
FRA02973,Telangana,D023,Nizamabad,Armoor,Mendora,Claimant_FRA02973,CFR,3.59,Approved,2026-03-23,2026-08-17,147,0,180
FRA02974,Telangana,D001,Adilabad,Narnoor,Kothapalli,Claimant_FRA02974,CFR,4.41,Pending,2022-11-04,,,1415,1415
FRA02975,Telangana,D018,Mulugu,Eturunagaram,Katapur,Claimant_FRA02975,CFR,0.65,Approved,2024-12-20,2025-12-07,352,0,638
FRA02976,Telangana,D013,Mahabubabad,Bayyaram,Garla,Claimant_FRA02976,CFR,5.14,Pending,2021-11-28,,,1756,1756
FRA02977,Telangana,D027,Sangareddy,Narayankhed,Kondapur,Claimant_FRA02977,IFR,1.96,Approved,2025-01-16,2026-06-10,510,0,611
FRA02978,Telangana,D018,Mulugu,Eturunagaram,Katapur,Claimant_FRA02978,CFR,4.04,Approved,2024-12-25,2025-06-11,168,0,633
FRA02979,Telangana,D005,Jagtial,Metpally,Vellulla,Claimant_FRA02979,CFR,6.97,Approved,2024-10-30,2025-05-19,201,0,689
FRA02980,Telangana,D019,Nagarkurnool,Amrabad,Mananur,Claimant_FRA02980,CFR,1.06,Pending,2022-12-12,,,1377,1377
FRA02981,Telangana,D013,Mahabubabad,Kuravi,Seerole,Claimant_FRA02981,CFR,7.32,Approved,2021-12-18,2025-12-19,1462,0,1736
FRA02982,Telangana,D018,Mulugu,Eturunagaram,Katapur,Claimant_FRA02982,CFR,3.41,Approved,2024-10-09,2026-06-14,613,0,710
FRA02983,Telangana,D026,Rangareddy,Shabad,Kesaram,Claimant_FRA02983,IFR,3.75,Approved,2025-12-15,2026-09-17,276,0,278
FRA02984,Telangana,D005,Jagtial,Korutla,Ailapur,Claimant_FRA02984,CFR,6.29,Rejected,2025-06-18,2026-01-08,204,0,458
FRA02985,Telangana,D003,Hanumakonda,Atmakur,Chowdapur,Claimant_FRA02985,CFR,4.46,Approved,2021-11-16,2022-07-27,253,0,1768
FRA02986,Telangana,D003,Hanumakonda,Atmakur,Chowdapur,Claimant_FRA02986,CFR,4.59,Approved,2022-02-06,2024-06-02,847,0,1686
FRA02987,Telangana,D013,Mahabubabad,Kuravi,Seerole,Claimant_FRA02987,CFR,1.23,Rejected,2025-08-29,2026-04-11,225,0,386
FRA02988,Telangana,D002,Bhadradri Kothagudem,Kothagudem,Regalla,Claimant_FRA02988,IFR,4.51,Approved,2025-03-28,2026-03-19,356,0,540
FRA02989,Telangana,D013,Mahabubabad,Kuravi,Seerole,Claimant_FRA02989,CFR,3.72,Approved,2022-01-17,2026-02-11,1486,0,1706
FRA02990,Telangana,D011,Khammam,Kothagudem,Seetharampuram,Claimant_FRA02990,IFR,7.37,Pending,2023-12-13,,,1011,1011
FRA02991,Telangana,D013,Mahabubabad,Kuravi,Seerole,Claimant_FRA02991,CFR,4.06,Pending,2026-03-16,,,187,187
FRA02992,Telangana,D013,Mahabubabad,Kuravi,Seerole,Claimant_FRA02992,CFR,1.93,Rejected,2022-06-04,2024-04-16,682,0,1568
FRA02993,Telangana,D003,Hanumakonda,Dharmanagar,Mustial,Claimant_FRA02993,CFR,6.67,Rejected,2021-10-19,2026-05-30,1684,0,1796
FRA02994,Telangana,D018,Mulugu,Venkatapur,Narsapur,Claimant_FRA02994,IFR,6.69,Approved,2022-06-27,2025-05-19,1057,0,1545
FRA02995,Telangana,D028,Siddipet,Husnabad,Pothireddypet,Claimant_FRA02995,IFR,2.23,Pending,2022-07-25,,,1517,1517
FRA02996,Telangana,D002,Bhadradri Kothagudem,Kothagudem,Regalla,Claimant_FRA02996,IFR,4.24,Pending,2023-02-01,,,1326,1326
FRA02997,Telangana,D003,Hanumakonda,Dharmanagar,Mustial,Claimant_FRA02997,IFR,4.5,Approved,2025-06-12,2026-02-24,257,0,464
FRA02998,Telangana,D002,Bhadradri Kothagudem,Manuguru,Anantharam,Claimant_FRA02998,IFR,1.34,Approved,2023-05-18,2025-12-24,951,0,1220
FRA02999,Telangana,D032,Warangal,Narsampet,Madhira,Claimant_FRA02999,IFR,4.27,Approved,2025-04-09,2025-10-23,197,0,528
FRA03000,Telangana,D013,Mahabubabad,Bayyaram,Garla,Claimant_FRA03000,CFR,6.56,Pending,2022-03-22,,,1642,1642
FRA03001,Telangana,D005,Jagtial,Korutla,Ailapur,Claimant_FRA03001,CFR,7.18,Approved,2022-01-27,2022-07-30,184,0,1696
FRA03002,Telangana,D004,Hyderabad,Charminar,Chandrayangutta,Claimant_FRA03002,CFR,3.18,Approved,2022-12-13,2023-11-14,336,0,1376
FRA03003,Telangana,D002,Bhadradri Kothagudem,Bhadrachalam,Nellipaka,Claimant_FRA03003,IFR,6.16,Approved,2024-03-02,2024-05-21,80,0,931
FRA03004,Telangana,D007,Jayashankar Bhupalpally,Regonda,Kannaram,Claimant_FRA03004,IFR,7.93,Pending,2025-06-17,,,459,459
FRA03005,Telangana,D020,Nalgonda,Devarakonda,Chinthapally,Claimant_FRA03005,IFR,2.56,Approved,2025-10-03,2026-03-04,152,0,351
FRA03006,Telangana,D027,Sangareddy,Narayankhed,Kondapur,Claimant_FRA03006,CFR,7.36,Pending,2023-01-25,,,1333,1333
FRA03007,Telangana,D006,Jangaon,Station Ghanpur,Chilpur,Claimant_FRA03007,CFR,0.55,Approved,2024-08-09,2026-05-17,646,0,771
FRA03008,Telangana,D002,Bhadradri Kothagudem,Kothagudem,Regalla,Claimant_FRA03008,CFR,3.02,Approved,2022-12-12,2025-06-17,918,0,1377
FRA03009,Telangana,D032,Warangal,Narsampet,Madhira,Claimant_FRA03009,CFR,3.6,Pending,2025-10-25,,,329,329
FRA03010,Telangana,D003,Hanumakonda,Atmakur,Chowdapur,Claimant_FRA03010,IFR,6.29,Approved,2025-02-21,2026-04-30,433,0,575
FRA03011,Telangana,D027,Sangareddy,Narayankhed,Kondapur,Claimant_FRA03011,CFR,5.73,Approved,2026-03-14,2026-05-11,58,0,189
FRA03012,Telangana,D020,Nalgonda,Devarakonda,Chinthapally,Claimant_FRA03012,CFR,1.24,Approved,2025-12-11,2026-07-21,222,0,282
FRA03013,Telangana,D002,Bhadradri Kothagudem,Manuguru,Anantharam,Claimant_FRA03013,IFR,6.25,Approved,2022-06-15,2024-10-10,848,0,1557
FRA03014,Telangana,D018,Mulugu,Venkatapur,Narsapur,Claimant_FRA03014,IFR,4.77,Approved,2022-04-13,2026-03-19,1436,0,1620
FRA03015,Telangana,D001,Adilabad,Boath,Ghanpur,Claimant_FRA03015,IFR,2.25,Pending,2023-09-06,,,1109,1109
FRA03016,Telangana,D020,Nalgonda,Devarakonda,Chinthapally,Claimant_FRA03016,IFR,0.9,Approved,2022-06-25,2024-01-11,565,0,1547
FRA03017,Telangana,D011,Khammam,Kothagudem,Seetharampuram,Claimant_FRA03017,IFR,0.57,Approved,2025-10-23,2026-06-30,250,0,331
FRA03018,Telangana,D007,Jayashankar Bhupalpally,Regonda,Kannaram,Claimant_FRA03018,IFR,6.18,Rejected,2024-02-29,2026-08-25,908,0,933
FRA03019,Telangana,D023,Nizamabad,Armoor,Mendora,Claimant_FRA03019,CFR,7.47,Approved,2026-05-14,2026-05-27,13,0,128
FRA03020,Telangana,D001,Adilabad,Utnoor,Devapur,Claimant_FRA03020,CFR,1.61,Approved,2023-03-09,2023-12-16,282,0,1290
FRA03021,Telangana,D033,Yadadri Bhuvanagiri,Bhongir,Anantharam,Claimant_FRA03021,CFR,5.25,Rejected,2023-05-03,2023-08-16,105,0,1235
FRA03022,Telangana,D013,Mahabubabad,Bayyaram,Garla,Claimant_FRA03022,CFR,7.19,Approved,2023-01-22,2023-06-30,159,0,1336
FRA03023,Telangana,D002,Bhadradri Kothagudem,Manuguru,Anantharam,Claimant_FRA03023,CFR,5.1,Approved,2024-01-05,2025-04-09,460,0,988
FRA03024,Telangana,D006,Jangaon,Jangaon,Pasumamula,Claimant_FRA03024,IFR,0.81,Approved,2026-09-18,2026-09-18,0,0,1
FRA03025,Telangana,D026,Rangareddy,Shabad,Kesaram,Claimant_FRA03025,IFR,7.94,Pending,2026-07-30,,,51,51
FRA03026,Telangana,D013,Mahabubabad,Kuravi,Seerole,Claimant_FRA03026,CFR,7.97,Approved,2023-09-13,2024-05-24,254,0,1102
FRA03027,Telangana,D028,Siddipet,Husnabad,Pothireddypet,Claimant_FRA03027,IFR,7.69,Rejected,2024-12-14,2025-11-22,343,0,644
FRA03028,Telangana,D007,Jayashankar Bhupalpally,Regonda,Kannaram,Claimant_FRA03028,CFR,3.73,Pending,2024-04-24,,,878,878
FRA03029,Telangana,D013,Mahabubabad,Bayyaram,Garla,Claimant_FRA03029,IFR,5.05,Approved,2022-12-01,2024-12-12,742,0,1388
FRA03030,Telangana,D018,Mulugu,Eturunagaram,Katapur,Claimant_FRA03030,CFR,6.72,Pending,2023-03-13,,,1286,1286
FRA03031,Telangana,D005,Jagtial,Metpally,Vellulla,Claimant_FRA03031,IFR,3.77,Approved,2025-05-04,2026-09-07,491,0,503
FRA03032,Telangana,D006,Jangaon,Jangaon,Pasumamula,Claimant_FRA03032,IFR,4.76,Pending,2026-04-04,,,168,168
FRA03033,Telangana,D033,Yadadri Bhuvanagiri,Bhongir,Anantharam,Claimant_FRA03033,IFR,5.22,Approved,2026-08-23,2026-09-16,24,0,27
FRA03034,Telangana,D013,Mahabubabad,Bayyaram,Garla,Claimant_FRA03034,CFR,3.08,Approved,2025-12-24,2026-05-06,133,0,269
FRA03035,Telangana,D006,Jangaon,Jangaon,Pasumamula,Claimant_FRA03035,CFR,2.69,Pending,2026-04-10,,,162,162
FRA03036,Telangana,D027,Sangareddy,Narayankhed,Kondapur,Claimant_FRA03036,IFR,2.09,Pending,2022-03-06,,,1658,1658
FRA03037,Telangana,D018,Mulugu,Venkatapur,Narsapur,Claimant_FRA03037,IFR,7.76,Pending,2022-02-15,,,1677,1677
FRA03038,Telangana,D005,Jagtial,Korutla,Ailapur,Claimant_FRA03038,IFR,7.12,Approved,2022-12-21,2025-05-22,883,0,1368
FRA03039,Telangana,D013,Mahabubabad,Bayyaram,Garla,Claimant_FRA03039,CFR,3.97,Approved,2022-03-23,2022-05-02,40,0,1641
FRA03040,Telangana,D002,Bhadradri Kothagudem,Kothagudem,Regalla,Claimant_FRA03040,IFR,1.86,Pending,2024-01-17,,,976,976
FRA03041,Telangana,D033,Yadadri Bhuvanagiri,Bhongir,Anantharam,Claimant_FRA03041,CFR,4.07,Rejected,2023-03-19,2023-05-11,53,0,1280
FRA03042,Telangana,D002,Bhadradri Kothagudem,Kothagudem,Regalla,Claimant_FRA03042,CFR,3.85,Approved,2025-02-05,2025-05-01,85,0,591
FRA03043,Telangana,D005,Jagtial,Metpally,Vellulla,Claimant_FRA03043,IFR,0.51,Approved,2026-06-03,2026-07-16,43,0,108
FRA03044,Telangana,D030,Vikarabad,Tandur,Kotbaspally,Claimant_FRA03044,IFR,3.48,Approved,2022-08-31,2025-06-09,1013,0,1480
FRA03045,Telangana,D002,Bhadradri Kothagudem,Bhadrachalam,Nellipaka,Claimant_FRA03045,IFR,5.95,Approved,2026-05-30,2026-07-22,53,0,112
FRA03046,Telangana,D011,Khammam,Kothagudem,Seetharampuram,Claimant_FRA03046,IFR,5.47,Rejected,2022-09-25,2024-08-28,703,0,1455
FRA03047,Telangana,D002,Bhadradri Kothagudem,Kothagudem,Regalla,Claimant_FRA03047,IFR,7.45,Rejected,2022-03-21,2025-03-03,1078,0,1643
FRA03048,Telangana,D006,Jangaon,Jangaon,Pasumamula,Claimant_FRA03048,IFR,1.62,Rejected,2024-06-04,2025-04-08,308,0,837
FRA03049,Telangana,D020,Nalgonda,Devarakonda,Chinthapally,Claimant_FRA03049,IFR,7.61,Rejected,2023-02-10,2026-04-03,1148,0,1317
FRA03050,Telangana,D018,Mulugu,Eturunagaram,Katapur,Claimant_FRA03050,CFR,2.85,Approved,2026-06-08,2026-08-28,81,0,103
FRA03051,Telangana,D005,Jagtial,Metpally,Vellulla,Claimant_FRA03051,IFR,6.94,Approved,2024-08-22,2025-10-10,414,0,758
FRA03052,Telangana,D027,Sangareddy,Narayankhed,Kondapur,Claimant_FRA03052,IFR,3.02,Approved,2023-07-14,2024-12-29,534,0,1163
FRA03053,Telangana,D018,Mulugu,Eturunagaram,Katapur,Claimant_FRA03053,CFR,5.9,Rejected,2021-11-20,2025-04-09,1236,0,1764
FRA03054,Telangana,D002,Bhadradri Kothagudem,Kothagudem,Regalla,Claimant_FRA03054,CFR,5.08,Approved,2023-03-25,2025-11-10,961,0,1274
FRA03055,Telangana,D027,Sangareddy,Narayankhed,Kondapur,Claimant_FRA03055,IFR,1.32,Approved,2022-01-18,2023-06-14,512,0,1705
FRA03056,Telangana,D011,Khammam,Kothagudem,Seetharampuram,Claimant_FRA03056,CFR,1.45,Approved,2025-12-07,2026-04-21,135,0,286
FRA03057,Telangana,D018,Mulugu,Venkatapur,Narsapur,Claimant_FRA03057,IFR,7.67,Approved,2021-09-19,2025-03-13,1271,0,1826
FRA03058,Telangana,D030,Vikarabad,Tandur,Kotbaspally,Claimant_FRA03058,CFR,3.32,Pending,2023-11-20,,,1034,1034
FRA03059,Telangana,D004,Hyderabad,Amberpet,Azampura,Claimant_FRA03059,CFR,3.67,Pending,2022-03-01,,,1663,1663
FRA03060,Telangana,D018,Mulugu,Eturunagaram,Katapur,Claimant_FRA03060,IFR,7.33,Approved,2025-07-23,2026-09-01,405,0,423
FRA03061,Telangana,D001,Adilabad,Narnoor,Kothapalli,Claimant_FRA03061,CFR,7.26,Approved,2023-05-22,2026-03-09,1022,0,1216
FRA03062,Telangana,D001,Adilabad,Narnoor,Kothapalli,Claimant_FRA03062,CFR,3.32,Approved,2025-11-18,2026-08-20,275,0,305
FRA03063,Telangana,D032,Warangal,Narsampet,Madhira,Claimant_FRA03063,CFR,7.27,Pending,2026-09-16,,,3,3
FRA03064,Telangana,D018,Mulugu,Eturunagaram,Katapur,Claimant_FRA03064,CFR,5.9,Approved,2024-10-11,2025-04-21,192,0,708
FRA03065,Telangana,D004,Hyderabad,Charminar,Chandrayangutta,Claimant_FRA03065,CFR,2.37,Approved,2025-04-08,2026-01-04,271,0,529
FRA03066,Telangana,D002,Bhadradri Kothagudem,Manuguru,Anantharam,Claimant_FRA03066,CFR,7.57,Approved,2025-11-04,2026-05-14,191,0,319
FRA03067,Telangana,D013,Mahabubabad,Bayyaram,Garla,Claimant_FRA03067,IFR,0.86,Rejected,2024-08-23,2025-06-30,311,0,757
FRA03068,Telangana,D033,Yadadri Bhuvanagiri,Bhongir,Anantharam,Claimant_FRA03068,CFR,7.28,Rejected,2026-04-20,2026-05-01,11,0,152
FRA03069,Telangana,D023,Nizamabad,Armoor,Mendora,Claimant_FRA03069,CFR,3.39,Approved,2024-02-09,2024-04-21,72,0,953
FRA03070,Telangana,D006,Jangaon,Station Ghanpur,Chilpur,Claimant_FRA03070,CFR,6.15,Pending,2022-08-29,,,1482,1482
FRA03071,Telangana,D026,Rangareddy,Shabad,Kesaram,Claimant_FRA03071,CFR,3.87,Approved,2024-05-09,2025-10-15,524,0,863
FRA03072,Telangana,D001,Adilabad,Boath,Ghanpur,Claimant_FRA03072,IFR,1.55,Approved,2023-09-09,2025-07-31,691,0,1106
FRA03073,Telangana,D027,Sangareddy,Narayankhed,Kondapur,Claimant_FRA03073,CFR,3.64,Approved,2025-04-06,2026-01-06,275,0,531
FRA03074,Telangana,D002,Bhadradri Kothagudem,Kothagudem,Regalla,Claimant_FRA03074,IFR,5.57,Pending,2026-03-17,,,186,186
FRA03075,Telangana,D005,Jagtial,Korutla,Ailapur,Claimant_FRA03075,IFR,7.93,Approved,2021-11-15,2026-07-10,1698,0,1769
FRA03076,Telangana,D002,Bhadradri Kothagudem,Bhadrachalam,Nellipaka,Claimant_FRA03076,IFR,2.72,Approved,2024-04-15,2024-07-11,87,0,887
FRA03077,Telangana,D003,Hanumakonda,Atmakur,Chowdapur,Claimant_FRA03077,CFR,3.93,Approved,2023-12-30,2024-05-15,137,0,994
FRA03078,Telangana,D001,Adilabad,Narnoor,Kothapalli,Claimant_FRA03078,CFR,1.67,Pending,2024-09-09,,,740,740
FRA03079,Telangana,D004,Hyderabad,Amberpet,Azampura,Claimant_FRA03079,CFR,0.67,Pending,2022-06-01,,,1571,1571
FRA03080,Telangana,D001,Adilabad,Boath,Ghanpur,Claimant_FRA03080,CFR,1.14,Pending,2024-11-29,,,659,659
FRA03081,Telangana,D002,Bhadradri Kothagudem,Kothagudem,Regalla,Claimant_FRA03081,CFR,7.31,Approved,2026-04-26,2026-08-27,123,0,146
FRA03082,Telangana,D002,Bhadradri Kothagudem,Manuguru,Anantharam,Claimant_FRA03082,CFR,1.78,Rejected,2022-09-10,2025-08-27,1082,0,1470
FRA03083,Telangana,D007,Jayashankar Bhupalpally,Chityal,Venkateshwarlapally,Claimant_FRA03083,CFR,6.93,Approved,2025-11-24,2025-12-10,16,0,299
FRA03084,Telangana,D020,Nalgonda,Devarakonda,Chinthapally,Claimant_FRA03084,CFR,4.99,Approved,2024-12-24,2025-01-17,24,0,634
FRA03085,Telangana,D023,Nizamabad,Armoor,Mendora,Claimant_FRA03085,CFR,2.9,Approved,2021-09-21,2025-09-01,1441,0,1824
FRA03086,Telangana,D007,Jayashankar Bhupalpally,Regonda,Kannaram,Claimant_FRA03086,IFR,0.64,Pending,2024-06-17,,,824,824
FRA03087,Telangana,D026,Rangareddy,Shabad,Kesaram,Claimant_FRA03087,IFR,2.01,Approved,2022-12-19,2024-04-17,485,0,1370
FRA03088,Telangana,D004,Hyderabad,Amberpet,Azampura,Claimant_FRA03088,IFR,5.92,Pending,2025-03-16,,,552,552
FRA03089,Telangana,D004,Hyderabad,Charminar,Chandrayangutta,Claimant_FRA03089,CFR,3.39,Pending,2025-05-17,,,490,490
FRA03090,Telangana,D005,Jagtial,Korutla,Ailapur,Claimant_FRA03090,IFR,7.18,Approved,2024-07-02,2026-06-04,702,0,809
FRA03091,Telangana,D013,Mahabubabad,Kuravi,Seerole,Claimant_FRA03091,CFR,7.81,Approved,2022-09-03,2024-03-18,562,0,1477
FRA03092,Telangana,D003,Hanumakonda,Atmakur,Chowdapur,Claimant_FRA03092,IFR,5.43,Pending,2024-12-28,,,630,630
FRA03093,Telangana,D011,Khammam,Kothagudem,Seetharampuram,Claimant_FRA03093,CFR,6.97,Pending,2025-01-14,,,613,613
FRA03094,Telangana,D020,Nalgonda,Devarakonda,Chinthapally,Claimant_FRA03094,IFR,1.02,Approved,2022-05-06,2025-11-05,1279,0,1597
FRA03095,Telangana,D004,Hyderabad,Amberpet,Azampura,Claimant_FRA03095,CFR,6.79,Approved,2022-12-04,2025-03-04,821,0,1385
FRA03096,Telangana,D020,Nalgonda,Devarakonda,Chinthapally,Claimant_FRA03096,CFR,2.04,Approved,2022-02-04,2022-05-25,110,0,1688
FRA03097,Telangana,D007,Jayashankar Bhupalpally,Chityal,Venkateshwarlapally,Claimant_FRA03097,IFR,5.49,Rejected,2022-08-19,2026-02-18,1279,0,1492
FRA03098,Telangana,D013,Mahabubabad,Kuravi,Seerole,Claimant_FRA03098,IFR,4.63,Rejected,2025-12-12,2026-07-12,212,0,281
FRA03099,Telangana,D032,Warangal,Narsampet,Madhira,Claimant_FRA03099,IFR,5.67,Approved,2022-07-17,2025-09-01,1142,0,1525
FRA03100,Telangana,D033,Yadadri Bhuvanagiri,Bhongir,Anantharam,Claimant_FRA03100,CFR,4.67,Rejected,2026-05-05,2026-08-04,91,0,137
FRA03101,Telangana,D004,Hyderabad,Charminar,Chandrayangutta,Claimant_FRA03101,CFR,5.06,Approved,2024-12-10,2025-04-19,130,0,648
FRA03102,Telangana,D003,Hanumakonda,Dharmanagar,Mustial,Claimant_FRA03102,IFR,1.73,Approved,2023-09-20,2024-12-05,442,0,1095
FRA03103,Telangana,D004,Hyderabad,Amberpet,Azampura,Claimant_FRA03103,CFR,7.65,Rejected,2026-05-08,2026-09-09,124,0,134
FRA03104,Telangana,D006,Jangaon,Jangaon,Pasumamula,Claimant_FRA03104,IFR,7.83,Approved,2023-11-11,2026-06-04,936,0,1043
FRA03105,Telangana,D003,Hanumakonda,Dharmanagar,Mustial,Claimant_FRA03105,IFR,7.64,Approved,2022-09-20,2022-12-23,94,0,1460
FRA03106,Telangana,D002,Bhadradri Kothagudem,Manuguru,Anantharam,Claimant_FRA03106,CFR,1.14,Approved,2026-07-04,2026-07-27,23,0,77
FRA03107,Telangana,D013,Mahabubabad,Kuravi,Seerole,Claimant_FRA03107,IFR,5.27,Pending,2024-07-26,,,785,785
FRA03108,Telangana,D001,Adilabad,Boath,Ghanpur,Claimant_FRA03108,CFR,7.39,Pending,2024-06-20,,,821,821
FRA03109,Telangana,D006,Jangaon,Jangaon,Pasumamula,Claimant_FRA03109,CFR,3.51,Approved,2026-07-09,2026-09-17,70,0,72
FRA03110,Telangana,D001,Adilabad,Boath,Ghanpur,Claimant_FRA03110,IFR,3.8,Approved,2024-08-31,2025-10-16,411,0,749
FRA03111,Telangana,D011,Khammam,Wyra,Gollapadu,Claimant_FRA03111,CFR,7.72,Approved,2023-03-11,2025-06-19,831,0,1288
FRA03112,Telangana,D002,Bhadradri Kothagudem,Kothagudem,Regalla,Claimant_FRA03112,CFR,3.23,Pending,2022-10-04,,,1446,1446
FRA03113,Telangana,D030,Vikarabad,Tandur,Kotbaspally,Claimant_FRA03113,CFR,7.62,Pending,2023-02-20,,,1307,1307
FRA03114,Telangana,D013,Mahabubabad,Bayyaram,Garla,Claimant_FRA03114,CFR,2.36,Approved,2022-10-18,2024-05-22,582,0,1432
FRA03115,Telangana,D001,Adilabad,Narnoor,Kothapalli,Claimant_FRA03115,IFR,5.78,Pending,2026-07-17,,,64,64
FRA03116,Telangana,D001,Adilabad,Narnoor,Kothapalli,Claimant_FRA03116,IFR,2.24,Pending,2026-07-31,,,50,50
FRA03117,Telangana,D003,Hanumakonda,Atmakur,Chowdapur,Claimant_FRA03117,CFR,2.88,Pending,2022-09-16,,,1464,1464
FRA03118,Telangana,D001,Adilabad,Boath,Ghanpur,Claimant_FRA03118,IFR,4.75,Pending,2022-11-19,,,1400,1400
FRA03119,Telangana,D023,Nizamabad,Armoor,Mendora,Claimant_FRA03119,CFR,4.07,Approved,2022-05-06,2024-09-19,867,0,1597
FRA03120,Telangana,D019,Nagarkurnool,Amrabad,Mananur,Claimant_FRA03120,CFR,7.52,Approved,2024-03-05,2026-04-29,785,0,928
FRA03121,Telangana,D002,Bhadradri Kothagudem,Bhadrachalam,Nellipaka,Claimant_FRA03121,CFR,7.34,Approved,2021-12-30,2022-11-29,334,0,1724
FRA03122,Telangana,D002,Bhadradri Kothagudem,Manuguru,Anantharam,Claimant_FRA03122,IFR,4.15,Pending,2022-04-25,,,1608,1608
FRA03123,Telangana,D033,Yadadri Bhuvanagiri,Bhongir,Anantharam,Claimant_FRA03123,IFR,4.92,Approved,2024-12-11,2025-10-25,318,0,647
FRA03124,Telangana,D003,Hanumakonda,Atmakur,Chowdapur,Claimant_FRA03124,CFR,0.73,Pending,2022-07-05,,,1537,1537
FRA03125,Telangana,D005,Jagtial,Metpally,Vellulla,Claimant_FRA03125,IFR,1.19,Rejected,2026-01-16,2026-07-19,184,0,246
FRA03126,Telangana,D028,Siddipet,Husnabad,Pothireddypet,Claimant_FRA03126,IFR,7.98,Approved,2025-09-15,2025-11-28,74,0,369
FRA03127,Telangana,D001,Adilabad,Utnoor,Devapur,Claimant_FRA03127,IFR,7.98,Approved,2026-04-01,2026-05-28,57,0,171
FRA03128,Telangana,D018,Mulugu,Venkatapur,Narsapur,Claimant_FRA03128,IFR,0.98,Approved,2022-02-25,2023-05-26,455,0,1667
FRA03129,Telangana,D002,Bhadradri Kothagudem,Manuguru,Anantharam,Claimant_FRA03129,CFR,6.91,Pending,2021-11-06,,,1778,1778
FRA03130,Telangana,D002,Bhadradri Kothagudem,Bhadrachalam,Nellipaka,Claimant_FRA03130,CFR,4.83,Approved,2023-08-19,2025-02-12,543,0,1127
FRA03131,Telangana,D028,Siddipet,Husnabad,Pothireddypet,Claimant_FRA03131,CFR,6.94,Pending,2023-09-22,,,1093,1093
FRA03132,Telangana,D028,Siddipet,Husnabad,Pothireddypet,Claimant_FRA03132,CFR,1.39,Approved,2024-06-27,2025-11-28,519,0,814
FRA03133,Telangana,D006,Jangaon,Jangaon,Pasumamula,Claimant_FRA03133,CFR,7.64,Approved,2021-10-08,2022-11-28,416,0,1807
FRA03134,Telangana,D002,Bhadradri Kothagudem,Manuguru,Anantharam,Claimant_FRA03134,IFR,0.82,Pending,2022-07-16,,,1526,1526
FRA03135,Telangana,D006,Jangaon,Jangaon,Pasumamula,Claimant_FRA03135,IFR,2.34,Pending,2026-03-22,,,181,181
FRA03136,Telangana,D002,Bhadradri Kothagudem,Bhadrachalam,Nellipaka,Claimant_FRA03136,IFR,4.58,Approved,2022-11-24,2024-03-23,485,0,1395
FRA03137,Telangana,D020,Nalgonda,Devarakonda,Chinthapally,Claimant_FRA03137,CFR,1.23,Approved,2023-02-02,2024-04-21,444,0,1325
FRA03138,Telangana,D030,Vikarabad,Tandur,Kotbaspally,Claimant_FRA03138,CFR,5.16,Approved,2022-01-24,2022-11-13,293,0,1699
FRA03139,Telangana,D027,Sangareddy,Narayankhed,Kondapur,Claimant_FRA03139,CFR,5.66,Approved,2026-07-20,2026-08-18,29,0,61
FRA03140,Telangana,D001,Adilabad,Utnoor,Devapur,Claimant_FRA03140,IFR,1.62,Pending,2021-10-12,,,1803,1803
FRA03141,Telangana,D028,Siddipet,Husnabad,Pothireddypet,Claimant_FRA03141,IFR,3.62,Approved,2024-08-29,2025-07-28,333,0,751
FRA03142,Telangana,D001,Adilabad,Boath,Ghanpur,Claimant_FRA03142,IFR,3.96,Approved,2025-11-04,2026-03-04,120,0,319
FRA03143,Telangana,D005,Jagtial,Metpally,Vellulla,Claimant_FRA03143,CFR,7.21,Pending,2022-11-22,,,1397,1397
FRA03144,Telangana,D028,Siddipet,Husnabad,Pothireddypet,Claimant_FRA03144,IFR,3.64,Pending,2022-11-16,,,1403,1403
FRA03145,Telangana,D004,Hyderabad,Amberpet,Azampura,Claimant_FRA03145,IFR,7.8,Pending,2025-01-14,,,613,613
FRA03146,Telangana,D003,Hanumakonda,Atmakur,Chowdapur,Claimant_FRA03146,CFR,1.51,Approved,2023-09-13,2026-07-12,1033,0,1102
FRA03147,Telangana,D004,Hyderabad,Amberpet,Azampura,Claimant_FRA03147,CFR,5.9,Approved,2026-04-25,2026-08-01,98,0,147
FRA03148,Telangana,D007,Jayashankar Bhupalpally,Regonda,Kannaram,Claimant_FRA03148,CFR,4.21,Pending,2021-12-05,,,1749,1749
FRA03149,Telangana,D030,Vikarabad,Tandur,Kotbaspally,Claimant_FRA03149,CFR,2.01,Approved,2025-11-10,2026-01-07,58,0,313
FRA03150,Telangana,D001,Adilabad,Utnoor,Devapur,Claimant_FRA03150,CFR,5.78,Approved,2025-10-08,2026-06-21,256,0,346
FRA03151,Telangana,D023,Nizamabad,Armoor,Mendora,Claimant_FRA03151,CFR,7.12,Approved,2025-09-10,2026-02-06,149,0,374
FRA03152,Telangana,D004,Hyderabad,Amberpet,Azampura,Claimant_FRA03152,CFR,2.55,Approved,2022-12-09,2023-10-06,301,0,1380
FRA03153,Telangana,D006,Jangaon,Jangaon,Pasumamula,Claimant_FRA03153,CFR,3.38,Pending,2023-08-30,,,1116,1116
FRA03154,Telangana,D019,Nagarkurnool,Amrabad,Mananur,Claimant_FRA03154,IFR,2.75,Rejected,2024-03-03,2025-10-28,604,0,930
FRA03155,Telangana,D007,Jayashankar Bhupalpally,Chityal,Venkateshwarlapally,Claimant_FRA03155,IFR,5.88,Pending,2023-02-14,,,1313,1313
FRA03156,Telangana,D006,Jangaon,Station Ghanpur,Chilpur,Claimant_FRA03156,IFR,7.93,Pending,2022-06-19,,,1553,1553
FRA03157,Telangana,D007,Jayashankar Bhupalpally,Chityal,Venkateshwarlapally,Claimant_FRA03157,CFR,4.31,Approved,2024-08-08,2026-08-01,723,0,772
FRA03158,Telangana,D003,Hanumakonda,Atmakur,Chowdapur,Claimant_FRA03158,CFR,6.72,Rejected,2024-11-22,2025-12-12,385,0,666
FRA03159,Telangana,D028,Siddipet,Husnabad,Pothireddypet,Claimant_FRA03159,IFR,4.67,Approved,2023-03-29,2023-10-01,186,0,1270
FRA03160,Telangana,D013,Mahabubabad,Bayyaram,Garla,Claimant_FRA03160,CFR,5.62,Approved,2024-08-16,2025-04-09,236,0,764
FRA03161,Telangana,D033,Yadadri Bhuvanagiri,Bhongir,Anantharam,Claimant_FRA03161,IFR,2.35,Approved,2021-10-18,2022-05-19,213,0,1797
FRA03162,Telangana,D001,Adilabad,Narnoor,Kothapalli,Claimant_FRA03162,CFR,7.63,Pending,2024-02-29,,,933,933
FRA03163,Telangana,D033,Yadadri Bhuvanagiri,Bhongir,Anantharam,Claimant_FRA03163,CFR,2.04,Approved,2023-12-26,2024-12-22,362,0,998
FRA03164,Telangana,D007,Jayashankar Bhupalpally,Chityal,Venkateshwarlapally,Claimant_FRA03164,IFR,2.53,Pending,2022-03-28,,,1636,1636
FRA03165,Telangana,D018,Mulugu,Eturunagaram,Katapur,Claimant_FRA03165,CFR,6.93,Approved,2023-03-02,2026-08-20,1267,0,1297
FRA03166,Telangana,D007,Jayashankar Bhupalpally,Chityal,Venkateshwarlapally,Claimant_FRA03166,CFR,6.27,Pending,2022-07-18,,,1524,1524
FRA03167,Telangana,D003,Hanumakonda,Dharmanagar,Mustial,Claimant_FRA03167,CFR,4.48,Pending,2024-10-29,,,690,690
FRA03168,Telangana,D003,Hanumakonda,Atmakur,Chowdapur,Claimant_FRA03168,IFR,6.87,Approved,2025-08-25,2026-07-24,333,0,390
FRA03169,Telangana,D006,Jangaon,Jangaon,Pasumamula,Claimant_FRA03169,IFR,5.76,Approved,2023-06-16,2026-04-01,1020,0,1191
FRA03170,Telangana,D007,Jayashankar Bhupalpally,Regonda,Kannaram,Claimant_FRA03170,IFR,5.73,Approved,2023-06-19,2026-05-04,1050,0,1188
FRA03171,Telangana,D007,Jayashankar Bhupalpally,Chityal,Venkateshwarlapally,Claimant_FRA03171,CFR,6.28,Approved,2025-10-13,2026-08-17,308,0,341
FRA03172,Telangana,D032,Warangal,Narsampet,Madhira,Claimant_FRA03172,CFR,6.99,Approved,2026-07-24,2026-07-24,0,0,57
FRA03173,Telangana,D005,Jagtial,Metpally,Vellulla,Claimant_FRA03173,IFR,5.97,Approved,2024-03-24,2026-06-12,810,0,909
FRA03174,Telangana,D033,Yadadri Bhuvanagiri,Bhongir,Anantharam,Claimant_FRA03174,CFR,4.62,Approved,2025-06-06,2026-08-09,429,0,470
FRA03175,Telangana,D004,Hyderabad,Amberpet,Azampura,Claimant_FRA03175,CFR,1.69,Pending,2024-03-26,,,907,907
FRA03176,Telangana,D011,Khammam,Kothagudem,Seetharampuram,Claimant_FRA03176,CFR,7.29,Pending,2024-06-17,,,824,824
FRA03177,Telangana,D006,Jangaon,Jangaon,Pasumamula,Claimant_FRA03177,IFR,7.3,Pending,2023-10-28,,,1057,1057
FRA03178,Telangana,D033,Yadadri Bhuvanagiri,Bhongir,Anantharam,Claimant_FRA03178,IFR,3.67,Rejected,2023-06-13,2025-07-06,754,0,1194
FRA03179,Telangana,D001,Adilabad,Utnoor,Devapur,Claimant_FRA03179,CFR,4.25,Pending,2024-04-06,,,896,896
FRA03180,Telangana,D001,Adilabad,Boath,Ghanpur,Claimant_FRA03180,IFR,4.63,Rejected,2022-07-31,2024-04-11,620,0,1511
FRA03181,Telangana,D028,Siddipet,Husnabad,Pothireddypet,Claimant_FRA03181,IFR,3.83,Approved,2023-08-14,2024-10-08,421,0,1132
FRA03182,Telangana,D027,Sangareddy,Narayankhed,Kondapur,Claimant_FRA03182,CFR,6.31,Rejected,2025-08-04,2026-03-13,221,0,411
FRA03183,Telangana,D002,Bhadradri Kothagudem,Bhadrachalam,Nellipaka,Claimant_FRA03183,CFR,6.98,Rejected,2024-01-26,2025-08-26,578,0,967
FRA03184,Telangana,D003,Hanumakonda,Dharmanagar,Mustial,Claimant_FRA03184,IFR,3.17,Approved,2024-10-21,2025-09-24,338,0,698
FRA03185,Telangana,D018,Mulugu,Venkatapur,Narsapur,Claimant_FRA03185,IFR,2.88,Approved,2022-05-09,2023-05-19,375,0,1594
FRA03186,Telangana,D028,Siddipet,Husnabad,Pothireddypet,Claimant_FRA03186,IFR,6.51,Approved,2024-09-04,2025-12-23,475,0,745
FRA03187,Telangana,D006,Jangaon,Jangaon,Pasumamula,Claimant_FRA03187,CFR,2.1,Approved,2022-03-15,2026-01-13,1400,0,1649
FRA03188,Telangana,D004,Hyderabad,Charminar,Chandrayangutta,Claimant_FRA03188,IFR,4.69,Approved,2021-09-25,2023-06-12,625,0,1820
FRA03189,Telangana,D011,Khammam,Kothagudem,Seetharampuram,Claimant_FRA03189,IFR,3.43,Pending,2022-09-10,,,1470,1470
FRA03190,Telangana,D018,Mulugu,Eturunagaram,Katapur,Claimant_FRA03190,CFR,7.71,Approved,2022-08-09,2023-07-22,347,0,1502
FRA03191,Telangana,D020,Nalgonda,Devarakonda,Chinthapally,Claimant_FRA03191,CFR,7.11,Pending,2025-07-27,,,419,419
FRA03192,Telangana,D004,Hyderabad,Charminar,Chandrayangutta,Claimant_FRA03192,IFR,6.13,Rejected,2025-02-27,2026-01-16,323,0,569
FRA03193,Telangana,D013,Mahabubabad,Bayyaram,Garla,Claimant_FRA03193,IFR,1.1,Approved,2024-03-19,2025-09-29,559,0,914
FRA03194,Telangana,D018,Mulugu,Venkatapur,Narsapur,Claimant_FRA03194,IFR,0.86,Approved,2024-02-23,2024-04-21,58,0,939
FRA03195,Telangana,D019,Nagarkurnool,Amrabad,Mananur,Claimant_FRA03195,CFR,5.09,Approved,2026-05-14,2026-06-02,19,0,128
FRA03196,Telangana,D001,Adilabad,Boath,Ghanpur,Claimant_FRA03196,CFR,2.66,Rejected,2021-10-08,2024-07-24,1020,0,1807
FRA03197,Telangana,D033,Yadadri Bhuvanagiri,Bhongir,Anantharam,Claimant_FRA03197,IFR,2.92,Approved,2022-10-20,2026-09-16,1427,0,1430
FRA03198,Telangana,D028,Siddipet,Husnabad,Pothireddypet,Claimant_FRA03198,CFR,5.29,Pending,2023-06-19,,,1188,1188
FRA03199,Telangana,D011,Khammam,Kothagudem,Seetharampuram,Claimant_FRA03199,IFR,3.12,Approved,2022-07-13,2025-08-22,1136,0,1529
FRA03200,Telangana,D027,Sangareddy,Narayankhed,Kondapur,Claimant_FRA03200,CFR,6.48,Approved,2023-07-11,2025-03-09,607,0,1166
FRA03201,Telangana,D001,Adilabad,Utnoor,Devapur,Claimant_FRA03201,IFR,1.04,Rejected,2024-08-16,2026-04-07,599,0,764
FRA03202,Telangana,D013,Mahabubabad,Bayyaram,Garla,Claimant_FRA03202,IFR,2.92,Approved,2023-12-20,2025-06-15,543,0,1004
FRA03203,Telangana,D006,Jangaon,Jangaon,Pasumamula,Claimant_FRA03203,CFR,3.73,Pending,2025-08-25,,,390,390
FRA03204,Telangana,D001,Adilabad,Boath,Ghanpur,Claimant_FRA03204,IFR,1.71,Pending,2024-08-27,,,753,753
FRA03205,Telangana,D030,Vikarabad,Tandur,Kotbaspally,Claimant_FRA03205,IFR,6.29,Pending,2025-02-02,,,594,594
FRA03206,Telangana,D003,Hanumakonda,Atmakur,Chowdapur,Claimant_FRA03206,IFR,7.77,Pending,2023-03-18,,,1281,1281
FRA03207,Telangana,D019,Nagarkurnool,Amrabad,Mananur,Claimant_FRA03207,IFR,5.93,Approved,2025-11-03,2026-04-08,156,0,320
FRA03208,Telangana,D033,Yadadri Bhuvanagiri,Bhongir,Anantharam,Claimant_FRA03208,CFR,2.35,Approved,2026-01-26,2026-08-08,194,0,236
FRA03209,Telangana,D003,Hanumakonda,Dharmanagar,Mustial,Claimant_FRA03209,CFR,6.56,Rejected,2025-07-19,2025-11-03,107,0,427
FRA03210,Telangana,D002,Bhadradri Kothagudem,Manuguru,Anantharam,Claimant_FRA03210,IFR,5.36,Approved,2025-07-31,2025-09-23,54,0,415
FRA03211,Telangana,D003,Hanumakonda,Atmakur,Chowdapur,Claimant_FRA03211,IFR,1.77,Rejected,2023-03-20,2026-06-05,1173,0,1279
FRA03212,Telangana,D020,Nalgonda,Devarakonda,Chinthapally,Claimant_FRA03212,CFR,3.7,Approved,2022-12-16,2025-05-29,895,0,1373
FRA03213,Telangana,D013,Mahabubabad,Kuravi,Seerole,Claimant_FRA03213,CFR,7.03,Rejected,2022-05-26,2022-08-07,73,0,1577
FRA03214,Telangana,D005,Jagtial,Korutla,Ailapur,Claimant_FRA03214,CFR,1.95,Approved,2023-10-03,2024-04-02,182,0,1082
FRA03215,Telangana,D027,Sangareddy,Narayankhed,Kondapur,Claimant_FRA03215,IFR,6.47,Approved,2025-08-07,2026-08-09,367,0,408
FRA03216,Telangana,D011,Khammam,Kothagudem,Seetharampuram,Claimant_FRA03216,IFR,5.14,Rejected,2022-11-29,2026-03-21,1208,0,1390
FRA03217,Telangana,D007,Jayashankar Bhupalpally,Regonda,Kannaram,Claimant_FRA03217,CFR,2.39,Rejected,2025-05-20,2025-09-03,106,0,487
FRA03218,Telangana,D020,Nalgonda,Devarakonda,Chinthapally,Claimant_FRA03218,CFR,2.53,Pending,2024-08-09,,,771,771
FRA03219,Telangana,D032,Warangal,Narsampet,Madhira,Claimant_FRA03219,CFR,4.45,Rejected,2022-06-16,2022-10-11,117,0,1556
FRA03220,Telangana,D004,Hyderabad,Charminar,Chandrayangutta,Claimant_FRA03220,CFR,2.09,Approved,2025-08-27,2026-01-31,157,0,388
FRA03221,Telangana,D011,Khammam,Wyra,Gollapadu,Claimant_FRA03221,CFR,5.71,Rejected,2024-03-25,2024-07-11,108,0,908
FRA03222,Telangana,D006,Jangaon,Station Ghanpur,Chilpur,Claimant_FRA03222,CFR,4.74,Pending,2022-02-08,,,1684,1684
FRA03223,Telangana,D001,Adilabad,Boath,Ghanpur,Claimant_FRA03223,IFR,1.21,Pending,2023-04-03,,,1265,1265
FRA03224,Telangana,D002,Bhadradri Kothagudem,Bhadrachalam,Nellipaka,Claimant_FRA03224,CFR,6.17,Approved,2022-04-02,2024-03-23,721,0,1631
FRA03225,Telangana,D023,Nizamabad,Armoor,Mendora,Claimant_FRA03225,CFR,1.77,Approved,2026-01-05,2026-01-11,6,0,257
FRA03226,Telangana,D001,Adilabad,Utnoor,Devapur,Claimant_FRA03226,CFR,2.83,Approved,2022-05-21,2026-03-31,1410,0,1582
FRA03227,Telangana,D023,Nizamabad,Armoor,Mendora,Claimant_FRA03227,IFR,3.05,Pending,2025-07-09,,,437,437
FRA03228,Telangana,D001,Adilabad,Boath,Ghanpur,Claimant_FRA03228,IFR,3.77,Pending,2025-10-25,,,329,329
FRA03229,Telangana,D007,Jayashankar Bhupalpally,Chityal,Venkateshwarlapally,Claimant_FRA03229,IFR,6.15,Approved,2024-05-01,2025-06-10,405,0,871
FRA03230,Telangana,D005,Jagtial,Korutla,Ailapur,Claimant_FRA03230,IFR,1.56,Pending,2026-04-03,,,169,169
FRA03231,Telangana,D005,Jagtial,Korutla,Ailapur,Claimant_FRA03231,CFR,1.98,Pending,2021-11-29,,,1755,1755
FRA03232,Telangana,D013,Mahabubabad,Bayyaram,Garla,Claimant_FRA03232,IFR,7.08,Approved,2026-08-17,2026-09-12,26,0,33
FRA03233,Telangana,D018,Mulugu,Eturunagaram,Katapur,Claimant_FRA03233,IFR,4.57,Pending,2025-08-03,,,412,412
FRA03234,Telangana,D033,Yadadri Bhuvanagiri,Bhongir,Anantharam,Claimant_FRA03234,CFR,4.67,Pending,2023-06-14,,,1193,1193
FRA03235,Telangana,D002,Bhadradri Kothagudem,Manuguru,Anantharam,Claimant_FRA03235,CFR,0.73,Approved,2025-03-09,2026-07-17,495,0,559
FRA03236,Telangana,D026,Rangareddy,Shabad,Kesaram,Claimant_FRA03236,IFR,5.71,Approved,2023-04-01,2025-12-22,996,0,1267
FRA03237,Telangana,D019,Nagarkurnool,Amrabad,Mananur,Claimant_FRA03237,CFR,7.04,Pending,2026-06-09,,,102,102
FRA03238,Telangana,D020,Nalgonda,Devarakonda,Chinthapally,Claimant_FRA03238,IFR,0.93,Approved,2023-12-25,2024-11-18,329,0,999
FRA03239,Telangana,D004,Hyderabad,Amberpet,Azampura,Claimant_FRA03239,CFR,7.05,Approved,2022-02-22,2023-02-20,363,0,1670
FRA03240,Telangana,D005,Jagtial,Metpally,Vellulla,Claimant_FRA03240,CFR,4.41,Rejected,2024-12-29,2025-04-12,104,0,629
FRA03241,Telangana,D004,Hyderabad,Charminar,Chandrayangutta,Claimant_FRA03241,IFR,5.38,Approved,2024-07-19,2024-07-29,10,0,792
FRA03242,Telangana,D027,Sangareddy,Narayankhed,Kondapur,Claimant_FRA03242,IFR,6.34,Rejected,2024-03-01,2024-05-21,81,0,932
FRA03243,Telangana,D019,Nagarkurnool,Amrabad,Mananur,Claimant_FRA03243,IFR,7.89,Rejected,2024-10-21,2026-02-15,482,0,698
FRA03244,Telangana,D011,Khammam,Kothagudem,Seetharampuram,Claimant_FRA03244,CFR,4.76,Approved,2025-04-04,2026-07-27,479,0,533
FRA03245,Telangana,D013,Mahabubabad,Kuravi,Seerole,Claimant_FRA03245,IFR,5.61,Approved,2024-08-20,2025-02-11,175,0,760
FRA03246,Telangana,D018,Mulugu,Venkatapur,Narsapur,Claimant_FRA03246,CFR,5.44,Pending,2021-11-09,,,1775,1775
FRA03247,Telangana,D002,Bhadradri Kothagudem,Kothagudem,Regalla,Claimant_FRA03247,IFR,3.53,Approved,2023-12-27,2025-04-25,485,0,997
FRA03248,Telangana,D006,Jangaon,Jangaon,Pasumamula,Claimant_FRA03248,CFR,1.85,Approved,2023-11-18,2026-07-27,982,0,1036
FRA03249,Telangana,D002,Bhadradri Kothagudem,Bhadrachalam,Nellipaka,Claimant_FRA03249,IFR,2.42,Approved,2024-10-23,2025-06-13,233,0,696
FRA03250,Telangana,D007,Jayashankar Bhupalpally,Regonda,Kannaram,Claimant_FRA03250,CFR,3.93,Pending,2023-02-23,,,1304,1304
FRA03251,Telangana,D002,Bhadradri Kothagudem,Bhadrachalam,Nellipaka,Claimant_FRA03251,CFR,7.54,Pending,2022-07-15,,,1527,1527
FRA03252,Telangana,D001,Adilabad,Narnoor,Kothapalli,Claimant_FRA03252,CFR,3.0,Approved,2025-08-15,2026-06-20,309,0,400
FRA03253,Telangana,D013,Mahabubabad,Kuravi,Seerole,Claimant_FRA03253,IFR,4.39,Approved,2022-03-31,2023-06-05,431,0,1633
FRA03254,Telangana,D005,Jagtial,Korutla,Ailapur,Claimant_FRA03254,CFR,4.07,Approved,2025-08-24,2025-12-13,111,0,391
FRA03255,Telangana,D005,Jagtial,Metpally,Vellulla,Claimant_FRA03255,CFR,7.34,Approved,2022-11-01,2026-04-26,1272,0,1418
FRA03256,Telangana,D023,Nizamabad,Armoor,Mendora,Claimant_FRA03256,CFR,7.01,Rejected,2022-04-02,2026-04-08,1467,0,1631
FRA03257,Telangana,D003,Hanumakonda,Atmakur,Chowdapur,Claimant_FRA03257,IFR,3.01,Rejected,2024-05-02,2024-10-23,174,0,870
FRA03258,Telangana,D013,Mahabubabad,Bayyaram,Garla,Claimant_FRA03258,CFR,1.78,Pending,2022-03-31,,,1633,1633
FRA03259,Telangana,D005,Jagtial,Metpally,Vellulla,Claimant_FRA03259,IFR,7.32,Approved,2025-09-14,2026-01-26,134,0,370
FRA03260,Telangana,D003,Hanumakonda,Dharmanagar,Mustial,Claimant_FRA03260,CFR,5.74,Pending,2024-11-24,,,664,664
FRA03261,Telangana,D001,Adilabad,Narnoor,Kothapalli,Claimant_FRA03261,IFR,6.45,Approved,2023-05-07,2024-10-28,540,0,1231
FRA03262,Telangana,D027,Sangareddy,Narayankhed,Kondapur,Claimant_FRA03262,CFR,5.98,Approved,2024-09-13,2026-03-29,562,0,736
FRA03263,Telangana,D003,Hanumakonda,Dharmanagar,Mustial,Claimant_FRA03263,CFR,2.46,Rejected,2025-02-07,2025-03-06,27,0,589
FRA03264,Telangana,D019,Nagarkurnool,Amrabad,Mananur,Claimant_FRA03264,CFR,4.01,Pending,2024-04-05,,,897,897
FRA03265,Telangana,D011,Khammam,Wyra,Gollapadu,Claimant_FRA03265,CFR,3.93,Approved,2022-02-08,2024-11-10,1006,0,1684
FRA03266,Telangana,D001,Adilabad,Narnoor,Kothapalli,Claimant_FRA03266,CFR,6.07,Approved,2022-04-07,2026-04-14,1468,0,1626
FRA03267,Telangana,D004,Hyderabad,Amberpet,Azampura,Claimant_FRA03267,CFR,1.36,Rejected,2025-12-20,2026-03-11,81,0,273
FRA03268,Telangana,D018,Mulugu,Venkatapur,Narsapur,Claimant_FRA03268,CFR,1.93,Pending,2026-01-27,,,235,235
FRA03269,Telangana,D003,Hanumakonda,Dharmanagar,Mustial,Claimant_FRA03269,CFR,1.93,Pending,2025-01-10,,,617,617
FRA03270,Telangana,D013,Mahabubabad,Kuravi,Seerole,Claimant_FRA03270,CFR,2.82,Approved,2023-09-20,2023-12-23,94,0,1095
FRA03271,Telangana,D006,Jangaon,Jangaon,Pasumamula,Claimant_FRA03271,IFR,6.57,Approved,2023-02-20,2023-06-23,123,0,1307
FRA03272,Telangana,D005,Jagtial,Korutla,Ailapur,Claimant_FRA03272,IFR,2.18,Approved,2024-07-12,2026-09-13,793,0,799
FRA03273,Telangana,D002,Bhadradri Kothagudem,Bhadrachalam,Nellipaka,Claimant_FRA03273,CFR,2.05,Rejected,2024-03-03,2026-08-05,885,0,930
FRA03274,Telangana,D020,Nalgonda,Devarakonda,Chinthapally,Claimant_FRA03274,IFR,4.5,Approved,2024-01-13,2026-03-24,801,0,980
FRA03275,Telangana,D004,Hyderabad,Charminar,Chandrayangutta,Claimant_FRA03275,CFR,3.9,Approved,2025-11-05,2026-02-23,110,0,318
FRA03276,Telangana,D007,Jayashankar Bhupalpally,Chityal,Venkateshwarlapally,Claimant_FRA03276,CFR,1.92,Pending,2024-10-03,,,716,716
FRA03277,Telangana,D005,Jagtial,Metpally,Vellulla,Claimant_FRA03277,IFR,2.21,Rejected,2022-10-17,2025-05-16,942,0,1433
FRA03278,Telangana,D006,Jangaon,Jangaon,Pasumamula,Claimant_FRA03278,IFR,2.01,Pending,2026-07-04,,,77,77
FRA03279,Telangana,D005,Jagtial,Korutla,Ailapur,Claimant_FRA03279,CFR,1.68,Approved,2026-06-02,2026-08-10,69,0,109
FRA03280,Telangana,D005,Jagtial,Korutla,Ailapur,Claimant_FRA03280,CFR,4.77,Rejected,2026-01-13,2026-06-15,153,0,249
FRA03281,Telangana,D006,Jangaon,Jangaon,Pasumamula,Claimant_FRA03281,CFR,5.33,Approved,2025-02-11,2026-03-20,402,0,585
FRA03282,Telangana,D020,Nalgonda,Devarakonda,Chinthapally,Claimant_FRA03282,CFR,3.79,Pending,2023-07-23,,,1154,1154
FRA03283,Telangana,D028,Siddipet,Husnabad,Pothireddypet,Claimant_FRA03283,CFR,6.14,Approved,2022-03-25,2025-08-15,1239,0,1639
FRA03284,Telangana,D006,Jangaon,Jangaon,Pasumamula,Claimant_FRA03284,IFR,6.21,Approved,2023-09-20,2024-05-05,228,0,1095
FRA03285,Telangana,D001,Adilabad,Utnoor,Devapur,Claimant_FRA03285,IFR,5.2,Approved,2023-02-12,2024-10-14,610,0,1315
FRA03286,Telangana,D003,Hanumakonda,Atmakur,Chowdapur,Claimant_FRA03286,CFR,1.08,Pending,2021-12-31,,,1723,1723
FRA03287,Telangana,D004,Hyderabad,Charminar,Chandrayangutta,Claimant_FRA03287,CFR,0.84,Approved,2025-05-16,2025-11-16,184,0,491
FRA03288,Telangana,D001,Adilabad,Narnoor,Kothapalli,Claimant_FRA03288,CFR,3.55,Pending,2025-12-11,,,282,282
FRA03289,Telangana,D001,Adilabad,Boath,Ghanpur,Claimant_FRA03289,CFR,7.58,Approved,2025-04-01,2026-05-02,396,0,536
FRA03290,Telangana,D005,Jagtial,Metpally,Vellulla,Claimant_FRA03290,CFR,4.65,Rejected,2025-12-22,2026-02-28,68,0,271
FRA03291,Telangana,D001,Adilabad,Narnoor,Kothapalli,Claimant_FRA03291,CFR,5.27,Pending,2024-07-26,,,785,785
FRA03292,Telangana,D026,Rangareddy,Shabad,Kesaram,Claimant_FRA03292,CFR,5.21,Pending,2023-10-01,,,1084,1084
FRA03293,Telangana,D001,Adilabad,Boath,Ghanpur,Claimant_FRA03293,IFR,4.54,Pending,2024-03-17,,,916,916
FRA03294,Telangana,D006,Jangaon,Station Ghanpur,Chilpur,Claimant_FRA03294,CFR,7.09,Approved,2023-11-16,2024-07-25,252,0,1038
FRA03295,Telangana,D004,Hyderabad,Amberpet,Azampura,Claimant_FRA03295,IFR,0.71,Approved,2026-09-05,2026-09-09,4,0,14
FRA03296,Telangana,D005,Jagtial,Korutla,Ailapur,Claimant_FRA03296,IFR,6.2,Approved,2022-07-18,2022-10-24,98,0,1524
FRA03297,Telangana,D005,Jagtial,Metpally,Vellulla,Claimant_FRA03297,CFR,0.95,Approved,2021-11-03,2025-09-11,1408,0,1781
FRA03298,Telangana,D004,Hyderabad,Amberpet,Azampura,Claimant_FRA03298,CFR,0.91,Approved,2022-10-16,2023-05-07,203,0,1434
FRA03299,Telangana,D004,Hyderabad,Amberpet,Azampura,Claimant_FRA03299,CFR,6.87,Approved,2022-02-17,2024-07-20,884,0,1675
FRA03300,Telangana,D027,Sangareddy,Narayankhed,Kondapur,Claimant_FRA03300,CFR,7.82,Rejected,2022-06-02,2022-10-20,140,0,1570
FRA03301,Telangana,D011,Khammam,Wyra,Gollapadu,Claimant_FRA03301,CFR,6.17,Approved,2024-11-23,2026-02-22,456,0,665
FRA03302,Telangana,D001,Adilabad,Utnoor,Devapur,Claimant_FRA03302,IFR,3.26,Pending,2023-10-01,,,1084,1084
FRA03303,Telangana,D002,Bhadradri Kothagudem,Manuguru,Anantharam,Claimant_FRA03303,IFR,7.48,Approved,2024-06-01,2026-09-11,832,0,840
FRA03304,Telangana,D030,Vikarabad,Tandur,Kotbaspally,Claimant_FRA03304,IFR,4.19,Approved,2023-10-27,2024-05-17,203,0,1058
FRA03305,Telangana,D013,Mahabubabad,Bayyaram,Garla,Claimant_FRA03305,CFR,0.58,Approved,2026-05-04,2026-07-19,76,0,138
FRA03306,Telangana,D011,Khammam,Wyra,Gollapadu,Claimant_FRA03306,IFR,1.63,Pending,2025-07-20,,,426,426
FRA03307,Telangana,D005,Jagtial,Metpally,Vellulla,Claimant_FRA03307,CFR,5.99,Pending,2026-08-05,,,45,45
FRA03308,Telangana,D013,Mahabubabad,Kuravi,Seerole,Claimant_FRA03308,IFR,4.64,Pending,2025-01-23,,,604,604
FRA03309,Telangana,D004,Hyderabad,Charminar,Chandrayangutta,Claimant_FRA03309,IFR,5.0,Approved,2023-03-28,2024-01-18,296,0,1271
FRA03310,Telangana,D028,Siddipet,Husnabad,Pothireddypet,Claimant_FRA03310,IFR,2.74,Approved,2022-01-13,2023-01-19,371,0,1710
FRA03311,Telangana,D018,Mulugu,Eturunagaram,Katapur,Claimant_FRA03311,IFR,7.74,Approved,2021-12-10,2021-12-27,17,0,1744
FRA03312,Telangana,D023,Nizamabad,Armoor,Mendora,Claimant_FRA03312,CFR,7.27,Pending,2025-05-13,,,494,494
FRA03313,Telangana,D013,Mahabubabad,Bayyaram,Garla,Claimant_FRA03313,CFR,3.08,Approved,2024-01-17,2025-01-22,371,0,976
FRA03314,Telangana,D001,Adilabad,Boath,Ghanpur,Claimant_FRA03314,IFR,5.18,Approved,2023-02-02,2023-10-21,261,0,1325
FRA03315,Telangana,D001,Adilabad,Utnoor,Devapur,Claimant_FRA03315,IFR,5.46,Pending,2026-04-13,,,159,159
FRA03316,Telangana,D001,Adilabad,Narnoor,Kothapalli,Claimant_FRA03316,IFR,1.87,Approved,2025-11-23,2026-01-25,63,0,300
FRA03317,Telangana,D013,Mahabubabad,Kuravi,Seerole,Claimant_FRA03317,CFR,4.64,Pending,2023-12-02,,,1022,1022
FRA03318,Telangana,D018,Mulugu,Eturunagaram,Katapur,Claimant_FRA03318,CFR,1.04,Approved,2026-01-18,2026-03-07,48,0,244
FRA03319,Telangana,D001,Adilabad,Boath,Ghanpur,Claimant_FRA03319,CFR,3.62,Pending,2021-10-24,,,1791,1791
FRA03320,Telangana,D002,Bhadradri Kothagudem,Manuguru,Anantharam,Claimant_FRA03320,IFR,3.85,Approved,2022-04-12,2025-02-13,1038,0,1621
FRA03321,Telangana,D013,Mahabubabad,Kuravi,Seerole,Claimant_FRA03321,IFR,6.86,Pending,2022-01-14,,,1709,1709
FRA03322,Telangana,D003,Hanumakonda,Dharmanagar,Mustial,Claimant_FRA03322,CFR,4.02,Approved,2023-01-12,2025-05-10,849,0,1346
FRA03323,Telangana,D030,Vikarabad,Tandur,Kotbaspally,Claimant_FRA03323,IFR,1.42,Approved,2022-01-06,2022-08-13,219,0,1717
FRA03324,Telangana,D007,Jayashankar Bhupalpally,Regonda,Kannaram,Claimant_FRA03324,IFR,4.95,Pending,2021-09-30,,,1815,1815
FRA03325,Telangana,D018,Mulugu,Venkatapur,Narsapur,Claimant_FRA03325,CFR,3.27,Approved,2023-01-21,2025-11-10,1024,0,1337
FRA03326,Telangana,D032,Warangal,Narsampet,Madhira,Claimant_FRA03326,IFR,5.64,Pending,2022-11-26,,,1393,1393
FRA03327,Telangana,D003,Hanumakonda,Atmakur,Chowdapur,Claimant_FRA03327,CFR,1.24,Approved,2024-12-30,2025-03-02,62,0,628
FRA03328,Telangana,D001,Adilabad,Boath,Ghanpur,Claimant_FRA03328,CFR,4.77,Approved,2023-11-11,2025-09-11,670,0,1043
FRA03329,Telangana,D019,Nagarkurnool,Amrabad,Mananur,Claimant_FRA03329,CFR,7.24,Approved,2024-11-11,2025-12-22,406,0,677
FRA03330,Telangana,D006,Jangaon,Jangaon,Pasumamula,Claimant_FRA03330,IFR,5.08,Approved,2024-07-20,2024-12-23,156,0,791
FRA03331,Telangana,D028,Siddipet,Husnabad,Pothireddypet,Claimant_FRA03331,CFR,5.65,Approved,2024-02-08,2024-04-13,65,0,954
FRA03332,Telangana,D006,Jangaon,Station Ghanpur,Chilpur,Claimant_FRA03332,IFR,3.16,Approved,2022-11-19,2023-01-23,65,0,1400
FRA03333,Telangana,D026,Rangareddy,Shabad,Kesaram,Claimant_FRA03333,CFR,4.52,Pending,2024-11-17,,,671,671
FRA03334,Telangana,D027,Sangareddy,Narayankhed,Kondapur,Claimant_FRA03334,CFR,4.27,Rejected,2024-08-31,2025-07-31,334,0,749
FRA03335,Telangana,D004,Hyderabad,Amberpet,Azampura,Claimant_FRA03335,IFR,7.44,Approved,2025-10-02,2026-07-27,298,0,352
FRA03336,Telangana,D032,Warangal,Narsampet,Madhira,Claimant_FRA03336,IFR,7.21,Pending,2026-07-07,,,74,74
FRA03337,Telangana,D027,Sangareddy,Narayankhed,Kondapur,Claimant_FRA03337,IFR,5.82,Approved,2022-03-12,2023-05-03,417,0,1652
FRA03338,Telangana,D026,Rangareddy,Shabad,Kesaram,Claimant_FRA03338,CFR,1.45,Approved,2024-06-29,2026-03-10,619,0,812
FRA03339,Telangana,D001,Adilabad,Narnoor,Kothapalli,Claimant_FRA03339,CFR,7.28,Approved,2023-12-15,2024-04-16,123,0,1009
FRA03340,Telangana,D001,Adilabad,Utnoor,Devapur,Claimant_FRA03340,CFR,7.12,Pending,2023-06-12,,,1195,1195
FRA03341,Telangana,D002,Bhadradri Kothagudem,Manuguru,Anantharam,Claimant_FRA03341,IFR,5.56,Approved,2022-08-14,2026-01-10,1245,0,1497
FRA03342,Telangana,D019,Nagarkurnool,Amrabad,Mananur,Claimant_FRA03342,CFR,5.48,Approved,2023-05-30,2025-03-10,650,0,1208
FRA03343,Telangana,D013,Mahabubabad,Bayyaram,Garla,Claimant_FRA03343,CFR,5.22,Rejected,2023-03-14,2025-05-23,801,0,1285
FRA03344,Telangana,D003,Hanumakonda,Dharmanagar,Mustial,Claimant_FRA03344,IFR,7.42,Pending,2023-10-09,,,1076,1076
FRA03345,Telangana,D028,Siddipet,Husnabad,Pothireddypet,Claimant_FRA03345,IFR,6.85,Rejected,2023-01-01,2025-05-23,873,0,1357
FRA03346,Telangana,D002,Bhadradri Kothagudem,Kothagudem,Regalla,Claimant_FRA03346,IFR,5.85,Approved,2025-11-04,2026-08-14,283,0,319
FRA03347,Telangana,D032,Warangal,Narsampet,Madhira,Claimant_FRA03347,CFR,3.41,Approved,2022-05-03,2024-04-25,723,0,1600
FRA03348,Telangana,D013,Mahabubabad,Kuravi,Seerole,Claimant_FRA03348,CFR,0.97,Approved,2022-01-16,2023-05-17,486,0,1707
FRA03349,Telangana,D005,Jagtial,Metpally,Vellulla,Claimant_FRA03349,IFR,4.4,Pending,2023-10-08,,,1077,1077
FRA03350,Telangana,D006,Jangaon,Station Ghanpur,Chilpur,Claimant_FRA03350,CFR,3.77,Pending,2025-05-07,,,500,500
FRA03351,Telangana,D032,Warangal,Narsampet,Madhira,Claimant_FRA03351,CFR,3.2,Approved,2025-07-14,2025-09-16,64,0,432
FRA03352,Telangana,D004,Hyderabad,Charminar,Chandrayangutta,Claimant_FRA03352,IFR,0.69,Pending,2024-01-08,,,985,985
FRA03353,Telangana,D001,Adilabad,Utnoor,Devapur,Claimant_FRA03353,IFR,4.13,Approved,2025-08-20,2026-06-03,287,0,395
FRA03354,Telangana,D007,Jayashankar Bhupalpally,Regonda,Kannaram,Claimant_FRA03354,CFR,6.55,Approved,2026-06-29,2026-08-10,42,0,82
FRA03355,Telangana,D018,Mulugu,Eturunagaram,Katapur,Claimant_FRA03355,CFR,5.69,Pending,2021-12-04,,,1750,1750
FRA03356,Telangana,D003,Hanumakonda,Dharmanagar,Mustial,Claimant_FRA03356,CFR,5.57,Approved,2023-12-10,2026-02-13,796,0,1014
FRA03357,Telangana,D007,Jayashankar Bhupalpally,Chityal,Venkateshwarlapally,Claimant_FRA03357,IFR,2.8,Pending,2025-03-26,,,542,542
FRA03358,Telangana,D011,Khammam,Wyra,Gollapadu,Claimant_FRA03358,IFR,2.78,Approved,2022-04-05,2025-08-13,1226,0,1628
FRA03359,Telangana,D028,Siddipet,Husnabad,Pothireddypet,Claimant_FRA03359,CFR,1.02,Approved,2022-11-26,2023-11-17,356,0,1393
FRA03360,Telangana,D033,Yadadri Bhuvanagiri,Bhongir,Anantharam,Claimant_FRA03360,IFR,6.8,Pending,2024-01-07,,,986,986
FRA03361,Telangana,D028,Siddipet,Husnabad,Pothireddypet,Claimant_FRA03361,IFR,5.13,Approved,2026-04-13,2026-07-14,92,0,159
FRA03362,Telangana,D001,Adilabad,Boath,Ghanpur,Claimant_FRA03362,CFR,2.24,Approved,2024-06-19,2025-05-18,333,0,822
FRA03363,Telangana,D018,Mulugu,Venkatapur,Narsapur,Claimant_FRA03363,CFR,5.54,Pending,2025-11-23,,,300,300
FRA03364,Telangana,D033,Yadadri Bhuvanagiri,Bhongir,Anantharam,Claimant_FRA03364,CFR,1.69,Pending,2024-09-17,,,732,732
FRA03365,Telangana,D023,Nizamabad,Armoor,Mendora,Claimant_FRA03365,CFR,3.6,Approved,2024-10-24,2025-04-16,174,0,695
FRA03366,Telangana,D005,Jagtial,Metpally,Vellulla,Claimant_FRA03366,IFR,4.51,Approved,2025-05-11,2026-07-10,425,0,496
FRA03367,Telangana,D020,Nalgonda,Devarakonda,Chinthapally,Claimant_FRA03367,IFR,4.96,Pending,2023-10-16,,,1069,1069
FRA03368,Telangana,D003,Hanumakonda,Dharmanagar,Mustial,Claimant_FRA03368,CFR,1.95,Rejected,2021-11-12,2024-05-20,920,0,1772
FRA03369,Telangana,D002,Bhadradri Kothagudem,Bhadrachalam,Nellipaka,Claimant_FRA03369,IFR,5.99,Approved,2022-08-19,2026-09-03,1476,0,1492
FRA03370,Telangana,D028,Siddipet,Husnabad,Pothireddypet,Claimant_FRA03370,IFR,7.06,Approved,2026-07-24,2026-09-09,47,0,57
FRA03371,Telangana,D019,Nagarkurnool,Amrabad,Mananur,Claimant_FRA03371,IFR,1.8,Approved,2023-03-12,2024-03-15,369,0,1287
FRA03372,Telangana,D004,Hyderabad,Amberpet,Azampura,Claimant_FRA03372,CFR,2.01,Approved,2026-07-25,2026-08-06,12,0,56
FRA03373,Telangana,D001,Adilabad,Narnoor,Kothapalli,Claimant_FRA03373,CFR,0.64,Rejected,2026-03-01,2026-03-02,1,0,202
FRA03374,Telangana,D007,Jayashankar Bhupalpally,Chityal,Venkateshwarlapally,Claimant_FRA03374,CFR,4.98,Approved,2023-12-31,2025-06-30,547,0,993
FRA03375,Telangana,D026,Rangareddy,Shabad,Kesaram,Claimant_FRA03375,CFR,3.91,Pending,2023-10-31,,,1054,1054
FRA03376,Telangana,D005,Jagtial,Metpally,Vellulla,Claimant_FRA03376,CFR,3.03,Pending,2025-09-01,,,383,383
FRA03377,Telangana,D033,Yadadri Bhuvanagiri,Bhongir,Anantharam,Claimant_FRA03377,IFR,4.45,Approved,2024-08-18,2026-04-08,598,0,762
FRA03378,Telangana,D032,Warangal,Narsampet,Madhira,Claimant_FRA03378,IFR,0.61,Approved,2022-10-14,2025-11-12,1125,0,1436
FRA03379,Telangana,D005,Jagtial,Metpally,Vellulla,Claimant_FRA03379,IFR,2.38,Pending,2022-07-31,,,1511,1511
FRA03380,Telangana,D001,Adilabad,Boath,Ghanpur,Claimant_FRA03380,IFR,6.57,Rejected,2026-06-22,2026-09-05,75,0,89
FRA03381,Telangana,D002,Bhadradri Kothagudem,Manuguru,Anantharam,Claimant_FRA03381,IFR,4.08,Approved,2023-01-02,2024-10-10,647,0,1356
FRA03382,Telangana,D011,Khammam,Kothagudem,Seetharampuram,Claimant_FRA03382,IFR,0.54,Pending,2025-07-21,,,425,425
FRA03383,Telangana,D007,Jayashankar Bhupalpally,Regonda,Kannaram,Claimant_FRA03383,CFR,7.16,Pending,2021-10-01,,,1814,1814
FRA03384,Telangana,D006,Jangaon,Jangaon,Pasumamula,Claimant_FRA03384,IFR,2.88,Approved,2022-06-01,2024-07-05,765,0,1571
FRA03385,Telangana,D007,Jayashankar Bhupalpally,Chityal,Venkateshwarlapally,Claimant_FRA03385,CFR,1.59,Approved,2024-10-03,2025-07-19,289,0,716
FRA03386,Telangana,D002,Bhadradri Kothagudem,Bhadrachalam,Nellipaka,Claimant_FRA03386,CFR,5.08,Approved,2026-08-05,2026-08-09,4,0,45
FRA03387,Telangana,D011,Khammam,Wyra,Gollapadu,Claimant_FRA03387,IFR,3.45,Rejected,2024-04-18,2025-05-10,387,0,884
FRA03388,Telangana,D018,Mulugu,Eturunagaram,Katapur,Claimant_FRA03388,CFR,2.62,Rejected,2026-02-12,2026-05-04,81,0,219
FRA03389,Telangana,D013,Mahabubabad,Bayyaram,Garla,Claimant_FRA03389,CFR,6.85,Approved,2024-09-26,2025-06-21,268,0,723
FRA03390,Telangana,D001,Adilabad,Narnoor,Kothapalli,Claimant_FRA03390,CFR,2.22,Pending,2024-09-16,,,733,733
FRA03391,Telangana,D006,Jangaon,Station Ghanpur,Chilpur,Claimant_FRA03391,IFR,6.64,Approved,2026-08-05,2026-08-11,6,0,45
FRA03392,Telangana,D018,Mulugu,Venkatapur,Narsapur,Claimant_FRA03392,CFR,3.25,Approved,2023-01-18,2026-06-04,1233,0,1340
FRA03393,Telangana,D030,Vikarabad,Tandur,Kotbaspally,Claimant_FRA03393,IFR,1.97,Approved,2026-07-12,2026-07-29,17,0,69
FRA03394,Telangana,D007,Jayashankar Bhupalpally,Regonda,Kannaram,Claimant_FRA03394,CFR,7.65,Rejected,2024-05-04,2026-09-17,866,0,868
FRA03395,Telangana,D006,Jangaon,Jangaon,Pasumamula,Claimant_FRA03395,CFR,6.43,Pending,2026-08-19,,,31,31
FRA03396,Telangana,D013,Mahabubabad,Bayyaram,Garla,Claimant_FRA03396,CFR,0.76,Approved,2025-02-06,2025-07-27,171,0,590
FRA03397,Telangana,D005,Jagtial,Korutla,Ailapur,Claimant_FRA03397,CFR,3.32,Approved,2021-12-11,2024-05-19,890,0,1743
FRA03398,Telangana,D032,Warangal,Narsampet,Madhira,Claimant_FRA03398,CFR,0.59,Approved,2024-03-02,2026-04-09,768,0,931
FRA03399,Telangana,D030,Vikarabad,Tandur,Kotbaspally,Claimant_FRA03399,IFR,5.45,Approved,2022-06-01,2023-04-09,312,0,1571
FRA03400,Telangana,D026,Rangareddy,Shabad,Kesaram,Claimant_FRA03400,CFR,2.24,Pending,2026-09-07,,,12,12
FRA03401,Telangana,D027,Sangareddy,Narayankhed,Kondapur,Claimant_FRA03401,IFR,1.43,Approved,2022-04-03,2025-11-15,1322,0,1630
FRA03402,Telangana,D026,Rangareddy,Shabad,Kesaram,Claimant_FRA03402,CFR,3.15,Rejected,2025-02-08,2025-03-14,34,0,588
FRA03403,Telangana,D032,Warangal,Narsampet,Madhira,Claimant_FRA03403,IFR,1.01,Approved,2025-09-20,2026-07-16,299,0,364
FRA03404,Telangana,D023,Nizamabad,Armoor,Mendora,Claimant_FRA03404,CFR,6.22,Approved,2025-08-06,2025-10-09,64,0,409
FRA03405,Telangana,D001,Adilabad,Boath,Ghanpur,Claimant_FRA03405,CFR,6.65,Approved,2023-11-05,2025-03-08,489,0,1049
FRA03406,Telangana,D020,Nalgonda,Devarakonda,Chinthapally,Claimant_FRA03406,CFR,2.19,Pending,2026-05-04,,,138,138
FRA03407,Telangana,D005,Jagtial,Korutla,Ailapur,Claimant_FRA03407,CFR,2.61,Approved,2025-01-08,2025-04-06,88,0,619
FRA03408,Telangana,D019,Nagarkurnool,Amrabad,Mananur,Claimant_FRA03408,IFR,7.24,Approved,2026-03-14,2026-09-02,172,0,189
FRA03409,Telangana,D011,Khammam,Wyra,Gollapadu,Claimant_FRA03409,CFR,1.51,Rejected,2026-06-27,2026-07-27,30,0,84
FRA03410,Telangana,D003,Hanumakonda,Atmakur,Chowdapur,Claimant_FRA03410,CFR,2.62,Approved,2024-11-10,2025-10-04,328,0,678
FRA03411,Telangana,D004,Hyderabad,Amberpet,Azampura,Claimant_FRA03411,CFR,5.49,Pending,2021-10-16,,,1799,1799
FRA03412,Telangana,D007,Jayashankar Bhupalpally,Regonda,Kannaram,Claimant_FRA03412,CFR,0.9,Rejected,2023-07-21,2024-03-05,228,0,1156
FRA03413,Telangana,D019,Nagarkurnool,Amrabad,Mananur,Claimant_FRA03413,CFR,5.07,Pending,2026-01-30,,,232,232
FRA03414,Telangana,D001,Adilabad,Narnoor,Kothapalli,Claimant_FRA03414,IFR,6.88,Pending,2025-06-13,,,463,463
FRA03415,Telangana,D003,Hanumakonda,Dharmanagar,Mustial,Claimant_FRA03415,CFR,4.58,Pending,2025-11-03,,,320,320
FRA03416,Telangana,D018,Mulugu,Eturunagaram,Katapur,Claimant_FRA03416,IFR,1.93,Pending,2022-01-03,,,1720,1720
FRA03417,Telangana,D001,Adilabad,Narnoor,Kothapalli,Claimant_FRA03417,IFR,1.53,Approved,2022-03-15,2023-06-11,453,0,1649
FRA03418,Telangana,D013,Mahabubabad,Kuravi,Seerole,Claimant_FRA03418,IFR,2.89,Pending,2022-07-25,,,1517,1517
FRA03419,Telangana,D026,Rangareddy,Shabad,Kesaram,Claimant_FRA03419,IFR,3.05,Pending,2024-11-05,,,683,683
FRA03420,Telangana,D001,Adilabad,Utnoor,Devapur,Claimant_FRA03420,CFR,3.29,Approved,2025-07-11,2025-10-11,92,0,435
FRA03421,Telangana,D027,Sangareddy,Narayankhed,Kondapur,Claimant_FRA03421,IFR,6.57,Pending,2025-09-15,,,369,369
FRA03422,Telangana,D023,Nizamabad,Armoor,Mendora,Claimant_FRA03422,IFR,4.72,Approved,2023-12-31,2025-09-18,627,0,993
FRA03423,Telangana,D013,Mahabubabad,Kuravi,Seerole,Claimant_FRA03423,CFR,5.5,Approved,2025-07-19,2025-12-11,145,0,427
FRA03424,Telangana,D006,Jangaon,Jangaon,Pasumamula,Claimant_FRA03424,IFR,7.14,Approved,2024-10-22,2026-02-05,471,0,697
FRA03425,Telangana,D011,Khammam,Wyra,Gollapadu,Claimant_FRA03425,IFR,6.8,Pending,2023-07-26,,,1151,1151
FRA03426,Telangana,D003,Hanumakonda,Atmakur,Chowdapur,Claimant_FRA03426,CFR,3.09,Approved,2025-10-22,2026-02-11,112,0,332
FRA03427,Telangana,D002,Bhadradri Kothagudem,Manuguru,Anantharam,Claimant_FRA03427,IFR,7.32,Approved,2024-08-19,2026-07-23,703,0,761
FRA03428,Telangana,D006,Jangaon,Station Ghanpur,Chilpur,Claimant_FRA03428,IFR,6.2,Approved,2022-12-10,2026-06-27,1295,0,1379
FRA03429,Telangana,D013,Mahabubabad,Kuravi,Seerole,Claimant_FRA03429,CFR,5.42,Pending,2025-06-17,,,459,459
FRA03430,Telangana,D005,Jagtial,Metpally,Vellulla,Claimant_FRA03430,IFR,2.91,Pending,2025-05-18,,,489,489
FRA03431,Telangana,D002,Bhadradri Kothagudem,Manuguru,Anantharam,Claimant_FRA03431,CFR,2.0,Rejected,2024-02-07,2025-08-16,556,0,955
FRA03432,Telangana,D007,Jayashankar Bhupalpally,Regonda,Kannaram,Claimant_FRA03432,IFR,2.61,Pending,2023-09-09,,,1106,1106
FRA03433,Telangana,D011,Khammam,Kothagudem,Seetharampuram,Claimant_FRA03433,CFR,6.95,Pending,2025-04-16,,,521,521
FRA03434,Telangana,D033,Yadadri Bhuvanagiri,Bhongir,Anantharam,Claimant_FRA03434,IFR,1.86,Rejected,2021-10-12,2024-05-16,947,0,1803
FRA03435,Telangana,D030,Vikarabad,Tandur,Kotbaspally,Claimant_FRA03435,IFR,4.68,Pending,2023-05-21,,,1217,1217
FRA03436,Telangana,D018,Mulugu,Venkatapur,Narsapur,Claimant_FRA03436,IFR,4.79,Approved,2022-10-24,2026-08-13,1389,0,1426
FRA03437,Telangana,D001,Adilabad,Boath,Ghanpur,Claimant_FRA03437,IFR,1.06,Pending,2024-08-04,,,776,776
FRA03438,Telangana,D003,Hanumakonda,Dharmanagar,Mustial,Claimant_FRA03438,IFR,6.27,Rejected,2024-01-09,2026-01-12,734,0,984
FRA03439,Telangana,D004,Hyderabad,Amberpet,Azampura,Claimant_FRA03439,IFR,2.54,Pending,2024-08-14,,,766,766
FRA03440,Telangana,D002,Bhadradri Kothagudem,Bhadrachalam,Nellipaka,Claimant_FRA03440,CFR,5.5,Pending,2022-12-05,,,1384,1384
FRA03441,Telangana,D001,Adilabad,Boath,Ghanpur,Claimant_FRA03441,CFR,7.67,Pending,2024-02-03,,,959,959
FRA03442,Telangana,D019,Nagarkurnool,Amrabad,Mananur,Claimant_FRA03442,IFR,3.92,Approved,2025-01-03,2026-08-30,604,0,624
FRA03443,Telangana,D001,Adilabad,Narnoor,Kothapalli,Claimant_FRA03443,CFR,0.71,Approved,2021-12-02,2023-01-26,420,0,1752
FRA03444,Telangana,D028,Siddipet,Husnabad,Pothireddypet,Claimant_FRA03444,IFR,1.11,Approved,2026-03-07,2026-07-31,146,0,196
FRA03445,Telangana,D020,Nalgonda,Devarakonda,Chinthapally,Claimant_FRA03445,IFR,7.66,Approved,2026-01-16,2026-03-28,71,0,246
FRA03446,Telangana,D011,Khammam,Kothagudem,Seetharampuram,Claimant_FRA03446,CFR,4.82,Pending,2021-12-29,,,1725,1725
FRA03447,Telangana,D007,Jayashankar Bhupalpally,Chityal,Venkateshwarlapally,Claimant_FRA03447,IFR,2.83,Approved,2021-12-22,2023-08-24,610,0,1732
FRA03448,Telangana,D002,Bhadradri Kothagudem,Kothagudem,Regalla,Claimant_FRA03448,CFR,0.57,Approved,2025-05-19,2025-09-17,121,0,488
FRA03449,Telangana,D002,Bhadradri Kothagudem,Kothagudem,Regalla,Claimant_FRA03449,IFR,5.7,Approved,2023-01-26,2023-09-06,223,0,1332
FRA03450,Telangana,D028,Siddipet,Husnabad,Pothireddypet,Claimant_FRA03450,CFR,7.07,Pending,2025-09-07,,,377,377
FRA03451,Telangana,D023,Nizamabad,Armoor,Mendora,Claimant_FRA03451,CFR,4.87,Approved,2024-11-29,2025-02-04,67,0,659
FRA03452,Telangana,D023,Nizamabad,Armoor,Mendora,Claimant_FRA03452,IFR,3.02,Approved,2024-02-23,2025-10-15,600,0,939
FRA03453,Telangana,D030,Vikarabad,Tandur,Kotbaspally,Claimant_FRA03453,CFR,1.37,Pending,2023-08-20,,,1126,1126
FRA03454,Telangana,D018,Mulugu,Venkatapur,Narsapur,Claimant_FRA03454,IFR,4.44,Pending,2022-09-24,,,1456,1456
FRA03455,Telangana,D011,Khammam,Kothagudem,Seetharampuram,Claimant_FRA03455,CFR,5.13,Rejected,2021-10-06,2021-12-25,80,0,1809
FRA03456,Telangana,D028,Siddipet,Husnabad,Pothireddypet,Claimant_FRA03456,CFR,0.51,Rejected,2026-01-12,2026-04-29,107,0,250
FRA03457,Telangana,D020,Nalgonda,Devarakonda,Chinthapally,Claimant_FRA03457,CFR,7.99,Rejected,2025-04-12,2025-12-25,257,0,525
FRA03458,Telangana,D033,Yadadri Bhuvanagiri,Bhongir,Anantharam,Claimant_FRA03458,CFR,1.51,Approved,2023-05-18,2023-05-26,8,0,1220
FRA03459,Telangana,D019,Nagarkurnool,Amrabad,Mananur,Claimant_FRA03459,IFR,7.81,Pending,2022-11-05,,,1414,1414
FRA03460,Telangana,D013,Mahabubabad,Bayyaram,Garla,Claimant_FRA03460,IFR,3.26,Approved,2025-03-26,2025-11-19,238,0,542
FRA03461,Telangana,D019,Nagarkurnool,Amrabad,Mananur,Claimant_FRA03461,CFR,5.93,Approved,2021-10-17,2024-01-10,815,0,1798
FRA03462,Telangana,D006,Jangaon,Jangaon,Pasumamula,Claimant_FRA03462,IFR,3.25,Approved,2023-09-30,2024-06-30,274,0,1085
FRA03463,Telangana,D003,Hanumakonda,Atmakur,Chowdapur,Claimant_FRA03463,CFR,2.69,Pending,2023-09-10,,,1105,1105
FRA03464,Telangana,D020,Nalgonda,Devarakonda,Chinthapally,Claimant_FRA03464,IFR,1.8,Rejected,2024-09-17,2025-09-12,360,0,732
FRA03465,Telangana,D011,Khammam,Wyra,Gollapadu,Claimant_FRA03465,IFR,2.69,Rejected,2023-06-23,2024-09-11,446,0,1184
FRA03466,Telangana,D019,Nagarkurnool,Amrabad,Mananur,Claimant_FRA03466,CFR,1.14,Approved,2022-10-07,2024-03-12,522,0,1443
FRA03467,Telangana,D023,Nizamabad,Armoor,Mendora,Claimant_FRA03467,CFR,4.43,Pending,2022-04-03,,,1630,1630
FRA03468,Telangana,D013,Mahabubabad,Bayyaram,Garla,Claimant_FRA03468,CFR,1.66,Rejected,2026-02-14,2026-08-27,194,0,217
FRA03469,Telangana,D001,Adilabad,Narnoor,Kothapalli,Claimant_FRA03469,IFR,3.47,Pending,2026-08-30,,,20,20
FRA03470,Telangana,D003,Hanumakonda,Dharmanagar,Mustial,Claimant_FRA03470,IFR,3.74,Pending,2021-10-25,,,1790,1790
FRA03471,Telangana,D007,Jayashankar Bhupalpally,Regonda,Kannaram,Claimant_FRA03471,CFR,5.12,Pending,2022-09-13,,,1467,1467
FRA03472,Telangana,D002,Bhadradri Kothagudem,Manuguru,Anantharam,Claimant_FRA03472,CFR,6.21,Pending,2023-12-17,,,1007,1007
FRA03473,Telangana,D020,Nalgonda,Devarakonda,Chinthapally,Claimant_FRA03473,CFR,0.79,Pending,2025-06-19,,,457,457
FRA03474,Telangana,D023,Nizamabad,Armoor,Mendora,Claimant_FRA03474,CFR,4.87,Approved,2025-06-29,2026-09-13,441,0,447
FRA03475,Telangana,D033,Yadadri Bhuvanagiri,Bhongir,Anantharam,Claimant_FRA03475,CFR,7.59,Approved,2024-10-15,2026-02-08,481,0,704
FRA03476,Telangana,D004,Hyderabad,Charminar,Chandrayangutta,Claimant_FRA03476,IFR,2.57,Approved,2026-03-14,2026-04-07,24,0,189
FRA03477,Telangana,D002,Bhadradri Kothagudem,Kothagudem,Regalla,Claimant_FRA03477,CFR,5.54,Approved,2024-07-02,2025-07-10,373,0,809
FRA03478,Telangana,D007,Jayashankar Bhupalpally,Regonda,Kannaram,Claimant_FRA03478,CFR,2.85,Approved,2026-01-19,2026-03-02,42,0,243
FRA03479,Telangana,D018,Mulugu,Venkatapur,Narsapur,Claimant_FRA03479,IFR,0.74,Approved,2022-02-04,2022-08-14,191,0,1688
FRA03480,Telangana,D018,Mulugu,Venkatapur,Narsapur,Claimant_FRA03480,CFR,6.39,Approved,2021-11-22,2022-06-17,207,0,1762
FRA03481,Telangana,D001,Adilabad,Boath,Ghanpur,Claimant_FRA03481,CFR,7.33,Pending,2026-09-13,,,6,6
FRA03482,Telangana,D004,Hyderabad,Amberpet,Azampura,Claimant_FRA03482,IFR,1.38,Pending,2025-07-26,,,420,420
FRA03483,Telangana,D006,Jangaon,Jangaon,Pasumamula,Claimant_FRA03483,CFR,6.48,Approved,2024-08-13,2024-12-05,114,0,767
FRA03484,Telangana,D007,Jayashankar Bhupalpally,Chityal,Venkateshwarlapally,Claimant_FRA03484,CFR,0.63,Approved,2021-10-03,2022-02-07,127,0,1812
FRA03485,Telangana,D005,Jagtial,Metpally,Vellulla,Claimant_FRA03485,IFR,7.22,Approved,2024-03-25,2024-05-23,59,0,908
FRA03486,Telangana,D002,Bhadradri Kothagudem,Bhadrachalam,Nellipaka,Claimant_FRA03486,IFR,3.94,Approved,2022-10-22,2024-12-30,800,0,1428
FRA03487,Telangana,D007,Jayashankar Bhupalpally,Regonda,Kannaram,Claimant_FRA03487,IFR,4.02,Pending,2022-02-24,,,1668,1668
FRA03488,Telangana,D001,Adilabad,Narnoor,Kothapalli,Claimant_FRA03488,IFR,0.54,Approved,2025-05-05,2025-08-31,118,0,502
FRA03489,Telangana,D003,Hanumakonda,Atmakur,Chowdapur,Claimant_FRA03489,CFR,1.72,Pending,2024-07-31,,,780,780
FRA03490,Telangana,D001,Adilabad,Utnoor,Devapur,Claimant_FRA03490,IFR,6.85,Pending,2025-10-13,,,341,341
FRA03491,Telangana,D006,Jangaon,Jangaon,Pasumamula,Claimant_FRA03491,IFR,4.4,Approved,2024-09-23,2026-02-01,496,0,726
FRA03492,Telangana,D013,Mahabubabad,Bayyaram,Garla,Claimant_FRA03492,IFR,1.74,Pending,2021-12-17,,,1737,1737
FRA03493,Telangana,D002,Bhadradri Kothagudem,Bhadrachalam,Nellipaka,Claimant_FRA03493,CFR,3.36,Approved,2023-03-28,2025-04-19,753,0,1271
FRA03494,Telangana,D028,Siddipet,Husnabad,Pothireddypet,Claimant_FRA03494,IFR,1.23,Pending,2023-08-02,,,1144,1144
FRA03495,Telangana,D004,Hyderabad,Amberpet,Azampura,Claimant_FRA03495,CFR,3.1,Approved,2022-03-30,2026-06-14,1537,0,1634
FRA03496,Telangana,D003,Hanumakonda,Atmakur,Chowdapur,Claimant_FRA03496,IFR,6.0,Approved,2021-11-23,2024-01-03,771,0,1761
FRA03497,Telangana,D013,Mahabubabad,Kuravi,Seerole,Claimant_FRA03497,IFR,1.55,Approved,2022-02-08,2025-10-11,1341,0,1684
FRA03498,Telangana,D003,Hanumakonda,Dharmanagar,Mustial,Claimant_FRA03498,CFR,3.59,Approved,2021-11-02,2023-07-03,608,0,1782
FRA03499,Telangana,D003,Hanumakonda,Atmakur,Chowdapur,Claimant_FRA03499,CFR,1.56,Pending,2025-08-30,,,385,385
FRA03500,Telangana,D013,Mahabubabad,Bayyaram,Garla,Claimant_FRA03500,CFR,1.56,Rejected,2023-11-25,2025-02-23,456,0,1029
FRA03501,Telangana,D007,Jayashankar Bhupalpally,Chityal,Venkateshwarlapally,Claimant_FRA03501,CFR,5.66,Pending,2024-11-28,,,660,660
FRA03502,Telangana,D003,Hanumakonda,Dharmanagar,Mustial,Claimant_FRA03502,CFR,6.53,Pending,2023-10-28,,,1057,1057
FRA03503,Telangana,D002,Bhadradri Kothagudem,Kothagudem,Regalla,Claimant_FRA03503,CFR,2.91,Pending,2024-08-09,,,771,771
FRA03504,Telangana,D002,Bhadradri Kothagudem,Bhadrachalam,Nellipaka,Claimant_FRA03504,CFR,1.73,Pending,2021-11-24,,,1760,1760
FRA03505,Telangana,D007,Jayashankar Bhupalpally,Chityal,Venkateshwarlapally,Claimant_FRA03505,IFR,6.42,Approved,2021-11-17,2023-08-31,652,0,1767
FRA03506,Telangana,D005,Jagtial,Korutla,Ailapur,Claimant_FRA03506,CFR,1.75,Pending,2022-12-26,,,1363,1363
FRA03507,Telangana,D033,Yadadri Bhuvanagiri,Bhongir,Anantharam,Claimant_FRA03507,IFR,6.18,Rejected,2024-09-14,2025-03-17,184,0,735
FRA03508,Telangana,D023,Nizamabad,Armoor,Mendora,Claimant_FRA03508,IFR,7.29,Pending,2024-05-31,,,841,841
FRA03509,Telangana,D007,Jayashankar Bhupalpally,Chityal,Venkateshwarlapally,Claimant_FRA03509,CFR,4.08,Approved,2024-03-22,2026-07-31,861,0,911
FRA03510,Telangana,D013,Mahabubabad,Bayyaram,Garla,Claimant_FRA03510,IFR,1.43,Rejected,2024-07-09,2024-10-30,113,0,802
FRA03511,Telangana,D030,Vikarabad,Tandur,Kotbaspally,Claimant_FRA03511,CFR,1.55,Rejected,2023-11-24,2025-10-31,707,0,1030
FRA03512,Telangana,D030,Vikarabad,Tandur,Kotbaspally,Claimant_FRA03512,IFR,4.12,Pending,2024-09-22,,,727,727
FRA03513,Telangana,D001,Adilabad,Utnoor,Devapur,Claimant_FRA03513,CFR,4.59,Approved,2022-11-29,2023-10-06,311,0,1390
FRA03514,Telangana,D002,Bhadradri Kothagudem,Kothagudem,Regalla,Claimant_FRA03514,CFR,2.39,Pending,2024-01-21,,,972,972
FRA03515,Telangana,D007,Jayashankar Bhupalpally,Regonda,Kannaram,Claimant_FRA03515,IFR,7.42,Approved,2024-10-04,2026-07-20,654,0,715
FRA03516,Telangana,D030,Vikarabad,Tandur,Kotbaspally,Claimant_FRA03516,IFR,1.07,Approved,2022-08-23,2026-07-03,1410,0,1488
FRA03517,Telangana,D023,Nizamabad,Armoor,Mendora,Claimant_FRA03517,CFR,7.03,Approved,2026-05-28,2026-09-12,107,0,114
FRA03518,Telangana,D001,Adilabad,Utnoor,Devapur,Claimant_FRA03518,CFR,5.63,Approved,2023-04-10,2023-05-09,29,0,1258
FRA03519,Telangana,D002,Bhadradri Kothagudem,Kothagudem,Regalla,Claimant_FRA03519,IFR,4.34,Approved,2022-12-07,2025-07-22,958,0,1382
FRA03520,Telangana,D030,Vikarabad,Tandur,Kotbaspally,Claimant_FRA03520,CFR,2.19,Approved,2022-12-11,2024-04-23,499,0,1378
FRA03521,Telangana,D002,Bhadradri Kothagudem,Kothagudem,Regalla,Claimant_FRA03521,CFR,6.43,Rejected,2025-05-29,2026-05-09,345,0,478
FRA03522,Telangana,D004,Hyderabad,Amberpet,Azampura,Claimant_FRA03522,IFR,5.92,Approved,2022-11-14,2025-06-28,957,0,1405
FRA03523,Telangana,D007,Jayashankar Bhupalpally,Chityal,Venkateshwarlapally,Claimant_FRA03523,CFR,5.48,Approved,2021-11-17,2026-09-15,1763,0,1767
FRA03524,Telangana,D003,Hanumakonda,Dharmanagar,Mustial,Claimant_FRA03524,CFR,3.85,Approved,2022-04-23,2023-05-20,392,0,1610
FRA03525,Telangana,D007,Jayashankar Bhupalpally,Chityal,Venkateshwarlapally,Claimant_FRA03525,IFR,6.87,Approved,2026-01-21,2026-04-27,96,0,241
FRA03526,Telangana,D004,Hyderabad,Charminar,Chandrayangutta,Claimant_FRA03526,CFR,6.52,Pending,2024-07-05,,,806,806
FRA03527,Telangana,D023,Nizamabad,Armoor,Mendora,Claimant_FRA03527,CFR,3.55,Pending,2021-11-10,,,1774,1774
FRA03528,Telangana,D007,Jayashankar Bhupalpally,Chityal,Venkateshwarlapally,Claimant_FRA03528,CFR,7.45,Pending,2022-05-23,,,1580,1580
FRA03529,Telangana,D007,Jayashankar Bhupalpally,Regonda,Kannaram,Claimant_FRA03529,IFR,2.57,Pending,2023-01-24,,,1334,1334
FRA03530,Telangana,D007,Jayashankar Bhupalpally,Regonda,Kannaram,Claimant_FRA03530,CFR,6.95,Pending,2024-03-22,,,911,911
FRA03531,Telangana,D026,Rangareddy,Shabad,Kesaram,Claimant_FRA03531,CFR,2.16,Approved,2026-06-25,2026-08-24,60,0,86
FRA03532,Telangana,D002,Bhadradri Kothagudem,Kothagudem,Regalla,Claimant_FRA03532,CFR,4.66,Approved,2024-08-02,2026-06-18,685,0,778
FRA03533,Telangana,D003,Hanumakonda,Atmakur,Chowdapur,Claimant_FRA03533,CFR,6.08,Approved,2022-09-20,2024-11-16,788,0,1460
FRA03534,Telangana,D019,Nagarkurnool,Amrabad,Mananur,Claimant_FRA03534,CFR,4.05,Approved,2023-02-06,2025-12-26,1054,0,1321
FRA03535,Telangana,D020,Nalgonda,Devarakonda,Chinthapally,Claimant_FRA03535,IFR,6.96,Rejected,2023-09-16,2025-12-20,826,0,1099
FRA03536,Telangana,D005,Jagtial,Metpally,Vellulla,Claimant_FRA03536,CFR,6.53,Pending,2024-12-28,,,630,630
FRA03537,Telangana,D005,Jagtial,Korutla,Ailapur,Claimant_FRA03537,IFR,1.44,Rejected,2023-10-15,2024-05-20,218,0,1070
FRA03538,Telangana,D007,Jayashankar Bhupalpally,Chityal,Venkateshwarlapally,Claimant_FRA03538,IFR,4.85,Pending,2022-02-17,,,1675,1675
FRA03539,Telangana,D033,Yadadri Bhuvanagiri,Bhongir,Anantharam,Claimant_FRA03539,CFR,2.82,Pending,2022-10-01,,,1449,1449
FRA03540,Telangana,D001,Adilabad,Narnoor,Kothapalli,Claimant_FRA03540,IFR,2.02,Pending,2025-04-09,,,528,528
FRA03541,Telangana,D007,Jayashankar Bhupalpally,Regonda,Kannaram,Claimant_FRA03541,IFR,5.92,Approved,2026-08-30,2026-09-05,6,0,20
FRA03542,Telangana,D013,Mahabubabad,Bayyaram,Garla,Claimant_FRA03542,IFR,7.8,Rejected,2023-02-02,2023-03-20,46,0,1325
FRA03543,Telangana,D005,Jagtial,Korutla,Ailapur,Claimant_FRA03543,IFR,4.89,Pending,2026-06-06,,,105,105
FRA03544,Telangana,D005,Jagtial,Metpally,Vellulla,Claimant_FRA03544,IFR,3.66,Approved,2024-10-03,2024-10-19,16,0,716
FRA03545,Telangana,D006,Jangaon,Station Ghanpur,Chilpur,Claimant_FRA03545,IFR,5.68,Rejected,2023-09-13,2024-01-05,114,0,1102
FRA03546,Telangana,D011,Khammam,Kothagudem,Seetharampuram,Claimant_FRA03546,CFR,5.43,Pending,2025-12-06,,,287,287
FRA03547,Telangana,D004,Hyderabad,Charminar,Chandrayangutta,Claimant_FRA03547,IFR,4.53,Pending,2026-03-07,,,196,196
FRA03548,Telangana,D004,Hyderabad,Charminar,Chandrayangutta,Claimant_FRA03548,CFR,1.36,Approved,2022-03-15,2026-02-06,1424,0,1649
FRA03549,Telangana,D004,Hyderabad,Charminar,Chandrayangutta,Claimant_FRA03549,CFR,6.48,Approved,2023-10-30,2025-01-09,437,0,1055
FRA03550,Telangana,D026,Rangareddy,Shabad,Kesaram,Claimant_FRA03550,IFR,6.73,Approved,2026-01-27,2026-06-06,130,0,235
FRA03551,Telangana,D026,Rangareddy,Shabad,Kesaram,Claimant_FRA03551,IFR,0.95,Approved,2023-07-18,2024-02-20,217,0,1159
FRA03552,Telangana,D020,Nalgonda,Devarakonda,Chinthapally,Claimant_FRA03552,IFR,5.46,Approved,2024-09-06,2024-12-03,88,0,743
FRA03553,Telangana,D001,Adilabad,Boath,Ghanpur,Claimant_FRA03553,CFR,0.94,Approved,2023-10-18,2025-06-18,609,0,1067
FRA03554,Telangana,D001,Adilabad,Narnoor,Kothapalli,Claimant_FRA03554,IFR,4.13,Approved,2025-11-15,2026-09-17,306,0,308
FRA03555,Telangana,D028,Siddipet,Husnabad,Pothireddypet,Claimant_FRA03555,IFR,2.37,Approved,2022-11-25,2026-04-17,1239,0,1394
FRA03556,Telangana,D013,Mahabubabad,Bayyaram,Garla,Claimant_FRA03556,CFR,1.52,Approved,2022-05-19,2025-04-15,1062,0,1584
FRA03557,Telangana,D011,Khammam,Wyra,Gollapadu,Claimant_FRA03557,CFR,3.73,Pending,2024-05-27,,,845,845
FRA03558,Telangana,D020,Nalgonda,Devarakonda,Chinthapally,Claimant_FRA03558,IFR,7.09,Approved,2023-12-19,2024-11-14,331,0,1005
FRA03559,Telangana,D002,Bhadradri Kothagudem,Bhadrachalam,Nellipaka,Claimant_FRA03559,CFR,6.99,Pending,2021-12-15,,,1739,1739
FRA03560,Telangana,D018,Mulugu,Venkatapur,Narsapur,Claimant_FRA03560,IFR,2.28,Pending,2025-03-26,,,542,542
FRA03561,Telangana,D005,Jagtial,Metpally,Vellulla,Claimant_FRA03561,CFR,6.33,Approved,2024-09-05,2026-07-18,681,0,744
FRA03562,Telangana,D005,Jagtial,Metpally,Vellulla,Claimant_FRA03562,IFR,5.74,Approved,2024-04-13,2025-04-24,376,0,889
FRA03563,Telangana,D018,Mulugu,Venkatapur,Narsapur,Claimant_FRA03563,IFR,5.56,Approved,2022-05-03,2025-09-17,1233,0,1600
FRA03564,Telangana,D027,Sangareddy,Narayankhed,Kondapur,Claimant_FRA03564,CFR,2.88,Rejected,2022-05-14,2026-08-23,1562,0,1589
FRA03565,Telangana,D001,Adilabad,Utnoor,Devapur,Claimant_FRA03565,CFR,1.47,Approved,2026-09-12,2026-09-16,4,0,7
FRA03566,Telangana,D001,Adilabad,Boath,Ghanpur,Claimant_FRA03566,IFR,6.94,Approved,2024-07-11,2025-07-06,360,0,800
FRA03567,Telangana,D011,Khammam,Wyra,Gollapadu,Claimant_FRA03567,IFR,1.11,Pending,2026-07-05,,,76,76
FRA03568,Telangana,D013,Mahabubabad,Bayyaram,Garla,Claimant_FRA03568,IFR,5.72,Approved,2022-02-02,2023-06-11,494,0,1690
FRA03569,Telangana,D005,Jagtial,Metpally,Vellulla,Claimant_FRA03569,CFR,2.93,Rejected,2025-05-13,2025-07-24,72,0,494
FRA03570,Telangana,D004,Hyderabad,Charminar,Chandrayangutta,Claimant_FRA03570,CFR,4.88,Approved,2024-06-09,2026-04-26,686,0,832
FRA03571,Telangana,D019,Nagarkurnool,Amrabad,Mananur,Claimant_FRA03571,CFR,6.41,Pending,2024-06-03,,,838,838
FRA03572,Telangana,D030,Vikarabad,Tandur,Kotbaspally,Claimant_FRA03572,IFR,3.5,Approved,2026-02-04,2026-03-19,43,0,227
FRA03573,Telangana,D006,Jangaon,Station Ghanpur,Chilpur,Claimant_FRA03573,CFR,7.43,Pending,2023-11-28,,,1026,1026
FRA03574,Telangana,D013,Mahabubabad,Bayyaram,Garla,Claimant_FRA03574,IFR,5.78,Approved,2024-08-13,2025-01-16,156,0,767
FRA03575,Telangana,D019,Nagarkurnool,Amrabad,Mananur,Claimant_FRA03575,IFR,1.65,Approved,2023-01-06,2026-02-18,1139,0,1352
FRA03576,Telangana,D028,Siddipet,Husnabad,Pothireddypet,Claimant_FRA03576,IFR,3.26,Approved,2025-01-03,2026-05-24,506,0,624
FRA03577,Telangana,D002,Bhadradri Kothagudem,Kothagudem,Regalla,Claimant_FRA03577,CFR,1.54,Approved,2023-09-22,2023-10-03,11,0,1093
FRA03578,Telangana,D023,Nizamabad,Armoor,Mendora,Claimant_FRA03578,IFR,4.85,Pending,2025-06-06,,,470,470
FRA03579,Telangana,D020,Nalgonda,Devarakonda,Chinthapally,Claimant_FRA03579,IFR,4.12,Approved,2023-12-10,2025-08-20,619,0,1014
FRA03580,Telangana,D013,Mahabubabad,Kuravi,Seerole,Claimant_FRA03580,IFR,4.16,Pending,2024-06-25,,,816,816
FRA03581,Telangana,D023,Nizamabad,Armoor,Mendora,Claimant_FRA03581,CFR,4.81,Rejected,2025-02-21,2026-08-06,531,0,575
FRA03582,Telangana,D011,Khammam,Wyra,Gollapadu,Claimant_FRA03582,CFR,1.86,Approved,2025-03-13,2025-08-17,157,0,555
FRA03583,Telangana,D006,Jangaon,Jangaon,Pasumamula,Claimant_FRA03583,CFR,6.56,Rejected,2025-06-30,2025-10-01,93,0,446
FRA03584,Telangana,D013,Mahabubabad,Bayyaram,Garla,Claimant_FRA03584,CFR,0.62,Pending,2024-09-27,,,722,722
FRA03585,Telangana,D001,Adilabad,Narnoor,Kothapalli,Claimant_FRA03585,IFR,3.16,Approved,2024-08-12,2025-11-15,460,0,768
FRA03586,Telangana,D006,Jangaon,Jangaon,Pasumamula,Claimant_FRA03586,CFR,6.84,Approved,2025-08-07,2026-03-16,221,0,408
FRA03587,Telangana,D004,Hyderabad,Charminar,Chandrayangutta,Claimant_FRA03587,CFR,4.08,Pending,2024-12-12,,,646,646
FRA03588,Telangana,D003,Hanumakonda,Dharmanagar,Mustial,Claimant_FRA03588,CFR,4.75,Rejected,2025-09-19,2026-05-31,254,0,365
FRA03589,Telangana,D013,Mahabubabad,Bayyaram,Garla,Claimant_FRA03589,IFR,1.39,Pending,2025-12-26,,,267,267
FRA03590,Telangana,D001,Adilabad,Boath,Ghanpur,Claimant_FRA03590,CFR,7.22,Approved,2024-03-31,2025-08-24,511,0,902
FRA03591,Telangana,D003,Hanumakonda,Dharmanagar,Mustial,Claimant_FRA03591,IFR,1.96,Approved,2023-07-13,2024-03-27,258,0,1164
FRA03592,Telangana,D032,Warangal,Narsampet,Madhira,Claimant_FRA03592,CFR,1.77,Pending,2025-10-29,,,325,325
FRA03593,Telangana,D028,Siddipet,Husnabad,Pothireddypet,Claimant_FRA03593,IFR,3.61,Pending,2026-04-24,,,148,148
FRA03594,Telangana,D006,Jangaon,Station Ghanpur,Chilpur,Claimant_FRA03594,CFR,7.88,Rejected,2024-03-27,2026-09-11,898,0,906
FRA03595,Telangana,D007,Jayashankar Bhupalpally,Regonda,Kannaram,Claimant_FRA03595,IFR,6.58,Pending,2022-03-21,,,1643,1643
FRA03596,Telangana,D028,Siddipet,Husnabad,Pothireddypet,Claimant_FRA03596,CFR,4.26,Rejected,2021-10-31,2026-07-02,1705,0,1784
FRA03597,Telangana,D013,Mahabubabad,Kuravi,Seerole,Claimant_FRA03597,CFR,4.98,Pending,2022-09-15,,,1465,1465
FRA03598,Telangana,D001,Adilabad,Utnoor,Devapur,Claimant_FRA03598,CFR,2.09,Approved,2024-05-11,2024-11-27,200,0,861
FRA03599,Telangana,D027,Sangareddy,Narayankhed,Kondapur,Claimant_FRA03599,CFR,6.34,Approved,2023-10-10,2025-10-18,739,0,1075
FRA03600,Telangana,D002,Bhadradri Kothagudem,Kothagudem,Regalla,Claimant_FRA03600,CFR,1.64,Rejected,2024-05-26,2026-06-11,746,0,846
FRA03601,Telangana,D005,Jagtial,Metpally,Vellulla,Claimant_FRA03601,CFR,0.68,Approved,2024-01-08,2025-08-05,575,0,985
FRA03602,Telangana,D006,Jangaon,Jangaon,Pasumamula,Claimant_FRA03602,IFR,2.62,Pending,2023-01-27,,,1331,1331
FRA03603,Telangana,D018,Mulugu,Venkatapur,Narsapur,Claimant_FRA03603,IFR,2.4,Pending,2024-03-05,,,928,928
FRA03604,Telangana,D006,Jangaon,Jangaon,Pasumamula,Claimant_FRA03604,IFR,2.34,Rejected,2022-02-05,2026-02-28,1484,0,1687
FRA03605,Telangana,D030,Vikarabad,Tandur,Kotbaspally,Claimant_FRA03605,IFR,1.13,Approved,2024-11-14,2025-06-13,211,0,674
FRA03606,Telangana,D003,Hanumakonda,Dharmanagar,Mustial,Claimant_FRA03606,CFR,4.68,Pending,2026-09-14,,,5,5
FRA03607,Telangana,D023,Nizamabad,Armoor,Mendora,Claimant_FRA03607,IFR,5.78,Pending,2022-08-19,,,1492,1492
FRA03608,Telangana,D020,Nalgonda,Devarakonda,Chinthapally,Claimant_FRA03608,IFR,4.04,Approved,2024-07-07,2026-01-17,559,0,804
FRA03609,Telangana,D023,Nizamabad,Armoor,Mendora,Claimant_FRA03609,CFR,3.22,Pending,2026-02-09,,,222,222
FRA03610,Telangana,D019,Nagarkurnool,Amrabad,Mananur,Claimant_FRA03610,CFR,5.73,Rejected,2023-01-17,2026-02-07,1117,0,1341
FRA03611,Telangana,D013,Mahabubabad,Bayyaram,Garla,Claimant_FRA03611,CFR,3.43,Pending,2023-01-02,,,1356,1356
FRA03612,Telangana,D011,Khammam,Wyra,Gollapadu,Claimant_FRA03612,CFR,6.46,Approved,2024-01-29,2024-12-09,315,0,964
FRA03613,Telangana,D006,Jangaon,Jangaon,Pasumamula,Claimant_FRA03613,IFR,1.3,Approved,2024-06-03,2024-11-02,152,0,838
FRA03614,Telangana,D011,Khammam,Wyra,Gollapadu,Claimant_FRA03614,CFR,4.6,Rejected,2021-12-29,2025-11-23,1425,0,1725
FRA03615,Telangana,D004,Hyderabad,Amberpet,Azampura,Claimant_FRA03615,CFR,5.02,Approved,2024-08-09,2026-06-12,672,0,771
FRA03616,Telangana,D011,Khammam,Kothagudem,Seetharampuram,Claimant_FRA03616,IFR,5.63,Pending,2022-05-30,,,1573,1573
FRA03617,Telangana,D004,Hyderabad,Charminar,Chandrayangutta,Claimant_FRA03617,CFR,6.62,Approved,2024-02-14,2026-09-01,930,0,948
FRA03618,Telangana,D007,Jayashankar Bhupalpally,Regonda,Kannaram,Claimant_FRA03618,CFR,7.51,Pending,2025-01-28,,,599,599
FRA03619,Telangana,D001,Adilabad,Narnoor,Kothapalli,Claimant_FRA03619,IFR,4.27,Approved,2025-01-14,2025-01-16,2,0,613
FRA03620,Telangana,D033,Yadadri Bhuvanagiri,Bhongir,Anantharam,Claimant_FRA03620,CFR,5.99,Rejected,2026-06-28,2026-07-30,32,0,83
FRA03621,Telangana,D032,Warangal,Narsampet,Madhira,Claimant_FRA03621,IFR,5.77,Approved,2022-05-24,2026-09-04,1564,0,1579
FRA03622,Telangana,D004,Hyderabad,Charminar,Chandrayangutta,Claimant_FRA03622,IFR,6.71,Approved,2025-03-27,2025-05-26,60,0,541
FRA03623,Telangana,D002,Bhadradri Kothagudem,Kothagudem,Regalla,Claimant_FRA03623,CFR,1.18,Approved,2026-06-03,2026-08-31,89,0,108
FRA03624,Telangana,D020,Nalgonda,Devarakonda,Chinthapally,Claimant_FRA03624,CFR,1.03,Pending,2026-01-01,,,261,261
FRA03625,Telangana,D007,Jayashankar Bhupalpally,Chityal,Venkateshwarlapally,Claimant_FRA03625,CFR,3.21,Approved,2026-01-18,2026-01-22,4,0,244
FRA03626,Telangana,D002,Bhadradri Kothagudem,Kothagudem,Regalla,Claimant_FRA03626,IFR,1.23,Pending,2025-03-01,,,567,567
FRA03627,Telangana,D006,Jangaon,Station Ghanpur,Chilpur,Claimant_FRA03627,IFR,0.62,Approved,2023-05-08,2026-02-19,1018,0,1230
FRA03628,Telangana,D028,Siddipet,Husnabad,Pothireddypet,Claimant_FRA03628,IFR,7.98,Pending,2024-12-26,,,632,632
FRA03629,Telangana,D004,Hyderabad,Amberpet,Azampura,Claimant_FRA03629,IFR,4.09,Approved,2023-11-10,2026-02-08,821,0,1044
FRA03630,Telangana,D033,Yadadri Bhuvanagiri,Bhongir,Anantharam,Claimant_FRA03630,IFR,3.83,Rejected,2021-11-09,2022-11-03,359,0,1775
FRA03631,Telangana,D002,Bhadradri Kothagudem,Bhadrachalam,Nellipaka,Claimant_FRA03631,CFR,6.03,Approved,2024-05-21,2025-02-07,262,0,851
FRA03632,Telangana,D005,Jagtial,Metpally,Vellulla,Claimant_FRA03632,IFR,7.96,Rejected,2022-05-22,2025-12-08,1296,0,1581
FRA03633,Telangana,D013,Mahabubabad,Bayyaram,Garla,Claimant_FRA03633,CFR,2.71,Pending,2021-10-26,,,1789,1789
FRA03634,Telangana,D007,Jayashankar Bhupalpally,Regonda,Kannaram,Claimant_FRA03634,CFR,2.55,Approved,2022-12-08,2024-11-05,698,0,1381
FRA03635,Telangana,D002,Bhadradri Kothagudem,Bhadrachalam,Nellipaka,Claimant_FRA03635,CFR,7.99,Pending,2022-02-05,,,1687,1687
FRA03636,Telangana,D033,Yadadri Bhuvanagiri,Bhongir,Anantharam,Claimant_FRA03636,IFR,4.06,Rejected,2023-09-18,2025-01-01,471,0,1097
FRA03637,Telangana,D005,Jagtial,Korutla,Ailapur,Claimant_FRA03637,CFR,3.71,Approved,2025-03-24,2025-11-26,247,0,544
FRA03638,Telangana,D013,Mahabubabad,Bayyaram,Garla,Claimant_FRA03638,CFR,1.14,Approved,2023-07-10,2025-05-20,680,0,1167
FRA03639,Telangana,D011,Khammam,Wyra,Gollapadu,Claimant_FRA03639,CFR,6.76,Approved,2022-10-23,2023-04-08,167,0,1427
FRA03640,Telangana,D033,Yadadri Bhuvanagiri,Bhongir,Anantharam,Claimant_FRA03640,IFR,7.48,Rejected,2023-02-05,2024-08-03,545,0,1322
FRA03641,Telangana,D005,Jagtial,Metpally,Vellulla,Claimant_FRA03641,IFR,4.97,Approved,2022-11-25,2024-11-23,729,0,1394
FRA03642,Telangana,D026,Rangareddy,Shabad,Kesaram,Claimant_FRA03642,CFR,6.71,Approved,2023-07-07,2024-05-14,312,0,1170
FRA03643,Telangana,D020,Nalgonda,Devarakonda,Chinthapally,Claimant_FRA03643,CFR,3.53,Approved,2024-07-18,2024-10-05,79,0,793
FRA03644,Telangana,D002,Bhadradri Kothagudem,Bhadrachalam,Nellipaka,Claimant_FRA03644,IFR,1.51,Approved,2024-03-01,2024-06-21,112,0,932
FRA03645,Telangana,D019,Nagarkurnool,Amrabad,Mananur,Claimant_FRA03645,IFR,7.51,Rejected,2021-12-06,2023-01-20,410,0,1748
FRA03646,Telangana,D004,Hyderabad,Charminar,Chandrayangutta,Claimant_FRA03646,IFR,5.56,Rejected,2023-01-18,2023-05-31,133,0,1340
FRA03647,Telangana,D002,Bhadradri Kothagudem,Bhadrachalam,Nellipaka,Claimant_FRA03647,CFR,3.49,Rejected,2023-01-23,2026-03-05,1137,0,1335
FRA03648,Telangana,D018,Mulugu,Venkatapur,Narsapur,Claimant_FRA03648,IFR,6.4,Approved,2026-08-27,2026-09-16,20,0,23
FRA03649,Telangana,D018,Mulugu,Venkatapur,Narsapur,Claimant_FRA03649,CFR,6.5,Approved,2022-11-21,2023-02-13,84,0,1398
FRA03650,Telangana,D007,Jayashankar Bhupalpally,Chityal,Venkateshwarlapally,Claimant_FRA03650,IFR,6.56,Approved,2021-12-07,2022-11-20,348,0,1747
FRA03651,Telangana,D005,Jagtial,Metpally,Vellulla,Claimant_FRA03651,CFR,4.47,Pending,2024-10-21,,,698,698
FRA03652,Telangana,D002,Bhadradri Kothagudem,Kothagudem,Regalla,Claimant_FRA03652,CFR,3.99,Pending,2024-01-04,,,989,989
FRA03653,Telangana,D003,Hanumakonda,Dharmanagar,Mustial,Claimant_FRA03653,IFR,5.13,Approved,2024-12-03,2026-06-28,572,0,655
FRA03654,Telangana,D027,Sangareddy,Narayankhed,Kondapur,Claimant_FRA03654,IFR,2.75,Rejected,2025-06-16,2026-09-18,459,0,460
FRA03655,Telangana,D018,Mulugu,Venkatapur,Narsapur,Claimant_FRA03655,IFR,1.46,Pending,2025-12-16,,,277,277
FRA03656,Telangana,D023,Nizamabad,Armoor,Mendora,Claimant_FRA03656,IFR,2.01,Rejected,2024-12-01,2025-03-17,106,0,657
FRA03657,Telangana,D002,Bhadradri Kothagudem,Kothagudem,Regalla,Claimant_FRA03657,CFR,3.56,Pending,2025-12-04,,,289,289
FRA03658,Telangana,D019,Nagarkurnool,Amrabad,Mananur,Claimant_FRA03658,CFR,7.51,Pending,2022-07-21,,,1521,1521
FRA03659,Telangana,D020,Nalgonda,Devarakonda,Chinthapally,Claimant_FRA03659,IFR,2.35,Rejected,2022-06-24,2026-04-01,1377,0,1548
FRA03660,Telangana,D004,Hyderabad,Amberpet,Azampura,Claimant_FRA03660,IFR,4.83,Approved,2024-10-02,2025-03-14,163,0,717
FRA03661,Telangana,D004,Hyderabad,Amberpet,Azampura,Claimant_FRA03661,IFR,4.28,Pending,2022-10-29,,,1421,1421
FRA03662,Telangana,D003,Hanumakonda,Atmakur,Chowdapur,Claimant_FRA03662,IFR,4.23,Rejected,2026-05-14,2026-07-30,77,0,128
FRA03663,Telangana,D011,Khammam,Kothagudem,Seetharampuram,Claimant_FRA03663,CFR,1.27,Approved,2026-08-30,2026-08-31,1,0,20
FRA03664,Telangana,D027,Sangareddy,Narayankhed,Kondapur,Claimant_FRA03664,CFR,3.62,Approved,2025-04-10,2026-02-23,319,0,527
FRA03665,Telangana,D002,Bhadradri Kothagudem,Manuguru,Anantharam,Claimant_FRA03665,IFR,3.83,Pending,2021-11-22,,,1762,1762
FRA03666,Telangana,D026,Rangareddy,Shabad,Kesaram,Claimant_FRA03666,CFR,3.16,Pending,2021-10-08,,,1807,1807
FRA03667,Telangana,D020,Nalgonda,Devarakonda,Chinthapally,Claimant_FRA03667,CFR,3.67,Approved,2025-10-11,2025-12-27,77,0,343
FRA03668,Telangana,D005,Jagtial,Korutla,Ailapur,Claimant_FRA03668,CFR,3.24,Approved,2024-06-12,2026-02-10,608,0,829
FRA03669,Telangana,D027,Sangareddy,Narayankhed,Kondapur,Claimant_FRA03669,IFR,0.87,Approved,2026-03-13,2026-08-18,158,0,190
FRA03670,Telangana,D023,Nizamabad,Armoor,Mendora,Claimant_FRA03670,CFR,2.92,Pending,2024-12-30,,,628,628
FRA03671,Telangana,D003,Hanumakonda,Atmakur,Chowdapur,Claimant_FRA03671,IFR,5.84,Approved,2023-03-23,2024-03-27,370,0,1276
FRA03672,Telangana,D002,Bhadradri Kothagudem,Bhadrachalam,Nellipaka,Claimant_FRA03672,IFR,3.87,Approved,2026-07-19,2026-08-26,38,0,62
FRA03673,Telangana,D028,Siddipet,Husnabad,Pothireddypet,Claimant_FRA03673,CFR,2.0,Pending,2025-12-24,,,269,269
FRA03674,Telangana,D018,Mulugu,Venkatapur,Narsapur,Claimant_FRA03674,IFR,3.93,Approved,2025-03-24,2026-02-19,332,0,544
FRA03675,Telangana,D004,Hyderabad,Charminar,Chandrayangutta,Claimant_FRA03675,IFR,2.33,Pending,2023-02-13,,,1314,1314
FRA03676,Telangana,D002,Bhadradri Kothagudem,Bhadrachalam,Nellipaka,Claimant_FRA03676,IFR,4.17,Rejected,2022-01-06,2026-01-03,1458,0,1717
FRA03677,Telangana,D011,Khammam,Wyra,Gollapadu,Claimant_FRA03677,IFR,2.32,Pending,2024-08-30,,,750,750
FRA03678,Telangana,D030,Vikarabad,Tandur,Kotbaspally,Claimant_FRA03678,CFR,7.96,Approved,2022-09-30,2024-12-08,800,0,1450
FRA03679,Telangana,D018,Mulugu,Venkatapur,Narsapur,Claimant_FRA03679,CFR,4.88,Pending,2025-02-22,,,574,574
FRA03680,Telangana,D026,Rangareddy,Shabad,Kesaram,Claimant_FRA03680,CFR,5.57,Approved,2023-11-29,2024-04-26,149,0,1025
FRA03681,Telangana,D001,Adilabad,Boath,Ghanpur,Claimant_FRA03681,IFR,6.27,Pending,2024-02-13,,,949,949
FRA03682,Telangana,D032,Warangal,Narsampet,Madhira,Claimant_FRA03682,IFR,5.7,Approved,2024-11-14,2025-06-06,204,0,674
FRA03683,Telangana,D023,Nizamabad,Armoor,Mendora,Claimant_FRA03683,CFR,2.07,Approved,2025-06-12,2026-01-12,214,0,464
FRA03684,Telangana,D002,Bhadradri Kothagudem,Manuguru,Anantharam,Claimant_FRA03684,CFR,2.45,Approved,2025-11-09,2025-11-30,21,0,314
FRA03685,Telangana,D030,Vikarabad,Tandur,Kotbaspally,Claimant_FRA03685,IFR,3.12,Approved,2024-02-07,2025-12-02,664,0,955
FRA03686,Telangana,D001,Adilabad,Boath,Ghanpur,Claimant_FRA03686,CFR,7.62,Pending,2026-06-08,,,103,103
FRA03687,Telangana,D011,Khammam,Kothagudem,Seetharampuram,Claimant_FRA03687,CFR,1.08,Approved,2024-06-06,2026-01-26,599,0,835
FRA03688,Telangana,D019,Nagarkurnool,Amrabad,Mananur,Claimant_FRA03688,IFR,6.75,Approved,2023-09-10,2024-04-03,206,0,1105
FRA03689,Telangana,D026,Rangareddy,Shabad,Kesaram,Claimant_FRA03689,IFR,2.1,Approved,2026-04-21,2026-09-10,142,0,151
FRA03690,Telangana,D004,Hyderabad,Amberpet,Azampura,Claimant_FRA03690,IFR,0.69,Approved,2022-03-08,2023-07-08,487,0,1656
FRA03691,Telangana,D011,Khammam,Wyra,Gollapadu,Claimant_FRA03691,IFR,6.54,Rejected,2025-11-09,2025-11-30,21,0,314
FRA03692,Telangana,D005,Jagtial,Metpally,Vellulla,Claimant_FRA03692,IFR,7.63,Pending,2024-06-13,,,828,828
FRA03693,Telangana,D013,Mahabubabad,Kuravi,Seerole,Claimant_FRA03693,CFR,4.34,Approved,2022-10-18,2024-03-03,502,0,1432
FRA03694,Telangana,D018,Mulugu,Venkatapur,Narsapur,Claimant_FRA03694,CFR,1.22,Pending,2023-06-11,,,1196,1196
FRA03695,Telangana,D030,Vikarabad,Tandur,Kotbaspally,Claimant_FRA03695,CFR,7.61,Pending,2025-03-03,,,565,565
FRA03696,Telangana,D003,Hanumakonda,Atmakur,Chowdapur,Claimant_FRA03696,CFR,1.91,Rejected,2022-06-11,2026-04-12,1401,0,1561
FRA03697,Telangana,D006,Jangaon,Station Ghanpur,Chilpur,Claimant_FRA03697,CFR,4.09,Pending,2025-03-31,,,537,537
FRA03698,Telangana,D001,Adilabad,Utnoor,Devapur,Claimant_FRA03698,CFR,3.32,Approved,2023-01-29,2023-11-19,294,0,1329
FRA03699,Telangana,D023,Nizamabad,Armoor,Mendora,Claimant_FRA03699,IFR,6.49,Approved,2024-10-08,2025-09-05,332,0,711
FRA03700,Telangana,D001,Adilabad,Utnoor,Devapur,Claimant_FRA03700,IFR,3.34,Approved,2025-02-28,2026-04-08,404,0,568
FRA03701,Telangana,D005,Jagtial,Metpally,Vellulla,Claimant_FRA03701,IFR,3.82,Pending,2023-12-17,,,1007,1007
FRA03702,Telangana,D001,Adilabad,Narnoor,Kothapalli,Claimant_FRA03702,IFR,5.31,Approved,2024-10-08,2026-05-23,592,0,711
FRA03703,Telangana,D018,Mulugu,Venkatapur,Narsapur,Claimant_FRA03703,IFR,7.09,Approved,2024-10-23,2026-01-29,463,0,696
FRA03704,Telangana,D011,Khammam,Wyra,Gollapadu,Claimant_FRA03704,CFR,7.45,Pending,2023-07-07,,,1170,1170
FRA03705,Telangana,D028,Siddipet,Husnabad,Pothireddypet,Claimant_FRA03705,CFR,4.36,Approved,2025-01-12,2025-10-29,290,0,615
FRA03706,Telangana,D020,Nalgonda,Devarakonda,Chinthapally,Claimant_FRA03706,IFR,3.79,Pending,2024-01-20,,,973,973
FRA03707,Telangana,D001,Adilabad,Narnoor,Kothapalli,Claimant_FRA03707,IFR,3.8,Approved,2024-09-18,2024-10-02,14,0,731
FRA03708,Telangana,D027,Sangareddy,Narayankhed,Kondapur,Claimant_FRA03708,IFR,5.17,Approved,2023-08-17,2026-08-06,1085,0,1129
FRA03709,Telangana,D003,Hanumakonda,Dharmanagar,Mustial,Claimant_FRA03709,IFR,5.12,Approved,2023-12-12,2024-05-28,168,0,1012
FRA03710,Telangana,D005,Jagtial,Metpally,Vellulla,Claimant_FRA03710,CFR,7.28,Approved,2025-03-16,2026-01-14,304,0,552
FRA03711,Telangana,D030,Vikarabad,Tandur,Kotbaspally,Claimant_FRA03711,CFR,4.1,Approved,2023-05-24,2023-12-05,195,0,1214
FRA03712,Telangana,D013,Mahabubabad,Kuravi,Seerole,Claimant_FRA03712,IFR,7.92,Approved,2021-10-01,2021-12-29,89,0,1814
FRA03713,Telangana,D018,Mulugu,Eturunagaram,Katapur,Claimant_FRA03713,CFR,6.38,Approved,2023-08-15,2026-01-25,894,0,1131
FRA03714,Telangana,D028,Siddipet,Husnabad,Pothireddypet,Claimant_FRA03714,CFR,1.63,Pending,2021-09-26,,,1819,1819
FRA03715,Telangana,D013,Mahabubabad,Kuravi,Seerole,Claimant_FRA03715,CFR,2.94,Pending,2023-09-28,,,1087,1087
FRA03716,Telangana,D018,Mulugu,Eturunagaram,Katapur,Claimant_FRA03716,IFR,1.86,Approved,2024-12-28,2025-02-22,56,0,630
FRA03717,Telangana,D013,Mahabubabad,Bayyaram,Garla,Claimant_FRA03717,IFR,5.8,Approved,2026-05-14,2026-08-07,85,0,128
FRA03718,Telangana,D005,Jagtial,Metpally,Vellulla,Claimant_FRA03718,CFR,6.39,Rejected,2025-12-12,2025-12-14,2,0,281
FRA03719,Telangana,D030,Vikarabad,Tandur,Kotbaspally,Claimant_FRA03719,IFR,7.05,Pending,2023-08-17,,,1129,1129
FRA03720,Telangana,D001,Adilabad,Narnoor,Kothapalli,Claimant_FRA03720,IFR,4.76,Approved,2026-04-28,2026-09-16,141,0,144
FRA03721,Telangana,D002,Bhadradri Kothagudem,Bhadrachalam,Nellipaka,Claimant_FRA03721,IFR,7.28,Approved,2025-07-12,2026-06-19,342,0,434
FRA03722,Telangana,D030,Vikarabad,Tandur,Kotbaspally,Claimant_FRA03722,IFR,3.68,Approved,2022-03-27,2026-04-24,1489,0,1637
FRA03723,Telangana,D030,Vikarabad,Tandur,Kotbaspally,Claimant_FRA03723,IFR,5.11,Approved,2022-11-26,2024-11-27,732,0,1393
FRA03724,Telangana,D032,Warangal,Narsampet,Madhira,Claimant_FRA03724,CFR,0.71,Pending,2025-09-22,,,362,362
FRA03725,Telangana,D003,Hanumakonda,Atmakur,Chowdapur,Claimant_FRA03725,CFR,5.83,Rejected,2023-10-28,2025-07-29,640,0,1057
FRA03726,Telangana,D018,Mulugu,Eturunagaram,Katapur,Claimant_FRA03726,IFR,5.22,Approved,2026-03-10,2026-06-30,112,0,193
FRA03727,Telangana,D003,Hanumakonda,Dharmanagar,Mustial,Claimant_FRA03727,IFR,1.92,Pending,2025-03-17,,,551,551
FRA03728,Telangana,D013,Mahabubabad,Kuravi,Seerole,Claimant_FRA03728,IFR,4.17,Approved,2022-09-04,2023-02-20,169,0,1476
FRA03729,Telangana,D007,Jayashankar Bhupalpally,Regonda,Kannaram,Claimant_FRA03729,CFR,6.45,Approved,2026-06-01,2026-06-27,26,0,110
FRA03730,Telangana,D018,Mulugu,Venkatapur,Narsapur,Claimant_FRA03730,CFR,6.43,Rejected,2023-02-01,2023-04-02,60,0,1326
FRA03731,Telangana,D001,Adilabad,Boath,Ghanpur,Claimant_FRA03731,IFR,7.96,Rejected,2023-02-27,2023-10-01,216,0,1300
FRA03732,Telangana,D018,Mulugu,Venkatapur,Narsapur,Claimant_FRA03732,IFR,6.66,Rejected,2023-11-30,2023-12-18,18,0,1024
FRA03733,Telangana,D007,Jayashankar Bhupalpally,Chityal,Venkateshwarlapally,Claimant_FRA03733,CFR,2.99,Pending,2022-04-23,,,1610,1610
FRA03734,Telangana,D001,Adilabad,Narnoor,Kothapalli,Claimant_FRA03734,CFR,5.9,Approved,2024-07-05,2025-08-20,411,0,806
FRA03735,Telangana,D006,Jangaon,Station Ghanpur,Chilpur,Claimant_FRA03735,CFR,6.27,Rejected,2021-12-25,2025-03-13,1174,0,1729
FRA03736,Telangana,D023,Nizamabad,Armoor,Mendora,Claimant_FRA03736,CFR,4.71,Approved,2024-11-21,2026-06-23,579,0,667
FRA03737,Telangana,D018,Mulugu,Eturunagaram,Katapur,Claimant_FRA03737,IFR,3.92,Pending,2026-09-16,,,3,3
FRA03738,Telangana,D006,Jangaon,Station Ghanpur,Chilpur,Claimant_FRA03738,IFR,1.8,Approved,2026-09-17,2026-09-18,1,0,2
FRA03739,Telangana,D030,Vikarabad,Tandur,Kotbaspally,Claimant_FRA03739,CFR,6.81,Pending,2021-12-24,,,1730,1730
FRA03740,Telangana,D005,Jagtial,Korutla,Ailapur,Claimant_FRA03740,CFR,7.71,Approved,2022-10-14,2024-03-04,507,0,1436
FRA03741,Telangana,D028,Siddipet,Husnabad,Pothireddypet,Claimant_FRA03741,CFR,4.07,Approved,2025-06-20,2025-10-22,124,0,456
FRA03742,Telangana,D007,Jayashankar Bhupalpally,Chityal,Venkateshwarlapally,Claimant_FRA03742,CFR,7.52,Approved,2025-04-08,2026-04-27,384,0,529
FRA03743,Telangana,D019,Nagarkurnool,Amrabad,Mananur,Claimant_FRA03743,CFR,1.61,Pending,2024-01-02,,,991,991
FRA03744,Telangana,D002,Bhadradri Kothagudem,Kothagudem,Regalla,Claimant_FRA03744,CFR,2.15,Approved,2023-01-16,2024-12-28,712,0,1342
FRA03745,Telangana,D003,Hanumakonda,Dharmanagar,Mustial,Claimant_FRA03745,CFR,2.73,Pending,2024-03-31,,,902,902
FRA03746,Telangana,D007,Jayashankar Bhupalpally,Regonda,Kannaram,Claimant_FRA03746,IFR,3.57,Approved,2023-04-09,2023-10-08,182,0,1259
FRA03747,Telangana,D004,Hyderabad,Amberpet,Azampura,Claimant_FRA03747,IFR,5.07,Approved,2022-10-30,2025-07-15,989,0,1420
FRA03748,Telangana,D006,Jangaon,Station Ghanpur,Chilpur,Claimant_FRA03748,IFR,1.92,Approved,2025-02-20,2026-05-16,450,0,576
FRA03749,Telangana,D013,Mahabubabad,Bayyaram,Garla,Claimant_FRA03749,CFR,2.62,Approved,2024-06-20,2025-10-24,491,0,821
FRA03750,Telangana,D030,Vikarabad,Tandur,Kotbaspally,Claimant_FRA03750,CFR,1.41,Pending,2021-11-03,,,1781,1781
FRA03751,Telangana,D028,Siddipet,Husnabad,Pothireddypet,Claimant_FRA03751,CFR,3.69,Approved,2024-11-09,2025-08-04,268,0,679
FRA03752,Telangana,D027,Sangareddy,Narayankhed,Kondapur,Claimant_FRA03752,IFR,0.59,Approved,2026-03-05,2026-08-01,149,0,198
FRA03753,Telangana,D020,Nalgonda,Devarakonda,Chinthapally,Claimant_FRA03753,IFR,3.8,Approved,2024-04-18,2025-05-02,379,0,884
FRA03754,Telangana,D026,Rangareddy,Shabad,Kesaram,Claimant_FRA03754,CFR,6.77,Approved,2025-03-10,2025-04-29,50,0,558
FRA03755,Telangana,D011,Khammam,Wyra,Gollapadu,Claimant_FRA03755,IFR,0.99,Approved,2026-05-17,2026-07-02,46,0,125
FRA03756,Telangana,D004,Hyderabad,Charminar,Chandrayangutta,Claimant_FRA03756,CFR,1.88,Approved,2025-11-27,2026-09-17,294,0,296
FRA03757,Telangana,D003,Hanumakonda,Atmakur,Chowdapur,Claimant_FRA03757,CFR,2.35,Approved,2023-11-12,2024-02-23,103,0,1042
FRA03758,Telangana,D003,Hanumakonda,Dharmanagar,Mustial,Claimant_FRA03758,CFR,2.01,Pending,2023-12-08,,,1016,1016
FRA03759,Telangana,D005,Jagtial,Korutla,Ailapur,Claimant_FRA03759,CFR,6.77,Approved,2024-01-28,2024-10-18,264,0,965
FRA03760,Telangana,D011,Khammam,Kothagudem,Seetharampuram,Claimant_FRA03760,IFR,6.66,Approved,2022-09-01,2024-12-10,831,0,1479
FRA03761,Telangana,D007,Jayashankar Bhupalpally,Chityal,Venkateshwarlapally,Claimant_FRA03761,IFR,3.45,Approved,2025-02-05,2025-12-06,304,0,591
FRA03762,Telangana,D027,Sangareddy,Narayankhed,Kondapur,Claimant_FRA03762,IFR,2.74,Approved,2025-09-04,2026-06-16,285,0,380
FRA03763,Telangana,D013,Mahabubabad,Bayyaram,Garla,Claimant_FRA03763,IFR,0.73,Approved,2026-01-15,2026-03-29,73,0,247
FRA03764,Telangana,D007,Jayashankar Bhupalpally,Regonda,Kannaram,Claimant_FRA03764,IFR,7.2,Pending,2023-07-30,,,1147,1147
FRA03765,Telangana,D005,Jagtial,Metpally,Vellulla,Claimant_FRA03765,IFR,1.11,Approved,2025-06-14,2025-10-09,117,0,462
FRA03766,Telangana,D027,Sangareddy,Narayankhed,Kondapur,Claimant_FRA03766,IFR,6.67,Approved,2024-03-02,2025-06-02,457,0,931
FRA03767,Telangana,D027,Sangareddy,Narayankhed,Kondapur,Claimant_FRA03767,IFR,5.38,Approved,2025-11-10,2026-04-14,155,0,313
FRA03768,Telangana,D013,Mahabubabad,Bayyaram,Garla,Claimant_FRA03768,CFR,1.96,Approved,2023-07-07,2026-02-26,965,0,1170
FRA03769,Telangana,D011,Khammam,Kothagudem,Seetharampuram,Claimant_FRA03769,CFR,1.61,Approved,2024-01-14,2025-07-27,560,0,979
FRA03770,Telangana,D002,Bhadradri Kothagudem,Kothagudem,Regalla,Claimant_FRA03770,IFR,7.29,Rejected,2024-07-13,2025-07-27,379,0,798
FRA03771,Telangana,D018,Mulugu,Venkatapur,Narsapur,Claimant_FRA03771,CFR,6.0,Approved,2022-07-09,2024-10-06,820,0,1533
FRA03772,Telangana,D005,Jagtial,Metpally,Vellulla,Claimant_FRA03772,CFR,2.39,Approved,2021-12-20,2024-01-04,745,0,1734
FRA03773,Telangana,D011,Khammam,Wyra,Gollapadu,Claimant_FRA03773,CFR,5.98,Pending,2024-03-25,,,908,908
FRA03774,Telangana,D004,Hyderabad,Charminar,Chandrayangutta,Claimant_FRA03774,CFR,5.24,Rejected,2022-10-25,2024-11-04,741,0,1425
FRA03775,Telangana,D018,Mulugu,Eturunagaram,Katapur,Claimant_FRA03775,IFR,5.43,Approved,2023-08-20,2024-03-10,203,0,1126
FRA03776,Telangana,D003,Hanumakonda,Atmakur,Chowdapur,Claimant_FRA03776,IFR,5.74,Rejected,2022-06-03,2025-02-06,979,0,1569
FRA03777,Telangana,D013,Mahabubabad,Bayyaram,Garla,Claimant_FRA03777,IFR,6.65,Approved,2021-11-02,2024-09-11,1044,0,1782
FRA03778,Telangana,D001,Adilabad,Narnoor,Kothapalli,Claimant_FRA03778,IFR,3.85,Approved,2023-02-22,2024-11-18,635,0,1305
FRA03779,Telangana,D020,Nalgonda,Devarakonda,Chinthapally,Claimant_FRA03779,CFR,6.14,Pending,2024-12-19,,,639,639
FRA03780,Telangana,D026,Rangareddy,Shabad,Kesaram,Claimant_FRA03780,CFR,4.68,Approved,2024-05-29,2025-10-28,517,0,843
FRA03781,Telangana,D018,Mulugu,Eturunagaram,Katapur,Claimant_FRA03781,IFR,7.59,Approved,2022-09-07,2023-01-10,125,0,1473
FRA03782,Telangana,D023,Nizamabad,Armoor,Mendora,Claimant_FRA03782,IFR,7.73,Approved,2021-11-28,2026-07-09,1684,0,1756
FRA03783,Telangana,D026,Rangareddy,Shabad,Kesaram,Claimant_FRA03783,CFR,6.79,Approved,2022-08-13,2024-09-23,772,0,1498
FRA03784,Telangana,D003,Hanumakonda,Atmakur,Chowdapur,Claimant_FRA03784,CFR,5.17,Rejected,2025-06-09,2025-08-01,53,0,467
FRA03785,Telangana,D018,Mulugu,Venkatapur,Narsapur,Claimant_FRA03785,IFR,7.2,Approved,2023-06-18,2023-11-12,147,0,1189
FRA03786,Telangana,D001,Adilabad,Boath,Ghanpur,Claimant_FRA03786,IFR,3.49,Approved,2024-07-27,2024-12-22,148,0,784
FRA03787,Telangana,D033,Yadadri Bhuvanagiri,Bhongir,Anantharam,Claimant_FRA03787,IFR,4.8,Approved,2026-02-04,2026-08-30,207,0,227
FRA03788,Telangana,D030,Vikarabad,Tandur,Kotbaspally,Claimant_FRA03788,CFR,1.49,Approved,2022-03-13,2025-04-27,1141,0,1651
FRA03789,Telangana,D007,Jayashankar Bhupalpally,Chityal,Venkateshwarlapally,Claimant_FRA03789,CFR,2.87,Approved,2022-07-16,2025-07-07,1087,0,1526
FRA03790,Telangana,D013,Mahabubabad,Kuravi,Seerole,Claimant_FRA03790,CFR,3.31,Pending,2024-06-17,,,824,824
FRA03791,Telangana,D003,Hanumakonda,Atmakur,Chowdapur,Claimant_FRA03791,CFR,5.5,Approved,2026-08-28,2026-09-12,15,0,22
FRA03792,Telangana,D023,Nizamabad,Armoor,Mendora,Claimant_FRA03792,IFR,2.0,Pending,2024-11-07,,,681,681
FRA03793,Telangana,D002,Bhadradri Kothagudem,Kothagudem,Regalla,Claimant_FRA03793,IFR,1.62,Rejected,2022-01-18,2025-03-09,1146,0,1705
FRA03794,Telangana,D002,Bhadradri Kothagudem,Manuguru,Anantharam,Claimant_FRA03794,IFR,3.79,Rejected,2026-06-15,2026-07-10,25,0,96
FRA03795,Telangana,D030,Vikarabad,Tandur,Kotbaspally,Claimant_FRA03795,CFR,1.76,Pending,2025-07-29,,,417,417
FRA03796,Telangana,D002,Bhadradri Kothagudem,Bhadrachalam,Nellipaka,Claimant_FRA03796,CFR,6.49,Rejected,2025-10-08,2025-12-04,57,0,346
FRA03797,Telangana,D006,Jangaon,Jangaon,Pasumamula,Claimant_FRA03797,IFR,3.85,Rejected,2022-11-13,2024-01-04,417,0,1406
FRA03798,Telangana,D028,Siddipet,Husnabad,Pothireddypet,Claimant_FRA03798,IFR,6.99,Approved,2024-07-30,2026-06-02,672,0,781
FRA03799,Telangana,D018,Mulugu,Venkatapur,Narsapur,Claimant_FRA03799,IFR,6.58,Approved,2023-08-04,2024-05-18,288,0,1142
FRA03800,Telangana,D013,Mahabubabad,Kuravi,Seerole,Claimant_FRA03800,CFR,1.53,Pending,2021-11-07,,,1777,1777
FRA03801,Telangana,D006,Jangaon,Jangaon,Pasumamula,Claimant_FRA03801,CFR,3.07,Pending,2022-10-21,,,1429,1429
FRA03802,Telangana,D003,Hanumakonda,Atmakur,Chowdapur,Claimant_FRA03802,CFR,7.28,Approved,2022-05-05,2026-08-21,1569,0,1598
FRA03803,Telangana,D018,Mulugu,Venkatapur,Narsapur,Claimant_FRA03803,IFR,7.78,Pending,2025-09-07,,,377,377
FRA03804,Telangana,D003,Hanumakonda,Atmakur,Chowdapur,Claimant_FRA03804,IFR,4.93,Approved,2022-07-23,2026-01-13,1270,0,1519
FRA03805,Telangana,D002,Bhadradri Kothagudem,Kothagudem,Regalla,Claimant_FRA03805,CFR,5.3,Approved,2025-02-20,2025-09-09,201,0,576
FRA03806,Telangana,D002,Bhadradri Kothagudem,Kothagudem,Regalla,Claimant_FRA03806,IFR,7.68,Approved,2025-01-25,2025-10-04,252,0,602
FRA03807,Telangana,D005,Jagtial,Metpally,Vellulla,Claimant_FRA03807,CFR,0.84,Approved,2025-01-10,2026-04-27,472,0,617
FRA03808,Telangana,D033,Yadadri Bhuvanagiri,Bhongir,Anantharam,Claimant_FRA03808,IFR,2.25,Approved,2024-02-21,2024-11-18,271,0,941
FRA03809,Telangana,D020,Nalgonda,Devarakonda,Chinthapally,Claimant_FRA03809,IFR,1.46,Approved,2025-06-09,2026-07-17,403,0,467
FRA03810,Telangana,D018,Mulugu,Eturunagaram,Katapur,Claimant_FRA03810,CFR,7.82,Approved,2022-03-03,2024-09-09,921,0,1661
FRA03811,Telangana,D032,Warangal,Narsampet,Madhira,Claimant_FRA03811,IFR,1.65,Approved,2023-08-11,2025-10-02,783,0,1135
FRA03812,Telangana,D028,Siddipet,Husnabad,Pothireddypet,Claimant_FRA03812,CFR,4.06,Approved,2025-11-30,2026-06-19,201,0,293
FRA03813,Telangana,D007,Jayashankar Bhupalpally,Chityal,Venkateshwarlapally,Claimant_FRA03813,IFR,7.6,Approved,2023-05-06,2024-02-01,271,0,1232
FRA03814,Telangana,D032,Warangal,Narsampet,Madhira,Claimant_FRA03814,CFR,6.84,Approved,2025-12-24,2026-04-21,118,0,269
FRA03815,Telangana,D032,Warangal,Narsampet,Madhira,Claimant_FRA03815,IFR,6.61,Approved,2023-08-12,2026-02-12,915,0,1134
FRA03816,Telangana,D001,Adilabad,Narnoor,Kothapalli,Claimant_FRA03816,IFR,0.77,Approved,2023-09-12,2024-08-17,340,0,1103
FRA03817,Telangana,D019,Nagarkurnool,Amrabad,Mananur,Claimant_FRA03817,IFR,5.17,Approved,2022-06-21,2026-05-14,1423,0,1551
FRA03818,Telangana,D007,Jayashankar Bhupalpally,Chityal,Venkateshwarlapally,Claimant_FRA03818,CFR,3.51,Approved,2024-09-24,2025-04-16,204,0,725
FRA03819,Telangana,D001,Adilabad,Utnoor,Devapur,Claimant_FRA03819,CFR,1.87,Pending,2026-02-21,,,210,210
FRA03820,Telangana,D019,Nagarkurnool,Amrabad,Mananur,Claimant_FRA03820,CFR,6.52,Approved,2026-02-10,2026-03-03,21,0,221
FRA03821,Telangana,D001,Adilabad,Boath,Ghanpur,Claimant_FRA03821,IFR,5.21,Rejected,2022-09-22,2025-12-16,1181,0,1458
FRA03822,Telangana,D007,Jayashankar Bhupalpally,Chityal,Venkateshwarlapally,Claimant_FRA03822,CFR,3.79,Approved,2025-05-20,2026-08-15,452,0,487
FRA03823,Telangana,D020,Nalgonda,Devarakonda,Chinthapally,Claimant_FRA03823,CFR,2.63,Pending,2024-11-24,,,664,664
FRA03824,Telangana,D020,Nalgonda,Devarakonda,Chinthapally,Claimant_FRA03824,IFR,0.6,Approved,2024-08-30,2025-04-22,235,0,750
FRA03825,Telangana,D018,Mulugu,Eturunagaram,Katapur,Claimant_FRA03825,CFR,5.64,Approved,2023-01-12,2025-12-08,1061,0,1346
FRA03826,Telangana,D005,Jagtial,Korutla,Ailapur,Claimant_FRA03826,IFR,7.12,Pending,2024-07-14,,,797,797
FRA03827,Telangana,D018,Mulugu,Eturunagaram,Katapur,Claimant_FRA03827,CFR,3.28,Pending,2024-01-20,,,973,973
FRA03828,Telangana,D004,Hyderabad,Charminar,Chandrayangutta,Claimant_FRA03828,CFR,5.02,Approved,2024-03-02,2025-02-01,336,0,931
FRA03829,Telangana,D007,Jayashankar Bhupalpally,Regonda,Kannaram,Claimant_FRA03829,CFR,3.97,Approved,2023-05-08,2023-11-28,204,0,1230
FRA03830,Telangana,D007,Jayashankar Bhupalpally,Chityal,Venkateshwarlapally,Claimant_FRA03830,IFR,4.23,Approved,2024-08-28,2025-06-30,306,0,752
FRA03831,Telangana,D002,Bhadradri Kothagudem,Manuguru,Anantharam,Claimant_FRA03831,IFR,6.59,Rejected,2021-10-13,2025-05-05,1300,0,1802
FRA03832,Telangana,D006,Jangaon,Jangaon,Pasumamula,Claimant_FRA03832,CFR,3.78,Approved,2023-05-25,2025-02-13,630,0,1213
FRA03833,Telangana,D030,Vikarabad,Tandur,Kotbaspally,Claimant_FRA03833,IFR,1.43,Pending,2024-05-30,,,842,842
FRA03834,Telangana,D018,Mulugu,Venkatapur,Narsapur,Claimant_FRA03834,IFR,5.86,Approved,2026-08-31,2026-09-16,16,0,19
FRA03835,Telangana,D006,Jangaon,Station Ghanpur,Chilpur,Claimant_FRA03835,IFR,3.17,Approved,2025-01-03,2026-03-29,450,0,624
FRA03836,Telangana,D006,Jangaon,Jangaon,Pasumamula,Claimant_FRA03836,IFR,4.04,Approved,2023-11-12,2024-03-23,132,0,1042
FRA03837,Telangana,D003,Hanumakonda,Atmakur,Chowdapur,Claimant_FRA03837,CFR,5.77,Pending,2022-06-21,,,1551,1551
FRA03838,Telangana,D002,Bhadradri Kothagudem,Kothagudem,Regalla,Claimant_FRA03838,IFR,2.39,Pending,2022-01-30,,,1693,1693
FRA03839,Telangana,D001,Adilabad,Utnoor,Devapur,Claimant_FRA03839,IFR,3.02,Rejected,2026-03-13,2026-07-05,114,0,190
FRA03840,Telangana,D011,Khammam,Kothagudem,Seetharampuram,Claimant_FRA03840,CFR,5.47,Rejected,2023-04-14,2024-05-14,396,0,1254
FRA03841,Telangana,D002,Bhadradri Kothagudem,Manuguru,Anantharam,Claimant_FRA03841,IFR,2.08,Rejected,2025-03-05,2025-05-19,75,0,563
FRA03842,Telangana,D018,Mulugu,Eturunagaram,Katapur,Claimant_FRA03842,IFR,7.16,Pending,2025-07-02,,,444,444
FRA03843,Telangana,D001,Adilabad,Narnoor,Kothapalli,Claimant_FRA03843,CFR,5.26,Approved,2023-11-27,2025-03-10,469,0,1027
FRA03844,Telangana,D023,Nizamabad,Armoor,Mendora,Claimant_FRA03844,IFR,7.92,Approved,2022-10-06,2024-03-22,533,0,1444
FRA03845,Telangana,D007,Jayashankar Bhupalpally,Regonda,Kannaram,Claimant_FRA03845,IFR,2.04,Approved,2022-06-03,2025-08-20,1174,0,1569
FRA03846,Telangana,D006,Jangaon,Jangaon,Pasumamula,Claimant_FRA03846,IFR,5.3,Pending,2024-03-14,,,919,919
FRA03847,Telangana,D007,Jayashankar Bhupalpally,Regonda,Kannaram,Claimant_FRA03847,CFR,1.05,Approved,2023-11-24,2025-06-20,574,0,1030
FRA03848,Telangana,D023,Nizamabad,Armoor,Mendora,Claimant_FRA03848,CFR,2.16,Rejected,2025-03-30,2025-06-13,75,0,538
FRA03849,Telangana,D006,Jangaon,Jangaon,Pasumamula,Claimant_FRA03849,CFR,4.6,Approved,2023-02-24,2023-09-14,202,0,1303
FRA03850,Telangana,D026,Rangareddy,Shabad,Kesaram,Claimant_FRA03850,CFR,3.4,Approved,2021-10-14,2025-04-10,1274,0,1801
FRA03851,Telangana,D013,Mahabubabad,Kuravi,Seerole,Claimant_FRA03851,IFR,2.5,Approved,2026-08-03,2026-09-17,45,0,47
FRA03852,Telangana,D001,Adilabad,Utnoor,Devapur,Claimant_FRA03852,CFR,1.68,Approved,2023-02-11,2024-01-22,345,0,1316
FRA03853,Telangana,D013,Mahabubabad,Kuravi,Seerole,Claimant_FRA03853,IFR,5.0,Approved,2026-07-05,2026-09-17,74,0,76
FRA03854,Telangana,D006,Jangaon,Station Ghanpur,Chilpur,Claimant_FRA03854,IFR,1.07,Pending,2026-06-02,,,109,109
FRA03855,Telangana,D001,Adilabad,Narnoor,Kothapalli,Claimant_FRA03855,CFR,5.73,Approved,2026-05-12,2026-07-31,80,0,130
FRA03856,Telangana,D001,Adilabad,Boath,Ghanpur,Claimant_FRA03856,CFR,0.88,Pending,2022-01-03,,,1720,1720
FRA03857,Telangana,D019,Nagarkurnool,Amrabad,Mananur,Claimant_FRA03857,IFR,2.4,Pending,2023-01-05,,,1353,1353
FRA03858,Telangana,D019,Nagarkurnool,Amrabad,Mananur,Claimant_FRA03858,IFR,6.53,Approved,2025-05-27,2025-11-08,165,0,480
FRA03859,Telangana,D023,Nizamabad,Armoor,Mendora,Claimant_FRA03859,IFR,3.31,Approved,2026-03-15,2026-03-31,16,0,188
FRA03860,Telangana,D005,Jagtial,Korutla,Ailapur,Claimant_FRA03860,CFR,2.54,Approved,2022-08-18,2025-05-07,993,0,1493
FRA03861,Telangana,D001,Adilabad,Narnoor,Kothapalli,Claimant_FRA03861,IFR,7.24,Pending,2022-01-20,,,1703,1703
FRA03862,Telangana,D005,Jagtial,Metpally,Vellulla,Claimant_FRA03862,IFR,4.35,Approved,2024-02-02,2025-12-28,695,0,960
FRA03863,Telangana,D007,Jayashankar Bhupalpally,Chityal,Venkateshwarlapally,Claimant_FRA03863,IFR,6.58,Approved,2025-09-24,2026-07-06,285,0,360
FRA03864,Telangana,D030,Vikarabad,Tandur,Kotbaspally,Claimant_FRA03864,IFR,2.59,Rejected,2022-05-28,2023-04-06,313,0,1575
FRA03865,Telangana,D002,Bhadradri Kothagudem,Bhadrachalam,Nellipaka,Claimant_FRA03865,IFR,1.51,Approved,2024-05-16,2024-08-04,80,0,856
FRA03866,Telangana,D011,Khammam,Kothagudem,Seetharampuram,Claimant_FRA03866,IFR,2.07,Pending,2026-01-20,,,242,242
FRA03867,Telangana,D006,Jangaon,Station Ghanpur,Chilpur,Claimant_FRA03867,IFR,5.43,Approved,2022-09-01,2026-06-18,1386,0,1479
FRA03868,Telangana,D027,Sangareddy,Narayankhed,Kondapur,Claimant_FRA03868,CFR,6.2,Approved,2023-06-02,2024-11-20,537,0,1205
FRA03869,Telangana,D013,Mahabubabad,Kuravi,Seerole,Claimant_FRA03869,IFR,3.68,Approved,2025-12-03,2026-07-18,227,0,290
FRA03870,Telangana,D019,Nagarkurnool,Amrabad,Mananur,Claimant_FRA03870,CFR,3.4,Pending,2025-07-15,,,431,431
FRA03871,Telangana,D002,Bhadradri Kothagudem,Kothagudem,Regalla,Claimant_FRA03871,IFR,5.63,Approved,2026-01-22,2026-07-03,162,0,240
FRA03872,Telangana,D026,Rangareddy,Shabad,Kesaram,Claimant_FRA03872,IFR,3.47,Approved,2023-10-18,2023-10-19,1,0,1067
FRA03873,Telangana,D018,Mulugu,Eturunagaram,Katapur,Claimant_FRA03873,IFR,5.87,Approved,2022-05-02,2023-05-26,389,0,1601
FRA03874,Telangana,D030,Vikarabad,Tandur,Kotbaspally,Claimant_FRA03874,IFR,2.02,Approved,2024-01-07,2025-09-11,613,0,986
FRA03875,Telangana,D004,Hyderabad,Charminar,Chandrayangutta,Claimant_FRA03875,IFR,1.93,Pending,2025-08-09,,,406,406
FRA03876,Telangana,D001,Adilabad,Utnoor,Devapur,Claimant_FRA03876,IFR,2.8,Approved,2025-09-10,2025-09-20,10,0,374
FRA03877,Telangana,D028,Siddipet,Husnabad,Pothireddypet,Claimant_FRA03877,IFR,6.23,Pending,2022-10-04,,,1446,1446
FRA03878,Telangana,D002,Bhadradri Kothagudem,Kothagudem,Regalla,Claimant_FRA03878,IFR,5.12,Pending,2022-09-11,,,1469,1469
FRA03879,Telangana,D002,Bhadradri Kothagudem,Kothagudem,Regalla,Claimant_FRA03879,IFR,4.54,Approved,2025-11-23,2026-03-01,98,0,300
FRA03880,Telangana,D001,Adilabad,Narnoor,Kothapalli,Claimant_FRA03880,IFR,1.79,Pending,2023-01-20,,,1338,1338
FRA03881,Telangana,D013,Mahabubabad,Bayyaram,Garla,Claimant_FRA03881,CFR,6.51,Pending,2025-01-21,,,606,606
FRA03882,Telangana,D001,Adilabad,Utnoor,Devapur,Claimant_FRA03882,IFR,4.65,Pending,2024-04-14,,,888,888
FRA03883,Telangana,D026,Rangareddy,Shabad,Kesaram,Claimant_FRA03883,CFR,3.37,Rejected,2023-07-18,2026-02-03,931,0,1159
FRA03884,Telangana,D006,Jangaon,Station Ghanpur,Chilpur,Claimant_FRA03884,IFR,2.86,Approved,2024-11-05,2025-11-18,378,0,683
FRA03885,Telangana,D032,Warangal,Narsampet,Madhira,Claimant_FRA03885,IFR,1.55,Approved,2023-05-31,2024-05-03,338,0,1207
FRA03886,Telangana,D006,Jangaon,Station Ghanpur,Chilpur,Claimant_FRA03886,IFR,2.67,Approved,2025-03-21,2025-07-24,125,0,547
FRA03887,Telangana,D013,Mahabubabad,Bayyaram,Garla,Claimant_FRA03887,CFR,5.05,Approved,2023-06-01,2026-01-31,975,0,1206
FRA03888,Telangana,D001,Adilabad,Narnoor,Kothapalli,Claimant_FRA03888,IFR,7.24,Approved,2022-07-14,2026-01-09,1275,0,1528
FRA03889,Telangana,D002,Bhadradri Kothagudem,Bhadrachalam,Nellipaka,Claimant_FRA03889,IFR,1.82,Pending,2025-06-13,,,463,463
FRA03890,Telangana,D023,Nizamabad,Armoor,Mendora,Claimant_FRA03890,CFR,3.21,Pending,2022-03-12,,,1652,1652
FRA03891,Telangana,D013,Mahabubabad,Bayyaram,Garla,Claimant_FRA03891,CFR,6.0,Approved,2023-11-09,2025-06-13,582,0,1045
FRA03892,Telangana,D003,Hanumakonda,Atmakur,Chowdapur,Claimant_FRA03892,IFR,6.55,Approved,2024-10-30,2025-02-22,115,0,689
FRA03893,Telangana,D019,Nagarkurnool,Amrabad,Mananur,Claimant_FRA03893,CFR,2.16,Rejected,2022-06-22,2024-11-15,877,0,1550
FRA03894,Telangana,D026,Rangareddy,Shabad,Kesaram,Claimant_FRA03894,IFR,7.4,Pending,2024-12-14,,,644,644
FRA03895,Telangana,D018,Mulugu,Venkatapur,Narsapur,Claimant_FRA03895,IFR,2.11,Approved,2026-07-28,2026-08-29,32,0,53
FRA03896,Telangana,D018,Mulugu,Venkatapur,Narsapur,Claimant_FRA03896,IFR,3.18,Pending,2022-03-20,,,1644,1644
FRA03897,Telangana,D001,Adilabad,Utnoor,Devapur,Claimant_FRA03897,CFR,4.09,Pending,2026-05-26,,,116,116
FRA03898,Telangana,D019,Nagarkurnool,Amrabad,Mananur,Claimant_FRA03898,IFR,1.58,Approved,2022-08-20,2022-12-03,105,0,1491
FRA03899,Telangana,D027,Sangareddy,Narayankhed,Kondapur,Claimant_FRA03899,CFR,1.7,Rejected,2026-06-12,2026-08-16,65,0,99
FRA03900,Telangana,D001,Adilabad,Narnoor,Kothapalli,Claimant_FRA03900,CFR,2.94,Approved,2023-03-05,2024-01-02,303,0,1294
FRA03901,Telangana,D007,Jayashankar Bhupalpally,Chityal,Venkateshwarlapally,Claimant_FRA03901,IFR,2.12,Pending,2025-06-03,,,473,473
FRA03902,Telangana,D001,Adilabad,Boath,Ghanpur,Claimant_FRA03902,CFR,7.62,Approved,2023-11-22,2024-12-07,381,0,1032
FRA03903,Telangana,D030,Vikarabad,Tandur,Kotbaspally,Claimant_FRA03903,IFR,0.7,Approved,2026-01-09,2026-05-15,126,0,253
FRA03904,Telangana,D011,Khammam,Kothagudem,Seetharampuram,Claimant_FRA03904,IFR,7.99,Approved,2024-08-04,2025-11-05,458,0,776
FRA03905,Telangana,D030,Vikarabad,Tandur,Kotbaspally,Claimant_FRA03905,IFR,6.26,Approved,2025-12-03,2026-01-19,47,0,290
FRA03906,Telangana,D011,Khammam,Wyra,Gollapadu,Claimant_FRA03906,CFR,1.7,Pending,2023-05-30,,,1208,1208
FRA03907,Telangana,D007,Jayashankar Bhupalpally,Regonda,Kannaram,Claimant_FRA03907,IFR,3.04,Approved,2025-06-20,2025-08-10,51,0,456
FRA03908,Telangana,D020,Nalgonda,Devarakonda,Chinthapally,Claimant_FRA03908,CFR,0.91,Approved,2025-05-29,2026-05-12,348,0,478
FRA03909,Telangana,D006,Jangaon,Station Ghanpur,Chilpur,Claimant_FRA03909,IFR,4.32,Approved,2025-12-21,2025-12-26,5,0,272
FRA03910,Telangana,D032,Warangal,Narsampet,Madhira,Claimant_FRA03910,IFR,6.41,Pending,2026-04-19,,,153,153
FRA03911,Telangana,D006,Jangaon,Station Ghanpur,Chilpur,Claimant_FRA03911,IFR,3.07,Rejected,2022-04-21,2025-03-05,1049,0,1612
FRA03912,Telangana,D032,Warangal,Narsampet,Madhira,Claimant_FRA03912,CFR,1.09,Pending,2022-12-09,,,1380,1380
FRA03913,Telangana,D032,Warangal,Narsampet,Madhira,Claimant_FRA03913,CFR,4.21,Approved,2022-10-27,2024-04-15,536,0,1423
FRA03914,Telangana,D011,Khammam,Wyra,Gollapadu,Claimant_FRA03914,CFR,4.42,Pending,2024-10-27,,,692,692
FRA03915,Telangana,D001,Adilabad,Boath,Ghanpur,Claimant_FRA03915,IFR,6.4,Approved,2022-06-01,2024-09-17,839,0,1571
FRA03916,Telangana,D007,Jayashankar Bhupalpally,Chityal,Venkateshwarlapally,Claimant_FRA03916,CFR,6.61,Pending,2024-02-08,,,954,954
FRA03917,Telangana,D003,Hanumakonda,Dharmanagar,Mustial,Claimant_FRA03917,CFR,3.89,Pending,2026-09-12,,,7,7
FRA03918,Telangana,D032,Warangal,Narsampet,Madhira,Claimant_FRA03918,IFR,2.42,Pending,2024-08-12,,,768,768
FRA03919,Telangana,D026,Rangareddy,Shabad,Kesaram,Claimant_FRA03919,CFR,3.44,Approved,2023-07-09,2023-08-31,53,0,1168
FRA03920,Telangana,D028,Siddipet,Husnabad,Pothireddypet,Claimant_FRA03920,IFR,4.62,Approved,2022-04-24,2026-06-24,1522,0,1609
FRA03921,Telangana,D018,Mulugu,Venkatapur,Narsapur,Claimant_FRA03921,IFR,5.02,Pending,2023-11-27,,,1027,1027
FRA03922,Telangana,D013,Mahabubabad,Kuravi,Seerole,Claimant_FRA03922,IFR,6.45,Pending,2023-10-19,,,1066,1066
FRA03923,Telangana,D023,Nizamabad,Armoor,Mendora,Claimant_FRA03923,CFR,2.87,Approved,2022-11-24,2023-02-05,73,0,1395
FRA03924,Telangana,D005,Jagtial,Metpally,Vellulla,Claimant_FRA03924,IFR,7.83,Approved,2024-05-28,2026-04-14,686,0,844
FRA03925,Telangana,D013,Mahabubabad,Kuravi,Seerole,Claimant_FRA03925,IFR,5.96,Approved,2023-09-22,2025-05-28,614,0,1093
FRA03926,Telangana,D011,Khammam,Wyra,Gollapadu,Claimant_FRA03926,CFR,5.61,Approved,2022-09-03,2026-04-01,1306,0,1477
FRA03927,Telangana,D007,Jayashankar Bhupalpally,Regonda,Kannaram,Claimant_FRA03927,IFR,5.96,Approved,2024-09-18,2026-04-10,569,0,731
FRA03928,Telangana,D005,Jagtial,Metpally,Vellulla,Claimant_FRA03928,IFR,5.95,Rejected,2023-04-19,2026-06-08,1146,0,1249
FRA03929,Telangana,D011,Khammam,Wyra,Gollapadu,Claimant_FRA03929,IFR,6.6,Approved,2026-06-22,2026-08-19,58,0,89
FRA03930,Telangana,D001,Adilabad,Utnoor,Devapur,Claimant_FRA03930,IFR,2.88,Approved,2025-04-03,2026-01-25,297,0,534
FRA03931,Telangana,D033,Yadadri Bhuvanagiri,Bhongir,Anantharam,Claimant_FRA03931,IFR,2.07,Approved,2024-02-10,2025-10-26,624,0,952
FRA03932,Telangana,D013,Mahabubabad,Bayyaram,Garla,Claimant_FRA03932,CFR,4.37,Approved,2026-01-31,2026-08-01,182,0,231
FRA03933,Telangana,D007,Jayashankar Bhupalpally,Chityal,Venkateshwarlapally,Claimant_FRA03933,IFR,3.17,Approved,2021-12-27,2025-08-31,1343,0,1727
FRA03934,Telangana,D020,Nalgonda,Devarakonda,Chinthapally,Claimant_FRA03934,IFR,2.2,Pending,2025-12-11,,,282,282
FRA03935,Telangana,D003,Hanumakonda,Atmakur,Chowdapur,Claimant_FRA03935,CFR,4.35,Approved,2026-04-01,2026-06-24,84,0,171
FRA03936,Telangana,D019,Nagarkurnool,Amrabad,Mananur,Claimant_FRA03936,CFR,6.52,Rejected,2021-12-09,2022-12-21,377,0,1745
FRA03937,Telangana,D002,Bhadradri Kothagudem,Kothagudem,Regalla,Claimant_FRA03937,IFR,5.3,Approved,2023-04-12,2024-04-24,378,0,1256
FRA03938,Telangana,D020,Nalgonda,Devarakonda,Chinthapally,Claimant_FRA03938,CFR,2.81,Approved,2025-01-26,2025-02-27,32,0,601
FRA03939,Telangana,D011,Khammam,Kothagudem,Seetharampuram,Claimant_FRA03939,CFR,3.83,Approved,2023-09-30,2023-11-05,36,0,1085
FRA03940,Telangana,D013,Mahabubabad,Kuravi,Seerole,Claimant_FRA03940,IFR,6.26,Approved,2023-07-31,2025-07-28,728,0,1146
FRA03941,Telangana,D013,Mahabubabad,Kuravi,Seerole,Claimant_FRA03941,CFR,6.57,Approved,2024-05-27,2025-08-06,436,0,845
FRA03942,Telangana,D002,Bhadradri Kothagudem,Kothagudem,Regalla,Claimant_FRA03942,CFR,6.07,Pending,2023-07-08,,,1169,1169
FRA03943,Telangana,D004,Hyderabad,Charminar,Chandrayangutta,Claimant_FRA03943,CFR,0.87,Approved,2022-10-02,2022-10-11,9,0,1448
FRA03944,Telangana,D004,Hyderabad,Charminar,Chandrayangutta,Claimant_FRA03944,CFR,6.12,Approved,2024-06-29,2024-08-17,49,0,812
FRA03945,Telangana,D004,Hyderabad,Amberpet,Azampura,Claimant_FRA03945,IFR,7.3,Pending,2023-09-06,,,1109,1109
FRA03946,Telangana,D018,Mulugu,Venkatapur,Narsapur,Claimant_FRA03946,CFR,1.81,Pending,2022-01-01,,,1722,1722
FRA03947,Telangana,D023,Nizamabad,Armoor,Mendora,Claimant_FRA03947,IFR,1.96,Pending,2022-03-23,,,1641,1641
FRA03948,Telangana,D013,Mahabubabad,Kuravi,Seerole,Claimant_FRA03948,IFR,7.95,Approved,2022-06-01,2026-09-03,1555,0,1571
FRA03949,Telangana,D011,Khammam,Kothagudem,Seetharampuram,Claimant_FRA03949,CFR,6.52,Approved,2023-12-31,2024-01-13,13,0,993
FRA03950,Telangana,D033,Yadadri Bhuvanagiri,Bhongir,Anantharam,Claimant_FRA03950,CFR,2.87,Approved,2025-01-16,2025-05-29,133,0,611
FRA03951,Telangana,D026,Rangareddy,Shabad,Kesaram,Claimant_FRA03951,CFR,0.86,Approved,2025-11-13,2025-11-16,3,0,310
FRA03952,Telangana,D004,Hyderabad,Charminar,Chandrayangutta,Claimant_FRA03952,IFR,4.46,Pending,2023-05-14,,,1224,1224
FRA03953,Telangana,D013,Mahabubabad,Bayyaram,Garla,Claimant_FRA03953,IFR,0.74,Approved,2026-07-07,2026-08-14,38,0,74
FRA03954,Telangana,D018,Mulugu,Venkatapur,Narsapur,Claimant_FRA03954,IFR,7.49,Approved,2026-05-07,2026-05-29,22,0,135
FRA03955,Telangana,D018,Mulugu,Eturunagaram,Katapur,Claimant_FRA03955,CFR,6.96,Approved,2022-08-23,2025-04-25,976,0,1488
FRA03956,Telangana,D020,Nalgonda,Devarakonda,Chinthapally,Claimant_FRA03956,CFR,2.24,Rejected,2025-02-19,2026-05-11,446,0,577
FRA03957,Telangana,D011,Khammam,Kothagudem,Seetharampuram,Claimant_FRA03957,CFR,7.52,Approved,2025-07-11,2026-01-25,198,0,435
FRA03958,Telangana,D003,Hanumakonda,Atmakur,Chowdapur,Claimant_FRA03958,CFR,5.89,Pending,2026-07-20,,,61,61
FRA03959,Telangana,D023,Nizamabad,Armoor,Mendora,Claimant_FRA03959,IFR,2.69,Approved,2025-11-25,2026-03-11,106,0,298
FRA03960,Telangana,D005,Jagtial,Metpally,Vellulla,Claimant_FRA03960,IFR,7.52,Rejected,2024-12-31,2025-12-23,357,0,627
FRA03961,Telangana,D018,Mulugu,Eturunagaram,Katapur,Claimant_FRA03961,IFR,5.88,Approved,2023-10-09,2025-07-15,645,0,1076
FRA03962,Telangana,D005,Jagtial,Korutla,Ailapur,Claimant_FRA03962,IFR,6.2,Approved,2024-01-28,2024-08-24,209,0,965
FRA03963,Telangana,D032,Warangal,Narsampet,Madhira,Claimant_FRA03963,CFR,2.77,Rejected,2023-08-15,2024-06-20,310,0,1131
FRA03964,Telangana,D005,Jagtial,Korutla,Ailapur,Claimant_FRA03964,CFR,5.32,Approved,2024-05-14,2025-07-27,439,0,858
FRA03965,Telangana,D002,Bhadradri Kothagudem,Kothagudem,Regalla,Claimant_FRA03965,CFR,2.46,Pending,2024-08-08,,,772,772
FRA03966,Telangana,D002,Bhadradri Kothagudem,Bhadrachalam,Nellipaka,Claimant_FRA03966,CFR,6.55,Pending,2024-03-15,,,918,918
FRA03967,Telangana,D030,Vikarabad,Tandur,Kotbaspally,Claimant_FRA03967,CFR,4.34,Rejected,2024-03-10,2024-07-17,129,0,923
FRA03968,Telangana,D001,Adilabad,Narnoor,Kothapalli,Claimant_FRA03968,IFR,4.51,Approved,2022-12-10,2026-08-20,1349,0,1379
FRA03969,Telangana,D026,Rangareddy,Shabad,Kesaram,Claimant_FRA03969,IFR,4.98,Rejected,2022-07-14,2025-07-04,1086,0,1528
FRA03970,Telangana,D004,Hyderabad,Charminar,Chandrayangutta,Claimant_FRA03970,CFR,6.14,Pending,2024-09-03,,,746,746
FRA03971,Telangana,D004,Hyderabad,Charminar,Chandrayangutta,Claimant_FRA03971,IFR,6.21,Pending,2024-07-17,,,794,794
FRA03972,Telangana,D011,Khammam,Kothagudem,Seetharampuram,Claimant_FRA03972,IFR,2.73,Approved,2022-12-31,2025-01-30,761,0,1358
FRA03973,Telangana,D030,Vikarabad,Tandur,Kotbaspally,Claimant_FRA03973,CFR,3.1,Rejected,2025-11-18,2026-05-23,186,0,305
FRA03974,Telangana,D007,Jayashankar Bhupalpally,Regonda,Kannaram,Claimant_FRA03974,IFR,6.67,Approved,2024-08-10,2026-01-01,509,0,770
FRA03975,Telangana,D026,Rangareddy,Shabad,Kesaram,Claimant_FRA03975,IFR,5.23,Approved,2025-11-13,2026-08-25,285,0,310
FRA03976,Telangana,D020,Nalgonda,Devarakonda,Chinthapally,Claimant_FRA03976,IFR,6.83,Pending,2022-05-26,,,1577,1577
FRA03977,Telangana,D007,Jayashankar Bhupalpally,Regonda,Kannaram,Claimant_FRA03977,CFR,7.43,Approved,2022-12-28,2025-07-25,940,0,1361
FRA03978,Telangana,D033,Yadadri Bhuvanagiri,Bhongir,Anantharam,Claimant_FRA03978,IFR,6.3,Approved,2025-08-29,2026-08-03,339,0,386
FRA03979,Telangana,D027,Sangareddy,Narayankhed,Kondapur,Claimant_FRA03979,IFR,5.02,Rejected,2026-02-10,2026-06-25,135,0,221
FRA03980,Telangana,D001,Adilabad,Boath,Ghanpur,Claimant_FRA03980,IFR,7.04,Pending,2025-02-03,,,593,593
FRA03981,Telangana,D019,Nagarkurnool,Amrabad,Mananur,Claimant_FRA03981,CFR,7.2,Pending,2024-10-20,,,699,699
FRA03982,Telangana,D001,Adilabad,Boath,Ghanpur,Claimant_FRA03982,CFR,2.56,Pending,2025-12-04,,,289,289
FRA03983,Telangana,D011,Khammam,Wyra,Gollapadu,Claimant_FRA03983,CFR,0.88,Pending,2023-04-21,,,1247,1247
FRA03984,Telangana,D013,Mahabubabad,Bayyaram,Garla,Claimant_FRA03984,IFR,1.67,Approved,2022-01-04,2025-04-16,1198,0,1719
FRA03985,Telangana,D023,Nizamabad,Armoor,Mendora,Claimant_FRA03985,CFR,5.1,Pending,2024-09-06,,,743,743
FRA03986,Telangana,D011,Khammam,Kothagudem,Seetharampuram,Claimant_FRA03986,CFR,5.09,Pending,2023-07-21,,,1156,1156
FRA03987,Telangana,D002,Bhadradri Kothagudem,Manuguru,Anantharam,Claimant_FRA03987,CFR,7.45,Pending,2024-03-08,,,925,925
FRA03988,Telangana,D003,Hanumakonda,Atmakur,Chowdapur,Claimant_FRA03988,IFR,3.8,Rejected,2022-12-15,2026-05-30,1262,0,1374
FRA03989,Telangana,D004,Hyderabad,Charminar,Chandrayangutta,Claimant_FRA03989,CFR,5.06,Approved,2025-04-15,2025-12-11,240,0,522
FRA03990,Telangana,D019,Nagarkurnool,Amrabad,Mananur,Claimant_FRA03990,IFR,2.35,Pending,2024-10-14,,,705,705
FRA03991,Telangana,D001,Adilabad,Boath,Ghanpur,Claimant_FRA03991,CFR,2.13,Approved,2023-05-07,2025-11-14,922,0,1231
FRA03992,Telangana,D004,Hyderabad,Charminar,Chandrayangutta,Claimant_FRA03992,CFR,0.94,Pending,2022-09-30,,,1450,1450
FRA03993,Telangana,D011,Khammam,Kothagudem,Seetharampuram,Claimant_FRA03993,IFR,5.65,Approved,2026-07-16,2026-07-18,2,0,65
FRA03994,Telangana,D013,Mahabubabad,Kuravi,Seerole,Claimant_FRA03994,IFR,1.69,Pending,2024-02-13,,,949,949
FRA03995,Telangana,D033,Yadadri Bhuvanagiri,Bhongir,Anantharam,Claimant_FRA03995,IFR,3.14,Approved,2024-01-29,2024-03-30,61,0,964
FRA03996,Telangana,D027,Sangareddy,Narayankhed,Kondapur,Claimant_FRA03996,IFR,2.22,Approved,2026-08-23,2026-09-08,16,0,27
FRA03997,Telangana,D011,Khammam,Wyra,Gollapadu,Claimant_FRA03997,IFR,1.91,Approved,2026-07-06,2026-08-22,47,0,75
FRA03998,Telangana,D032,Warangal,Narsampet,Madhira,Claimant_FRA03998,IFR,0.77,Pending,2023-11-10,,,1044,1044
FRA03999,Telangana,D019,Nagarkurnool,Amrabad,Mananur,Claimant_FRA03999,IFR,5.25,Approved,2023-11-19,2025-09-19,670,0,1035
FRA04000,Telangana,D027,Sangareddy,Narayankhed,Kondapur,Claimant_FRA04000,CFR,2.04,Approved,2023-06-15,2024-04-21,311,0,1192
FRA04001,Telangana,D026,Rangareddy,Shabad,Kesaram,Claimant_FRA04001,IFR,6.76,Rejected,2024-05-02,2025-05-21,384,0,870
FRA04002,Telangana,D018,Mulugu,Eturunagaram,Katapur,Claimant_FRA04002,IFR,7.76,Approved,2023-06-25,2025-07-09,745,0,1182
FRA04003,Telangana,D002,Bhadradri Kothagudem,Manuguru,Anantharam,Claimant_FRA04003,IFR,4.43,Approved,2024-08-05,2025-12-13,495,0,775
FRA04004,Telangana,D033,Yadadri Bhuvanagiri,Bhongir,Anantharam,Claimant_FRA04004,CFR,7.07,Approved,2026-01-26,2026-08-31,217,0,236
FRA04005,Telangana,D005,Jagtial,Korutla,Ailapur,Claimant_FRA04005,IFR,7.39,Pending,2024-05-07,,,865,865
FRA04006,Telangana,D001,Adilabad,Utnoor,Devapur,Claimant_FRA04006,CFR,0.78,Approved,2023-06-15,2025-03-01,625,0,1192
FRA04007,Telangana,D032,Warangal,Narsampet,Madhira,Claimant_FRA04007,IFR,5.45,Approved,2025-11-27,2026-08-22,268,0,296
FRA04008,Telangana,D005,Jagtial,Korutla,Ailapur,Claimant_FRA04008,CFR,4.14,Pending,2022-12-04,,,1385,1385
FRA04009,Telangana,D004,Hyderabad,Charminar,Chandrayangutta,Claimant_FRA04009,IFR,1.24,Pending,2023-04-01,,,1267,1267
FRA04010,Telangana,D020,Nalgonda,Devarakonda,Chinthapally,Claimant_FRA04010,IFR,6.45,Approved,2022-11-16,2025-04-01,867,0,1403
FRA04011,Telangana,D006,Jangaon,Jangaon,Pasumamula,Claimant_FRA04011,IFR,0.59,Approved,2025-01-01,2026-05-25,509,0,626
FRA04012,Telangana,D020,Nalgonda,Devarakonda,Chinthapally,Claimant_FRA04012,CFR,0.89,Rejected,2024-07-08,2024-12-12,157,0,803
FRA04013,Telangana,D033,Yadadri Bhuvanagiri,Bhongir,Anantharam,Claimant_FRA04013,CFR,0.53,Pending,2024-12-04,,,654,654
FRA04014,Telangana,D027,Sangareddy,Narayankhed,Kondapur,Claimant_FRA04014,CFR,1.2,Approved,2025-11-15,2026-05-18,184,0,308
FRA04015,Telangana,D002,Bhadradri Kothagudem,Bhadrachalam,Nellipaka,Claimant_FRA04015,CFR,7.46,Rejected,2023-10-11,2024-09-05,330,0,1074
FRA04016,Telangana,D004,Hyderabad,Amberpet,Azampura,Claimant_FRA04016,IFR,0.51,Rejected,2026-07-29,2026-09-11,44,0,52
FRA04017,Telangana,D004,Hyderabad,Amberpet,Azampura,Claimant_FRA04017,CFR,1.71,Approved,2022-09-13,2024-02-02,507,0,1467
FRA04018,Telangana,D007,Jayashankar Bhupalpally,Chityal,Venkateshwarlapally,Claimant_FRA04018,IFR,4.85,Rejected,2024-10-16,2026-07-09,631,0,703
FRA04019,Telangana,D006,Jangaon,Jangaon,Pasumamula,Claimant_FRA04019,CFR,2.23,Pending,2022-03-20,,,1644,1644
FRA04020,Telangana,D028,Siddipet,Husnabad,Pothireddypet,Claimant_FRA04020,IFR,5.23,Approved,2025-09-10,2026-07-14,307,0,374
FRA04021,Telangana,D011,Khammam,Wyra,Gollapadu,Claimant_FRA04021,CFR,7.59,Pending,2021-12-02,,,1752,1752
FRA04022,Telangana,D003,Hanumakonda,Atmakur,Chowdapur,Claimant_FRA04022,IFR,4.28,Approved,2025-03-15,2026-02-03,325,0,553
FRA04023,Telangana,D030,Vikarabad,Tandur,Kotbaspally,Claimant_FRA04023,IFR,2.76,Rejected,2026-04-06,2026-06-10,65,0,166
FRA04024,Telangana,D002,Bhadradri Kothagudem,Manuguru,Anantharam,Claimant_FRA04024,CFR,5.79,Rejected,2025-08-18,2026-01-11,146,0,397
FRA04025,Telangana,D013,Mahabubabad,Bayyaram,Garla,Claimant_FRA04025,IFR,6.85,Approved,2026-09-17,2026-09-17,0,0,2
FRA04026,Telangana,D006,Jangaon,Station Ghanpur,Chilpur,Claimant_FRA04026,CFR,5.64,Approved,2026-08-17,2026-09-17,31,0,33
FRA04027,Telangana,D002,Bhadradri Kothagudem,Bhadrachalam,Nellipaka,Claimant_FRA04027,IFR,1.83,Approved,2022-03-28,2024-05-05,769,0,1636
FRA04028,Telangana,D005,Jagtial,Metpally,Vellulla,Claimant_FRA04028,CFR,1.0,Approved,2025-12-26,2026-09-10,258,0,267
FRA04029,Telangana,D006,Jangaon,Station Ghanpur,Chilpur,Claimant_FRA04029,CFR,3.63,Rejected,2022-03-13,2026-07-30,1600,0,1651
FRA04030,Telangana,D007,Jayashankar Bhupalpally,Chityal,Venkateshwarlapally,Claimant_FRA04030,CFR,6.48,Pending,2021-09-26,,,1819,1819
FRA04031,Telangana,D026,Rangareddy,Shabad,Kesaram,Claimant_FRA04031,IFR,5.3,Pending,2023-04-02,,,1266,1266
FRA04032,Telangana,D004,Hyderabad,Charminar,Chandrayangutta,Claimant_FRA04032,CFR,4.9,Pending,2025-05-14,,,493,493
FRA04033,Telangana,D027,Sangareddy,Narayankhed,Kondapur,Claimant_FRA04033,IFR,3.73,Approved,2026-05-01,2026-05-10,9,0,141
FRA04034,Telangana,D001,Adilabad,Utnoor,Devapur,Claimant_FRA04034,CFR,2.77,Rejected,2024-02-16,2026-03-02,745,0,946
FRA04035,Telangana,D001,Adilabad,Narnoor,Kothapalli,Claimant_FRA04035,IFR,4.58,Pending,2026-07-29,,,52,52
FRA04036,Telangana,D027,Sangareddy,Narayankhed,Kondapur,Claimant_FRA04036,CFR,5.88,Pending,2024-12-13,,,645,645
FRA04037,Telangana,D007,Jayashankar Bhupalpally,Chityal,Venkateshwarlapally,Claimant_FRA04037,IFR,2.99,Rejected,2022-09-27,2023-11-07,406,0,1453
FRA04038,Telangana,D001,Adilabad,Boath,Ghanpur,Claimant_FRA04038,IFR,6.46,Approved,2023-10-11,2024-09-09,334,0,1074
FRA04039,Telangana,D023,Nizamabad,Armoor,Mendora,Claimant_FRA04039,IFR,0.8,Approved,2025-04-09,2025-09-10,154,0,528
FRA04040,Telangana,D018,Mulugu,Eturunagaram,Katapur,Claimant_FRA04040,CFR,4.28,Approved,2025-06-20,2025-09-22,94,0,456
FRA04041,Telangana,D002,Bhadradri Kothagudem,Kothagudem,Regalla,Claimant_FRA04041,CFR,6.67,Rejected,2021-11-09,2023-12-07,758,0,1775
FRA04042,Telangana,D018,Mulugu,Eturunagaram,Katapur,Claimant_FRA04042,CFR,6.57,Pending,2021-10-15,,,1800,1800
FRA04043,Telangana,D020,Nalgonda,Devarakonda,Chinthapally,Claimant_FRA04043,IFR,2.75,Approved,2024-06-02,2025-11-29,545,0,839
FRA04044,Telangana,D002,Bhadradri Kothagudem,Bhadrachalam,Nellipaka,Claimant_FRA04044,IFR,5.85,Pending,2023-06-04,,,1203,1203
FRA04045,Telangana,D006,Jangaon,Station Ghanpur,Chilpur,Claimant_FRA04045,IFR,1.48,Approved,2023-05-31,2023-09-26,118,0,1207
FRA04046,Telangana,D028,Siddipet,Husnabad,Pothireddypet,Claimant_FRA04046,IFR,4.71,Approved,2023-07-10,2025-10-07,820,0,1167
FRA04047,Telangana,D002,Bhadradri Kothagudem,Kothagudem,Regalla,Claimant_FRA04047,CFR,3.96,Rejected,2023-03-05,2024-09-14,559,0,1294
FRA04048,Telangana,D026,Rangareddy,Shabad,Kesaram,Claimant_FRA04048,CFR,6.39,Approved,2024-10-14,2025-01-17,95,0,705
FRA04049,Telangana,D005,Jagtial,Korutla,Ailapur,Claimant_FRA04049,CFR,7.4,Pending,2022-12-10,,,1379,1379
FRA04050,Telangana,D026,Rangareddy,Shabad,Kesaram,Claimant_FRA04050,IFR,1.87,Pending,2024-10-31,,,688,688
FRA04051,Telangana,D005,Jagtial,Metpally,Vellulla,Claimant_FRA04051,CFR,6.32,Approved,2026-01-23,2026-08-05,194,0,239
FRA04052,Telangana,D002,Bhadradri Kothagudem,Bhadrachalam,Nellipaka,Claimant_FRA04052,CFR,2.21,Rejected,2024-09-28,2025-11-01,399,0,721
FRA04053,Telangana,D027,Sangareddy,Narayankhed,Kondapur,Claimant_FRA04053,IFR,5.8,Pending,2022-04-02,,,1631,1631
FRA04054,Telangana,D028,Siddipet,Husnabad,Pothireddypet,Claimant_FRA04054,CFR,2.34,Rejected,2026-04-06,2026-09-05,152,0,166
FRA04055,Telangana,D005,Jagtial,Korutla,Ailapur,Claimant_FRA04055,CFR,3.87,Pending,2024-03-29,,,904,904
FRA04056,Telangana,D032,Warangal,Narsampet,Madhira,Claimant_FRA04056,CFR,4.18,Pending,2023-10-19,,,1066,1066
FRA04057,Telangana,D019,Nagarkurnool,Amrabad,Mananur,Claimant_FRA04057,IFR,6.56,Approved,2022-11-09,2023-02-16,99,0,1410
FRA04058,Telangana,D026,Rangareddy,Shabad,Kesaram,Claimant_FRA04058,CFR,4.36,Approved,2025-08-07,2026-04-24,260,0,408
FRA04059,Telangana,D007,Jayashankar Bhupalpally,Regonda,Kannaram,Claimant_FRA04059,IFR,7.89,Approved,2024-08-24,2025-11-06,439,0,756
FRA04060,Telangana,D002,Bhadradri Kothagudem,Kothagudem,Regalla,Claimant_FRA04060,IFR,7.35,Pending,2023-08-18,,,1128,1128
FRA04061,Telangana,D011,Khammam,Kothagudem,Seetharampuram,Claimant_FRA04061,IFR,2.57,Pending,2023-10-05,,,1080,1080
FRA04062,Telangana,D002,Bhadradri Kothagudem,Manuguru,Anantharam,Claimant_FRA04062,IFR,3.49,Rejected,2023-07-20,2024-08-02,379,0,1157
FRA04063,Telangana,D003,Hanumakonda,Dharmanagar,Mustial,Claimant_FRA04063,CFR,7.22,Pending,2021-11-11,,,1773,1773
FRA04064,Telangana,D001,Adilabad,Utnoor,Devapur,Claimant_FRA04064,IFR,5.23,Approved,2025-05-15,2025-08-20,97,0,492
FRA04065,Telangana,D018,Mulugu,Venkatapur,Narsapur,Claimant_FRA04065,IFR,2.82,Pending,2025-03-21,,,547,547
FRA04066,Telangana,D027,Sangareddy,Narayankhed,Kondapur,Claimant_FRA04066,CFR,6.03,Approved,2026-01-20,2026-08-26,218,0,242
FRA04067,Telangana,D001,Adilabad,Utnoor,Devapur,Claimant_FRA04067,CFR,2.37,Pending,2022-04-11,,,1622,1622
FRA04068,Telangana,D020,Nalgonda,Devarakonda,Chinthapally,Claimant_FRA04068,IFR,4.33,Approved,2026-02-18,2026-07-03,135,0,213
FRA04069,Telangana,D018,Mulugu,Venkatapur,Narsapur,Claimant_FRA04069,IFR,7.46,Approved,2023-08-20,2024-05-30,284,0,1126
FRA04070,Telangana,D006,Jangaon,Station Ghanpur,Chilpur,Claimant_FRA04070,IFR,2.57,Approved,2025-03-02,2026-08-15,531,0,566
FRA04071,Telangana,D003,Hanumakonda,Atmakur,Chowdapur,Claimant_FRA04071,CFR,7.28,Approved,2024-02-26,2025-07-08,498,0,936
FRA04072,Telangana,D018,Mulugu,Venkatapur,Narsapur,Claimant_FRA04072,CFR,3.1,Pending,2024-11-18,,,670,670
FRA04073,Telangana,D006,Jangaon,Station Ghanpur,Chilpur,Claimant_FRA04073,CFR,2.98,Pending,2023-12-28,,,996,996
FRA04074,Telangana,D002,Bhadradri Kothagudem,Kothagudem,Regalla,Claimant_FRA04074,IFR,7.15,Pending,2024-03-15,,,918,918
FRA04075,Telangana,D018,Mulugu,Eturunagaram,Katapur,Claimant_FRA04075,IFR,1.56,Pending,2022-05-07,,,1596,1596
FRA04076,Telangana,D006,Jangaon,Station Ghanpur,Chilpur,Claimant_FRA04076,IFR,1.17,Pending,2025-10-01,,,353,353
FRA04077,Telangana,D011,Khammam,Wyra,Gollapadu,Claimant_FRA04077,CFR,2.5,Approved,2024-06-28,2025-02-20,237,0,813
FRA04078,Telangana,D001,Adilabad,Boath,Ghanpur,Claimant_FRA04078,IFR,1.86,Approved,2021-09-19,2022-08-15,330,0,1826
FRA04079,Telangana,D002,Bhadradri Kothagudem,Kothagudem,Regalla,Claimant_FRA04079,CFR,2.56,Pending,2024-12-22,,,636,636
FRA04080,Telangana,D006,Jangaon,Jangaon,Pasumamula,Claimant_FRA04080,IFR,3.03,Approved,2024-11-25,2025-04-03,129,0,663
FRA04081,Telangana,D019,Nagarkurnool,Amrabad,Mananur,Claimant_FRA04081,CFR,1.32,Approved,2022-07-14,2026-05-19,1405,0,1528
FRA04082,Telangana,D004,Hyderabad,Charminar,Chandrayangutta,Claimant_FRA04082,CFR,7.83,Approved,2022-02-26,2025-06-23,1213,0,1666
FRA04083,Telangana,D002,Bhadradri Kothagudem,Kothagudem,Regalla,Claimant_FRA04083,IFR,2.88,Pending,2025-11-04,,,319,319
FRA04084,Telangana,D001,Adilabad,Boath,Ghanpur,Claimant_FRA04084,IFR,4.02,Pending,2024-05-03,,,869,869
FRA04085,Telangana,D005,Jagtial,Metpally,Vellulla,Claimant_FRA04085,IFR,6.73,Rejected,2023-01-16,2024-04-09,449,0,1342
FRA04086,Telangana,D005,Jagtial,Korutla,Ailapur,Claimant_FRA04086,IFR,2.3,Rejected,2023-08-22,2024-03-11,202,0,1124
FRA04087,Telangana,D032,Warangal,Narsampet,Madhira,Claimant_FRA04087,CFR,2.08,Approved,2026-02-08,2026-07-19,161,0,223
FRA04088,Telangana,D001,Adilabad,Utnoor,Devapur,Claimant_FRA04088,IFR,6.45,Rejected,2022-12-21,2025-08-25,978,0,1368
FRA04089,Telangana,D032,Warangal,Narsampet,Madhira,Claimant_FRA04089,CFR,5.66,Approved,2026-04-22,2026-09-05,136,0,150
FRA04090,Telangana,D020,Nalgonda,Devarakonda,Chinthapally,Claimant_FRA04090,CFR,0.59,Rejected,2023-01-28,2025-03-16,778,0,1330
FRA04091,Telangana,D007,Jayashankar Bhupalpally,Chityal,Venkateshwarlapally,Claimant_FRA04091,CFR,7.22,Approved,2025-12-08,2025-12-24,16,0,285
FRA04092,Telangana,D001,Adilabad,Utnoor,Devapur,Claimant_FRA04092,CFR,6.58,Approved,2023-05-22,2023-11-17,179,0,1216
FRA04093,Telangana,D003,Hanumakonda,Dharmanagar,Mustial,Claimant_FRA04093,IFR,5.47,Pending,2022-12-13,,,1376,1376
FRA04094,Telangana,D032,Warangal,Narsampet,Madhira,Claimant_FRA04094,CFR,5.59,Approved,2026-06-07,2026-08-16,70,0,104
FRA04095,Telangana,D011,Khammam,Kothagudem,Seetharampuram,Claimant_FRA04095,CFR,4.31,Pending,2021-10-20,,,1795,1795
FRA04096,Telangana,D002,Bhadradri Kothagudem,Manuguru,Anantharam,Claimant_FRA04096,IFR,4.87,Pending,2022-03-12,,,1652,1652
FRA04097,Telangana,D028,Siddipet,Husnabad,Pothireddypet,Claimant_FRA04097,CFR,3.19,Approved,2024-02-03,2025-12-16,682,0,959
FRA04098,Telangana,D001,Adilabad,Utnoor,Devapur,Claimant_FRA04098,IFR,2.23,Pending,2022-10-04,,,1446,1446
FRA04099,Telangana,D006,Jangaon,Jangaon,Pasumamula,Claimant_FRA04099,CFR,1.41,Pending,2022-12-11,,,1378,1378
FRA04100,Telangana,D011,Khammam,Kothagudem,Seetharampuram,Claimant_FRA04100,CFR,1.73,Rejected,2023-05-11,2023-06-22,42,0,1227
FRA04101,Telangana,D005,Jagtial,Metpally,Vellulla,Claimant_FRA04101,IFR,3.19,Approved,2024-08-13,2024-11-23,102,0,767
FRA04102,Telangana,D002,Bhadradri Kothagudem,Manuguru,Anantharam,Claimant_FRA04102,IFR,3.66,Pending,2022-07-19,,,1523,1523
FRA04103,Telangana,D033,Yadadri Bhuvanagiri,Bhongir,Anantharam,Claimant_FRA04103,IFR,6.25,Approved,2024-08-09,2026-08-31,752,0,771
FRA04104,Telangana,D011,Khammam,Wyra,Gollapadu,Claimant_FRA04104,IFR,6.62,Pending,2023-09-27,,,1088,1088
FRA04105,Telangana,D032,Warangal,Narsampet,Madhira,Claimant_FRA04105,IFR,6.89,Approved,2026-04-01,2026-07-20,110,0,171
FRA04106,Telangana,D013,Mahabubabad,Bayyaram,Garla,Claimant_FRA04106,CFR,7.25,Pending,2022-06-18,,,1554,1554
FRA04107,Telangana,D026,Rangareddy,Shabad,Kesaram,Claimant_FRA04107,IFR,1.79,Rejected,2026-04-20,2026-08-15,117,0,152
FRA04108,Telangana,D003,Hanumakonda,Atmakur,Chowdapur,Claimant_FRA04108,IFR,6.32,Approved,2021-10-15,2024-10-29,1110,0,1800
FRA04109,Telangana,D006,Jangaon,Station Ghanpur,Chilpur,Claimant_FRA04109,CFR,7.18,Approved,2024-06-12,2026-05-31,718,0,829
FRA04110,Telangana,D006,Jangaon,Station Ghanpur,Chilpur,Claimant_FRA04110,IFR,0.87,Approved,2026-03-13,2026-07-24,133,0,190
FRA04111,Telangana,D030,Vikarabad,Tandur,Kotbaspally,Claimant_FRA04111,CFR,6.23,Pending,2025-02-07,,,589,589
FRA04112,Telangana,D018,Mulugu,Venkatapur,Narsapur,Claimant_FRA04112,IFR,4.54,Pending,2022-04-08,,,1625,1625
FRA04113,Telangana,D007,Jayashankar Bhupalpally,Chityal,Venkateshwarlapally,Claimant_FRA04113,CFR,3.35,Approved,2022-07-15,2026-01-11,1276,0,1527
FRA04114,Telangana,D007,Jayashankar Bhupalpally,Regonda,Kannaram,Claimant_FRA04114,IFR,0.78,Approved,2022-07-12,2026-04-16,1374,0,1530
FRA04115,Telangana,D026,Rangareddy,Shabad,Kesaram,Claimant_FRA04115,CFR,7.89,Approved,2023-04-10,2025-08-22,865,0,1258
FRA04116,Telangana,D027,Sangareddy,Narayankhed,Kondapur,Claimant_FRA04116,IFR,7.27,Pending,2022-05-28,,,1575,1575
FRA04117,Telangana,D005,Jagtial,Metpally,Vellulla,Claimant_FRA04117,CFR,2.85,Pending,2024-10-04,,,715,715
FRA04118,Telangana,D033,Yadadri Bhuvanagiri,Bhongir,Anantharam,Claimant_FRA04118,IFR,5.86,Pending,2025-10-05,,,349,349
FRA04119,Telangana,D007,Jayashankar Bhupalpally,Chityal,Venkateshwarlapally,Claimant_FRA04119,CFR,2.02,Approved,2022-05-23,2022-10-27,157,0,1580
FRA04120,Telangana,D033,Yadadri Bhuvanagiri,Bhongir,Anantharam,Claimant_FRA04120,CFR,7.46,Approved,2022-12-14,2023-05-21,158,0,1375
FRA04121,Telangana,D004,Hyderabad,Amberpet,Azampura,Claimant_FRA04121,IFR,2.97,Approved,2026-01-13,2026-07-13,181,0,249
FRA04122,Telangana,D020,Nalgonda,Devarakonda,Chinthapally,Claimant_FRA04122,IFR,6.26,Approved,2021-11-14,2022-03-21,127,0,1770
FRA04123,Telangana,D004,Hyderabad,Amberpet,Azampura,Claimant_FRA04123,IFR,1.61,Approved,2022-03-30,2026-09-12,1627,0,1634
FRA04124,Telangana,D023,Nizamabad,Armoor,Mendora,Claimant_FRA04124,CFR,4.25,Approved,2021-11-16,2025-05-10,1271,0,1768
FRA04125,Telangana,D002,Bhadradri Kothagudem,Bhadrachalam,Nellipaka,Claimant_FRA04125,IFR,1.66,Pending,2023-08-19,,,1127,1127
FRA04126,Telangana,D003,Hanumakonda,Dharmanagar,Mustial,Claimant_FRA04126,IFR,5.11,Approved,2025-01-18,2025-10-24,279,0,609
FRA04127,Telangana,D026,Rangareddy,Shabad,Kesaram,Claimant_FRA04127,CFR,5.64,Approved,2023-06-26,2024-10-09,471,0,1181
FRA04128,Telangana,D003,Hanumakonda,Dharmanagar,Mustial,Claimant_FRA04128,IFR,3.31,Approved,2025-11-19,2026-07-03,226,0,304
FRA04129,Telangana,D001,Adilabad,Utnoor,Devapur,Claimant_FRA04129,IFR,6.15,Pending,2022-04-25,,,1608,1608
FRA04130,Telangana,D027,Sangareddy,Narayankhed,Kondapur,Claimant_FRA04130,IFR,3.03,Approved,2024-12-18,2025-10-17,303,0,640
FRA04131,Telangana,D004,Hyderabad,Charminar,Chandrayangutta,Claimant_FRA04131,IFR,7.93,Approved,2022-01-11,2024-12-30,1084,0,1712
FRA04132,Telangana,D002,Bhadradri Kothagudem,Kothagudem,Regalla,Claimant_FRA04132,CFR,4.9,Approved,2026-05-08,2026-05-16,8,0,134
FRA04133,Telangana,D006,Jangaon,Jangaon,Pasumamula,Claimant_FRA04133,IFR,4.99,Pending,2024-01-05,,,988,988
FRA04134,Telangana,D005,Jagtial,Korutla,Ailapur,Claimant_FRA04134,IFR,2.05,Rejected,2025-05-06,2026-01-27,266,0,501
FRA04135,Telangana,D005,Jagtial,Korutla,Ailapur,Claimant_FRA04135,IFR,4.02,Approved,2023-11-14,2026-02-05,814,0,1040
FRA04136,Telangana,D023,Nizamabad,Armoor,Mendora,Claimant_FRA04136,IFR,7.1,Approved,2022-11-12,2024-03-08,482,0,1407
FRA04137,Telangana,D011,Khammam,Kothagudem,Seetharampuram,Claimant_FRA04137,CFR,1.05,Pending,2022-04-23,,,1610,1610
FRA04138,Telangana,D032,Warangal,Narsampet,Madhira,Claimant_FRA04138,IFR,5.91,Approved,2023-03-21,2025-03-07,717,0,1278
FRA04139,Telangana,D007,Jayashankar Bhupalpally,Chityal,Venkateshwarlapally,Claimant_FRA04139,IFR,7.23,Pending,2024-08-07,,,773,773
FRA04140,Telangana,D020,Nalgonda,Devarakonda,Chinthapally,Claimant_FRA04140,IFR,5.78,Pending,2021-10-07,,,1808,1808
FRA04141,Telangana,D018,Mulugu,Venkatapur,Narsapur,Claimant_FRA04141,IFR,7.53,Approved,2024-01-09,2024-07-10,183,0,984
FRA04142,Telangana,D003,Hanumakonda,Dharmanagar,Mustial,Claimant_FRA04142,IFR,3.56,Approved,2023-10-09,2025-09-28,720,0,1076
FRA04143,Telangana,D006,Jangaon,Jangaon,Pasumamula,Claimant_FRA04143,CFR,1.47,Rejected,2025-02-18,2025-03-19,29,0,578
FRA04144,Telangana,D027,Sangareddy,Narayankhed,Kondapur,Claimant_FRA04144,IFR,1.08,Approved,2023-12-26,2024-05-05,131,0,998
FRA04145,Telangana,D030,Vikarabad,Tandur,Kotbaspally,Claimant_FRA04145,IFR,5.82,Approved,2025-09-04,2025-11-05,62,0,380
FRA04146,Telangana,D007,Jayashankar Bhupalpally,Regonda,Kannaram,Claimant_FRA04146,IFR,5.65,Rejected,2022-01-05,2023-07-20,561,0,1718
FRA04147,Telangana,D019,Nagarkurnool,Amrabad,Mananur,Claimant_FRA04147,CFR,2.89,Pending,2022-09-01,,,1479,1479
FRA04148,Telangana,D002,Bhadradri Kothagudem,Kothagudem,Regalla,Claimant_FRA04148,CFR,6.95,Approved,2022-09-17,2025-07-22,1039,0,1463
FRA04149,Telangana,D005,Jagtial,Korutla,Ailapur,Claimant_FRA04149,CFR,5.23,Pending,2025-04-26,,,511,511
FRA04150,Telangana,D030,Vikarabad,Tandur,Kotbaspally,Claimant_FRA04150,CFR,5.76,Pending,2023-01-10,,,1348,1348
FRA04151,Telangana,D002,Bhadradri Kothagudem,Manuguru,Anantharam,Claimant_FRA04151,IFR,6.29,Pending,2022-04-30,,,1603,1603
FRA04152,Telangana,D003,Hanumakonda,Dharmanagar,Mustial,Claimant_FRA04152,IFR,0.94,Approved,2026-04-20,2026-08-17,119,0,152
FRA04153,Telangana,D001,Adilabad,Utnoor,Devapur,Claimant_FRA04153,IFR,2.48,Approved,2026-03-12,2026-07-13,123,0,191
FRA04154,Telangana,D007,Jayashankar Bhupalpally,Regonda,Kannaram,Claimant_FRA04154,IFR,4.21,Rejected,2023-09-03,2023-11-23,81,0,1112
FRA04155,Telangana,D006,Jangaon,Jangaon,Pasumamula,Claimant_FRA04155,IFR,2.4,Pending,2025-09-02,,,382,382
FRA04156,Telangana,D001,Adilabad,Utnoor,Devapur,Claimant_FRA04156,CFR,6.98,Approved,2025-07-17,2025-10-01,76,0,429
FRA04157,Telangana,D007,Jayashankar Bhupalpally,Regonda,Kannaram,Claimant_FRA04157,CFR,0.74,Approved,2022-08-09,2023-11-10,458,0,1502
FRA04158,Telangana,D018,Mulugu,Eturunagaram,Katapur,Claimant_FRA04158,CFR,5.46,Approved,2022-06-24,2025-02-07,959,0,1548
FRA04159,Telangana,D002,Bhadradri Kothagudem,Kothagudem,Regalla,Claimant_FRA04159,IFR,6.03,Approved,2024-04-13,2026-09-11,881,0,889
FRA04160,Telangana,D013,Mahabubabad,Bayyaram,Garla,Claimant_FRA04160,IFR,0.79,Rejected,2026-04-17,2026-05-16,29,0,155
FRA04161,Telangana,D032,Warangal,Narsampet,Madhira,Claimant_FRA04161,CFR,4.93,Rejected,2022-06-30,2024-08-07,769,0,1542
FRA04162,Telangana,D007,Jayashankar Bhupalpally,Chityal,Venkateshwarlapally,Claimant_FRA04162,IFR,5.71,Approved,2023-03-31,2023-08-28,150,0,1268
FRA04163,Telangana,D013,Mahabubabad,Bayyaram,Garla,Claimant_FRA04163,IFR,6.08,Pending,2022-07-10,,,1532,1532
FRA04164,Telangana,D020,Nalgonda,Devarakonda,Chinthapally,Claimant_FRA04164,CFR,5.18,Rejected,2023-08-03,2023-11-19,108,0,1143
FRA04165,Telangana,D033,Yadadri Bhuvanagiri,Bhongir,Anantharam,Claimant_FRA04165,IFR,3.03,Pending,2022-12-27,,,1362,1362
FRA04166,Telangana,D020,Nalgonda,Devarakonda,Chinthapally,Claimant_FRA04166,IFR,5.08,Approved,2025-04-05,2025-07-08,94,0,532
FRA04167,Telangana,D001,Adilabad,Boath,Ghanpur,Claimant_FRA04167,IFR,2.09,Approved,2022-02-20,2024-03-13,752,0,1672
FRA04168,Telangana,D004,Hyderabad,Amberpet,Azampura,Claimant_FRA04168,CFR,7.53,Approved,2025-10-02,2026-04-26,206,0,352
FRA04169,Telangana,D005,Jagtial,Metpally,Vellulla,Claimant_FRA04169,IFR,3.95,Approved,2025-07-06,2025-10-13,99,0,440
FRA04170,Telangana,D027,Sangareddy,Narayankhed,Kondapur,Claimant_FRA04170,IFR,7.81,Approved,2022-05-18,2024-02-12,635,0,1585
FRA04171,Telangana,D011,Khammam,Kothagudem,Seetharampuram,Claimant_FRA04171,CFR,2.79,Approved,2025-07-07,2026-06-01,329,0,439
FRA04172,Telangana,D027,Sangareddy,Narayankhed,Kondapur,Claimant_FRA04172,IFR,1.37,Approved,2022-02-26,2022-08-25,180,0,1666
FRA04173,Telangana,D007,Jayashankar Bhupalpally,Chityal,Venkateshwarlapally,Claimant_FRA04173,CFR,0.78,Pending,2023-07-30,,,1147,1147
FRA04174,Telangana,D006,Jangaon,Jangaon,Pasumamula,Claimant_FRA04174,IFR,2.85,Rejected,2026-07-27,2026-09-13,48,0,54
FRA04175,Telangana,D003,Hanumakonda,Atmakur,Chowdapur,Claimant_FRA04175,IFR,3.63,Approved,2023-03-18,2023-09-22,188,0,1281
FRA04176,Telangana,D004,Hyderabad,Charminar,Chandrayangutta,Claimant_FRA04176,IFR,1.68,Approved,2026-02-25,2026-09-14,201,0,206
FRA04177,Telangana,D007,Jayashankar Bhupalpally,Regonda,Kannaram,Claimant_FRA04177,IFR,2.26,Approved,2026-04-06,2026-09-07,154,0,166
FRA04178,Telangana,D002,Bhadradri Kothagudem,Bhadrachalam,Nellipaka,Claimant_FRA04178,IFR,2.78,Pending,2023-03-05,,,1294,1294
FRA04179,Telangana,D004,Hyderabad,Charminar,Chandrayangutta,Claimant_FRA04179,IFR,5.5,Approved,2026-06-16,2026-08-14,59,0,95
FRA04180,Telangana,D020,Nalgonda,Devarakonda,Chinthapally,Claimant_FRA04180,CFR,7.02,Pending,2025-05-29,,,478,478
FRA04181,Telangana,D007,Jayashankar Bhupalpally,Chityal,Venkateshwarlapally,Claimant_FRA04181,CFR,6.22,Approved,2022-12-21,2024-07-18,575,0,1368
FRA04182,Telangana,D011,Khammam,Wyra,Gollapadu,Claimant_FRA04182,CFR,5.19,Pending,2026-05-21,,,121,121
FRA04183,Telangana,D003,Hanumakonda,Atmakur,Chowdapur,Claimant_FRA04183,CFR,0.8,Pending,2025-10-12,,,342,342
FRA04184,Telangana,D001,Adilabad,Narnoor,Kothapalli,Claimant_FRA04184,IFR,1.84,Rejected,2024-12-06,2026-03-28,477,0,652
FRA04185,Telangana,D002,Bhadradri Kothagudem,Bhadrachalam,Nellipaka,Claimant_FRA04185,IFR,1.42,Approved,2023-10-20,2026-02-17,851,0,1065
FRA04186,Telangana,D004,Hyderabad,Amberpet,Azampura,Claimant_FRA04186,CFR,3.66,Approved,2023-08-03,2025-11-19,839,0,1143
FRA04187,Telangana,D004,Hyderabad,Charminar,Chandrayangutta,Claimant_FRA04187,CFR,6.72,Approved,2025-04-16,2025-07-04,79,0,521
FRA04188,Telangana,D033,Yadadri Bhuvanagiri,Bhongir,Anantharam,Claimant_FRA04188,IFR,7.13,Approved,2022-12-02,2025-04-05,855,0,1387
FRA04189,Telangana,D003,Hanumakonda,Dharmanagar,Mustial,Claimant_FRA04189,IFR,4.51,Pending,2025-06-20,,,456,456
FRA04190,Telangana,D018,Mulugu,Venkatapur,Narsapur,Claimant_FRA04190,IFR,6.4,Approved,2026-04-28,2026-05-28,30,0,144
FRA04191,Telangana,D013,Mahabubabad,Bayyaram,Garla,Claimant_FRA04191,CFR,5.71,Approved,2024-06-02,2026-09-09,829,0,839
FRA04192,Telangana,D004,Hyderabad,Amberpet,Azampura,Claimant_FRA04192,CFR,6.45,Pending,2024-02-07,,,955,955
FRA04193,Telangana,D013,Mahabubabad,Kuravi,Seerole,Claimant_FRA04193,IFR,0.73,Pending,2023-11-25,,,1029,1029
FRA04194,Telangana,D001,Adilabad,Boath,Ghanpur,Claimant_FRA04194,CFR,6.17,Pending,2023-07-12,,,1165,1165
FRA04195,Telangana,D019,Nagarkurnool,Amrabad,Mananur,Claimant_FRA04195,IFR,6.85,Approved,2023-08-20,2025-12-31,864,0,1126
FRA04196,Telangana,D004,Hyderabad,Amberpet,Azampura,Claimant_FRA04196,CFR,6.82,Pending,2026-09-15,,,4,4
FRA04197,Telangana,D027,Sangareddy,Narayankhed,Kondapur,Claimant_FRA04197,CFR,5.08,Approved,2023-11-17,2025-01-07,417,0,1037
FRA04198,Telangana,D003,Hanumakonda,Atmakur,Chowdapur,Claimant_FRA04198,CFR,5.45,Approved,2022-10-07,2025-04-12,918,0,1443
FRA04199,Telangana,D003,Hanumakonda,Dharmanagar,Mustial,Claimant_FRA04199,IFR,2.29,Approved,2024-09-10,2026-02-02,510,0,739
FRA04200,Telangana,D032,Warangal,Narsampet,Madhira,Claimant_FRA04200,IFR,4.47,Rejected,2023-06-04,2024-04-01,302,0,1203
FRA04201,Telangana,D032,Warangal,Narsampet,Madhira,Claimant_FRA04201,CFR,3.74,Pending,2024-06-04,,,837,837
FRA04202,Telangana,D030,Vikarabad,Tandur,Kotbaspally,Claimant_FRA04202,IFR,1.56,Pending,2021-10-29,,,1786,1786
FRA04203,Telangana,D027,Sangareddy,Narayankhed,Kondapur,Claimant_FRA04203,IFR,4.11,Pending,2022-06-29,,,1543,1543
FRA04204,Telangana,D023,Nizamabad,Armoor,Mendora,Claimant_FRA04204,IFR,4.16,Approved,2022-12-23,2025-06-09,899,0,1366
FRA04205,Telangana,D013,Mahabubabad,Bayyaram,Garla,Claimant_FRA04205,IFR,1.04,Approved,2024-06-10,2025-06-12,367,0,831
FRA04206,Telangana,D005,Jagtial,Korutla,Ailapur,Claimant_FRA04206,CFR,7.05,Pending,2026-08-27,,,23,23
FRA04207,Telangana,D002,Bhadradri Kothagudem,Kothagudem,Regalla,Claimant_FRA04207,CFR,5.78,Pending,2022-03-06,,,1658,1658
FRA04208,Telangana,D005,Jagtial,Metpally,Vellulla,Claimant_FRA04208,IFR,3.26,Rejected,2022-11-07,2026-06-26,1327,0,1412
FRA04209,Telangana,D005,Jagtial,Metpally,Vellulla,Claimant_FRA04209,CFR,1.56,Pending,2025-01-03,,,624,624
FRA04210,Telangana,D011,Khammam,Kothagudem,Seetharampuram,Claimant_FRA04210,IFR,5.12,Approved,2023-04-02,2024-07-12,467,0,1266
FRA04211,Telangana,D023,Nizamabad,Armoor,Mendora,Claimant_FRA04211,IFR,7.78,Approved,2025-06-13,2026-02-08,240,0,463
FRA04212,Telangana,D011,Khammam,Wyra,Gollapadu,Claimant_FRA04212,IFR,1.04,Rejected,2021-10-04,2023-06-21,625,0,1811
FRA04213,Telangana,D027,Sangareddy,Narayankhed,Kondapur,Claimant_FRA04213,IFR,3.97,Pending,2023-08-22,,,1124,1124
FRA04214,Telangana,D028,Siddipet,Husnabad,Pothireddypet,Claimant_FRA04214,CFR,0.6,Approved,2025-12-25,2026-02-28,65,0,268
FRA04215,Telangana,D006,Jangaon,Jangaon,Pasumamula,Claimant_FRA04215,IFR,6.31,Pending,2023-08-02,,,1144,1144
FRA04216,Telangana,D033,Yadadri Bhuvanagiri,Bhongir,Anantharam,Claimant_FRA04216,IFR,4.0,Pending,2026-05-22,,,120,120
FRA04217,Telangana,D026,Rangareddy,Shabad,Kesaram,Claimant_FRA04217,IFR,1.91,Approved,2023-04-02,2023-08-09,129,0,1266
FRA04218,Telangana,D019,Nagarkurnool,Amrabad,Mananur,Claimant_FRA04218,CFR,3.83,Pending,2023-11-22,,,1032,1032
FRA04219,Telangana,D006,Jangaon,Jangaon,Pasumamula,Claimant_FRA04219,CFR,3.12,Rejected,2024-07-26,2026-09-08,774,0,785
FRA04220,Telangana,D006,Jangaon,Jangaon,Pasumamula,Claimant_FRA04220,CFR,3.72,Approved,2025-01-10,2025-12-05,329,0,617
FRA04221,Telangana,D002,Bhadradri Kothagudem,Manuguru,Anantharam,Claimant_FRA04221,IFR,6.46,Approved,2025-11-02,2026-06-12,222,0,321
FRA04222,Telangana,D001,Adilabad,Utnoor,Devapur,Claimant_FRA04222,IFR,7.08,Approved,2022-08-02,2024-11-03,824,0,1509
FRA04223,Telangana,D006,Jangaon,Station Ghanpur,Chilpur,Claimant_FRA04223,IFR,2.75,Pending,2026-01-28,,,234,234
FRA04224,Telangana,D007,Jayashankar Bhupalpally,Regonda,Kannaram,Claimant_FRA04224,IFR,6.13,Approved,2023-03-10,2026-09-04,1274,0,1289
FRA04225,Telangana,D030,Vikarabad,Tandur,Kotbaspally,Claimant_FRA04225,CFR,2.39,Approved,2025-01-12,2025-12-18,340,0,615
FRA04226,Telangana,D004,Hyderabad,Charminar,Chandrayangutta,Claimant_FRA04226,IFR,1.44,Approved,2023-03-18,2025-05-04,778,0,1281
FRA04227,Telangana,D018,Mulugu,Venkatapur,Narsapur,Claimant_FRA04227,CFR,3.43,Approved,2025-09-05,2025-12-24,110,0,379
FRA04228,Telangana,D001,Adilabad,Narnoor,Kothapalli,Claimant_FRA04228,CFR,4.4,Rejected,2022-02-09,2023-05-18,463,0,1683
FRA04229,Telangana,D002,Bhadradri Kothagudem,Manuguru,Anantharam,Claimant_FRA04229,IFR,4.42,Rejected,2023-12-22,2024-02-07,47,0,1002
FRA04230,Telangana,D001,Adilabad,Utnoor,Devapur,Claimant_FRA04230,CFR,7.52,Approved,2023-10-11,2025-06-06,604,0,1074
FRA04231,Telangana,D019,Nagarkurnool,Amrabad,Mananur,Claimant_FRA04231,IFR,7.72,Pending,2021-10-01,,,1814,1814
FRA04232,Telangana,D005,Jagtial,Korutla,Ailapur,Claimant_FRA04232,CFR,3.84,Approved,2023-03-09,2025-10-02,938,0,1290
FRA04233,Telangana,D018,Mulugu,Eturunagaram,Katapur,Claimant_FRA04233,IFR,2.21,Approved,2025-03-19,2026-06-19,457,0,549
FRA04234,Telangana,D011,Khammam,Kothagudem,Seetharampuram,Claimant_FRA04234,IFR,1.36,Approved,2024-03-16,2026-01-25,680,0,917
FRA04235,Telangana,D007,Jayashankar Bhupalpally,Chityal,Venkateshwarlapally,Claimant_FRA04235,IFR,1.71,Approved,2022-05-28,2026-03-03,1375,0,1575
FRA04236,Telangana,D006,Jangaon,Jangaon,Pasumamula,Claimant_FRA04236,CFR,6.2,Approved,2024-12-16,2025-07-08,204,0,642
FRA04237,Telangana,D007,Jayashankar Bhupalpally,Regonda,Kannaram,Claimant_FRA04237,IFR,2.31,Approved,2023-01-21,2023-11-11,294,0,1337
FRA04238,Telangana,D032,Warangal,Narsampet,Madhira,Claimant_FRA04238,CFR,6.54,Approved,2025-01-01,2025-12-01,334,0,626
FRA04239,Telangana,D026,Rangareddy,Shabad,Kesaram,Claimant_FRA04239,CFR,4.09,Approved,2024-07-03,2025-04-27,298,0,808
FRA04240,Telangana,D028,Siddipet,Husnabad,Pothireddypet,Claimant_FRA04240,CFR,4.65,Approved,2025-08-19,2026-02-16,181,0,396
FRA04241,Telangana,D011,Khammam,Wyra,Gollapadu,Claimant_FRA04241,CFR,4.13,Approved,2025-05-16,2025-07-04,49,0,491
FRA04242,Telangana,D013,Mahabubabad,Bayyaram,Garla,Claimant_FRA04242,IFR,3.1,Approved,2026-04-10,2026-07-13,94,0,162
FRA04243,Telangana,D032,Warangal,Narsampet,Madhira,Claimant_FRA04243,CFR,5.3,Approved,2022-12-04,2024-06-25,569,0,1385
FRA04244,Telangana,D002,Bhadradri Kothagudem,Manuguru,Anantharam,Claimant_FRA04244,CFR,7.87,Pending,2021-12-11,,,1743,1743
FRA04245,Telangana,D002,Bhadradri Kothagudem,Bhadrachalam,Nellipaka,Claimant_FRA04245,CFR,1.77,Approved,2025-02-27,2026-06-17,475,0,569
FRA04246,Telangana,D006,Jangaon,Jangaon,Pasumamula,Claimant_FRA04246,CFR,2.39,Pending,2024-05-02,,,870,870
FRA04247,Telangana,D011,Khammam,Wyra,Gollapadu,Claimant_FRA04247,IFR,0.73,Approved,2024-01-10,2025-08-10,578,0,983
FRA04248,Telangana,D033,Yadadri Bhuvanagiri,Bhongir,Anantharam,Claimant_FRA04248,IFR,3.08,Approved,2022-02-23,2026-01-08,1415,0,1669
FRA04249,Telangana,D005,Jagtial,Korutla,Ailapur,Claimant_FRA04249,CFR,1.45,Approved,2023-12-09,2024-04-19,132,0,1015
FRA04250,Telangana,D005,Jagtial,Korutla,Ailapur,Claimant_FRA04250,CFR,2.81,Approved,2025-04-15,2026-02-04,295,0,522
FRA04251,Telangana,D007,Jayashankar Bhupalpally,Chityal,Venkateshwarlapally,Claimant_FRA04251,CFR,1.48,Rejected,2024-11-24,2025-03-18,114,0,664
FRA04252,Telangana,D026,Rangareddy,Shabad,Kesaram,Claimant_FRA04252,IFR,0.7,Pending,2023-06-05,,,1202,1202
FRA04253,Telangana,D011,Khammam,Kothagudem,Seetharampuram,Claimant_FRA04253,CFR,3.3,Rejected,2024-03-08,2025-03-01,358,0,925
FRA04254,Telangana,D013,Mahabubabad,Bayyaram,Garla,Claimant_FRA04254,CFR,3.29,Approved,2023-10-15,2024-03-14,151,0,1070
FRA04255,Telangana,D032,Warangal,Narsampet,Madhira,Claimant_FRA04255,CFR,7.18,Pending,2025-02-02,,,594,594
FRA04256,Telangana,D033,Yadadri Bhuvanagiri,Bhongir,Anantharam,Claimant_FRA04256,IFR,5.66,Approved,2021-09-19,2021-10-27,38,0,1826
FRA04257,Telangana,D006,Jangaon,Station Ghanpur,Chilpur,Claimant_FRA04257,CFR,7.56,Approved,2026-03-19,2026-07-06,109,0,184
FRA04258,Telangana,D002,Bhadradri Kothagudem,Kothagudem,Regalla,Claimant_FRA04258,CFR,1.84,Approved,2024-12-04,2025-01-07,34,0,654
FRA04259,Telangana,D004,Hyderabad,Amberpet,Azampura,Claimant_FRA04259,IFR,7.75,Pending,2023-03-31,,,1268,1268
FRA04260,Telangana,D006,Jangaon,Station Ghanpur,Chilpur,Claimant_FRA04260,IFR,5.57,Approved,2022-02-15,2024-12-22,1041,0,1677
FRA04261,Telangana,D004,Hyderabad,Amberpet,Azampura,Claimant_FRA04261,IFR,7.5,Pending,2023-08-10,,,1136,1136
FRA04262,Telangana,D006,Jangaon,Station Ghanpur,Chilpur,Claimant_FRA04262,IFR,6.66,Approved,2024-06-24,2026-06-19,725,0,817
FRA04263,Telangana,D002,Bhadradri Kothagudem,Bhadrachalam,Nellipaka,Claimant_FRA04263,CFR,7.52,Approved,2022-02-14,2023-01-20,340,0,1678
FRA04264,Telangana,D002,Bhadradri Kothagudem,Kothagudem,Regalla,Claimant_FRA04264,IFR,7.26,Approved,2024-01-28,2024-05-21,114,0,965
FRA04265,Telangana,D028,Siddipet,Husnabad,Pothireddypet,Claimant_FRA04265,CFR,6.02,Approved,2025-07-16,2026-08-29,409,0,430
FRA04266,Telangana,D030,Vikarabad,Tandur,Kotbaspally,Claimant_FRA04266,IFR,5.44,Pending,2023-01-07,,,1351,1351
FRA04267,Telangana,D013,Mahabubabad,Kuravi,Seerole,Claimant_FRA04267,IFR,7.42,Pending,2023-02-26,,,1301,1301
FRA04268,Telangana,D001,Adilabad,Boath,Ghanpur,Claimant_FRA04268,IFR,5.93,Approved,2022-06-17,2022-12-24,190,0,1555
FRA04269,Telangana,D006,Jangaon,Station Ghanpur,Chilpur,Claimant_FRA04269,IFR,0.95,Rejected,2022-12-02,2024-09-29,667,0,1387
FRA04270,Telangana,D023,Nizamabad,Armoor,Mendora,Claimant_FRA04270,IFR,3.58,Pending,2024-09-06,,,743,743
FRA04271,Telangana,D018,Mulugu,Eturunagaram,Katapur,Claimant_FRA04271,CFR,3.12,Approved,2025-10-31,2026-03-03,123,0,323
FRA04272,Telangana,D026,Rangareddy,Shabad,Kesaram,Claimant_FRA04272,IFR,6.61,Pending,2024-04-13,,,889,889
FRA04273,Telangana,D004,Hyderabad,Charminar,Chandrayangutta,Claimant_FRA04273,IFR,4.28,Approved,2026-08-21,2026-08-30,9,0,29
FRA04274,Telangana,D019,Nagarkurnool,Amrabad,Mananur,Claimant_FRA04274,IFR,1.65,Approved,2025-05-31,2025-08-24,85,0,476
FRA04275,Telangana,D001,Adilabad,Boath,Ghanpur,Claimant_FRA04275,IFR,3.31,Approved,2025-12-12,2026-04-19,128,0,281
FRA04276,Telangana,D006,Jangaon,Station Ghanpur,Chilpur,Claimant_FRA04276,CFR,2.14,Rejected,2022-07-01,2024-04-06,645,0,1541
FRA04277,Telangana,D004,Hyderabad,Charminar,Chandrayangutta,Claimant_FRA04277,IFR,5.23,Approved,2026-08-06,2026-08-17,11,0,44
FRA04278,Telangana,D002,Bhadradri Kothagudem,Manuguru,Anantharam,Claimant_FRA04278,IFR,4.21,Approved,2023-04-19,2024-02-18,305,0,1249
FRA04279,Telangana,D018,Mulugu,Venkatapur,Narsapur,Claimant_FRA04279,IFR,4.73,Approved,2023-01-28,2023-09-02,217,0,1330
FRA04280,Telangana,D002,Bhadradri Kothagudem,Manuguru,Anantharam,Claimant_FRA04280,CFR,0.92,Pending,2022-02-02,,,1690,1690
FRA04281,Telangana,D003,Hanumakonda,Dharmanagar,Mustial,Claimant_FRA04281,IFR,1.85,Approved,2024-10-31,2026-08-10,648,0,688
FRA04282,Telangana,D006,Jangaon,Jangaon,Pasumamula,Claimant_FRA04282,CFR,4.33,Approved,2026-08-18,2026-09-18,31,0,32
FRA04283,Telangana,D026,Rangareddy,Shabad,Kesaram,Claimant_FRA04283,CFR,1.37,Pending,2023-12-15,,,1009,1009
FRA04284,Telangana,D018,Mulugu,Venkatapur,Narsapur,Claimant_FRA04284,CFR,5.73,Approved,2022-07-23,2026-08-05,1474,0,1519
FRA04285,Telangana,D033,Yadadri Bhuvanagiri,Bhongir,Anantharam,Claimant_FRA04285,CFR,3.6,Approved,2022-02-25,2022-08-02,158,0,1667
FRA04286,Telangana,D011,Khammam,Wyra,Gollapadu,Claimant_FRA04286,CFR,6.02,Pending,2024-11-04,,,684,684
FRA04287,Telangana,D007,Jayashankar Bhupalpally,Regonda,Kannaram,Claimant_FRA04287,IFR,4.77,Approved,2022-10-05,2025-04-09,917,0,1445
FRA04288,Telangana,D003,Hanumakonda,Dharmanagar,Mustial,Claimant_FRA04288,IFR,1.97,Approved,2021-10-19,2022-02-28,132,0,1796
FRA04289,Telangana,D018,Mulugu,Venkatapur,Narsapur,Claimant_FRA04289,IFR,4.37,Approved,2023-01-25,2023-07-16,172,0,1333
FRA04290,Telangana,D002,Bhadradri Kothagudem,Kothagudem,Regalla,Claimant_FRA04290,CFR,5.2,Approved,2024-05-17,2024-06-12,26,0,855
FRA04291,Telangana,D004,Hyderabad,Amberpet,Azampura,Claimant_FRA04291,CFR,7.91,Approved,2025-09-08,2026-06-12,277,0,376
FRA04292,Telangana,D007,Jayashankar Bhupalpally,Regonda,Kannaram,Claimant_FRA04292,IFR,5.47,Approved,2023-11-19,2025-01-29,437,0,1035
FRA04293,Telangana,D019,Nagarkurnool,Amrabad,Mananur,Claimant_FRA04293,CFR,3.89,Rejected,2021-11-24,2022-06-18,206,0,1760
FRA04294,Telangana,D026,Rangareddy,Shabad,Kesaram,Claimant_FRA04294,CFR,2.1,Approved,2024-08-09,2025-02-04,179,0,771
FRA04295,Telangana,D033,Yadadri Bhuvanagiri,Bhongir,Anantharam,Claimant_FRA04295,IFR,2.66,Approved,2025-06-27,2026-01-23,210,0,449
FRA04296,Telangana,D004,Hyderabad,Charminar,Chandrayangutta,Claimant_FRA04296,IFR,7.72,Pending,2025-10-04,,,350,350
FRA04297,Telangana,D030,Vikarabad,Tandur,Kotbaspally,Claimant_FRA04297,IFR,6.63,Approved,2024-11-06,2025-08-22,289,0,682
FRA04298,Telangana,D018,Mulugu,Eturunagaram,Katapur,Claimant_FRA04298,CFR,3.43,Pending,2023-03-19,,,1280,1280
FRA04299,Telangana,D002,Bhadradri Kothagudem,Manuguru,Anantharam,Claimant_FRA04299,CFR,4.51,Approved,2025-12-26,2026-05-04,129,0,267
FRA04300,Telangana,D002,Bhadradri Kothagudem,Kothagudem,Regalla,Claimant_FRA04300,CFR,7.43,Approved,2023-08-14,2023-09-06,23,0,1132
FRA04301,Telangana,D001,Adilabad,Boath,Ghanpur,Claimant_FRA04301,CFR,7.65,Approved,2023-04-16,2024-02-13,303,0,1252
FRA04302,Telangana,D013,Mahabubabad,Kuravi,Seerole,Claimant_FRA04302,IFR,5.97,Approved,2021-12-28,2023-06-22,541,0,1726
FRA04303,Telangana,D013,Mahabubabad,Kuravi,Seerole,Claimant_FRA04303,IFR,4.82,Approved,2024-05-01,2024-12-30,243,0,871
FRA04304,Telangana,D032,Warangal,Narsampet,Madhira,Claimant_FRA04304,IFR,0.55,Approved,2023-07-16,2023-10-28,104,0,1161
FRA04305,Telangana,D018,Mulugu,Eturunagaram,Katapur,Claimant_FRA04305,CFR,6.85,Rejected,2024-08-12,2025-03-06,206,0,768
FRA04306,Telangana,D019,Nagarkurnool,Amrabad,Mananur,Claimant_FRA04306,IFR,4.36,Rejected,2024-05-21,2024-10-24,156,0,851
FRA04307,Telangana,D002,Bhadradri Kothagudem,Bhadrachalam,Nellipaka,Claimant_FRA04307,CFR,7.26,Approved,2024-12-12,2025-04-01,110,0,646
FRA04308,Telangana,D004,Hyderabad,Charminar,Chandrayangutta,Claimant_FRA04308,CFR,4.12,Rejected,2022-09-25,2024-06-03,617,0,1455
FRA04309,Telangana,D007,Jayashankar Bhupalpally,Chityal,Venkateshwarlapally,Claimant_FRA04309,IFR,4.82,Approved,2024-10-07,2026-07-18,649,0,712
FRA04310,Telangana,D006,Jangaon,Station Ghanpur,Chilpur,Claimant_FRA04310,IFR,6.97,Approved,2025-02-25,2026-06-15,475,0,571
FRA04311,Telangana,D005,Jagtial,Metpally,Vellulla,Claimant_FRA04311,IFR,4.52,Approved,2022-07-19,2022-10-06,79,0,1523
FRA04312,Telangana,D004,Hyderabad,Amberpet,Azampura,Claimant_FRA04312,CFR,1.32,Rejected,2026-07-23,2026-09-05,44,0,58
FRA04313,Telangana,D011,Khammam,Wyra,Gollapadu,Claimant_FRA04313,CFR,1.27,Rejected,2021-12-23,2025-07-13,1298,0,1731
FRA04314,Telangana,D011,Khammam,Kothagudem,Seetharampuram,Claimant_FRA04314,CFR,1.27,Pending,2022-03-15,,,1649,1649
FRA04315,Telangana,D004,Hyderabad,Charminar,Chandrayangutta,Claimant_FRA04315,IFR,6.72,Rejected,2024-04-10,2024-12-01,235,0,892
FRA04316,Telangana,D005,Jagtial,Metpally,Vellulla,Claimant_FRA04316,IFR,4.59,Approved,2022-09-22,2024-01-16,481,0,1458
FRA04317,Telangana,D030,Vikarabad,Tandur,Kotbaspally,Claimant_FRA04317,IFR,3.32,Approved,2024-08-05,2026-01-29,542,0,775
FRA04318,Telangana,D006,Jangaon,Station Ghanpur,Chilpur,Claimant_FRA04318,CFR,7.6,Pending,2025-04-20,,,517,517
FRA04319,Telangana,D003,Hanumakonda,Atmakur,Chowdapur,Claimant_FRA04319,IFR,2.24,Approved,2026-04-16,2026-05-12,26,0,156
FRA04320,Telangana,D002,Bhadradri Kothagudem,Kothagudem,Regalla,Claimant_FRA04320,IFR,4.05,Pending,2024-01-10,,,983,983
FRA04321,Telangana,D002,Bhadradri Kothagudem,Kothagudem,Regalla,Claimant_FRA04321,IFR,7.19,Pending,2024-10-27,,,692,692
FRA04322,Telangana,D004,Hyderabad,Amberpet,Azampura,Claimant_FRA04322,CFR,3.65,Approved,2023-02-21,2024-11-13,631,0,1306
FRA04323,Telangana,D028,Siddipet,Husnabad,Pothireddypet,Claimant_FRA04323,IFR,5.02,Approved,2025-12-25,2026-08-01,219,0,268
FRA04324,Telangana,D005,Jagtial,Metpally,Vellulla,Claimant_FRA04324,CFR,1.57,Pending,2024-01-24,,,969,969
FRA04325,Telangana,D002,Bhadradri Kothagudem,Kothagudem,Regalla,Claimant_FRA04325,CFR,5.46,Approved,2026-08-25,2026-09-13,19,0,25
FRA04326,Telangana,D001,Adilabad,Boath,Ghanpur,Claimant_FRA04326,CFR,6.35,Approved,2026-02-11,2026-02-27,16,0,220
FRA04327,Telangana,D005,Jagtial,Metpally,Vellulla,Claimant_FRA04327,IFR,6.57,Approved,2023-05-29,2024-12-25,576,0,1209
FRA04328,Telangana,D003,Hanumakonda,Dharmanagar,Mustial,Claimant_FRA04328,IFR,3.63,Pending,2026-07-15,,,66,66
FRA04329,Telangana,D004,Hyderabad,Amberpet,Azampura,Claimant_FRA04329,IFR,5.88,Rejected,2022-05-27,2024-06-21,756,0,1576
FRA04330,Telangana,D001,Adilabad,Utnoor,Devapur,Claimant_FRA04330,CFR,6.06,Approved,2023-11-15,2025-10-30,715,0,1039
FRA04331,Telangana,D013,Mahabubabad,Bayyaram,Garla,Claimant_FRA04331,CFR,6.99,Approved,2024-08-11,2024-11-25,106,0,769
FRA04332,Telangana,D018,Mulugu,Eturunagaram,Katapur,Claimant_FRA04332,IFR,4.9,Approved,2023-04-20,2024-11-08,568,0,1248
FRA04333,Telangana,D004,Hyderabad,Amberpet,Azampura,Claimant_FRA04333,CFR,3.23,Pending,2021-12-08,,,1746,1746
FRA04334,Telangana,D006,Jangaon,Station Ghanpur,Chilpur,Claimant_FRA04334,IFR,3.82,Approved,2024-08-05,2025-05-16,284,0,775
FRA04335,Telangana,D007,Jayashankar Bhupalpally,Regonda,Kannaram,Claimant_FRA04335,IFR,6.02,Approved,2026-09-13,2026-09-16,3,0,6
FRA04336,Telangana,D002,Bhadradri Kothagudem,Manuguru,Anantharam,Claimant_FRA04336,IFR,5.3,Rejected,2025-01-11,2025-04-07,86,0,616
FRA04337,Telangana,D028,Siddipet,Husnabad,Pothireddypet,Claimant_FRA04337,CFR,2.48,Rejected,2026-09-12,2026-09-17,5,0,7
FRA04338,Telangana,D005,Jagtial,Metpally,Vellulla,Claimant_FRA04338,CFR,4.38,Rejected,2025-10-30,2025-12-24,55,0,324
FRA04339,Telangana,D033,Yadadri Bhuvanagiri,Bhongir,Anantharam,Claimant_FRA04339,IFR,4.27,Pending,2023-12-27,,,997,997
FRA04340,Telangana,D011,Khammam,Wyra,Gollapadu,Claimant_FRA04340,IFR,6.09,Rejected,2023-10-01,2025-09-19,719,0,1084
FRA04341,Telangana,D003,Hanumakonda,Atmakur,Chowdapur,Claimant_FRA04341,IFR,4.4,Approved,2022-01-17,2025-09-16,1338,0,1706
FRA04342,Telangana,D033,Yadadri Bhuvanagiri,Bhongir,Anantharam,Claimant_FRA04342,IFR,2.38,Pending,2025-05-12,,,495,495
FRA04343,Telangana,D018,Mulugu,Eturunagaram,Katapur,Claimant_FRA04343,CFR,0.6,Approved,2026-09-12,2026-09-18,6,0,7
FRA04344,Telangana,D001,Adilabad,Boath,Ghanpur,Claimant_FRA04344,CFR,6.1,Pending,2021-11-16,,,1768,1768
FRA04345,Telangana,D001,Adilabad,Narnoor,Kothapalli,Claimant_FRA04345,CFR,3.48,Rejected,2026-02-08,2026-03-19,39,0,223
FRA04346,Telangana,D002,Bhadradri Kothagudem,Manuguru,Anantharam,Claimant_FRA04346,CFR,7.16,Approved,2023-05-08,2023-12-08,214,0,1230
FRA04347,Telangana,D013,Mahabubabad,Kuravi,Seerole,Claimant_FRA04347,IFR,1.39,Pending,2023-10-14,,,1071,1071
FRA04348,Telangana,D002,Bhadradri Kothagudem,Manuguru,Anantharam,Claimant_FRA04348,IFR,6.21,Pending,2023-04-22,,,1246,1246
FRA04349,Telangana,D007,Jayashankar Bhupalpally,Regonda,Kannaram,Claimant_FRA04349,IFR,5.41,Pending,2023-10-22,,,1063,1063
FRA04350,Telangana,D018,Mulugu,Venkatapur,Narsapur,Claimant_FRA04350,CFR,7.71,Approved,2025-08-19,2025-09-27,39,0,396
FRA04351,Telangana,D005,Jagtial,Korutla,Ailapur,Claimant_FRA04351,IFR,5.82,Approved,2023-10-21,2025-11-06,747,0,1064
FRA04352,Telangana,D026,Rangareddy,Shabad,Kesaram,Claimant_FRA04352,IFR,6.95,Pending,2022-12-17,,,1372,1372
FRA04353,Telangana,D020,Nalgonda,Devarakonda,Chinthapally,Claimant_FRA04353,CFR,5.58,Rejected,2025-09-17,2026-01-21,126,0,367
FRA04354,Telangana,D013,Mahabubabad,Bayyaram,Garla,Claimant_FRA04354,CFR,6.68,Rejected,2026-05-28,2026-09-09,104,0,114
FRA04355,Telangana,D026,Rangareddy,Shabad,Kesaram,Claimant_FRA04355,IFR,0.59,Pending,2024-04-12,,,890,890
FRA04356,Telangana,D005,Jagtial,Metpally,Vellulla,Claimant_FRA04356,IFR,3.04,Approved,2025-09-03,2026-09-17,379,0,381
FRA04357,Telangana,D030,Vikarabad,Tandur,Kotbaspally,Claimant_FRA04357,IFR,2.4,Pending,2025-04-19,,,518,518
FRA04358,Telangana,D013,Mahabubabad,Bayyaram,Garla,Claimant_FRA04358,CFR,2.36,Approved,2022-08-08,2023-03-26,230,0,1503
FRA04359,Telangana,D011,Khammam,Kothagudem,Seetharampuram,Claimant_FRA04359,IFR,6.59,Pending,2022-05-16,,,1587,1587
FRA04360,Telangana,D005,Jagtial,Korutla,Ailapur,Claimant_FRA04360,CFR,1.9,Approved,2025-06-27,2026-08-27,426,0,449
FRA04361,Telangana,D005,Jagtial,Metpally,Vellulla,Claimant_FRA04361,CFR,6.51,Approved,2026-01-24,2026-02-28,35,0,238
FRA04362,Telangana,D002,Bhadradri Kothagudem,Kothagudem,Regalla,Claimant_FRA04362,IFR,6.03,Approved,2023-08-01,2025-05-05,643,0,1145
FRA04363,Telangana,D020,Nalgonda,Devarakonda,Chinthapally,Claimant_FRA04363,IFR,6.02,Approved,2023-07-01,2024-01-19,202,0,1176
FRA04364,Telangana,D018,Mulugu,Venkatapur,Narsapur,Claimant_FRA04364,CFR,1.24,Rejected,2025-04-19,2025-07-22,94,0,518
FRA04365,Telangana,D001,Adilabad,Boath,Ghanpur,Claimant_FRA04365,IFR,3.73,Pending,2022-01-08,,,1715,1715
FRA04366,Telangana,D002,Bhadradri Kothagudem,Manuguru,Anantharam,Claimant_FRA04366,IFR,7.31,Approved,2023-10-03,2023-11-08,36,0,1082
FRA04367,Telangana,D002,Bhadradri Kothagudem,Manuguru,Anantharam,Claimant_FRA04367,IFR,0.72,Pending,2022-03-16,,,1648,1648
FRA04368,Telangana,D019,Nagarkurnool,Amrabad,Mananur,Claimant_FRA04368,IFR,5.13,Approved,2025-09-05,2026-07-14,312,0,379
FRA04369,Telangana,D003,Hanumakonda,Atmakur,Chowdapur,Claimant_FRA04369,IFR,6.16,Approved,2026-06-10,2026-09-14,96,0,101
FRA04370,Telangana,D003,Hanumakonda,Dharmanagar,Mustial,Claimant_FRA04370,CFR,3.23,Rejected,2021-11-22,2024-08-30,1012,0,1762
FRA04371,Telangana,D007,Jayashankar Bhupalpally,Regonda,Kannaram,Claimant_FRA04371,CFR,6.77,Approved,2023-07-11,2025-05-14,673,0,1166
FRA04372,Telangana,D011,Khammam,Wyra,Gollapadu,Claimant_FRA04372,IFR,2.47,Pending,2023-05-28,,,1210,1210
FRA04373,Telangana,D001,Adilabad,Boath,Ghanpur,Claimant_FRA04373,IFR,3.52,Pending,2024-01-21,,,972,972
FRA04374,Telangana,D011,Khammam,Wyra,Gollapadu,Claimant_FRA04374,CFR,5.6,Approved,2026-01-23,2026-01-23,0,0,239
FRA04375,Telangana,D007,Jayashankar Bhupalpally,Chityal,Venkateshwarlapally,Claimant_FRA04375,IFR,6.18,Pending,2024-09-05,,,744,744
FRA04376,Telangana,D011,Khammam,Wyra,Gollapadu,Claimant_FRA04376,IFR,2.63,Approved,2025-05-27,2025-07-02,36,0,480
FRA04377,Telangana,D027,Sangareddy,Narayankhed,Kondapur,Claimant_FRA04377,IFR,7.78,Approved,2022-11-21,2026-06-03,1290,0,1398
FRA04378,Telangana,D005,Jagtial,Korutla,Ailapur,Claimant_FRA04378,IFR,4.21,Pending,2022-12-04,,,1385,1385
FRA04379,Telangana,D007,Jayashankar Bhupalpally,Chityal,Venkateshwarlapally,Claimant_FRA04379,IFR,3.02,Rejected,2025-04-21,2025-08-11,112,0,516
FRA04380,Telangana,D001,Adilabad,Boath,Ghanpur,Claimant_FRA04380,IFR,6.41,Approved,2022-11-27,2026-02-20,1181,0,1392
FRA04381,Telangana,D013,Mahabubabad,Kuravi,Seerole,Claimant_FRA04381,CFR,6.29,Rejected,2024-02-24,2025-07-08,500,0,938
FRA04382,Telangana,D019,Nagarkurnool,Amrabad,Mananur,Claimant_FRA04382,IFR,3.91,Approved,2025-12-07,2026-03-12,95,0,286
FRA04383,Telangana,D011,Khammam,Wyra,Gollapadu,Claimant_FRA04383,CFR,6.17,Pending,2024-10-02,,,717,717
FRA04384,Telangana,D001,Adilabad,Utnoor,Devapur,Claimant_FRA04384,CFR,7.42,Pending,2024-02-10,,,952,952
FRA04385,Telangana,D005,Jagtial,Metpally,Vellulla,Claimant_FRA04385,CFR,0.66,Approved,2023-04-11,2023-12-14,247,0,1257
FRA04386,Telangana,D004,Hyderabad,Amberpet,Azampura,Claimant_FRA04386,IFR,5.48,Approved,2023-02-04,2026-06-08,1220,0,1323
FRA04387,Telangana,D023,Nizamabad,Armoor,Mendora,Claimant_FRA04387,CFR,3.98,Pending,2025-10-19,,,335,335
FRA04388,Telangana,D006,Jangaon,Jangaon,Pasumamula,Claimant_FRA04388,IFR,4.14,Approved,2025-07-08,2025-11-30,145,0,438
FRA04389,Telangana,D019,Nagarkurnool,Amrabad,Mananur,Claimant_FRA04389,IFR,2.42,Approved,2021-12-09,2022-10-18,313,0,1745
FRA04390,Telangana,D003,Hanumakonda,Dharmanagar,Mustial,Claimant_FRA04390,CFR,2.98,Approved,2024-12-23,2025-07-23,212,0,635
FRA04391,Telangana,D013,Mahabubabad,Kuravi,Seerole,Claimant_FRA04391,CFR,5.73,Approved,2022-12-14,2024-08-10,605,0,1375
FRA04392,Telangana,D003,Hanumakonda,Atmakur,Chowdapur,Claimant_FRA04392,IFR,3.89,Approved,2023-11-10,2024-09-10,305,0,1044
FRA04393,Telangana,D001,Adilabad,Narnoor,Kothapalli,Claimant_FRA04393,CFR,1.11,Approved,2025-03-25,2026-06-22,454,0,543
FRA04394,Telangana,D026,Rangareddy,Shabad,Kesaram,Claimant_FRA04394,CFR,0.75,Pending,2023-06-23,,,1184,1184
FRA04395,Telangana,D032,Warangal,Narsampet,Madhira,Claimant_FRA04395,IFR,3.7,Rejected,2024-05-15,2025-12-08,572,0,857
FRA04396,Telangana,D004,Hyderabad,Amberpet,Azampura,Claimant_FRA04396,CFR,7.12,Pending,2023-03-14,,,1285,1285
FRA04397,Telangana,D007,Jayashankar Bhupalpally,Regonda,Kannaram,Claimant_FRA04397,IFR,0.93,Approved,2025-08-21,2025-10-16,56,0,394
FRA04398,Telangana,D004,Hyderabad,Amberpet,Azampura,Claimant_FRA04398,IFR,4.72,Approved,2022-06-29,2026-01-31,1312,0,1543
FRA04399,Telangana,D005,Jagtial,Korutla,Ailapur,Claimant_FRA04399,CFR,4.37,Approved,2024-03-29,2026-04-01,733,0,904
FRA04400,Telangana,D002,Bhadradri Kothagudem,Kothagudem,Regalla,Claimant_FRA04400,CFR,2.38,Approved,2022-06-18,2024-12-31,927,0,1554
FRA04401,Telangana,D013,Mahabubabad,Kuravi,Seerole,Claimant_FRA04401,IFR,1.15,Rejected,2023-04-30,2023-07-28,89,0,1238
FRA04402,Telangana,D005,Jagtial,Metpally,Vellulla,Claimant_FRA04402,IFR,4.68,Approved,2026-03-14,2026-08-25,164,0,189
FRA04403,Telangana,D003,Hanumakonda,Dharmanagar,Mustial,Claimant_FRA04403,CFR,7.24,Pending,2023-04-05,,,1263,1263
FRA04404,Telangana,D011,Khammam,Wyra,Gollapadu,Claimant_FRA04404,CFR,5.57,Approved,2026-03-13,2026-08-08,148,0,190
FRA04405,Telangana,D004,Hyderabad,Amberpet,Azampura,Claimant_FRA04405,CFR,6.65,Pending,2022-12-14,,,1375,1375
FRA04406,Telangana,D030,Vikarabad,Tandur,Kotbaspally,Claimant_FRA04406,CFR,0.87,Approved,2022-04-17,2026-01-13,1367,0,1616
FRA04407,Telangana,D002,Bhadradri Kothagudem,Bhadrachalam,Nellipaka,Claimant_FRA04407,IFR,1.61,Approved,2024-05-04,2024-05-20,16,0,868
FRA04408,Telangana,D026,Rangareddy,Shabad,Kesaram,Claimant_FRA04408,CFR,5.89,Pending,2024-05-05,,,867,867
FRA04409,Telangana,D006,Jangaon,Station Ghanpur,Chilpur,Claimant_FRA04409,CFR,1.16,Pending,2025-09-24,,,360,360
FRA04410,Telangana,D006,Jangaon,Jangaon,Pasumamula,Claimant_FRA04410,IFR,6.66,Pending,2026-07-09,,,72,72
FRA04411,Telangana,D020,Nalgonda,Devarakonda,Chinthapally,Claimant_FRA04411,IFR,4.35,Pending,2022-09-05,,,1475,1475
FRA04412,Telangana,D011,Khammam,Wyra,Gollapadu,Claimant_FRA04412,IFR,2.31,Approved,2024-02-09,2025-05-06,452,0,953
FRA04413,Telangana,D032,Warangal,Narsampet,Madhira,Claimant_FRA04413,CFR,2.57,Approved,2024-01-05,2026-09-08,977,0,988
FRA04414,Telangana,D005,Jagtial,Metpally,Vellulla,Claimant_FRA04414,CFR,4.69,Pending,2025-02-10,,,586,586
FRA04415,Telangana,D002,Bhadradri Kothagudem,Manuguru,Anantharam,Claimant_FRA04415,IFR,4.2,Pending,2023-07-01,,,1176,1176
FRA04416,Telangana,D013,Mahabubabad,Bayyaram,Garla,Claimant_FRA04416,CFR,0.73,Approved,2024-08-26,2025-10-15,415,0,754
FRA04417,Telangana,D033,Yadadri Bhuvanagiri,Bhongir,Anantharam,Claimant_FRA04417,CFR,2.02,Rejected,2023-03-31,2026-03-14,1079,0,1268
FRA04418,Telangana,D026,Rangareddy,Shabad,Kesaram,Claimant_FRA04418,IFR,4.23,Pending,2022-03-02,,,1662,1662
FRA04419,Telangana,D004,Hyderabad,Charminar,Chandrayangutta,Claimant_FRA04419,CFR,7.88,Approved,2023-03-22,2025-08-30,892,0,1277
FRA04420,Telangana,D018,Mulugu,Eturunagaram,Katapur,Claimant_FRA04420,CFR,3.29,Approved,2023-03-29,2026-02-16,1055,0,1270
FRA04421,Telangana,D030,Vikarabad,Tandur,Kotbaspally,Claimant_FRA04421,CFR,6.97,Pending,2023-10-21,,,1064,1064
FRA04422,Telangana,D003,Hanumakonda,Atmakur,Chowdapur,Claimant_FRA04422,CFR,1.59,Approved,2025-11-16,2026-06-03,199,0,307
FRA04423,Telangana,D027,Sangareddy,Narayankhed,Kondapur,Claimant_FRA04423,IFR,7.3,Approved,2026-01-16,2026-01-27,11,0,246
FRA04424,Telangana,D002,Bhadradri Kothagudem,Kothagudem,Regalla,Claimant_FRA04424,CFR,4.01,Approved,2022-02-16,2022-04-23,66,0,1676
FRA04425,Telangana,D002,Bhadradri Kothagudem,Bhadrachalam,Nellipaka,Claimant_FRA04425,CFR,4.37,Approved,2022-04-11,2025-10-17,1285,0,1622
FRA04426,Telangana,D033,Yadadri Bhuvanagiri,Bhongir,Anantharam,Claimant_FRA04426,IFR,4.65,Approved,2021-10-30,2026-01-25,1548,0,1785
FRA04427,Telangana,D003,Hanumakonda,Atmakur,Chowdapur,Claimant_FRA04427,CFR,2.39,Approved,2024-02-20,2025-07-30,526,0,942
FRA04428,Telangana,D018,Mulugu,Venkatapur,Narsapur,Claimant_FRA04428,IFR,4.51,Pending,2022-03-08,,,1656,1656
FRA04429,Telangana,D028,Siddipet,Husnabad,Pothireddypet,Claimant_FRA04429,IFR,5.25,Approved,2026-08-08,2026-09-04,27,0,42
FRA04430,Telangana,D002,Bhadradri Kothagudem,Manuguru,Anantharam,Claimant_FRA04430,IFR,0.89,Rejected,2021-11-11,2022-02-26,107,0,1773
FRA04431,Telangana,D032,Warangal,Narsampet,Madhira,Claimant_FRA04431,IFR,1.74,Approved,2024-07-20,2026-07-09,719,0,791
FRA04432,Telangana,D030,Vikarabad,Tandur,Kotbaspally,Claimant_FRA04432,CFR,4.94,Rejected,2026-07-12,2026-09-06,56,0,69
FRA04433,Telangana,D004,Hyderabad,Amberpet,Azampura,Claimant_FRA04433,IFR,6.41,Approved,2023-08-04,2024-05-25,295,0,1142
FRA04434,Telangana,D028,Siddipet,Husnabad,Pothireddypet,Claimant_FRA04434,CFR,5.14,Approved,2022-01-09,2022-02-23,45,0,1714
FRA04435,Telangana,D003,Hanumakonda,Atmakur,Chowdapur,Claimant_FRA04435,IFR,2.25,Approved,2026-07-24,2026-08-22,29,0,57
FRA04436,Telangana,D007,Jayashankar Bhupalpally,Chityal,Venkateshwarlapally,Claimant_FRA04436,IFR,4.18,Pending,2024-12-26,,,632,632
FRA04437,Telangana,D027,Sangareddy,Narayankhed,Kondapur,Claimant_FRA04437,CFR,6.78,Approved,2025-12-10,2026-06-20,192,0,283
FRA04438,Telangana,D005,Jagtial,Korutla,Ailapur,Claimant_FRA04438,IFR,2.87,Approved,2021-10-18,2022-03-09,142,0,1797
FRA04439,Telangana,D003,Hanumakonda,Atmakur,Chowdapur,Claimant_FRA04439,IFR,3.51,Approved,2025-12-17,2026-05-24,158,0,276
FRA04440,Telangana,D001,Adilabad,Utnoor,Devapur,Claimant_FRA04440,IFR,4.32,Approved,2026-04-09,2026-04-13,4,0,163
FRA04441,Telangana,D001,Adilabad,Narnoor,Kothapalli,Claimant_FRA04441,IFR,1.05,Pending,2023-03-15,,,1284,1284
FRA04442,Telangana,D001,Adilabad,Narnoor,Kothapalli,Claimant_FRA04442,CFR,6.78,Approved,2024-08-15,2024-11-24,101,0,765
FRA04443,Telangana,D026,Rangareddy,Shabad,Kesaram,Claimant_FRA04443,IFR,5.49,Pending,2023-01-24,,,1334,1334
FRA04444,Telangana,D026,Rangareddy,Shabad,Kesaram,Claimant_FRA04444,IFR,3.01,Approved,2024-10-22,2025-03-31,160,0,697
FRA04445,Telangana,D027,Sangareddy,Narayankhed,Kondapur,Claimant_FRA04445,IFR,6.46,Approved,2025-06-03,2026-08-16,439,0,473
FRA04446,Telangana,D011,Khammam,Wyra,Gollapadu,Claimant_FRA04446,CFR,1.17,Approved,2026-08-02,2026-09-12,41,0,48
FRA04447,Telangana,D004,Hyderabad,Amberpet,Azampura,Claimant_FRA04447,IFR,3.21,Approved,2024-09-08,2026-03-07,545,0,741
FRA04448,Telangana,D011,Khammam,Wyra,Gollapadu,Claimant_FRA04448,CFR,0.52,Approved,2026-09-01,2026-09-04,3,0,18
FRA04449,Telangana,D019,Nagarkurnool,Amrabad,Mananur,Claimant_FRA04449,IFR,4.42,Approved,2023-11-01,2026-05-30,941,0,1053
FRA04450,Telangana,D011,Khammam,Wyra,Gollapadu,Claimant_FRA04450,IFR,4.73,Pending,2023-04-16,,,1252,1252
FRA04451,Telangana,D030,Vikarabad,Tandur,Kotbaspally,Claimant_FRA04451,CFR,5.97,Approved,2025-07-21,2025-12-08,140,0,425
FRA04452,Telangana,D011,Khammam,Kothagudem,Seetharampuram,Claimant_FRA04452,CFR,6.88,Approved,2025-04-13,2026-07-31,474,0,524
FRA04453,Telangana,D001,Adilabad,Boath,Ghanpur,Claimant_FRA04453,IFR,4.65,Approved,2025-11-08,2026-07-12,246,0,315
FRA04454,Telangana,D030,Vikarabad,Tandur,Kotbaspally,Claimant_FRA04454,IFR,3.05,Approved,2026-04-25,2026-07-11,77,0,147
FRA04455,Telangana,D020,Nalgonda,Devarakonda,Chinthapally,Claimant_FRA04455,IFR,6.43,Pending,2023-01-04,,,1354,1354
FRA04456,Telangana,D011,Khammam,Kothagudem,Seetharampuram,Claimant_FRA04456,IFR,6.16,Approved,2023-12-28,2025-11-01,674,0,996
FRA04457,Telangana,D002,Bhadradri Kothagudem,Manuguru,Anantharam,Claimant_FRA04457,IFR,1.23,Approved,2024-05-15,2025-02-12,273,0,857
FRA04458,Telangana,D006,Jangaon,Jangaon,Pasumamula,Claimant_FRA04458,CFR,5.79,Pending,2024-09-08,,,741,741
FRA04459,Telangana,D018,Mulugu,Eturunagaram,Katapur,Claimant_FRA04459,CFR,1.41,Pending,2023-01-15,,,1343,1343
FRA04460,Telangana,D026,Rangareddy,Shabad,Kesaram,Claimant_FRA04460,CFR,3.65,Rejected,2023-08-23,2023-09-29,37,0,1123
FRA04461,Telangana,D013,Mahabubabad,Bayyaram,Garla,Claimant_FRA04461,CFR,2.66,Pending,2025-04-13,,,524,524
FRA04462,Telangana,D027,Sangareddy,Narayankhed,Kondapur,Claimant_FRA04462,CFR,5.96,Rejected,2022-04-05,2024-04-19,745,0,1628
FRA04463,Telangana,D002,Bhadradri Kothagudem,Manuguru,Anantharam,Claimant_FRA04463,CFR,3.22,Rejected,2023-11-11,2026-05-29,930,0,1043
FRA04464,Telangana,D007,Jayashankar Bhupalpally,Chityal,Venkateshwarlapally,Claimant_FRA04464,CFR,0.66,Rejected,2023-02-14,2024-05-15,456,0,1313
FRA04465,Telangana,D003,Hanumakonda,Dharmanagar,Mustial,Claimant_FRA04465,IFR,2.17,Pending,2021-11-08,,,1776,1776
FRA04466,Telangana,D028,Siddipet,Husnabad,Pothireddypet,Claimant_FRA04466,CFR,3.21,Pending,2022-08-25,,,1486,1486
FRA04467,Telangana,D002,Bhadradri Kothagudem,Manuguru,Anantharam,Claimant_FRA04467,IFR,5.09,Approved,2023-03-04,2024-09-12,558,0,1295
FRA04468,Telangana,D005,Jagtial,Metpally,Vellulla,Claimant_FRA04468,IFR,3.59,Pending,2025-08-12,,,403,403
FRA04469,Telangana,D020,Nalgonda,Devarakonda,Chinthapally,Claimant_FRA04469,CFR,1.62,Approved,2026-08-03,2026-09-03,31,0,47
FRA04470,Telangana,D002,Bhadradri Kothagudem,Manuguru,Anantharam,Claimant_FRA04470,CFR,7.85,Pending,2023-11-10,,,1044,1044
FRA04471,Telangana,D028,Siddipet,Husnabad,Pothireddypet,Claimant_FRA04471,IFR,6.72,Approved,2025-12-03,2026-06-08,187,0,290
FRA04472,Telangana,D007,Jayashankar Bhupalpally,Chityal,Venkateshwarlapally,Claimant_FRA04472,CFR,5.06,Pending,2023-03-12,,,1287,1287
FRA04473,Telangana,D005,Jagtial,Korutla,Ailapur,Claimant_FRA04473,IFR,6.48,Approved,2021-11-29,2025-09-01,1372,0,1755
FRA04474,Telangana,D001,Adilabad,Utnoor,Devapur,Claimant_FRA04474,IFR,1.76,Approved,2025-09-03,2025-10-28,55,0,381
FRA04475,Telangana,D004,Hyderabad,Amberpet,Azampura,Claimant_FRA04475,CFR,2.49,Approved,2024-08-23,2026-04-28,613,0,757
FRA04476,Telangana,D005,Jagtial,Metpally,Vellulla,Claimant_FRA04476,CFR,6.55,Approved,2022-06-15,2023-06-16,366,0,1557
FRA04477,Telangana,D002,Bhadradri Kothagudem,Kothagudem,Regalla,Claimant_FRA04477,IFR,1.52,Approved,2021-12-22,2025-08-04,1321,0,1732
FRA04478,Telangana,D018,Mulugu,Eturunagaram,Katapur,Claimant_FRA04478,IFR,2.24,Pending,2025-05-09,,,498,498
FRA04479,Telangana,D003,Hanumakonda,Dharmanagar,Mustial,Claimant_FRA04479,CFR,4.4,Approved,2023-01-09,2023-09-08,242,0,1349
FRA04480,Telangana,D011,Khammam,Wyra,Gollapadu,Claimant_FRA04480,IFR,5.19,Pending,2021-12-14,,,1740,1740
FRA04481,Telangana,D027,Sangareddy,Narayankhed,Kondapur,Claimant_FRA04481,IFR,1.04,Approved,2026-01-05,2026-03-08,62,0,257
FRA04482,Telangana,D002,Bhadradri Kothagudem,Manuguru,Anantharam,Claimant_FRA04482,IFR,5.95,Rejected,2021-12-23,2026-09-12,1724,0,1731
FRA04483,Telangana,D003,Hanumakonda,Atmakur,Chowdapur,Claimant_FRA04483,IFR,1.76,Pending,2026-08-02,,,48,48
FRA04484,Telangana,D007,Jayashankar Bhupalpally,Regonda,Kannaram,Claimant_FRA04484,CFR,6.64,Approved,2024-09-23,2025-03-21,179,0,726
FRA04485,Telangana,D005,Jagtial,Korutla,Ailapur,Claimant_FRA04485,CFR,2.4,Approved,2021-10-27,2022-03-29,153,0,1788
FRA04486,Telangana,D007,Jayashankar Bhupalpally,Regonda,Kannaram,Claimant_FRA04486,CFR,3.34,Approved,2021-12-07,2024-05-10,885,0,1747
FRA04487,Telangana,D004,Hyderabad,Amberpet,Azampura,Claimant_FRA04487,CFR,7.6,Pending,2021-09-23,,,1822,1822
FRA04488,Telangana,D018,Mulugu,Eturunagaram,Katapur,Claimant_FRA04488,CFR,5.87,Approved,2022-07-04,2023-01-14,194,0,1538
FRA04489,Telangana,D013,Mahabubabad,Kuravi,Seerole,Claimant_FRA04489,CFR,7.69,Pending,2025-11-23,,,300,300
FRA04490,Telangana,D003,Hanumakonda,Atmakur,Chowdapur,Claimant_FRA04490,CFR,0.98,Rejected,2024-04-14,2025-12-11,606,0,888
FRA04491,Telangana,D004,Hyderabad,Charminar,Chandrayangutta,Claimant_FRA04491,IFR,6.12,Approved,2026-06-01,2026-08-28,88,0,110
FRA04492,Telangana,D026,Rangareddy,Shabad,Kesaram,Claimant_FRA04492,IFR,1.33,Approved,2025-06-10,2026-02-09,244,0,466
FRA04493,Telangana,D018,Mulugu,Eturunagaram,Katapur,Claimant_FRA04493,IFR,2.0,Approved,2022-06-14,2022-08-11,58,0,1558
FRA04494,Telangana,D007,Jayashankar Bhupalpally,Regonda,Kannaram,Claimant_FRA04494,CFR,3.58,Approved,2025-11-28,2026-04-25,148,0,295
FRA04495,Telangana,D027,Sangareddy,Narayankhed,Kondapur,Claimant_FRA04495,IFR,2.51,Approved,2024-09-02,2025-09-24,387,0,747
FRA04496,Telangana,D018,Mulugu,Venkatapur,Narsapur,Claimant_FRA04496,IFR,6.66,Pending,2026-07-27,,,54,54
FRA04497,Telangana,D005,Jagtial,Korutla,Ailapur,Claimant_FRA04497,IFR,7.77,Rejected,2024-01-21,2025-04-18,453,0,972
FRA04498,Telangana,D003,Hanumakonda,Atmakur,Chowdapur,Claimant_FRA04498,IFR,0.71,Rejected,2025-11-13,2026-07-07,236,0,310
FRA04499,Telangana,D004,Hyderabad,Charminar,Chandrayangutta,Claimant_FRA04499,IFR,0.55,Rejected,2023-06-11,2024-01-01,204,0,1196
FRA04500,Telangana,D020,Nalgonda,Devarakonda,Chinthapally,Claimant_FRA04500,IFR,6.02,Pending,2025-10-01,,,353,353
FRA04501,Telangana,D003,Hanumakonda,Dharmanagar,Mustial,Claimant_FRA04501,IFR,6.63,Rejected,2023-11-03,2023-12-20,47,0,1051
FRA04502,Telangana,D011,Khammam,Wyra,Gollapadu,Claimant_FRA04502,CFR,6.37,Approved,2022-11-05,2024-10-16,711,0,1414
FRA04503,Telangana,D004,Hyderabad,Charminar,Chandrayangutta,Claimant_FRA04503,IFR,2.69,Approved,2024-06-05,2025-10-13,495,0,836
FRA04504,Telangana,D033,Yadadri Bhuvanagiri,Bhongir,Anantharam,Claimant_FRA04504,CFR,3.95,Pending,2026-08-24,,,26,26
FRA04505,Telangana,D006,Jangaon,Station Ghanpur,Chilpur,Claimant_FRA04505,CFR,6.16,Approved,2025-03-11,2026-01-31,326,0,557
FRA04506,Telangana,D005,Jagtial,Korutla,Ailapur,Claimant_FRA04506,CFR,7.63,Approved,2024-10-31,2026-02-25,482,0,688
FRA04507,Telangana,D004,Hyderabad,Amberpet,Azampura,Claimant_FRA04507,IFR,2.8,Rejected,2022-03-30,2022-08-02,125,0,1634
FRA04508,Telangana,D003,Hanumakonda,Dharmanagar,Mustial,Claimant_FRA04508,CFR,3.97,Approved,2025-08-06,2026-05-18,285,0,409
FRA04509,Telangana,D004,Hyderabad,Charminar,Chandrayangutta,Claimant_FRA04509,IFR,0.86,Approved,2023-07-11,2024-05-11,305,0,1166
FRA04510,Telangana,D033,Yadadri Bhuvanagiri,Bhongir,Anantharam,Claimant_FRA04510,CFR,2.76,Approved,2025-05-24,2025-11-17,177,0,483
FRA04511,Telangana,D001,Adilabad,Narnoor,Kothapalli,Claimant_FRA04511,IFR,0.76,Approved,2022-10-14,2023-01-29,107,0,1436
FRA04512,Telangana,D018,Mulugu,Eturunagaram,Katapur,Claimant_FRA04512,CFR,1.82,Approved,2024-12-01,2026-01-10,405,0,657
FRA04513,Telangana,D005,Jagtial,Korutla,Ailapur,Claimant_FRA04513,CFR,7.72,Approved,2023-06-15,2026-06-18,1099,0,1192
FRA04514,Telangana,D005,Jagtial,Korutla,Ailapur,Claimant_FRA04514,CFR,1.05,Pending,2023-01-30,,,1328,1328
FRA04515,Telangana,D007,Jayashankar Bhupalpally,Regonda,Kannaram,Claimant_FRA04515,CFR,0.65,Approved,2025-10-09,2026-09-15,341,0,345
FRA04516,Telangana,D019,Nagarkurnool,Amrabad,Mananur,Claimant_FRA04516,IFR,7.14,Pending,2022-04-26,,,1607,1607
FRA04517,Telangana,D013,Mahabubabad,Bayyaram,Garla,Claimant_FRA04517,CFR,1.68,Approved,2026-05-18,2026-09-03,108,0,124
FRA04518,Telangana,D033,Yadadri Bhuvanagiri,Bhongir,Anantharam,Claimant_FRA04518,CFR,4.62,Rejected,2021-10-27,2025-03-10,1230,0,1788
FRA04519,Telangana,D004,Hyderabad,Amberpet,Azampura,Claimant_FRA04519,CFR,6.59,Pending,2022-01-11,,,1712,1712
FRA04520,Telangana,D003,Hanumakonda,Dharmanagar,Mustial,Claimant_FRA04520,IFR,6.01,Rejected,2025-02-23,2025-11-13,263,0,573
FRA04521,Telangana,D033,Yadadri Bhuvanagiri,Bhongir,Anantharam,Claimant_FRA04521,CFR,4.77,Approved,2021-12-09,2024-09-05,1001,0,1745
FRA04522,Telangana,D002,Bhadradri Kothagudem,Kothagudem,Regalla,Claimant_FRA04522,CFR,1.87,Approved,2024-05-24,2025-07-27,429,0,848
FRA04523,Telangana,D003,Hanumakonda,Atmakur,Chowdapur,Claimant_FRA04523,IFR,5.11,Approved,2023-04-13,2023-06-28,76,0,1255
FRA04524,Telangana,D003,Hanumakonda,Dharmanagar,Mustial,Claimant_FRA04524,CFR,6.76,Approved,2025-01-28,2026-05-15,472,0,599
FRA04525,Telangana,D004,Hyderabad,Amberpet,Azampura,Claimant_FRA04525,CFR,0.83,Approved,2022-11-21,2026-05-10,1266,0,1398
FRA04526,Telangana,D020,Nalgonda,Devarakonda,Chinthapally,Claimant_FRA04526,CFR,7.41,Rejected,2022-06-21,2023-05-19,332,0,1551
FRA04527,Telangana,D002,Bhadradri Kothagudem,Bhadrachalam,Nellipaka,Claimant_FRA04527,IFR,0.96,Pending,2022-05-29,,,1574,1574
FRA04528,Telangana,D011,Khammam,Wyra,Gollapadu,Claimant_FRA04528,IFR,6.73,Pending,2026-07-14,,,67,67
FRA04529,Telangana,D019,Nagarkurnool,Amrabad,Mananur,Claimant_FRA04529,IFR,2.74,Pending,2023-12-27,,,997,997
FRA04530,Telangana,D011,Khammam,Kothagudem,Seetharampuram,Claimant_FRA04530,IFR,2.3,Approved,2024-03-22,2024-04-05,14,0,911
FRA04531,Telangana,D004,Hyderabad,Amberpet,Azampura,Claimant_FRA04531,IFR,4.76,Approved,2024-04-13,2024-11-13,214,0,889
FRA04532,Telangana,D028,Siddipet,Husnabad,Pothireddypet,Claimant_FRA04532,IFR,5.03,Pending,2026-05-13,,,129,129
FRA04533,Telangana,D018,Mulugu,Venkatapur,Narsapur,Claimant_FRA04533,IFR,4.08,Approved,2022-04-25,2026-07-04,1531,0,1608
FRA04534,Telangana,D032,Warangal,Narsampet,Madhira,Claimant_FRA04534,CFR,3.69,Pending,2024-10-12,,,707,707
FRA04535,Telangana,D007,Jayashankar Bhupalpally,Chityal,Venkateshwarlapally,Claimant_FRA04535,CFR,1.68,Approved,2023-07-09,2025-01-30,571,0,1168
FRA04536,Telangana,D004,Hyderabad,Charminar,Chandrayangutta,Claimant_FRA04536,CFR,1.1,Approved,2022-06-11,2025-02-15,980,0,1561
FRA04537,Telangana,D030,Vikarabad,Tandur,Kotbaspally,Claimant_FRA04537,IFR,6.85,Pending,2024-11-18,,,670,670
FRA04538,Telangana,D003,Hanumakonda,Dharmanagar,Mustial,Claimant_FRA04538,CFR,7.14,Pending,2025-03-25,,,543,543
FRA04539,Telangana,D001,Adilabad,Utnoor,Devapur,Claimant_FRA04539,IFR,2.65,Approved,2023-10-08,2024-11-24,413,0,1077
FRA04540,Telangana,D001,Adilabad,Boath,Ghanpur,Claimant_FRA04540,IFR,7.77,Approved,2026-01-06,2026-05-17,131,0,256
FRA04541,Telangana,D019,Nagarkurnool,Amrabad,Mananur,Claimant_FRA04541,CFR,2.89,Approved,2025-01-22,2025-10-06,257,0,605
FRA04542,Telangana,D007,Jayashankar Bhupalpally,Chityal,Venkateshwarlapally,Claimant_FRA04542,CFR,7.63,Approved,2023-05-17,2026-03-11,1029,0,1221
FRA04543,Telangana,D001,Adilabad,Utnoor,Devapur,Claimant_FRA04543,CFR,1.11,Approved,2023-08-29,2026-09-17,1115,0,1117
FRA04544,Telangana,D011,Khammam,Kothagudem,Seetharampuram,Claimant_FRA04544,IFR,0.67,Rejected,2026-05-06,2026-09-14,131,0,136
FRA04545,Telangana,D001,Adilabad,Utnoor,Devapur,Claimant_FRA04545,IFR,5.27,Pending,2024-08-06,,,774,774
FRA04546,Telangana,D028,Siddipet,Husnabad,Pothireddypet,Claimant_FRA04546,CFR,4.96,Pending,2025-12-14,,,279,279
FRA04547,Telangana,D023,Nizamabad,Armoor,Mendora,Claimant_FRA04547,CFR,0.89,Approved,2023-11-29,2025-12-04,736,0,1025
FRA04548,Telangana,D003,Hanumakonda,Dharmanagar,Mustial,Claimant_FRA04548,CFR,4.63,Pending,2022-06-23,,,1549,1549
FRA04549,Telangana,D028,Siddipet,Husnabad,Pothireddypet,Claimant_FRA04549,CFR,3.83,Approved,2022-12-26,2023-02-06,42,0,1363
FRA04550,Telangana,D006,Jangaon,Jangaon,Pasumamula,Claimant_FRA04550,IFR,2.91,Rejected,2024-01-18,2026-07-20,914,0,975
FRA04551,Telangana,D013,Mahabubabad,Kuravi,Seerole,Claimant_FRA04551,CFR,3.51,Approved,2025-07-05,2025-08-28,54,0,441
FRA04552,Telangana,D001,Adilabad,Narnoor,Kothapalli,Claimant_FRA04552,IFR,5.68,Approved,2023-01-23,2025-04-18,816,0,1335
FRA04553,Telangana,D033,Yadadri Bhuvanagiri,Bhongir,Anantharam,Claimant_FRA04553,IFR,6.68,Approved,2021-10-05,2024-07-21,1020,0,1810
FRA04554,Telangana,D011,Khammam,Wyra,Gollapadu,Claimant_FRA04554,IFR,4.14,Approved,2021-10-21,2025-03-14,1240,0,1794
FRA04555,Telangana,D018,Mulugu,Eturunagaram,Katapur,Claimant_FRA04555,CFR,6.74,Rejected,2026-06-02,2026-06-19,17,0,109
FRA04556,Telangana,D028,Siddipet,Husnabad,Pothireddypet,Claimant_FRA04556,IFR,7.39,Pending,2025-01-05,,,622,622
FRA04557,Telangana,D001,Adilabad,Utnoor,Devapur,Claimant_FRA04557,CFR,5.43,Approved,2026-03-30,2026-09-03,157,0,173
FRA04558,Telangana,D001,Adilabad,Boath,Ghanpur,Claimant_FRA04558,IFR,5.25,Approved,2025-08-11,2026-02-02,175,0,404
FRA04559,Telangana,D002,Bhadradri Kothagudem,Manuguru,Anantharam,Claimant_FRA04559,CFR,1.59,Approved,2025-05-31,2026-08-21,447,0,476
FRA04560,Telangana,D030,Vikarabad,Tandur,Kotbaspally,Claimant_FRA04560,CFR,1.09,Approved,2025-09-18,2026-08-01,317,0,366
FRA04561,Telangana,D004,Hyderabad,Charminar,Chandrayangutta,Claimant_FRA04561,CFR,7.76,Rejected,2022-02-04,2024-03-10,765,0,1688
FRA04562,Telangana,D011,Khammam,Kothagudem,Seetharampuram,Claimant_FRA04562,CFR,5.9,Approved,2023-08-24,2024-07-01,312,0,1122
FRA04563,Telangana,D030,Vikarabad,Tandur,Kotbaspally,Claimant_FRA04563,IFR,7.46,Rejected,2022-11-06,2025-03-13,858,0,1413
FRA04564,Telangana,D006,Jangaon,Jangaon,Pasumamula,Claimant_FRA04564,CFR,2.85,Approved,2023-08-13,2025-12-23,863,0,1133
FRA04565,Telangana,D003,Hanumakonda,Dharmanagar,Mustial,Claimant_FRA04565,CFR,7.76,Pending,2024-01-29,,,964,964
FRA04566,Telangana,D003,Hanumakonda,Dharmanagar,Mustial,Claimant_FRA04566,IFR,3.89,Approved,2022-03-11,2024-02-02,693,0,1653
FRA04567,Telangana,D019,Nagarkurnool,Amrabad,Mananur,Claimant_FRA04567,IFR,7.37,Approved,2024-01-12,2025-09-29,626,0,981
FRA04568,Telangana,D018,Mulugu,Eturunagaram,Katapur,Claimant_FRA04568,CFR,2.87,Approved,2022-04-01,2026-07-10,1561,0,1632
FRA04569,Telangana,D023,Nizamabad,Armoor,Mendora,Claimant_FRA04569,CFR,5.22,Rejected,2024-12-20,2026-03-16,451,0,638
FRA04570,Telangana,D004,Hyderabad,Amberpet,Azampura,Claimant_FRA04570,CFR,2.27,Rejected,2022-10-10,2026-09-14,1435,0,1440
FRA04571,Telangana,D004,Hyderabad,Charminar,Chandrayangutta,Claimant_FRA04571,IFR,1.95,Pending,2023-11-08,,,1046,1046
FRA04572,Telangana,D002,Bhadradri Kothagudem,Kothagudem,Regalla,Claimant_FRA04572,CFR,0.56,Approved,2025-10-21,2026-08-30,313,0,333
FRA04573,Telangana,D001,Adilabad,Boath,Ghanpur,Claimant_FRA04573,IFR,2.65,Rejected,2022-10-01,2025-06-03,976,0,1449
FRA04574,Telangana,D001,Adilabad,Boath,Ghanpur,Claimant_FRA04574,IFR,4.64,Pending,2026-04-23,,,149,149
FRA04575,Telangana,D002,Bhadradri Kothagudem,Kothagudem,Regalla,Claimant_FRA04575,IFR,0.56,Approved,2023-06-13,2026-05-06,1058,0,1194
FRA04576,Telangana,D006,Jangaon,Jangaon,Pasumamula,Claimant_FRA04576,IFR,3.45,Approved,2022-11-25,2023-11-18,358,0,1394
FRA04577,Telangana,D028,Siddipet,Husnabad,Pothireddypet,Claimant_FRA04577,IFR,4.58,Pending,2021-11-25,,,1759,1759
FRA04578,Telangana,D020,Nalgonda,Devarakonda,Chinthapally,Claimant_FRA04578,IFR,2.04,Approved,2024-07-30,2026-08-20,751,0,781
FRA04579,Telangana,D001,Adilabad,Narnoor,Kothapalli,Claimant_FRA04579,IFR,0.68,Rejected,2025-07-30,2025-12-02,125,0,416
FRA04580,Telangana,D027,Sangareddy,Narayankhed,Kondapur,Claimant_FRA04580,IFR,1.11,Approved,2022-05-28,2025-07-15,1144,0,1575
FRA04581,Telangana,D028,Siddipet,Husnabad,Pothireddypet,Claimant_FRA04581,CFR,6.15,Approved,2024-12-22,2026-04-24,488,0,636
FRA04582,Telangana,D023,Nizamabad,Armoor,Mendora,Claimant_FRA04582,CFR,2.53,Approved,2025-06-08,2025-11-20,165,0,468
FRA04583,Telangana,D002,Bhadradri Kothagudem,Manuguru,Anantharam,Claimant_FRA04583,IFR,5.24,Pending,2026-07-20,,,61,61
FRA04584,Telangana,D002,Bhadradri Kothagudem,Kothagudem,Regalla,Claimant_FRA04584,CFR,5.39,Approved,2025-11-22,2026-09-12,294,0,301
FRA04585,Telangana,D007,Jayashankar Bhupalpally,Chityal,Venkateshwarlapally,Claimant_FRA04585,CFR,3.41,Approved,2023-12-13,2025-02-21,436,0,1011
FRA04586,Telangana,D005,Jagtial,Korutla,Ailapur,Claimant_FRA04586,CFR,0.86,Approved,2025-02-14,2025-07-10,146,0,582
FRA04587,Telangana,D011,Khammam,Wyra,Gollapadu,Claimant_FRA04587,CFR,6.14,Approved,2024-07-12,2025-01-31,203,0,799
FRA04588,Telangana,D026,Rangareddy,Shabad,Kesaram,Claimant_FRA04588,IFR,5.01,Approved,2025-03-18,2025-04-22,35,0,550
FRA04589,Telangana,D004,Hyderabad,Charminar,Chandrayangutta,Claimant_FRA04589,CFR,1.6,Approved,2023-04-22,2024-07-05,440,0,1246
FRA04590,Telangana,D013,Mahabubabad,Bayyaram,Garla,Claimant_FRA04590,IFR,5.45,Approved,2023-10-23,2025-01-28,463,0,1062
FRA04591,Telangana,D013,Mahabubabad,Kuravi,Seerole,Claimant_FRA04591,CFR,4.72,Approved,2025-12-24,2026-01-07,14,0,269
FRA04592,Telangana,D005,Jagtial,Korutla,Ailapur,Claimant_FRA04592,CFR,4.34,Pending,2022-03-27,,,1637,1637
FRA04593,Telangana,D002,Bhadradri Kothagudem,Bhadrachalam,Nellipaka,Claimant_FRA04593,IFR,0.57,Rejected,2025-01-30,2026-04-05,430,0,597
FRA04594,Telangana,D002,Bhadradri Kothagudem,Manuguru,Anantharam,Claimant_FRA04594,IFR,1.23,Approved,2024-01-05,2026-03-20,805,0,988
FRA04595,Telangana,D005,Jagtial,Metpally,Vellulla,Claimant_FRA04595,IFR,3.71,Pending,2025-06-04,,,472,472
FRA04596,Telangana,D020,Nalgonda,Devarakonda,Chinthapally,Claimant_FRA04596,CFR,4.7,Approved,2022-02-24,2025-01-01,1042,0,1668
FRA04597,Telangana,D027,Sangareddy,Narayankhed,Kondapur,Claimant_FRA04597,IFR,1.23,Pending,2022-02-28,,,1664,1664
FRA04598,Telangana,D004,Hyderabad,Amberpet,Azampura,Claimant_FRA04598,IFR,7.88,Pending,2023-03-06,,,1293,1293
FRA04599,Telangana,D018,Mulugu,Eturunagaram,Katapur,Claimant_FRA04599,CFR,7.71,Approved,2024-01-13,2025-07-01,535,0,980
FRA04600,Telangana,D004,Hyderabad,Amberpet,Azampura,Claimant_FRA04600,CFR,5.29,Pending,2022-04-30,,,1603,1603
FRA04601,Telangana,D001,Adilabad,Boath,Ghanpur,Claimant_FRA04601,IFR,7.43,Approved,2026-09-14,2026-09-18,4,0,5
FRA04602,Telangana,D003,Hanumakonda,Dharmanagar,Mustial,Claimant_FRA04602,CFR,5.54,Rejected,2022-01-17,2023-08-14,574,0,1706
FRA04603,Telangana,D027,Sangareddy,Narayankhed,Kondapur,Claimant_FRA04603,CFR,3.34,Rejected,2022-08-06,2024-07-27,721,0,1505
FRA04604,Telangana,D011,Khammam,Kothagudem,Seetharampuram,Claimant_FRA04604,CFR,7.59,Approved,2022-03-29,2022-11-12,228,0,1635
FRA04605,Telangana,D018,Mulugu,Eturunagaram,Katapur,Claimant_FRA04605,CFR,5.86,Approved,2026-08-09,2026-08-15,6,0,41
FRA04606,Telangana,D002,Bhadradri Kothagudem,Bhadrachalam,Nellipaka,Claimant_FRA04606,CFR,0.78,Pending,2023-05-10,,,1228,1228
FRA04607,Telangana,D032,Warangal,Narsampet,Madhira,Claimant_FRA04607,CFR,2.35,Approved,2022-05-24,2022-08-20,88,0,1579
FRA04608,Telangana,D003,Hanumakonda,Atmakur,Chowdapur,Claimant_FRA04608,CFR,7.59,Approved,2021-12-13,2023-04-22,495,0,1741
FRA04609,Telangana,D030,Vikarabad,Tandur,Kotbaspally,Claimant_FRA04609,CFR,7.88,Pending,2024-01-27,,,966,966
FRA04610,Telangana,D003,Hanumakonda,Atmakur,Chowdapur,Claimant_FRA04610,IFR,4.56,Rejected,2023-04-14,2025-08-19,858,0,1254
FRA04611,Telangana,D007,Jayashankar Bhupalpally,Regonda,Kannaram,Claimant_FRA04611,CFR,6.29,Approved,2023-07-11,2024-10-18,465,0,1166
FRA04612,Telangana,D003,Hanumakonda,Dharmanagar,Mustial,Claimant_FRA04612,IFR,2.99,Approved,2023-08-30,2023-12-16,108,0,1116
FRA04613,Telangana,D002,Bhadradri Kothagudem,Kothagudem,Regalla,Claimant_FRA04613,CFR,6.38,Pending,2026-05-18,,,124,124
FRA04614,Telangana,D001,Adilabad,Utnoor,Devapur,Claimant_FRA04614,CFR,1.23,Approved,2025-10-26,2026-09-07,316,0,328
FRA04615,Telangana,D019,Nagarkurnool,Amrabad,Mananur,Claimant_FRA04615,CFR,4.86,Approved,2025-06-22,2026-04-18,300,0,454
FRA04616,Telangana,D023,Nizamabad,Armoor,Mendora,Claimant_FRA04616,CFR,5.44,Approved,2026-01-29,2026-04-13,74,0,233
FRA04617,Telangana,D002,Bhadradri Kothagudem,Kothagudem,Regalla,Claimant_FRA04617,CFR,1.15,Pending,2024-09-27,,,722,722
FRA04618,Telangana,D003,Hanumakonda,Atmakur,Chowdapur,Claimant_FRA04618,CFR,4.41,Approved,2023-09-30,2026-02-22,876,0,1085
FRA04619,Telangana,D002,Bhadradri Kothagudem,Kothagudem,Regalla,Claimant_FRA04619,CFR,7.29,Rejected,2024-12-05,2026-04-03,484,0,653
FRA04620,Telangana,D007,Jayashankar Bhupalpally,Chityal,Venkateshwarlapally,Claimant_FRA04620,IFR,5.3,Approved,2026-08-25,2026-09-04,10,0,25
FRA04621,Telangana,D007,Jayashankar Bhupalpally,Chityal,Venkateshwarlapally,Claimant_FRA04621,CFR,3.91,Approved,2024-11-19,2025-06-08,201,0,669
FRA04622,Telangana,D006,Jangaon,Station Ghanpur,Chilpur,Claimant_FRA04622,CFR,1.94,Approved,2024-05-22,2026-08-17,817,0,850
FRA04623,Telangana,D013,Mahabubabad,Kuravi,Seerole,Claimant_FRA04623,IFR,5.52,Approved,2024-11-07,2025-12-28,416,0,681
FRA04624,Telangana,D002,Bhadradri Kothagudem,Kothagudem,Regalla,Claimant_FRA04624,CFR,7.23,Pending,2026-02-17,,,214,214
FRA04625,Telangana,D001,Adilabad,Narnoor,Kothapalli,Claimant_FRA04625,CFR,3.86,Pending,2026-06-10,,,101,101
FRA04626,Telangana,D001,Adilabad,Boath,Ghanpur,Claimant_FRA04626,IFR,1.86,Rejected,2025-03-31,2026-03-29,363,0,537
FRA04627,Telangana,D004,Hyderabad,Amberpet,Azampura,Claimant_FRA04627,IFR,3.01,Approved,2025-06-16,2025-12-06,173,0,460
FRA04628,Telangana,D004,Hyderabad,Charminar,Chandrayangutta,Claimant_FRA04628,IFR,6.6,Approved,2023-12-03,2026-05-26,905,0,1021
FRA04629,Telangana,D007,Jayashankar Bhupalpally,Chityal,Venkateshwarlapally,Claimant_FRA04629,IFR,3.63,Approved,2021-10-14,2025-08-19,1405,0,1801
FRA04630,Telangana,D011,Khammam,Kothagudem,Seetharampuram,Claimant_FRA04630,IFR,5.66,Pending,2024-03-23,,,910,910
FRA04631,Telangana,D028,Siddipet,Husnabad,Pothireddypet,Claimant_FRA04631,IFR,3.12,Pending,2021-09-23,,,1822,1822
FRA04632,Telangana,D002,Bhadradri Kothagudem,Bhadrachalam,Nellipaka,Claimant_FRA04632,IFR,5.77,Rejected,2025-02-19,2025-10-10,233,0,577
FRA04633,Telangana,D001,Adilabad,Boath,Ghanpur,Claimant_FRA04633,CFR,4.69,Approved,2022-09-25,2025-03-15,902,0,1455
FRA04634,Telangana,D003,Hanumakonda,Dharmanagar,Mustial,Claimant_FRA04634,IFR,3.2,Approved,2025-10-17,2026-08-24,311,0,337
FRA04635,Telangana,D003,Hanumakonda,Atmakur,Chowdapur,Claimant_FRA04635,IFR,1.32,Pending,2022-01-30,,,1693,1693
FRA04636,Telangana,D006,Jangaon,Station Ghanpur,Chilpur,Claimant_FRA04636,CFR,2.86,Pending,2022-06-08,,,1564,1564
FRA04637,Telangana,D030,Vikarabad,Tandur,Kotbaspally,Claimant_FRA04637,IFR,1.7,Approved,2025-05-30,2025-10-24,147,0,477
FRA04638,Telangana,D013,Mahabubabad,Kuravi,Seerole,Claimant_FRA04638,IFR,1.43,Pending,2024-10-22,,,697,697
FRA04639,Telangana,D007,Jayashankar Bhupalpally,Chityal,Venkateshwarlapally,Claimant_FRA04639,IFR,5.99,Approved,2026-03-03,2026-04-10,38,0,200
FRA04640,Telangana,D018,Mulugu,Venkatapur,Narsapur,Claimant_FRA04640,IFR,4.72,Approved,2023-05-14,2023-05-18,4,0,1224
FRA04641,Telangana,D018,Mulugu,Venkatapur,Narsapur,Claimant_FRA04641,CFR,6.17,Approved,2024-12-20,2025-09-28,282,0,638
FRA04642,Telangana,D002,Bhadradri Kothagudem,Bhadrachalam,Nellipaka,Claimant_FRA04642,IFR,1.28,Approved,2025-12-17,2026-03-02,75,0,276
FRA04643,Telangana,D030,Vikarabad,Tandur,Kotbaspally,Claimant_FRA04643,CFR,6.03,Pending,2025-04-13,,,524,524
FRA04644,Telangana,D013,Mahabubabad,Bayyaram,Garla,Claimant_FRA04644,IFR,6.91,Approved,2022-07-06,2024-05-11,675,0,1536
FRA04645,Telangana,D005,Jagtial,Korutla,Ailapur,Claimant_FRA04645,CFR,7.84,Pending,2024-09-09,,,740,740
FRA04646,Telangana,D028,Siddipet,Husnabad,Pothireddypet,Claimant_FRA04646,CFR,3.88,Approved,2024-10-08,2025-05-30,234,0,711
FRA04647,Telangana,D002,Bhadradri Kothagudem,Bhadrachalam,Nellipaka,Claimant_FRA04647,IFR,3.78,Approved,2022-02-02,2025-03-21,1143,0,1690
FRA04648,Telangana,D032,Warangal,Narsampet,Madhira,Claimant_FRA04648,CFR,5.9,Approved,2024-07-26,2025-05-22,300,0,785
FRA04649,Telangana,D007,Jayashankar Bhupalpally,Regonda,Kannaram,Claimant_FRA04649,CFR,0.79,Pending,2023-07-11,,,1166,1166
FRA04650,Telangana,D003,Hanumakonda,Atmakur,Chowdapur,Claimant_FRA04650,CFR,0.93,Pending,2026-03-01,,,202,202
FRA04651,Telangana,D002,Bhadradri Kothagudem,Manuguru,Anantharam,Claimant_FRA04651,IFR,5.62,Approved,2025-11-19,2025-12-07,18,0,304
FRA04652,Telangana,D011,Khammam,Wyra,Gollapadu,Claimant_FRA04652,IFR,2.92,Pending,2025-10-03,,,351,351
FRA04653,Telangana,D028,Siddipet,Husnabad,Pothireddypet,Claimant_FRA04653,IFR,4.06,Approved,2021-10-13,2021-12-31,79,0,1802
FRA04654,Telangana,D033,Yadadri Bhuvanagiri,Bhongir,Anantharam,Claimant_FRA04654,CFR,2.19,Rejected,2024-10-30,2025-01-12,74,0,689
FRA04655,Telangana,D006,Jangaon,Station Ghanpur,Chilpur,Claimant_FRA04655,CFR,4.43,Rejected,2026-04-06,2026-04-25,19,0,166
FRA04656,Telangana,D001,Adilabad,Boath,Ghanpur,Claimant_FRA04656,IFR,2.75,Approved,2024-05-16,2026-06-10,755,0,856
FRA04657,Telangana,D007,Jayashankar Bhupalpally,Chityal,Venkateshwarlapally,Claimant_FRA04657,CFR,7.08,Rejected,2024-05-11,2026-09-10,852,0,861
FRA04658,Telangana,D002,Bhadradri Kothagudem,Kothagudem,Regalla,Claimant_FRA04658,IFR,1.0,Pending,2023-03-27,,,1272,1272
FRA04659,Telangana,D018,Mulugu,Eturunagaram,Katapur,Claimant_FRA04659,IFR,5.7,Approved,2023-10-29,2026-02-03,828,0,1056
FRA04660,Telangana,D006,Jangaon,Station Ghanpur,Chilpur,Claimant_FRA04660,IFR,6.34,Approved,2026-07-21,2026-08-01,11,0,60
FRA04661,Telangana,D003,Hanumakonda,Atmakur,Chowdapur,Claimant_FRA04661,CFR,7.07,Approved,2022-10-23,2025-07-01,982,0,1427
FRA04662,Telangana,D006,Jangaon,Jangaon,Pasumamula,Claimant_FRA04662,IFR,2.13,Approved,2023-08-08,2024-06-06,303,0,1138
FRA04663,Telangana,D007,Jayashankar Bhupalpally,Chityal,Venkateshwarlapally,Claimant_FRA04663,IFR,7.34,Approved,2022-12-10,2026-05-30,1267,0,1379
FRA04664,Telangana,D006,Jangaon,Station Ghanpur,Chilpur,Claimant_FRA04664,IFR,1.34,Approved,2021-12-18,2025-10-10,1392,0,1736
FRA04665,Telangana,D001,Adilabad,Boath,Ghanpur,Claimant_FRA04665,CFR,1.55,Approved,2022-10-26,2026-07-10,1353,0,1424
FRA04666,Telangana,D023,Nizamabad,Armoor,Mendora,Claimant_FRA04666,IFR,4.05,Approved,2024-04-17,2025-05-08,386,0,885
FRA04667,Telangana,D013,Mahabubabad,Kuravi,Seerole,Claimant_FRA04667,CFR,6.91,Approved,2024-05-02,2026-07-25,814,0,870
FRA04668,Telangana,D013,Mahabubabad,Bayyaram,Garla,Claimant_FRA04668,CFR,0.86,Approved,2022-01-06,2024-05-12,857,0,1717
FRA04669,Telangana,D032,Warangal,Narsampet,Madhira,Claimant_FRA04669,CFR,2.1,Rejected,2025-03-03,2025-08-21,171,0,565
FRA04670,Telangana,D018,Mulugu,Venkatapur,Narsapur,Claimant_FRA04670,CFR,3.91,Approved,2024-06-19,2024-07-03,14,0,822
FRA04671,Telangana,D032,Warangal,Narsampet,Madhira,Claimant_FRA04671,CFR,1.98,Rejected,2024-09-10,2026-07-01,659,0,739
FRA04672,Telangana,D006,Jangaon,Station Ghanpur,Chilpur,Claimant_FRA04672,IFR,6.13,Pending,2025-04-05,,,532,532
FRA04673,Telangana,D019,Nagarkurnool,Amrabad,Mananur,Claimant_FRA04673,CFR,7.41,Approved,2025-12-22,2026-09-01,253,0,271
FRA04674,Telangana,D011,Khammam,Kothagudem,Seetharampuram,Claimant_FRA04674,IFR,7.73,Rejected,2026-05-07,2026-05-18,11,0,135
FRA04675,Telangana,D018,Mulugu,Eturunagaram,Katapur,Claimant_FRA04675,CFR,7.2,Approved,2026-05-08,2026-07-16,69,0,134
FRA04676,Telangana,D028,Siddipet,Husnabad,Pothireddypet,Claimant_FRA04676,CFR,2.66,Approved,2023-04-21,2025-01-06,626,0,1247
FRA04677,Telangana,D001,Adilabad,Narnoor,Kothapalli,Claimant_FRA04677,CFR,5.43,Pending,2026-07-07,,,74,74
FRA04678,Telangana,D007,Jayashankar Bhupalpally,Regonda,Kannaram,Claimant_FRA04678,IFR,4.81,Pending,2026-01-26,,,236,236
FRA04679,Telangana,D003,Hanumakonda,Dharmanagar,Mustial,Claimant_FRA04679,CFR,4.18,Approved,2026-08-17,2026-08-28,11,0,33
FRA04680,Telangana,D018,Mulugu,Eturunagaram,Katapur,Claimant_FRA04680,CFR,3.95,Approved,2025-09-10,2026-02-05,148,0,374
FRA04681,Telangana,D027,Sangareddy,Narayankhed,Kondapur,Claimant_FRA04681,IFR,0.98,Approved,2023-11-08,2025-12-28,781,0,1046
FRA04682,Telangana,D007,Jayashankar Bhupalpally,Chityal,Venkateshwarlapally,Claimant_FRA04682,IFR,2.29,Rejected,2025-02-04,2026-09-02,575,0,592
FRA04683,Telangana,D002,Bhadradri Kothagudem,Bhadrachalam,Nellipaka,Claimant_FRA04683,CFR,0.78,Pending,2025-03-12,,,556,556
FRA04684,Telangana,D020,Nalgonda,Devarakonda,Chinthapally,Claimant_FRA04684,CFR,3.88,Pending,2023-04-21,,,1247,1247
FRA04685,Telangana,D003,Hanumakonda,Dharmanagar,Mustial,Claimant_FRA04685,CFR,6.49,Approved,2021-12-24,2022-02-12,50,0,1730
FRA04686,Telangana,D011,Khammam,Kothagudem,Seetharampuram,Claimant_FRA04686,IFR,1.2,Approved,2025-10-15,2026-02-16,124,0,339
FRA04687,Telangana,D026,Rangareddy,Shabad,Kesaram,Claimant_FRA04687,CFR,5.54,Approved,2022-03-13,2023-05-22,435,0,1651
FRA04688,Telangana,D006,Jangaon,Jangaon,Pasumamula,Claimant_FRA04688,IFR,1.33,Approved,2025-10-09,2025-11-24,46,0,345
FRA04689,Telangana,D005,Jagtial,Korutla,Ailapur,Claimant_FRA04689,IFR,0.53,Approved,2023-04-27,2025-05-23,757,0,1241
FRA04690,Telangana,D006,Jangaon,Station Ghanpur,Chilpur,Claimant_FRA04690,CFR,1.89,Approved,2022-09-01,2025-05-13,985,0,1479
FRA04691,Telangana,D030,Vikarabad,Tandur,Kotbaspally,Claimant_FRA04691,CFR,2.15,Approved,2024-07-13,2026-06-20,707,0,798
FRA04692,Telangana,D018,Mulugu,Venkatapur,Narsapur,Claimant_FRA04692,CFR,3.88,Pending,2021-10-17,,,1798,1798
FRA04693,Telangana,D033,Yadadri Bhuvanagiri,Bhongir,Anantharam,Claimant_FRA04693,CFR,6.51,Approved,2022-09-25,2026-06-24,1368,0,1455
FRA04694,Telangana,D004,Hyderabad,Charminar,Chandrayangutta,Claimant_FRA04694,CFR,6.93,Rejected,2026-07-21,2026-08-30,40,0,60
FRA04695,Telangana,D011,Khammam,Wyra,Gollapadu,Claimant_FRA04695,IFR,7.43,Approved,2024-04-17,2024-07-01,75,0,885
FRA04696,Telangana,D033,Yadadri Bhuvanagiri,Bhongir,Anantharam,Claimant_FRA04696,IFR,0.65,Approved,2023-04-03,2023-10-25,205,0,1265
FRA04697,Telangana,D002,Bhadradri Kothagudem,Bhadrachalam,Nellipaka,Claimant_FRA04697,IFR,3.59,Pending,2025-10-21,,,333,333
FRA04698,Telangana,D018,Mulugu,Eturunagaram,Katapur,Claimant_FRA04698,IFR,1.42,Pending,2023-03-27,,,1272,1272
FRA04699,Telangana,D004,Hyderabad,Amberpet,Azampura,Claimant_FRA04699,CFR,7.0,Pending,2026-02-02,,,229,229
FRA04700,Telangana,D005,Jagtial,Korutla,Ailapur,Claimant_FRA04700,CFR,3.39,Approved,2023-08-14,2024-03-31,230,0,1132
FRA04701,Telangana,D002,Bhadradri Kothagudem,Bhadrachalam,Nellipaka,Claimant_FRA04701,CFR,4.22,Approved,2024-12-31,2025-09-23,266,0,627
FRA04702,Telangana,D003,Hanumakonda,Dharmanagar,Mustial,Claimant_FRA04702,IFR,2.26,Pending,2026-01-15,,,247,247
FRA04703,Telangana,D003,Hanumakonda,Dharmanagar,Mustial,Claimant_FRA04703,CFR,5.74,Approved,2022-10-23,2023-08-13,294,0,1427
FRA04704,Telangana,D019,Nagarkurnool,Amrabad,Mananur,Claimant_FRA04704,CFR,2.09,Approved,2023-05-04,2026-02-19,1022,0,1234
FRA04705,Telangana,D003,Hanumakonda,Dharmanagar,Mustial,Claimant_FRA04705,IFR,3.44,Approved,2023-05-09,2024-06-12,400,0,1229
FRA04706,Telangana,D013,Mahabubabad,Bayyaram,Garla,Claimant_FRA04706,CFR,5.85,Pending,2024-03-25,,,908,908
FRA04707,Telangana,D020,Nalgonda,Devarakonda,Chinthapally,Claimant_FRA04707,IFR,1.47,Pending,2025-08-16,,,399,399
FRA04708,Telangana,D004,Hyderabad,Amberpet,Azampura,Claimant_FRA04708,CFR,3.48,Approved,2022-06-16,2024-06-04,719,0,1556
FRA04709,Telangana,D033,Yadadri Bhuvanagiri,Bhongir,Anantharam,Claimant_FRA04709,IFR,5.1,Rejected,2022-11-28,2026-04-01,1220,0,1391
FRA04710,Telangana,D005,Jagtial,Korutla,Ailapur,Claimant_FRA04710,CFR,2.33,Approved,2025-09-11,2025-09-30,19,0,373
FRA04711,Telangana,D001,Adilabad,Boath,Ghanpur,Claimant_FRA04711,CFR,2.95,Approved,2023-08-21,2024-10-25,431,0,1125
FRA04712,Telangana,D006,Jangaon,Jangaon,Pasumamula,Claimant_FRA04712,IFR,3.26,Approved,2023-05-26,2025-12-04,923,0,1212
FRA04713,Telangana,D019,Nagarkurnool,Amrabad,Mananur,Claimant_FRA04713,IFR,4.37,Approved,2024-01-25,2026-07-20,907,0,968
FRA04714,Telangana,D004,Hyderabad,Charminar,Chandrayangutta,Claimant_FRA04714,IFR,4.73,Pending,2022-04-16,,,1617,1617
FRA04715,Telangana,D033,Yadadri Bhuvanagiri,Bhongir,Anantharam,Claimant_FRA04715,CFR,7.88,Pending,2026-04-12,,,160,160
FRA04716,Telangana,D002,Bhadradri Kothagudem,Bhadrachalam,Nellipaka,Claimant_FRA04716,CFR,6.61,Approved,2023-10-18,2024-10-16,364,0,1067
FRA04717,Telangana,D004,Hyderabad,Charminar,Chandrayangutta,Claimant_FRA04717,CFR,3.71,Approved,2026-07-02,2026-08-15,44,0,79
FRA04718,Telangana,D030,Vikarabad,Tandur,Kotbaspally,Claimant_FRA04718,CFR,7.75,Approved,2025-06-07,2025-11-15,161,0,469
FRA04719,Telangana,D003,Hanumakonda,Dharmanagar,Mustial,Claimant_FRA04719,IFR,6.79,Approved,2025-03-15,2026-08-09,512,0,553
FRA04720,Telangana,D032,Warangal,Narsampet,Madhira,Claimant_FRA04720,CFR,0.72,Approved,2023-11-30,2026-05-26,908,0,1024
FRA04721,Telangana,D013,Mahabubabad,Bayyaram,Garla,Claimant_FRA04721,IFR,1.88,Pending,2026-08-13,,,37,37
FRA04722,Telangana,D007,Jayashankar Bhupalpally,Regonda,Kannaram,Claimant_FRA04722,IFR,7.95,Approved,2023-08-24,2024-04-28,248,0,1122
FRA04723,Telangana,D030,Vikarabad,Tandur,Kotbaspally,Claimant_FRA04723,IFR,6.07,Pending,2025-12-13,,,280,280
FRA04724,Telangana,D027,Sangareddy,Narayankhed,Kondapur,Claimant_FRA04724,IFR,6.08,Approved,2023-07-27,2024-06-01,310,0,1150
FRA04725,Telangana,D018,Mulugu,Venkatapur,Narsapur,Claimant_FRA04725,CFR,3.33,Rejected,2026-02-19,2026-03-11,20,0,212
FRA04726,Telangana,D020,Nalgonda,Devarakonda,Chinthapally,Claimant_FRA04726,CFR,6.61,Approved,2022-05-26,2026-07-09,1505,0,1577
FRA04727,Telangana,D004,Hyderabad,Charminar,Chandrayangutta,Claimant_FRA04727,IFR,1.82,Approved,2025-07-09,2025-08-29,51,0,437
FRA04728,Telangana,D003,Hanumakonda,Atmakur,Chowdapur,Claimant_FRA04728,CFR,2.31,Pending,2024-09-03,,,746,746
FRA04729,Telangana,D033,Yadadri Bhuvanagiri,Bhongir,Anantharam,Claimant_FRA04729,IFR,6.89,Rejected,2026-03-25,2026-07-28,125,0,178
FRA04730,Telangana,D028,Siddipet,Husnabad,Pothireddypet,Claimant_FRA04730,IFR,3.91,Approved,2024-06-13,2025-05-02,323,0,828
FRA04731,Telangana,D033,Yadadri Bhuvanagiri,Bhongir,Anantharam,Claimant_FRA04731,IFR,2.98,Approved,2024-10-18,2026-07-06,626,0,701
FRA04732,Telangana,D006,Jangaon,Station Ghanpur,Chilpur,Claimant_FRA04732,CFR,7.85,Approved,2026-08-18,2026-09-05,18,0,32
FRA04733,Telangana,D013,Mahabubabad,Bayyaram,Garla,Claimant_FRA04733,CFR,7.05,Pending,2026-04-17,,,155,155
FRA04734,Telangana,D007,Jayashankar Bhupalpally,Regonda,Kannaram,Claimant_FRA04734,CFR,2.36,Approved,2023-12-30,2024-03-17,78,0,994
FRA04735,Telangana,D032,Warangal,Narsampet,Madhira,Claimant_FRA04735,IFR,5.32,Rejected,2022-11-29,2024-09-29,670,0,1390
FRA04736,Telangana,D003,Hanumakonda,Atmakur,Chowdapur,Claimant_FRA04736,CFR,3.96,Approved,2024-02-15,2024-07-21,157,0,947
FRA04737,Telangana,D030,Vikarabad,Tandur,Kotbaspally,Claimant_FRA04737,CFR,6.67,Rejected,2023-09-02,2024-11-21,446,0,1113
FRA04738,Telangana,D032,Warangal,Narsampet,Madhira,Claimant_FRA04738,CFR,0.97,Pending,2026-05-30,,,112,112
FRA04739,Telangana,D011,Khammam,Kothagudem,Seetharampuram,Claimant_FRA04739,IFR,1.05,Approved,2021-10-10,2025-10-14,1465,0,1805
FRA04740,Telangana,D004,Hyderabad,Charminar,Chandrayangutta,Claimant_FRA04740,IFR,4.91,Pending,2025-12-14,,,279,279
FRA04741,Telangana,D003,Hanumakonda,Atmakur,Chowdapur,Claimant_FRA04741,CFR,2.19,Rejected,2021-10-06,2025-04-29,1301,0,1809
FRA04742,Telangana,D028,Siddipet,Husnabad,Pothireddypet,Claimant_FRA04742,CFR,4.33,Pending,2024-11-23,,,665,665
FRA04743,Telangana,D018,Mulugu,Venkatapur,Narsapur,Claimant_FRA04743,CFR,0.51,Approved,2024-11-12,2026-02-08,453,0,676
FRA04744,Telangana,D028,Siddipet,Husnabad,Pothireddypet,Claimant_FRA04744,CFR,4.74,Pending,2025-08-25,,,390,390
FRA04745,Telangana,D018,Mulugu,Eturunagaram,Katapur,Claimant_FRA04745,IFR,1.9,Approved,2021-09-23,2025-07-18,1394,0,1822
FRA04746,Telangana,D002,Bhadradri Kothagudem,Manuguru,Anantharam,Claimant_FRA04746,IFR,4.64,Pending,2021-11-23,,,1761,1761
FRA04747,Telangana,D002,Bhadradri Kothagudem,Manuguru,Anantharam,Claimant_FRA04747,IFR,4.43,Pending,2022-08-26,,,1485,1485
FRA04748,Telangana,D005,Jagtial,Korutla,Ailapur,Claimant_FRA04748,IFR,6.04,Rejected,2024-05-15,2024-11-23,192,0,857
FRA04749,Telangana,D001,Adilabad,Boath,Ghanpur,Claimant_FRA04749,IFR,3.24,Approved,2026-04-09,2026-09-18,162,0,163
FRA04750,Telangana,D003,Hanumakonda,Atmakur,Chowdapur,Claimant_FRA04750,IFR,1.89,Approved,2026-08-08,2026-08-20,12,0,42
FRA04751,Telangana,D011,Khammam,Kothagudem,Seetharampuram,Claimant_FRA04751,CFR,2.43,Approved,2025-11-03,2026-02-18,107,0,320
FRA04752,Telangana,D027,Sangareddy,Narayankhed,Kondapur,Claimant_FRA04752,IFR,2.13,Approved,2025-01-10,2025-10-26,289,0,617
FRA04753,Telangana,D018,Mulugu,Eturunagaram,Katapur,Claimant_FRA04753,CFR,4.24,Pending,2024-11-08,,,680,680
FRA04754,Telangana,D023,Nizamabad,Armoor,Mendora,Claimant_FRA04754,CFR,4.89,Pending,2023-08-30,,,1116,1116
FRA04755,Telangana,D002,Bhadradri Kothagudem,Manuguru,Anantharam,Claimant_FRA04755,IFR,6.44,Pending,2022-02-22,,,1670,1670
FRA04756,Telangana,D018,Mulugu,Venkatapur,Narsapur,Claimant_FRA04756,IFR,5.03,Rejected,2026-05-23,2026-07-26,64,0,119
FRA04757,Telangana,D018,Mulugu,Eturunagaram,Katapur,Claimant_FRA04757,IFR,2.05,Rejected,2026-06-12,2026-07-20,38,0,99
FRA04758,Telangana,D007,Jayashankar Bhupalpally,Regonda,Kannaram,Claimant_FRA04758,CFR,4.78,Rejected,2025-08-03,2026-08-03,365,0,412
FRA04759,Telangana,D001,Adilabad,Boath,Ghanpur,Claimant_FRA04759,IFR,5.58,Pending,2022-07-14,,,1528,1528
FRA04760,Telangana,D002,Bhadradri Kothagudem,Manuguru,Anantharam,Claimant_FRA04760,IFR,1.13,Approved,2022-01-01,2024-05-14,864,0,1722
FRA04761,Telangana,D001,Adilabad,Narnoor,Kothapalli,Claimant_FRA04761,CFR,5.51,Approved,2023-07-15,2024-05-25,315,0,1162
FRA04762,Telangana,D002,Bhadradri Kothagudem,Kothagudem,Regalla,Claimant_FRA04762,CFR,6.79,Rejected,2026-03-13,2026-05-16,64,0,190
FRA04763,Telangana,D033,Yadadri Bhuvanagiri,Bhongir,Anantharam,Claimant_FRA04763,IFR,3.81,Approved,2023-10-09,2024-07-01,266,0,1076
FRA04764,Telangana,D018,Mulugu,Eturunagaram,Katapur,Claimant_FRA04764,IFR,4.14,Pending,2024-11-09,,,679,679
FRA04765,Telangana,D002,Bhadradri Kothagudem,Bhadrachalam,Nellipaka,Claimant_FRA04765,IFR,3.67,Approved,2022-07-12,2024-03-11,608,0,1530
FRA04766,Telangana,D002,Bhadradri Kothagudem,Bhadrachalam,Nellipaka,Claimant_FRA04766,CFR,5.1,Approved,2025-12-14,2026-03-18,94,0,279
FRA04767,Telangana,D013,Mahabubabad,Bayyaram,Garla,Claimant_FRA04767,IFR,7.45,Approved,2025-08-28,2026-02-23,179,0,387
FRA04768,Telangana,D028,Siddipet,Husnabad,Pothireddypet,Claimant_FRA04768,CFR,2.61,Approved,2022-02-05,2024-07-25,901,0,1687
FRA04769,Telangana,D004,Hyderabad,Charminar,Chandrayangutta,Claimant_FRA04769,IFR,1.72,Rejected,2022-08-09,2023-12-19,497,0,1502
FRA04770,Telangana,D026,Rangareddy,Shabad,Kesaram,Claimant_FRA04770,IFR,6.58,Approved,2023-03-25,2024-09-01,526,0,1274
FRA04771,Telangana,D002,Bhadradri Kothagudem,Kothagudem,Regalla,Claimant_FRA04771,IFR,4.1,Approved,2026-01-25,2026-07-27,183,0,237
FRA04772,Telangana,D013,Mahabubabad,Kuravi,Seerole,Claimant_FRA04772,CFR,5.46,Approved,2022-12-10,2026-01-05,1122,0,1379
FRA04773,Telangana,D013,Mahabubabad,Kuravi,Seerole,Claimant_FRA04773,IFR,6.0,Approved,2022-04-13,2022-04-17,4,0,1620
FRA04774,Telangana,D006,Jangaon,Station Ghanpur,Chilpur,Claimant_FRA04774,CFR,6.02,Approved,2022-07-31,2024-03-17,595,0,1511
FRA04775,Telangana,D003,Hanumakonda,Dharmanagar,Mustial,Claimant_FRA04775,CFR,2.4,Pending,2025-12-19,,,274,274
FRA04776,Telangana,D013,Mahabubabad,Kuravi,Seerole,Claimant_FRA04776,CFR,6.18,Approved,2023-04-21,2025-11-19,943,0,1247
FRA04777,Telangana,D030,Vikarabad,Tandur,Kotbaspally,Claimant_FRA04777,IFR,0.68,Approved,2021-10-02,2025-03-16,1261,0,1813
FRA04778,Telangana,D023,Nizamabad,Armoor,Mendora,Claimant_FRA04778,CFR,6.36,Approved,2022-03-06,2024-06-08,825,0,1658
FRA04779,Telangana,D002,Bhadradri Kothagudem,Manuguru,Anantharam,Claimant_FRA04779,CFR,6.98,Approved,2024-05-25,2026-09-03,831,0,847
FRA04780,Telangana,D004,Hyderabad,Charminar,Chandrayangutta,Claimant_FRA04780,IFR,3.63,Pending,2025-09-13,,,371,371
FRA04781,Telangana,D001,Adilabad,Narnoor,Kothapalli,Claimant_FRA04781,IFR,7.3,Rejected,2022-06-19,2024-08-16,789,0,1553
FRA04782,Telangana,D002,Bhadradri Kothagudem,Kothagudem,Regalla,Claimant_FRA04782,IFR,4.74,Approved,2023-10-13,2025-04-02,537,0,1072
FRA04783,Telangana,D002,Bhadradri Kothagudem,Manuguru,Anantharam,Claimant_FRA04783,IFR,2.91,Pending,2024-09-20,,,729,729
FRA04784,Telangana,D018,Mulugu,Eturunagaram,Katapur,Claimant_FRA04784,IFR,6.09,Approved,2024-05-09,2024-10-21,165,0,863
FRA04785,Telangana,D028,Siddipet,Husnabad,Pothireddypet,Claimant_FRA04785,IFR,7.84,Approved,2026-05-19,2026-06-22,34,0,123
FRA04786,Telangana,D013,Mahabubabad,Bayyaram,Garla,Claimant_FRA04786,CFR,6.29,Approved,2021-12-25,2023-03-06,436,0,1729
FRA04787,Telangana,D002,Bhadradri Kothagudem,Kothagudem,Regalla,Claimant_FRA04787,IFR,4.68,Approved,2025-05-16,2026-06-04,384,0,491
FRA04788,Telangana,D005,Jagtial,Metpally,Vellulla,Claimant_FRA04788,CFR,3.47,Approved,2025-07-21,2025-07-27,6,0,425
FRA04789,Telangana,D003,Hanumakonda,Atmakur,Chowdapur,Claimant_FRA04789,IFR,3.3,Pending,2025-11-24,,,299,299
FRA04790,Telangana,D006,Jangaon,Station Ghanpur,Chilpur,Claimant_FRA04790,CFR,6.96,Pending,2024-08-20,,,760,760
FRA04791,Telangana,D018,Mulugu,Eturunagaram,Katapur,Claimant_FRA04791,CFR,0.63,Pending,2024-12-14,,,644,644
FRA04792,Telangana,D011,Khammam,Wyra,Gollapadu,Claimant_FRA04792,IFR,0.8,Approved,2023-02-22,2026-04-17,1150,0,1305
FRA04793,Telangana,D018,Mulugu,Eturunagaram,Katapur,Claimant_FRA04793,CFR,6.55,Pending,2023-03-30,,,1269,1269
FRA04794,Telangana,D005,Jagtial,Korutla,Ailapur,Claimant_FRA04794,IFR,5.22,Approved,2023-04-21,2023-06-06,46,0,1247
FRA04795,Telangana,D005,Jagtial,Metpally,Vellulla,Claimant_FRA04795,IFR,4.35,Approved,2026-06-20,2026-08-24,65,0,91
FRA04796,Telangana,D003,Hanumakonda,Dharmanagar,Mustial,Claimant_FRA04796,CFR,5.25,Rejected,2026-05-10,2026-06-29,50,0,132
FRA04797,Telangana,D007,Jayashankar Bhupalpally,Chityal,Venkateshwarlapally,Claimant_FRA04797,IFR,5.0,Rejected,2023-03-07,2024-07-06,487,0,1292
FRA04798,Telangana,D003,Hanumakonda,Dharmanagar,Mustial,Claimant_FRA04798,CFR,6.58,Approved,2025-03-12,2025-09-06,178,0,556
FRA04799,Telangana,D004,Hyderabad,Amberpet,Azampura,Claimant_FRA04799,IFR,1.88,Approved,2025-01-11,2025-10-18,280,0,616
FRA04800,Telangana,D019,Nagarkurnool,Amrabad,Mananur,Claimant_FRA04800,CFR,3.07,Rejected,2023-10-22,2024-10-17,361,0,1063
FRA04801,Telangana,D004,Hyderabad,Amberpet,Azampura,Claimant_FRA04801,IFR,0.98,Pending,2023-07-23,,,1154,1154
FRA04802,Telangana,D013,Mahabubabad,Kuravi,Seerole,Claimant_FRA04802,IFR,6.58,Pending,2022-09-24,,,1456,1456
FRA04803,Telangana,D001,Adilabad,Narnoor,Kothapalli,Claimant_FRA04803,CFR,3.91,Pending,2025-08-24,,,391,391
FRA04804,Telangana,D011,Khammam,Wyra,Gollapadu,Claimant_FRA04804,CFR,4.75,Rejected,2024-11-13,2026-02-02,446,0,675
FRA04805,Telangana,D027,Sangareddy,Narayankhed,Kondapur,Claimant_FRA04805,CFR,7.79,Approved,2022-11-24,2026-04-15,1238,0,1395
FRA04806,Telangana,D002,Bhadradri Kothagudem,Kothagudem,Regalla,Claimant_FRA04806,IFR,6.42,Pending,2022-02-02,,,1690,1690
FRA04807,Telangana,D019,Nagarkurnool,Amrabad,Mananur,Claimant_FRA04807,CFR,1.42,Pending,2025-05-20,,,487,487
FRA04808,Telangana,D030,Vikarabad,Tandur,Kotbaspally,Claimant_FRA04808,IFR,1.16,Pending,2023-11-25,,,1029,1029
FRA04809,Telangana,D018,Mulugu,Eturunagaram,Katapur,Claimant_FRA04809,IFR,5.12,Approved,2023-11-04,2025-01-28,451,0,1050
FRA04810,Telangana,D019,Nagarkurnool,Amrabad,Mananur,Claimant_FRA04810,CFR,1.02,Approved,2025-07-21,2026-02-04,198,0,425
FRA04811,Telangana,D033,Yadadri Bhuvanagiri,Bhongir,Anantharam,Claimant_FRA04811,CFR,7.19,Rejected,2024-05-29,2025-09-24,483,0,843
FRA04812,Telangana,D032,Warangal,Narsampet,Madhira,Claimant_FRA04812,CFR,0.94,Pending,2024-07-02,,,809,809
FRA04813,Telangana,D007,Jayashankar Bhupalpally,Chityal,Venkateshwarlapally,Claimant_FRA04813,CFR,2.85,Approved,2021-11-16,2024-02-07,813,0,1768
FRA04814,Telangana,D011,Khammam,Wyra,Gollapadu,Claimant_FRA04814,IFR,1.43,Pending,2023-10-05,,,1080,1080
FRA04815,Telangana,D004,Hyderabad,Amberpet,Azampura,Claimant_FRA04815,CFR,6.97,Pending,2021-11-07,,,1777,1777
FRA04816,Telangana,D023,Nizamabad,Armoor,Mendora,Claimant_FRA04816,CFR,1.46,Approved,2025-10-15,2025-12-12,58,0,339
FRA04817,Telangana,D030,Vikarabad,Tandur,Kotbaspally,Claimant_FRA04817,IFR,7.99,Approved,2026-02-05,2026-06-12,127,0,226
FRA04818,Telangana,D006,Jangaon,Jangaon,Pasumamula,Claimant_FRA04818,CFR,1.94,Rejected,2025-05-10,2026-05-14,369,0,497
FRA04819,Telangana,D001,Adilabad,Utnoor,Devapur,Claimant_FRA04819,IFR,2.01,Approved,2021-10-16,2026-08-14,1763,0,1799
FRA04820,Telangana,D023,Nizamabad,Armoor,Mendora,Claimant_FRA04820,IFR,7.11,Approved,2021-10-01,2022-12-12,437,0,1814
FRA04821,Telangana,D007,Jayashankar Bhupalpally,Regonda,Kannaram,Claimant_FRA04821,CFR,3.59,Approved,2023-03-21,2025-03-12,722,0,1278
FRA04822,Telangana,D032,Warangal,Narsampet,Madhira,Claimant_FRA04822,IFR,2.1,Approved,2025-12-09,2026-03-27,108,0,284
FRA04823,Telangana,D002,Bhadradri Kothagudem,Kothagudem,Regalla,Claimant_FRA04823,CFR,7.67,Pending,2022-12-11,,,1378,1378
FRA04824,Telangana,D002,Bhadradri Kothagudem,Bhadrachalam,Nellipaka,Claimant_FRA04824,CFR,4.95,Rejected,2024-04-20,2025-08-14,481,0,882
FRA04825,Telangana,D007,Jayashankar Bhupalpally,Chityal,Venkateshwarlapally,Claimant_FRA04825,CFR,0.71,Rejected,2024-07-04,2025-06-13,344,0,807
FRA04826,Telangana,D030,Vikarabad,Tandur,Kotbaspally,Claimant_FRA04826,IFR,7.83,Approved,2021-11-05,2026-05-20,1657,0,1779
FRA04827,Telangana,D011,Khammam,Wyra,Gollapadu,Claimant_FRA04827,CFR,7.63,Rejected,2026-07-13,2026-08-05,23,0,68
FRA04828,Telangana,D020,Nalgonda,Devarakonda,Chinthapally,Claimant_FRA04828,CFR,4.29,Pending,2023-02-18,,,1309,1309
FRA04829,Telangana,D011,Khammam,Wyra,Gollapadu,Claimant_FRA04829,CFR,0.69,Approved,2023-12-07,2025-05-30,540,0,1017
FRA04830,Telangana,D003,Hanumakonda,Dharmanagar,Mustial,Claimant_FRA04830,IFR,7.98,Pending,2024-05-30,,,842,842
FRA04831,Telangana,D020,Nalgonda,Devarakonda,Chinthapally,Claimant_FRA04831,CFR,3.79,Pending,2023-09-08,,,1107,1107
FRA04832,Telangana,D006,Jangaon,Jangaon,Pasumamula,Claimant_FRA04832,IFR,5.85,Approved,2024-03-09,2025-07-13,491,0,924
FRA04833,Telangana,D003,Hanumakonda,Dharmanagar,Mustial,Claimant_FRA04833,CFR,4.81,Pending,2023-08-21,,,1125,1125
FRA04834,Telangana,D001,Adilabad,Utnoor,Devapur,Claimant_FRA04834,CFR,5.57,Approved,2024-03-20,2024-10-02,196,0,913
FRA04835,Telangana,D028,Siddipet,Husnabad,Pothireddypet,Claimant_FRA04835,IFR,2.81,Approved,2022-10-26,2026-04-03,1255,0,1424
FRA04836,Telangana,D004,Hyderabad,Charminar,Chandrayangutta,Claimant_FRA04836,IFR,3.57,Approved,2022-12-26,2023-04-05,100,0,1363
FRA04837,Telangana,D004,Hyderabad,Amberpet,Azampura,Claimant_FRA04837,IFR,0.84,Approved,2023-10-30,2025-12-25,787,0,1055
FRA04838,Telangana,D011,Khammam,Kothagudem,Seetharampuram,Claimant_FRA04838,CFR,3.01,Pending,2024-12-05,,,653,653
FRA04839,Telangana,D013,Mahabubabad,Bayyaram,Garla,Claimant_FRA04839,IFR,4.83,Approved,2024-10-23,2025-07-08,258,0,696
FRA04840,Telangana,D011,Khammam,Wyra,Gollapadu,Claimant_FRA04840,CFR,5.69,Approved,2023-04-10,2024-12-29,629,0,1258
FRA04841,Telangana,D027,Sangareddy,Narayankhed,Kondapur,Claimant_FRA04841,CFR,7.97,Approved,2025-03-02,2025-04-23,52,0,566
FRA04842,Telangana,D001,Adilabad,Utnoor,Devapur,Claimant_FRA04842,IFR,3.67,Approved,2023-05-30,2024-06-04,371,0,1208
FRA04843,Telangana,D019,Nagarkurnool,Amrabad,Mananur,Claimant_FRA04843,IFR,5.16,Approved,2026-03-27,2026-08-16,142,0,176
FRA04844,Telangana,D013,Mahabubabad,Kuravi,Seerole,Claimant_FRA04844,CFR,6.55,Approved,2022-01-12,2023-10-26,652,0,1711
FRA04845,Telangana,D013,Mahabubabad,Bayyaram,Garla,Claimant_FRA04845,CFR,1.67,Pending,2023-06-23,,,1184,1184
FRA04846,Telangana,D018,Mulugu,Eturunagaram,Katapur,Claimant_FRA04846,IFR,1.12,Approved,2022-03-10,2022-08-12,155,0,1654
FRA04847,Telangana,D027,Sangareddy,Narayankhed,Kondapur,Claimant_FRA04847,IFR,2.56,Approved,2024-03-12,2026-01-16,675,0,921
FRA04848,Telangana,D028,Siddipet,Husnabad,Pothireddypet,Claimant_FRA04848,CFR,1.99,Pending,2021-11-10,,,1774,1774
FRA04849,Telangana,D001,Adilabad,Boath,Ghanpur,Claimant_FRA04849,IFR,3.2,Rejected,2026-07-29,2026-09-02,35,0,52
FRA04850,Telangana,D001,Adilabad,Utnoor,Devapur,Claimant_FRA04850,CFR,6.96,Approved,2025-12-06,2026-05-18,163,0,287
FRA04851,Telangana,D013,Mahabubabad,Kuravi,Seerole,Claimant_FRA04851,IFR,2.41,Approved,2022-04-07,2026-02-15,1410,0,1626
FRA04852,Telangana,D018,Mulugu,Venkatapur,Narsapur,Claimant_FRA04852,IFR,3.7,Approved,2023-05-07,2023-12-04,211,0,1231
FRA04853,Telangana,D028,Siddipet,Husnabad,Pothireddypet,Claimant_FRA04853,IFR,6.98,Approved,2024-11-02,2026-05-20,564,0,686
FRA04854,Telangana,D030,Vikarabad,Tandur,Kotbaspally,Claimant_FRA04854,CFR,1.44,Approved,2022-08-22,2026-05-16,1363,0,1489
FRA04855,Telangana,D013,Mahabubabad,Bayyaram,Garla,Claimant_FRA04855,CFR,6.75,Approved,2026-04-29,2026-06-19,51,0,143
FRA04856,Telangana,D020,Nalgonda,Devarakonda,Chinthapally,Claimant_FRA04856,IFR,7.08,Rejected,2026-03-08,2026-06-09,93,0,195
FRA04857,Telangana,D001,Adilabad,Utnoor,Devapur,Claimant_FRA04857,CFR,2.95,Pending,2023-01-17,,,1341,1341
FRA04858,Telangana,D033,Yadadri Bhuvanagiri,Bhongir,Anantharam,Claimant_FRA04858,IFR,4.36,Pending,2024-10-16,,,703,703
FRA04859,Telangana,D033,Yadadri Bhuvanagiri,Bhongir,Anantharam,Claimant_FRA04859,CFR,3.57,Pending,2022-03-22,,,1642,1642
FRA04860,Telangana,D007,Jayashankar Bhupalpally,Regonda,Kannaram,Claimant_FRA04860,IFR,5.31,Pending,2025-01-04,,,623,623
FRA04861,Telangana,D011,Khammam,Wyra,Gollapadu,Claimant_FRA04861,IFR,3.72,Approved,2024-07-23,2025-11-16,481,0,788
FRA04862,Telangana,D020,Nalgonda,Devarakonda,Chinthapally,Claimant_FRA04862,CFR,2.99,Pending,2026-02-23,,,208,208
FRA04863,Telangana,D011,Khammam,Wyra,Gollapadu,Claimant_FRA04863,CFR,3.99,Approved,2023-10-05,2024-02-09,127,0,1080
FRA04864,Telangana,D006,Jangaon,Station Ghanpur,Chilpur,Claimant_FRA04864,CFR,1.31,Pending,2024-10-06,,,713,713
FRA04865,Telangana,D004,Hyderabad,Amberpet,Azampura,Claimant_FRA04865,CFR,5.33,Approved,2026-04-05,2026-04-26,21,0,167
FRA04866,Telangana,D033,Yadadri Bhuvanagiri,Bhongir,Anantharam,Claimant_FRA04866,CFR,5.99,Pending,2022-07-17,,,1525,1525
FRA04867,Telangana,D007,Jayashankar Bhupalpally,Chityal,Venkateshwarlapally,Claimant_FRA04867,CFR,2.1,Approved,2022-11-10,2025-12-08,1124,0,1409
FRA04868,Telangana,D006,Jangaon,Station Ghanpur,Chilpur,Claimant_FRA04868,CFR,5.79,Pending,2023-02-10,,,1317,1317
FRA04869,Telangana,D030,Vikarabad,Tandur,Kotbaspally,Claimant_FRA04869,CFR,4.02,Approved,2024-05-05,2024-07-12,68,0,867
FRA04870,Telangana,D011,Khammam,Wyra,Gollapadu,Claimant_FRA04870,CFR,0.64,Approved,2024-12-16,2025-10-18,306,0,642
FRA04871,Telangana,D003,Hanumakonda,Atmakur,Chowdapur,Claimant_FRA04871,CFR,4.64,Approved,2024-05-29,2025-11-20,540,0,843
FRA04872,Telangana,D028,Siddipet,Husnabad,Pothireddypet,Claimant_FRA04872,IFR,3.73,Rejected,2026-07-23,2026-09-13,52,0,58
FRA04873,Telangana,D020,Nalgonda,Devarakonda,Chinthapally,Claimant_FRA04873,CFR,7.93,Approved,2024-07-02,2024-12-18,169,0,809
FRA04874,Telangana,D007,Jayashankar Bhupalpally,Regonda,Kannaram,Claimant_FRA04874,IFR,5.02,Pending,2025-03-17,,,551,551
FRA04875,Telangana,D011,Khammam,Kothagudem,Seetharampuram,Claimant_FRA04875,CFR,3.11,Pending,2023-12-05,,,1019,1019
FRA04876,Telangana,D033,Yadadri Bhuvanagiri,Bhongir,Anantharam,Claimant_FRA04876,CFR,7.77,Approved,2022-04-06,2024-02-18,683,0,1627
FRA04877,Telangana,D001,Adilabad,Boath,Ghanpur,Claimant_FRA04877,CFR,0.88,Approved,2023-05-16,2026-02-12,1003,0,1222
FRA04878,Telangana,D003,Hanumakonda,Atmakur,Chowdapur,Claimant_FRA04878,CFR,1.05,Approved,2022-08-20,2026-07-19,1429,0,1491
FRA04879,Telangana,D033,Yadadri Bhuvanagiri,Bhongir,Anantharam,Claimant_FRA04879,IFR,1.55,Approved,2023-10-03,2026-02-08,859,0,1082
FRA04880,Telangana,D011,Khammam,Wyra,Gollapadu,Claimant_FRA04880,CFR,5.69,Pending,2023-10-04,,,1081,1081
FRA04881,Telangana,D004,Hyderabad,Amberpet,Azampura,Claimant_FRA04881,IFR,5.13,Approved,2023-10-13,2026-03-04,873,0,1072
FRA04882,Telangana,D005,Jagtial,Korutla,Ailapur,Claimant_FRA04882,IFR,1.28,Approved,2022-12-10,2024-01-07,393,0,1379
FRA04883,Telangana,D026,Rangareddy,Shabad,Kesaram,Claimant_FRA04883,IFR,1.51,Pending,2022-07-14,,,1528,1528
FRA04884,Telangana,D004,Hyderabad,Charminar,Chandrayangutta,Claimant_FRA04884,CFR,2.59,Pending,2022-09-02,,,1478,1478
FRA04885,Telangana,D001,Adilabad,Narnoor,Kothapalli,Claimant_FRA04885,IFR,7.68,Approved,2024-07-31,2024-09-21,52,0,780
FRA04886,Telangana,D005,Jagtial,Korutla,Ailapur,Claimant_FRA04886,IFR,7.34,Pending,2024-05-21,,,851,851
FRA04887,Telangana,D026,Rangareddy,Shabad,Kesaram,Claimant_FRA04887,IFR,6.02,Pending,2023-10-12,,,1073,1073
FRA04888,Telangana,D004,Hyderabad,Amberpet,Azampura,Claimant_FRA04888,CFR,7.81,Approved,2022-06-27,2024-02-19,602,0,1545
FRA04889,Telangana,D033,Yadadri Bhuvanagiri,Bhongir,Anantharam,Claimant_FRA04889,IFR,0.93,Approved,2026-02-11,2026-06-29,138,0,220
FRA04890,Telangana,D013,Mahabubabad,Kuravi,Seerole,Claimant_FRA04890,CFR,3.14,Pending,2023-09-26,,,1089,1089
FRA04891,Telangana,D018,Mulugu,Eturunagaram,Katapur,Claimant_FRA04891,IFR,5.68,Pending,2022-05-01,,,1602,1602
FRA04892,Telangana,D011,Khammam,Wyra,Gollapadu,Claimant_FRA04892,IFR,3.29,Approved,2022-09-22,2025-08-13,1056,0,1458
FRA04893,Telangana,D013,Mahabubabad,Kuravi,Seerole,Claimant_FRA04893,IFR,4.37,Approved,2022-08-18,2025-11-02,1172,0,1493
FRA04894,Telangana,D011,Khammam,Kothagudem,Seetharampuram,Claimant_FRA04894,IFR,1.73,Approved,2025-06-17,2026-06-16,364,0,459
FRA04895,Telangana,D028,Siddipet,Husnabad,Pothireddypet,Claimant_FRA04895,IFR,6.66,Approved,2026-05-25,2026-06-29,35,0,117
FRA04896,Telangana,D001,Adilabad,Narnoor,Kothapalli,Claimant_FRA04896,CFR,4.26,Approved,2024-02-26,2024-03-22,25,0,936
FRA04897,Telangana,D023,Nizamabad,Armoor,Mendora,Claimant_FRA04897,CFR,3.79,Approved,2022-09-25,2026-08-14,1419,0,1455
FRA04898,Telangana,D001,Adilabad,Utnoor,Devapur,Claimant_FRA04898,IFR,4.54,Approved,2025-04-04,2026-05-22,413,0,533
FRA04899,Telangana,D019,Nagarkurnool,Amrabad,Mananur,Claimant_FRA04899,CFR,5.27,Rejected,2023-04-05,2025-02-14,681,0,1263
FRA04900,Telangana,D019,Nagarkurnool,Amrabad,Mananur,Claimant_FRA04900,IFR,7.75,Pending,2025-01-19,,,608,608
FRA04901,Telangana,D001,Adilabad,Narnoor,Kothapalli,Claimant_FRA04901,CFR,7.14,Pending,2026-08-08,,,42,42
FRA04902,Telangana,D003,Hanumakonda,Dharmanagar,Mustial,Claimant_FRA04902,CFR,2.11,Rejected,2022-04-15,2024-08-18,856,0,1618
FRA04903,Telangana,D019,Nagarkurnool,Amrabad,Mananur,Claimant_FRA04903,IFR,1.28,Approved,2023-07-10,2026-08-02,1119,0,1167
FRA04904,Telangana,D018,Mulugu,Eturunagaram,Katapur,Claimant_FRA04904,IFR,4.97,Approved,2025-01-26,2025-09-09,226,0,601
FRA04905,Telangana,D004,Hyderabad,Amberpet,Azampura,Claimant_FRA04905,IFR,6.91,Approved,2022-02-02,2026-06-27,1606,0,1690
FRA04906,Telangana,D019,Nagarkurnool,Amrabad,Mananur,Claimant_FRA04906,IFR,4.15,Approved,2023-12-28,2024-06-20,175,0,996
FRA04907,Telangana,D027,Sangareddy,Narayankhed,Kondapur,Claimant_FRA04907,CFR,7.49,Approved,2021-09-24,2026-05-05,1684,0,1821
FRA04908,Telangana,D004,Hyderabad,Amberpet,Azampura,Claimant_FRA04908,IFR,3.02,Rejected,2023-03-29,2026-07-03,1192,0,1270
FRA04909,Telangana,D006,Jangaon,Jangaon,Pasumamula,Claimant_FRA04909,CFR,3.54,Approved,2023-11-15,2024-11-02,353,0,1039
FRA04910,Telangana,D020,Nalgonda,Devarakonda,Chinthapally,Claimant_FRA04910,CFR,5.63,Approved,2022-05-31,2024-01-05,584,0,1572
FRA04911,Telangana,D004,Hyderabad,Charminar,Chandrayangutta,Claimant_FRA04911,IFR,6.4,Approved,2022-06-15,2025-02-05,966,0,1557
FRA04912,Telangana,D007,Jayashankar Bhupalpally,Regonda,Kannaram,Claimant_FRA04912,CFR,6.24,Approved,2023-06-19,2025-07-27,769,0,1188
FRA04913,Telangana,D011,Khammam,Wyra,Gollapadu,Claimant_FRA04913,CFR,4.36,Approved,2026-04-20,2026-08-28,130,0,152
FRA04914,Telangana,D002,Bhadradri Kothagudem,Kothagudem,Regalla,Claimant_FRA04914,CFR,4.67,Approved,2026-05-17,2026-07-22,66,0,125
FRA04915,Telangana,D001,Adilabad,Utnoor,Devapur,Claimant_FRA04915,CFR,5.32,Approved,2024-05-16,2024-12-16,214,0,856
FRA04916,Telangana,D003,Hanumakonda,Dharmanagar,Mustial,Claimant_FRA04916,CFR,4.35,Approved,2022-02-03,2025-12-29,1425,0,1689
FRA04917,Telangana,D005,Jagtial,Metpally,Vellulla,Claimant_FRA04917,CFR,7.98,Rejected,2023-01-16,2024-09-18,611,0,1342
FRA04918,Telangana,D001,Adilabad,Boath,Ghanpur,Claimant_FRA04918,CFR,0.95,Rejected,2023-12-15,2026-01-01,748,0,1009
FRA04919,Telangana,D030,Vikarabad,Tandur,Kotbaspally,Claimant_FRA04919,CFR,0.79,Approved,2025-06-28,2025-12-03,158,0,448
FRA04920,Telangana,D002,Bhadradri Kothagudem,Bhadrachalam,Nellipaka,Claimant_FRA04920,IFR,5.07,Approved,2025-11-02,2026-03-23,141,0,321
FRA04921,Telangana,D030,Vikarabad,Tandur,Kotbaspally,Claimant_FRA04921,IFR,4.05,Approved,2021-11-20,2023-10-05,684,0,1764
FRA04922,Telangana,D007,Jayashankar Bhupalpally,Chityal,Venkateshwarlapally,Claimant_FRA04922,CFR,7.07,Approved,2023-04-01,2024-09-12,530,0,1267
FRA04923,Telangana,D001,Adilabad,Narnoor,Kothapalli,Claimant_FRA04923,IFR,2.82,Pending,2024-10-31,,,688,688
FRA04924,Telangana,D006,Jangaon,Station Ghanpur,Chilpur,Claimant_FRA04924,CFR,3.14,Pending,2023-10-11,,,1074,1074
FRA04925,Telangana,D002,Bhadradri Kothagudem,Manuguru,Anantharam,Claimant_FRA04925,CFR,7.49,Approved,2025-01-20,2026-08-26,583,0,607
FRA04926,Telangana,D001,Adilabad,Narnoor,Kothapalli,Claimant_FRA04926,IFR,5.55,Approved,2022-05-15,2026-05-12,1458,0,1588
FRA04927,Telangana,D004,Hyderabad,Charminar,Chandrayangutta,Claimant_FRA04927,CFR,5.51,Rejected,2026-08-07,2026-08-30,23,0,43
FRA04928,Telangana,D013,Mahabubabad,Kuravi,Seerole,Claimant_FRA04928,IFR,1.26,Rejected,2025-08-29,2025-11-09,72,0,386
FRA04929,Telangana,D003,Hanumakonda,Dharmanagar,Mustial,Claimant_FRA04929,CFR,3.51,Approved,2024-01-07,2026-06-08,883,0,986
FRA04930,Telangana,D004,Hyderabad,Amberpet,Azampura,Claimant_FRA04930,CFR,4.39,Pending,2026-09-04,,,15,15
FRA04931,Telangana,D013,Mahabubabad,Bayyaram,Garla,Claimant_FRA04931,IFR,7.46,Pending,2026-07-17,,,64,64
FRA04932,Telangana,D011,Khammam,Kothagudem,Seetharampuram,Claimant_FRA04932,CFR,3.98,Approved,2024-06-28,2026-01-17,568,0,813
FRA04933,Telangana,D003,Hanumakonda,Dharmanagar,Mustial,Claimant_FRA04933,CFR,7.89,Pending,2022-07-05,,,1537,1537
FRA04934,Telangana,D002,Bhadradri Kothagudem,Manuguru,Anantharam,Claimant_FRA04934,CFR,4.81,Pending,2024-02-08,,,954,954
FRA04935,Telangana,D011,Khammam,Kothagudem,Seetharampuram,Claimant_FRA04935,CFR,4.41,Approved,2026-07-08,2026-08-05,28,0,73
FRA04936,Telangana,D013,Mahabubabad,Bayyaram,Garla,Claimant_FRA04936,IFR,5.34,Rejected,2023-07-22,2023-10-31,101,0,1155
FRA04937,Telangana,D004,Hyderabad,Charminar,Chandrayangutta,Claimant_FRA04937,IFR,1.46,Approved,2023-05-24,2026-03-05,1016,0,1214
FRA04938,Telangana,D030,Vikarabad,Tandur,Kotbaspally,Claimant_FRA04938,IFR,7.0,Approved,2023-11-04,2025-04-23,536,0,1050
FRA04939,Telangana,D001,Adilabad,Narnoor,Kothapalli,Claimant_FRA04939,CFR,4.45,Approved,2022-12-02,2023-03-09,97,0,1387
FRA04940,Telangana,D032,Warangal,Narsampet,Madhira,Claimant_FRA04940,IFR,3.18,Rejected,2026-03-13,2026-05-25,73,0,190
FRA04941,Telangana,D001,Adilabad,Narnoor,Kothapalli,Claimant_FRA04941,IFR,5.1,Approved,2026-08-12,2026-09-17,36,0,38
FRA04942,Telangana,D027,Sangareddy,Narayankhed,Kondapur,Claimant_FRA04942,IFR,5.18,Pending,2023-06-25,,,1182,1182
FRA04943,Telangana,D019,Nagarkurnool,Amrabad,Mananur,Claimant_FRA04943,CFR,6.66,Pending,2024-02-06,,,956,956
FRA04944,Telangana,D004,Hyderabad,Charminar,Chandrayangutta,Claimant_FRA04944,CFR,0.5,Rejected,2022-07-02,2025-10-30,1216,0,1540
FRA04945,Telangana,D001,Adilabad,Narnoor,Kothapalli,Claimant_FRA04945,IFR,7.73,Pending,2022-08-26,,,1485,1485
FRA04946,Telangana,D003,Hanumakonda,Atmakur,Chowdapur,Claimant_FRA04946,IFR,4.98,Approved,2023-01-09,2025-10-16,1011,0,1349
FRA04947,Telangana,D005,Jagtial,Metpally,Vellulla,Claimant_FRA04947,IFR,1.1,Approved,2026-08-09,2026-08-11,2,0,41
FRA04948,Telangana,D003,Hanumakonda,Atmakur,Chowdapur,Claimant_FRA04948,CFR,7.54,Pending,2023-08-29,,,1117,1117
FRA04949,Telangana,D005,Jagtial,Metpally,Vellulla,Claimant_FRA04949,IFR,2.14,Rejected,2021-10-04,2023-03-12,524,0,1811
FRA04950,Telangana,D013,Mahabubabad,Kuravi,Seerole,Claimant_FRA04950,CFR,6.33,Approved,2024-04-27,2025-09-09,500,0,875
FRA04951,Telangana,D006,Jangaon,Jangaon,Pasumamula,Claimant_FRA04951,CFR,2.58,Approved,2026-06-16,2026-06-26,10,0,95
FRA04952,Telangana,D002,Bhadradri Kothagudem,Bhadrachalam,Nellipaka,Claimant_FRA04952,IFR,6.16,Approved,2024-02-11,2024-05-03,82,0,951
FRA04953,Telangana,D020,Nalgonda,Devarakonda,Chinthapally,Claimant_FRA04953,CFR,3.1,Approved,2021-11-23,2026-06-07,1657,0,1761
FRA04954,Telangana,D032,Warangal,Narsampet,Madhira,Claimant_FRA04954,CFR,2.0,Approved,2023-08-12,2026-01-17,889,0,1134
FRA04955,Telangana,D028,Siddipet,Husnabad,Pothireddypet,Claimant_FRA04955,IFR,1.17,Approved,2025-01-12,2026-07-11,545,0,615
FRA04956,Telangana,D002,Bhadradri Kothagudem,Bhadrachalam,Nellipaka,Claimant_FRA04956,IFR,1.19,Approved,2025-12-24,2026-03-06,72,0,269
FRA04957,Telangana,D019,Nagarkurnool,Amrabad,Mananur,Claimant_FRA04957,IFR,1.22,Pending,2025-11-23,,,300,300
FRA04958,Telangana,D023,Nizamabad,Armoor,Mendora,Claimant_FRA04958,IFR,5.2,Approved,2022-11-15,2025-09-05,1025,0,1404
FRA04959,Telangana,D028,Siddipet,Husnabad,Pothireddypet,Claimant_FRA04959,IFR,1.97,Rejected,2024-01-19,2024-09-12,237,0,974
FRA04960,Telangana,D018,Mulugu,Venkatapur,Narsapur,Claimant_FRA04960,CFR,3.41,Pending,2024-09-08,,,741,741
FRA04961,Telangana,D001,Adilabad,Utnoor,Devapur,Claimant_FRA04961,IFR,5.14,Approved,2024-09-24,2025-07-04,283,0,725
FRA04962,Telangana,D018,Mulugu,Eturunagaram,Katapur,Claimant_FRA04962,CFR,6.35,Approved,2026-08-31,2026-09-11,11,0,19
FRA04963,Telangana,D032,Warangal,Narsampet,Madhira,Claimant_FRA04963,IFR,1.8,Pending,2024-06-09,,,832,832
FRA04964,Telangana,D003,Hanumakonda,Dharmanagar,Mustial,Claimant_FRA04964,CFR,5.81,Approved,2023-01-27,2026-06-26,1246,0,1331
FRA04965,Telangana,D018,Mulugu,Eturunagaram,Katapur,Claimant_FRA04965,CFR,6.9,Pending,2025-04-28,,,509,509
FRA04966,Telangana,D001,Adilabad,Narnoor,Kothapalli,Claimant_FRA04966,IFR,3.48,Pending,2023-11-18,,,1036,1036
FRA04967,Telangana,D011,Khammam,Kothagudem,Seetharampuram,Claimant_FRA04967,CFR,6.49,Approved,2022-09-18,2023-02-24,159,0,1462
FRA04968,Telangana,D020,Nalgonda,Devarakonda,Chinthapally,Claimant_FRA04968,CFR,7.08,Rejected,2021-10-04,2022-09-22,353,0,1811
FRA04969,Telangana,D013,Mahabubabad,Bayyaram,Garla,Claimant_FRA04969,IFR,4.7,Approved,2025-05-04,2026-04-03,334,0,503
FRA04970,Telangana,D023,Nizamabad,Armoor,Mendora,Claimant_FRA04970,CFR,7.99,Approved,2024-07-21,2026-02-11,570,0,790
FRA04971,Telangana,D011,Khammam,Wyra,Gollapadu,Claimant_FRA04971,CFR,4.14,Approved,2022-04-07,2022-05-23,46,0,1626
FRA04972,Telangana,D002,Bhadradri Kothagudem,Bhadrachalam,Nellipaka,Claimant_FRA04972,CFR,6.04,Approved,2024-10-21,2026-08-16,664,0,698
FRA04973,Telangana,D005,Jagtial,Metpally,Vellulla,Claimant_FRA04973,CFR,1.16,Rejected,2022-02-27,2023-03-28,394,0,1665
FRA04974,Telangana,D002,Bhadradri Kothagudem,Kothagudem,Regalla,Claimant_FRA04974,CFR,2.91,Approved,2021-09-27,2023-09-06,709,0,1818
FRA04975,Telangana,D032,Warangal,Narsampet,Madhira,Claimant_FRA04975,CFR,7.13,Approved,2022-06-07,2026-03-31,1393,0,1565
FRA04976,Telangana,D028,Siddipet,Husnabad,Pothireddypet,Claimant_FRA04976,IFR,2.14,Rejected,2025-03-28,2026-09-11,532,0,540
FRA04977,Telangana,D001,Adilabad,Utnoor,Devapur,Claimant_FRA04977,IFR,2.41,Approved,2022-06-18,2022-12-09,174,0,1554
FRA04978,Telangana,D001,Adilabad,Utnoor,Devapur,Claimant_FRA04978,IFR,4.53,Rejected,2023-07-15,2026-03-02,961,0,1162
FRA04979,Telangana,D002,Bhadradri Kothagudem,Manuguru,Anantharam,Claimant_FRA04979,CFR,6.05,Approved,2023-12-01,2026-08-14,987,0,1023
FRA04980,Telangana,D001,Adilabad,Narnoor,Kothapalli,Claimant_FRA04980,IFR,1.46,Approved,2025-09-12,2026-08-25,347,0,372
FRA04981,Telangana,D033,Yadadri Bhuvanagiri,Bhongir,Anantharam,Claimant_FRA04981,IFR,2.97,Pending,2026-05-27,,,115,115
FRA04982,Telangana,D011,Khammam,Wyra,Gollapadu,Claimant_FRA04982,CFR,7.72,Pending,2022-05-12,,,1591,1591
FRA04983,Telangana,D013,Mahabubabad,Bayyaram,Garla,Claimant_FRA04983,IFR,1.4,Approved,2022-09-10,2026-08-12,1432,0,1470
FRA04984,Telangana,D019,Nagarkurnool,Amrabad,Mananur,Claimant_FRA04984,CFR,1.41,Approved,2023-08-01,2024-11-03,460,0,1145
FRA04985,Telangana,D032,Warangal,Narsampet,Madhira,Claimant_FRA04985,IFR,2.79,Approved,2025-06-17,2026-08-23,432,0,459
FRA04986,Telangana,D013,Mahabubabad,Bayyaram,Garla,Claimant_FRA04986,CFR,0.8,Rejected,2025-11-26,2026-03-18,112,0,297
FRA04987,Telangana,D027,Sangareddy,Narayankhed,Kondapur,Claimant_FRA04987,IFR,5.66,Approved,2025-03-23,2026-06-01,435,0,545
FRA04988,Telangana,D032,Warangal,Narsampet,Madhira,Claimant_FRA04988,IFR,7.42,Pending,2026-03-12,,,191,191
FRA04989,Telangana,D002,Bhadradri Kothagudem,Manuguru,Anantharam,Claimant_FRA04989,IFR,6.61,Approved,2022-01-25,2023-05-27,487,0,1698
FRA04990,Telangana,D004,Hyderabad,Charminar,Chandrayangutta,Claimant_FRA04990,IFR,7.8,Rejected,2026-07-13,2026-08-10,28,0,68
FRA04991,Telangana,D005,Jagtial,Metpally,Vellulla,Claimant_FRA04991,IFR,7.97,Rejected,2026-03-31,2026-05-03,33,0,172
FRA04992,Telangana,D030,Vikarabad,Tandur,Kotbaspally,Claimant_FRA04992,CFR,6.41,Rejected,2025-06-19,2026-05-29,344,0,457
FRA04993,Telangana,D002,Bhadradri Kothagudem,Bhadrachalam,Nellipaka,Claimant_FRA04993,CFR,1.7,Pending,2022-12-13,,,1376,1376
FRA04994,Telangana,D032,Warangal,Narsampet,Madhira,Claimant_FRA04994,IFR,2.66,Approved,2025-02-13,2025-10-31,260,0,583
FRA04995,Telangana,D004,Hyderabad,Amberpet,Azampura,Claimant_FRA04995,IFR,1.48,Pending,2022-05-01,,,1602,1602
FRA04996,Telangana,D002,Bhadradri Kothagudem,Manuguru,Anantharam,Claimant_FRA04996,CFR,2.61,Approved,2023-08-05,2024-04-14,253,0,1141
FRA04997,Telangana,D030,Vikarabad,Tandur,Kotbaspally,Claimant_FRA04997,IFR,6.33,Approved,2025-12-16,2026-04-27,132,0,277
FRA04998,Telangana,D030,Vikarabad,Tandur,Kotbaspally,Claimant_FRA04998,IFR,3.92,Approved,2022-02-13,2023-08-12,545,0,1679
FRA04999,Telangana,D001,Adilabad,Utnoor,Devapur,Claimant_FRA04999,IFR,2.93,Approved,2023-03-31,2025-07-10,832,0,1268
FRA05000,Telangana,D018,Mulugu,Venkatapur,Narsapur,Claimant_FRA05000,CFR,5.93,Pending,2023-02-15,,,1312,1312
